POSTED_SPEED_LIMIT,TRAFFIC_CONTROL_DEVICE,DEVICE_CONDITION,WEATHER_CONDITION,LIGHTING_CONDITION,FIRST_CRASH_TYPE,TRAFFICWAY_TYPE,ALIGNMENT,ROADWAY_SURFACE_COND,ROAD_DEFECT,REPORT_TYPE,CRASH_TYPE,INTERSECTION_RELATED_I,HIT_AND_RUN_I,DAMAGE,DATE_POLICE_NOTIFIED,PRIM_CONTRIBUTORY_CAUSE,SEC_CONTRIBUTORY_CAUSE,STREET_NO,STREET_DIRECTION,STREET_NAME,BEAT_OF_OCCURRENCE,NUM_UNITS,MOST_SEVERE_INJURY,INJURIES_TOTAL,INJURIES_FATAL,INJURIES_INCAPACITATING,INJURIES_NON_INCAPACITATING,INJURIES_REPORTED_NOT_EVIDENT,INJURIES_NO_INDICATION,INJURIES_UNKNOWN,CRASH_HOUR,CRASH_DAY_OF_WEEK,CRASH_MONTH,LATITUDE,LONGITUDE,LOCATION
30,NO CONTROLS,NO CONTROLS,RAIN,DAYLIGHT,REAR END,DIVIDED - W/MEDIAN (NOT RAISED),STRAIGHT AND LEVEL,WET,OTHER,ON SCENE,INJURY AND / OR TOW DUE TO CRASH,,,"OVER $1,500",08/14/2023 02:09:00 PM,WEATHER,ROAD CONSTRUCTION/MAINTENANCE,6040,W,FULLERTON AVE,2512,2,"REPORTED, NOT EVIDENT",1,0,0,0,1,1,0,13,2,8,41.923910668,-87.777386127,POINT (-87.777386127036 41.923910667953)
15,NO CONTROLS,NO CONTROLS,CLEAR,DAYLIGHT,SIDESWIPE SAME DIRECTION,OTHER,STRAIGHT AND LEVEL,DRY,NO DEFECTS,ON SCENE,NO INJURY / DRIVE AWAY,,,"OVER $1,500",09/25/2021 05:47:00 PM,RELATED TO BUS STOP,NOT APPLICABLE,1,W,TERMINAL ST,1651,2,NO INDICATION OF INJURY,0,0,0,0,0,2,0,17,7,9,,,
30,TRAFFIC SIGNAL,FUNCTIONING PROPERLY,SNOW,DAYLIGHT,REAR END,RAMP,STRAIGHT AND LEVEL,SNOW OR SLUSH,NO DEFECTS,ON SCENE,NO INJURY / DRIVE AWAY,Y,,"OVER $1,500",02/09/2020 02:10:00 PM,FOLLOWING TOO CLOSELY,NOT APPLICABLE,524,W,OHARE ST,1654,2,NO INDICATION OF INJURY,0,0,0,0,0,2,0,14,1,2,,,
15,NO CONTROLS,NO CONTROLS,RAIN,"DARKNESS, LIGHTED ROAD",SIDESWIPE SAME DIRECTION,ONE-WAY,STRAIGHT AND LEVEL,WET,NO DEFECTS,ON SCENE,NO INJURY / DRIVE AWAY,,Y,"$501 - $1,500",08/15/2023 04:44:00 AM,FAILING TO YIELD RIGHT-OF-WAY,UNABLE TO DETERMINE,1,S,DOOR 4 ST,813,2,NO INDICATION OF INJURY,0,0,0,0,0,2,0,4,3,8,,,
30,NO CONTROLS,NO CONTROLS,CLEAR,DAYLIGHT,TURNING,DIVIDED - W/MEDIAN (NOT RAISED),STRAIGHT AND LEVEL,DRY,NO DEFECTS,ON SCENE,INJURY AND / OR TOW DUE TO CRASH,,,"OVER $1,500",08/15/2023 05:43:00 PM,IMPROPER TURNING/NO SIGNAL,NOT APPLICABLE,6730,S,HALSTED ST,723,2,NONINCAPACITATING INJURY,1,0,0,1,0,1,0,17,3,8,41.7715331,-87.644717151,POINT (-87.644717150986 41.771533099997)
30,TRAFFIC SIGNAL,UNKNOWN,CLEAR,DAYLIGHT,HEAD ON,NOT DIVIDED,STRAIGHT AND LEVEL,DRY,UNKNOWN,NOT ON SCENE (DESK REPORT),NO INJURY / DRIVE AWAY,,Y,"OVER $1,500",08/12/2023 07:30:00 PM,DISREGARDING OTHER TRAFFIC SIGNS,UNABLE TO DETERMINE,800,W,VERMONT ST,523,2,NO INDICATION OF INJURY,0,0,0,0,0,2,0,18,7,8,41.6621277,-87.64148984,POINT (-87.641489840003 41.662127699955)
30,TRAFFIC SIGNAL,FUNCTIONING PROPERLY,CLEAR,DAYLIGHT,FIXED OBJECT,FOUR WAY,STRAIGHT AND LEVEL,DRY,NO DEFECTS,ON SCENE,NO INJURY / DRIVE AWAY,,,"OVER $1,500",02/03/2023 01:25:00 PM,NOT APPLICABLE,NOT APPLICABLE,102,W,I190 EXPY,1654,1,NO INDICATION OF INJURY,0,0,0,0,0,1,0,13,6,2,,,
30,NO CONTROLS,NO CONTROLS,RAIN,DAYLIGHT,SIDESWIPE SAME DIRECTION,DIVIDED - W/MEDIAN BARRIER,"CURVE, LEVEL",WET,NO DEFECTS,ON SCENE,INJURY AND / OR TOW DUE TO CRASH,,,"OVER $1,500",08/14/2023 04:04:00 PM,IMPROPER OVERTAKING/PASSING,FAILING TO REDUCE SPEED TO AVOID CRASH,6629,S,CHICAGO SKYWAY IB,312,2,INCAPACITATING INJURY,1,0,1,0,0,1,0,16,2,8,,,
30,NO CONTROLS,NO CONTROLS,CLEAR,DAYLIGHT,SIDESWIPE SAME DIRECTION,NOT DIVIDED,STRAIGHT AND LEVEL,DRY,NO DEFECTS,ON SCENE,NO INJURY / DRIVE AWAY,,N,$500 OR LESS,08/01/2023 02:18:00 PM,IMPROPER OVERTAKING/PASSING,UNABLE TO DETERMINE,1651,W,FOSTER AVE,2032,2,NO INDICATION OF INJURY,0,0,0,0,0,2,0,14,3,8,41.976033133,-87.671642688,POINT (-87.671642688042 41.976033132989)
35,NO CONTROLS,NO CONTROLS,CLEAR,"DARKNESS, LIGHTED ROAD",SIDESWIPE OPPOSITE DIRECTION,NOT DIVIDED,STRAIGHT AND LEVEL,DRY,NO DEFECTS,ON SCENE,INJURY AND / OR TOW DUE TO CRASH,N,Y,"OVER $1,500",08/01/2023 11:53:00 PM,IMPROPER TURNING/NO SIGNAL,IMPROPER LANE USAGE,3821,W,ROOSEVELT RD,1011,4,INCAPACITATING INJURY,1,0,1,0,0,1,0,23,3,8,41.866119494,-87.720927574,POINT (-87.720927573996 41.866119493974)
10,NO CONTROLS,NO CONTROLS,CLEAR,DAYLIGHT,PARKED MOTOR VEHICLE,PARKING LOT,STRAIGHT AND LEVEL,DRY,NO DEFECTS,ON SCENE,NO INJURY / DRIVE AWAY,,,"OVER $1,500",04/16/2022 11:10:00 AM,UNABLE TO DETERMINE,UNABLE TO DETERMINE,630,W,OHARE ST,1654,2,NO INDICATION OF INJURY,0,0,0,0,0,1,0,11,7,4,,,
25,NO CONTROLS,NO CONTROLS,CLEAR,DAYLIGHT,PEDALCYCLIST,NOT DIVIDED,STRAIGHT AND LEVEL,UNKNOWN,UNKNOWN,NOT ON SCENE (DESK REPORT),NO INJURY / DRIVE AWAY,,Y,"$501 - $1,500",08/21/2023 04:15:00 PM,UNABLE TO DETERMINE,UNABLE TO DETERMINE,800,E,75TH ST,323,2,NO INDICATION OF INJURY,0,0,0,0,0,3,0,15,2,8,41.75869138,-87.60533417,POINT (-87.605334170015 41.75869137995)
30,TRAFFIC SIGNAL,FUNCTIONING PROPERLY,CLEAR,DAYLIGHT,PEDALCYCLIST,TRAFFIC ROUTE,STRAIGHT AND LEVEL,DRY,NO DEFECTS,ON SCENE,INJURY AND / OR TOW DUE TO CRASH,N,,$500 OR LESS,08/01/2023 04:10:00 PM,DRIVING ON WRONG SIDE/WRONG WAY,NOT APPLICABLE,151,W,EUGENIE ST,1814,2,"REPORTED, NOT EVIDENT",1,0,0,0,1,1,0,15,3,8,41.912793335,-87.633658093,POINT (-87.633658092957 41.912793334996)
35,NO CONTROLS,NO CONTROLS,CLEAR,DAYLIGHT,REAR END,NOT DIVIDED,STRAIGHT AND LEVEL,WET,NO DEFECTS,ON SCENE,NO INJURY / DRIVE AWAY,,Y,"OVER $1,500",09/08/2023 03:41:00 PM,FOLLOWING TOO CLOSELY,DRIVING SKILLS/KNOWLEDGE/EXPERIENCE,10300,S,ELIZABETH ST,2232,2,NO INDICATION OF INJURY,0,0,0,0,0,2,0,15,6,9,41.706714203,-87.653813468,POINT (-87.653813467968 41.706714202986)
20,NO CONTROLS,NO CONTROLS,CLEAR,DAYLIGHT,SIDESWIPE SAME DIRECTION,ONE-WAY,STRAIGHT AND LEVEL,DRY,NO DEFECTS,ON SCENE,NO INJURY / DRIVE AWAY,,,"OVER $1,500",04/12/2022 04:20:00 PM,FAILING TO YIELD RIGHT-OF-WAY,UNABLE TO DETERMINE,3,W,TERMINAL ST,1653,2,NO INDICATION OF INJURY,0,0,0,0,0,4,0,16,3,4,,,
55,NO CONTROLS,NO CONTROLS,CLEAR,DAYLIGHT,REAR END,ONE-WAY,STRAIGHT AND LEVEL,DRY,NO DEFECTS,ON SCENE,NO INJURY / DRIVE AWAY,,,"OVER $1,500",06/20/2023 07:52:00 AM,FOLLOWING TOO CLOSELY,DRIVING SKILLS/KNOWLEDGE/EXPERIENCE,15,W,I190 EXPY,1654,2,NO INDICATION OF INJURY,0,0,0,0,0,2,0,7,3,6,,,
30,NO CONTROLS,NO CONTROLS,CLEAR,DAYLIGHT,PARKED MOTOR VEHICLE,PARKING LOT,STRAIGHT AND LEVEL,DRY,NO DEFECTS,NOT ON SCENE (DESK REPORT),NO INJURY / DRIVE AWAY,,Y,"$501 - $1,500",09/08/2023 05:30:00 PM,IMPROPER LANE USAGE,NOT APPLICABLE,3245,N,HALSTED ST,1925,2,NO INDICATION OF INJURY,0,0,0,0,0,1,0,13,6,9,41.941302752,-87.649162689,POINT (-87.649162688958 41.941302751995)
30,TRAFFIC SIGNAL,FUNCTIONING PROPERLY,CLEAR,DAYLIGHT,REAR END,NOT DIVIDED,STRAIGHT AND LEVEL,DRY,NO DEFECTS,ON SCENE,NO INJURY / DRIVE AWAY,,,"OVER $1,500",08/21/2023 03:37:00 PM,UNABLE TO DETERMINE,UNABLE TO DETERMINE,5667,N,NAGLE AVE,1622,2,NO INDICATION OF INJURY,0,0,0,0,0,2,0,15,2,8,41.984874268,-87.787555484,POINT (-87.787555484022 41.984874268025)
45,NO CONTROLS,NO CONTROLS,RAIN,DAYLIGHT,ANGLE,OTHER,STRAIGHT AND LEVEL,WET,NO DEFECTS,ON SCENE,INJURY AND / OR TOW DUE TO CRASH,,,"OVER $1,500",11/04/2018 06:48:00 AM,UNABLE TO DETERMINE,UNABLE TO DETERMINE,9859,W,KENNEDY EXPY IB,1654,4,INCAPACITATING INJURY,1,0,1,0,0,3,0,6,1,11,,,
30,NO CONTROLS,NO CONTROLS,CLEAR,DAYLIGHT,FIXED OBJECT,DRIVEWAY,STRAIGHT AND LEVEL,DRY,NO DEFECTS,ON SCENE,NO INJURY / DRIVE AWAY,,,"$501 - $1,500",09/26/2022 12:40:00 PM,UNABLE TO DETERMINE,NOT APPLICABLE,4551,N,RACINE AVE,1913,1,NO INDICATION OF INJURY,0,0,0,0,0,1,0,12,2,9,,,
30,TRAFFIC SIGNAL,FUNCTIONING PROPERLY,CLEAR,DUSK,ANGLE,"FIVE POINT, OR MORE",STRAIGHT AND LEVEL,DRY,NO DEFECTS,ON SCENE,INJURY AND / OR TOW DUE TO CRASH,Y,,"OVER $1,500",09/05/2023 07:05:00 PM,UNABLE TO DETERMINE,NOT APPLICABLE,5500,S,WENTWORTH AVE,225,2,INCAPACITATING INJURY,3,0,1,2,0,2,0,19,3,9,,,
30,NO CONTROLS,NO CONTROLS,CLEAR,DAYLIGHT,TURNING,NOT DIVIDED,STRAIGHT AND LEVEL,DRY,NO DEFECTS,NOT ON SCENE (DESK REPORT),NO INJURY / DRIVE AWAY,,,"OVER $1,500",08/01/2023 06:45:00 PM,UNABLE TO DETERMINE,UNABLE TO DETERMINE,2744,N,CALIFORNIA AVE,1411,2,NO INDICATION OF INJURY,0,0,0,0,0,2,0,16,3,8,41.931607951,-87.697755776,POINT (-87.697755776035 41.931607951049)
25,NO CONTROLS,NO CONTROLS,CLEAR,DAYLIGHT,SIDESWIPE SAME DIRECTION,ONE-WAY,"CURVE, LEVEL",DRY,NO DEFECTS,ON SCENE,NO INJURY / DRIVE AWAY,,,"OVER $1,500",12/20/2019 09:00:00 AM,IMPROPER LANE USAGE,NOT APPLICABLE,2,W,TERMINAL ST,1652,2,NO INDICATION OF INJURY,0,0,0,0,0,2,0,8,6,12,,,
30,NO CONTROLS,NO CONTROLS,RAIN,DAYLIGHT,SIDESWIPE SAME DIRECTION,NOT DIVIDED,STRAIGHT AND LEVEL,WET,NO DEFECTS,ON SCENE,NO INJURY / DRIVE AWAY,,Y,"$501 - $1,500",09/08/2023 09:47:00 AM,UNABLE TO DETERMINE,NOT APPLICABLE,529,W,BELMONT AVE,1934,2,NO INDICATION OF INJURY,0,0,0,0,0,3,0,9,6,9,41.939956718,-87.643128761,POINT (-87.643128760973 41.939956717959)
30,TRAFFIC SIGNAL,FUNCTIONING PROPERLY,UNKNOWN,"DARKNESS, LIGHTED ROAD",PARKED MOTOR VEHICLE,NOT DIVIDED,STRAIGHT AND LEVEL,UNKNOWN,UNKNOWN,NOT ON SCENE (DESK REPORT),INJURY AND / OR TOW DUE TO CRASH,,Y,"OVER $1,500",08/01/2023 10:30:00 AM,UNABLE TO DETERMINE,IMPROPER LANE USAGE,1632,E,67TH ST,331,2,NO INDICATION OF INJURY,0,0,0,0,0,1,0,1,3,8,41.773455972,-87.585022352,POINT (-87.585022352022 41.773455972008)
30,TRAFFIC SIGNAL,UNKNOWN,CLEAR,DAYLIGHT,SIDESWIPE SAME DIRECTION,FOUR WAY,STRAIGHT AND LEVEL,DRY,NO DEFECTS,ON SCENE,NO INJURY / DRIVE AWAY,Y,Y,"OVER $1,500",09/09/2022 04:53:00 PM,IMPROPER LANE USAGE,UNABLE TO DETERMINE,5502,N,HARLEM AVE,1613,2,NO INDICATION OF INJURY,0,0,0,0,0,2,0,16,6,9,,,
15,NO CONTROLS,NO CONTROLS,CLEAR,DAYLIGHT,SIDESWIPE SAME DIRECTION,ONE-WAY,STRAIGHT AND LEVEL,DRY,NO DEFECTS,ON SCENE,NO INJURY / DRIVE AWAY,,,"OVER $1,500",06/04/2023 09:25:00 AM,UNABLE TO DETERMINE,NOT APPLICABLE,5,W,TERMINAL ST,1655,2,NO INDICATION OF INJURY,0,0,0,0,0,2,0,9,1,6,,,
30,TRAFFIC SIGNAL,FUNCTIONING PROPERLY,CLEAR,DUSK,REAR END,NOT DIVIDED,STRAIGHT AND LEVEL,DRY,UNKNOWN,NOT ON SCENE (DESK REPORT),NO INJURY / DRIVE AWAY,,Y,"OVER $1,500",09/08/2023 08:20:00 PM,FOLLOWING TOO CLOSELY,UNABLE TO DETERMINE,5931,S,YALE AVE,711,2,NO INDICATION OF INJURY,0,0,0,0,0,2,0,19,6,9,,,
30,NO CONTROLS,NO CONTROLS,CLEAR,DAYLIGHT,PARKED MOTOR VEHICLE,UNKNOWN,STRAIGHT AND LEVEL,DRY,NO DEFECTS,ON SCENE,NO INJURY / DRIVE AWAY,,,$500 OR LESS,06/11/2019 02:50:00 PM,IMPROPER LANE USAGE,NOT APPLICABLE,5447,S,MOBILE AVE,811,2,NO INDICATION OF INJURY,0,0,0,0,0,7,0,14,2,6,,,
30,NO CONTROLS,NO CONTROLS,CLEAR,DAYLIGHT,SIDESWIPE SAME DIRECTION,ONE-WAY,STRAIGHT AND LEVEL,DRY,UNKNOWN,ON SCENE,NO INJURY / DRIVE AWAY,,,"OVER $1,500",07/10/2022 05:30:00 PM,UNABLE TO DETERMINE,NOT APPLICABLE,17,W,I190 EXPY,1654,2,NO INDICATION OF INJURY,0,0,0,0,0,2,0,17,1,7,,,
5,NO CONTROLS,NO CONTROLS,CLEAR,DAYLIGHT,FIXED OBJECT,PARKING LOT,STRAIGHT AND LEVEL,DRY,NO DEFECTS,ON SCENE,NO INJURY / DRIVE AWAY,,,$500 OR LESS,08/21/2023 02:46:00 PM,NOT APPLICABLE,NOT APPLICABLE,5100,N,MARINE DR,2024,1,NO INDICATION OF INJURY,0,0,0,0,0,1,0,14,2,8,41.975355803,-87.65189745,POINT (-87.651897449989 41.975355802966)
30,NO CONTROLS,NO CONTROLS,CLEAR,DAYLIGHT,PARKED MOTOR VEHICLE,ONE-WAY,STRAIGHT AND LEVEL,DRY,NO DEFECTS,NOT ON SCENE (DESK REPORT),NO INJURY / DRIVE AWAY,,,"$501 - $1,500",08/21/2023 07:30:00 PM,DRIVING SKILLS/KNOWLEDGE/EXPERIENCE,NOT APPLICABLE,10000,W,BALMORAL AVE,1650,2,NO INDICATION OF INJURY,0,0,0,0,0,3,0,11,2,8,,,
20,NO CONTROLS,NO CONTROLS,CLEAR,DAYLIGHT,SIDESWIPE SAME DIRECTION,ONE-WAY,STRAIGHT AND LEVEL,WET,NO DEFECTS,ON SCENE,NO INJURY / DRIVE AWAY,,,$500 OR LESS,02/21/2021 01:35:00 PM,IMPROPER OVERTAKING/PASSING,UNABLE TO DETERMINE,1,W,TERMINAL ST,1651,2,NO INDICATION OF INJURY,0,0,0,0,0,2,0,13,1,2,,,
30,NO CONTROLS,NO CONTROLS,CLEAR,DAYLIGHT,REAR END,NOT DIVIDED,STRAIGHT AND LEVEL,DRY,NO DEFECTS,NOT ON SCENE (DESK REPORT),NO INJURY / DRIVE AWAY,,,"$501 - $1,500",04/28/2017 05:22:00 PM,FOLLOWING TOO CLOSELY,NOT APPLICABLE,560,N,COLUMBUS DR,1834,2,NO INDICATION OF INJURY,0,0,0,0,0,5,0,16,6,4,,,
30,NO CONTROLS,NO CONTROLS,CLEAR,DAYLIGHT,PARKED MOTOR VEHICLE,NOT DIVIDED,STRAIGHT AND LEVEL,DRY,UNKNOWN,NOT ON SCENE (DESK REPORT),NO INJURY / DRIVE AWAY,,Y,"OVER $1,500",08/01/2023 07:30:00 PM,UNABLE TO DETERMINE,UNABLE TO DETERMINE,2147,W,95TH ST,2213,2,NO INDICATION OF INJURY,0,0,0,0,0,1,0,18,3,8,41.720909446,-87.676688567,POINT (-87.676688567013 41.720909446007)
5,NO CONTROLS,FUNCTIONING PROPERLY,CLEAR,"DARKNESS, LIGHTED ROAD",REAR TO FRONT,RAMP,STRAIGHT AND LEVEL,DRY,NO DEFECTS,ON SCENE,NO INJURY / DRIVE AWAY,,,"$501 - $1,500",10/08/2020 09:15:00 PM,IMPROPER BACKING,UNABLE TO DETERMINE,660,W,OHARE ST,1654,2,NO INDICATION OF INJURY,0,0,0,0,0,2,0,20,5,10,,,
30,NO CONTROLS,NO CONTROLS,CLEAR,DAYLIGHT,TURNING,OTHER,STRAIGHT AND LEVEL,DRY,NO DEFECTS,ON SCENE,NO INJURY / DRIVE AWAY,,,"OVER $1,500",08/26/2018 12:14:00 PM,FAILING TO YIELD RIGHT-OF-WAY,IMPROPER LANE USAGE,1,W,TERMINAL ST,1651,2,NO INDICATION OF INJURY,0,0,0,0,0,2,0,12,1,8,,,
50,NO CONTROLS,NO CONTROLS,CLEAR,"DARKNESS, LIGHTED ROAD",REAR END,DIVIDED - W/MEDIAN BARRIER,STRAIGHT AND LEVEL,DRY,NO DEFECTS,ON SCENE,NO INJURY / DRIVE AWAY,,,"OVER $1,500",09/22/2023 06:50:00 PM,FOLLOWING TOO CLOSELY,FOLLOWING TOO CLOSELY,7900,S,CHICAGO SKYWAY OB,411,2,NO INDICATION OF INJURY,0,0,0,0,0,2,0,18,6,9,,,
50,NO CONTROLS,NO CONTROLS,CLEAR,DAYLIGHT,SIDESWIPE SAME DIRECTION,DIVIDED - W/MEDIAN BARRIER,STRAIGHT AND LEVEL,DRY,NO DEFECTS,ON SCENE,NO INJURY / DRIVE AWAY,,,"OVER $1,500",09/22/2023 03:20:00 PM,IMPROPER OVERTAKING/PASSING,FOLLOWING TOO CLOSELY,7900,S,CHICAGO SKYWAY OB,411,2,NO INDICATION OF INJURY,0,0,0,0,0,2,0,15,6,9,,,
10,NO CONTROLS,NO CONTROLS,CLEAR,DAYLIGHT,ANGLE,PARKING LOT,STRAIGHT AND LEVEL,DRY,NO DEFECTS,ON SCENE,NO INJURY / DRIVE AWAY,,,"OVER $1,500",04/04/2022 03:25:00 PM,UNABLE TO DETERMINE,UNABLE TO DETERMINE,1,W,PARKING LOT E ST,1654,2,NO INDICATION OF INJURY,0,0,0,0,0,2,0,15,2,4,,,
15,NO CONTROLS,NO CONTROLS,RAIN,DAWN,SIDESWIPE SAME DIRECTION,OTHER,STRAIGHT AND LEVEL,WET,NO DEFECTS,ON SCENE,NO INJURY / DRIVE AWAY,,,"OVER $1,500",08/15/2023 05:55:00 AM,UNABLE TO DETERMINE,NOT APPLICABLE,3,W,TERMINAL ST,1653,2,NO INDICATION OF INJURY,0,0,0,0,0,2,0,5,3,8,,,
45,NO CONTROLS,NO CONTROLS,RAIN,DAYLIGHT,SIDESWIPE SAME DIRECTION,OTHER,STRAIGHT AND LEVEL,WET,OTHER,ON SCENE,NO INJURY / DRIVE AWAY,,,"OVER $1,500",09/19/2023 03:29:00 PM,ROAD CONSTRUCTION/MAINTENANCE,UNABLE TO DETERMINE,8700,S,CHICAGO SKYWAY OB,412,2,NO INDICATION OF INJURY,0,0,0,0,0,2,0,15,3,9,,,
20,NO CONTROLS,NO CONTROLS,CLEAR,DAYLIGHT,REAR END,ONE-WAY,"CURVE, LEVEL",DRY,NO DEFECTS,NOT ON SCENE (DESK REPORT),NO INJURY / DRIVE AWAY,,,"OVER $1,500",07/21/2022 07:20:00 PM,FOLLOWING TOO CLOSELY,NOT APPLICABLE,5,W,TERMINAL ST,1655,2,NO INDICATION OF INJURY,0,0,0,0,0,4,0,18,5,7,,,
25,NO CONTROLS,NO CONTROLS,CLEAR,DAYLIGHT,SIDESWIPE SAME DIRECTION,NOT DIVIDED,STRAIGHT AND LEVEL,DRY,NO DEFECTS,NOT ON SCENE (DESK REPORT),NO INJURY / DRIVE AWAY,,,"OVER $1,500",09/05/2023 07:40:00 PM,UNABLE TO DETERMINE,NOT APPLICABLE,2610,W,21ST ST,1023,2,NO INDICATION OF INJURY,0,0,0,0,0,3,0,18,3,9,41.853925003,-87.691105149,POINT (-87.691105148972 41.853925002995)
10,NO CONTROLS,NO CONTROLS,CLEAR,"DARKNESS, LIGHTED ROAD",REAR END,ONE-WAY,STRAIGHT AND LEVEL,DRY,NO DEFECTS,ON SCENE,NO INJURY / DRIVE AWAY,,,"OVER $1,500",12/08/2021 07:55:00 PM,UNABLE TO DETERMINE,NOT APPLICABLE,3,W,TERMINAL ST,1653,3,NO INDICATION OF INJURY,0,0,0,0,0,6,0,19,4,12,,,
30,NO CONTROLS,NO CONTROLS,CLEAR,DUSK,PARKED MOTOR VEHICLE,OTHER,STRAIGHT AND LEVEL,DRY,UNKNOWN,ON SCENE,NO INJURY / DRIVE AWAY,,,$500 OR LESS,09/17/2021 10:14:00 AM,UNABLE TO DETERMINE,NOT APPLICABLE,1,W,TERMINAL ST,1651,2,,,,,,,,,19,6,9,,,
30,STOP SIGN/FLASHER,UNKNOWN,CLEAR,DAYLIGHT,TURNING,ONE-WAY,STRAIGHT AND LEVEL,UNKNOWN,UNKNOWN,NOT ON SCENE (DESK REPORT),NO INJURY / DRIVE AWAY,Y,,$500 OR LESS,08/15/2023 07:37:00 PM,IMPROPER OVERTAKING/PASSING,UNABLE TO DETERMINE,3525,N,SEMINARY AVE,1924,2,NO INDICATION OF INJURY,0,0,0,0,0,2,0,18,3,8,41.9461579,-87.656576302,POINT (-87.656576302048 41.946157900045)
30,OTHER,NOT FUNCTIONING,CLEAR,DAYLIGHT,SIDESWIPE SAME DIRECTION,OTHER,CURVE ON GRADE,DRY,NO DEFECTS,ON SCENE,NO INJURY / DRIVE AWAY,,,"OVER $1,500",11/22/2022 01:45:00 PM,NOT APPLICABLE,NOT APPLICABLE,13,W,I190 EXPY,1654,2,NO INDICATION OF INJURY,0,0,0,0,0,5,0,13,3,11,,,
45,NO CONTROLS,NO CONTROLS,CLEAR,DAYLIGHT,SIDESWIPE SAME DIRECTION,OTHER,STRAIGHT AND LEVEL,WET,NO DEFECTS,ON SCENE,NO INJURY / DRIVE AWAY,,Y,"$501 - $1,500",02/05/2021 11:05:00 AM,UNABLE TO DETERMINE,UNABLE TO DETERMINE,10156,W,KENNEDY EXPY IB,1654,2,NO INDICATION OF INJURY,0,0,0,0,0,2,0,10,6,2,,,
20,NO CONTROLS,NO CONTROLS,CLEAR,DAYLIGHT,REAR END,OTHER,"CURVE, LEVEL",DRY,NO DEFECTS,ON SCENE,NO INJURY / DRIVE AWAY,,,"$501 - $1,500",06/07/2019 05:50:00 PM,DRIVING SKILLS/KNOWLEDGE/EXPERIENCE,NOT APPLICABLE,412,W,OHARE ST,1654,2,NO INDICATION OF INJURY,0,0,0,0,0,2,0,17,6,6,,,
35,NO CONTROLS,NO CONTROLS,CLEAR,"DARKNESS, LIGHTED ROAD",PARKED MOTOR VEHICLE,PARKING LOT,STRAIGHT AND LEVEL,DRY,NO DEFECTS,ON SCENE,INJURY AND / OR TOW DUE TO CRASH,,Y,"OVER $1,500",08/16/2023 03:05:00 AM,UNABLE TO DETERMINE,NOT APPLICABLE,3700,N,RECREATION DR,1925,2,,,,,,,,,2,4,8,41.950676839,-87.643784743,POINT (-87.64378474303 41.950676838996)
35,NO CONTROLS,NO CONTROLS,CLEAR,DAYLIGHT,FIXED OBJECT,ONE-WAY,STRAIGHT AND LEVEL,DRY,NO DEFECTS,ON SCENE,NO INJURY / DRIVE AWAY,,,"OVER $1,500",07/18/2020 07:41:00 PM,UNABLE TO DETERMINE,UNABLE TO DETERMINE,700,W,OHARE ST,1654,1,NO INDICATION OF INJURY,0,0,0,0,0,1,0,19,7,7,,,
25,TRAFFIC SIGNAL,FUNCTIONING PROPERLY,CLEAR,DAYLIGHT,TURNING,NOT DIVIDED,STRAIGHT AND LEVEL,DRY,NO DEFECTS,NOT ON SCENE (DESK REPORT),NO INJURY / DRIVE AWAY,,Y,"OVER $1,500",08/16/2023 07:30:00 AM,UNABLE TO DETERMINE,UNABLE TO DETERMINE,501,N,ASHLAND AVE,1215,3,NO INDICATION OF INJURY,0,0,0,0,0,3,0,7,4,8,41.891011447,-87.666996498,POINT (-87.666996498025 41.891011446962)
20,NO CONTROLS,NO CONTROLS,CLEAR,"DARKNESS, LIGHTED ROAD",PARKED MOTOR VEHICLE,PARKING LOT,STRAIGHT AND LEVEL,DRY,NO DEFECTS,ON SCENE,NO INJURY / DRIVE AWAY,,,"OVER $1,500",09/08/2019 05:55:00 AM,IMPROPER BACKING,NOT APPLICABLE,524,W,OHARE ST,1654,2,NO INDICATION OF INJURY,0,0,0,0,0,1,0,5,1,9,,,
20,NO CONTROLS,NO CONTROLS,CLEAR,DAYLIGHT,PARKED MOTOR VEHICLE,ONE-WAY,STRAIGHT AND LEVEL,DRY,NO DEFECTS,ON SCENE,INJURY AND / OR TOW DUE TO CRASH,,,"OVER $1,500",09/09/2023 08:50:00 AM,IMPROPER BACKING,NOT APPLICABLE,5,W,TERMINAL ST,1655,2,NONINCAPACITATING INJURY,1,0,0,1,0,0,0,8,7,9,,,
30,NO CONTROLS,NO CONTROLS,CLEAR,DAYLIGHT,SIDESWIPE SAME DIRECTION,OTHER,STRAIGHT AND LEVEL,DRY,NO DEFECTS,NOT ON SCENE (DESK REPORT),NO INJURY / DRIVE AWAY,,,"$501 - $1,500",09/13/2023 08:27:00 PM,NOT APPLICABLE,NOT APPLICABLE,7499,S,CHICAGO SKYWAY IB,323,2,NO INDICATION OF INJURY,0,0,0,0,0,3,0,13,7,9,,,
30,NO CONTROLS,NO CONTROLS,CLEAR,DAYLIGHT,REAR END,NOT DIVIDED,STRAIGHT AND LEVEL,DRY,NO DEFECTS,NOT ON SCENE (DESK REPORT),NO INJURY / DRIVE AWAY,Y,,"OVER $1,500",08/22/2023 06:01:00 PM,UNABLE TO DETERMINE,UNABLE TO DETERMINE,8646,S,PULASKI RD,834,2,NO INDICATION OF INJURY,0,0,0,0,0,2,0,15,3,8,41.73525899,-87.721597599,POINT (-87.721597599006 41.735258990001)
30,TRAFFIC SIGNAL,FUNCTIONING PROPERLY,CLEAR,"DARKNESS, LIGHTED ROAD",TURNING,FOUR WAY,STRAIGHT AND LEVEL,DRY,NO DEFECTS,ON SCENE,NO INJURY / DRIVE AWAY,Y,,"OVER $1,500",08/02/2023 08:53:00 PM,FAILING TO YIELD RIGHT-OF-WAY,FAILING TO YIELD RIGHT-OF-WAY,1200,W,35TH ST,913,2,NO INDICATION OF INJURY,0,0,0,0,0,3,0,20,4,8,41.830728826,-87.655813252,POINT (-87.655813252029 41.830728825995)