POSTED_SPEED_LIMIT,TRAFFIC_CONTROL_DEVICE,DEVICE_CONDITION,WEATHER_CONDITION,LIGHTING_CONDITION,FIRST_CRASH_TYPE,TRAFFICWAY_TYPE,ALIGNMENT,ROADWAY_SURFACE_COND,ROAD_DEFECT,REPORT_TYPE,CRASH_TYPE,INTERSECTION_RELATED_I,HIT_AND_RUN_I,DAMAGE,DATE_POLICE_NOTIFIED,PRIM_CONTRIBUTORY_CAUSE,SEC_CONTRIBUTORY_CAUSE,STREET_NO,STREET_DIRECTION,STREET_NAME,BEAT_OF_OCCURRENCE,NUM_UNITS,MOST_SEVERE_INJURY,INJURIES_TOTAL,INJURIES_FATAL,INJURIES_INCAPACITATING,INJURIES_NON_INCAPACITATING,INJURIES_REPORTED_NOT_EVIDENT,INJURIES_NO_INDICATION,INJURIES_UNKNOWN,CRASH_HOUR,CRASH_DAY_OF_WEEK,CRASH_MONTH,LATITUDE,LONGITUDE,LOCATION
30,STOP SIGN/FLASHER,FUNCTIONING PROPERLY,CLEAR,DAYLIGHT,TURNING,T-INTERSECTION,STRAIGHT AND LEVEL,DRY,NO DEFECTS,ON SCENE,INJURY AND / OR TOW DUE TO CRASH,Y,,"OVER $1,500",09/06/2023 02:55:00 PM,UNABLE TO DETERMINE,UNABLE TO DETERMINE,4500,N,RACINE AVE,1913,2,"REPORTED, NOT EVIDENT",1,0,0,0,1,1,0,14,4,9,,,
25,NO CONTROLS,NO CONTROLS,CLEAR,DARKNESS,PARKED MOTOR VEHICLE,ONE-WAY,STRAIGHT AND LEVEL,DRY,NO DEFECTS,ON SCENE,INJURY AND / OR TOW DUE TO CRASH,,,"OVER $1,500",08/02/2023 08:55:00 PM,DISTRACTION - FROM INSIDE VEHICLE,FAILING TO REDUCE SPEED TO AVOID CRASH,1408,W,BELDEN AVE,1811,2,NONINCAPACITATING INJURY,1,0,0,1,0,0,0,20,4,8,41.923524728,-87.663669905,POINT (-87.663669905025 41.923524728039)
30,UNKNOWN,UNKNOWN,UNKNOWN,UNKNOWN,SIDESWIPE SAME DIRECTION,UNKNOWN,STRAIGHT AND LEVEL,UNKNOWN,UNKNOWN,NOT ON SCENE (DESK REPORT),NO INJURY / DRIVE AWAY,,,"OVER $1,500",09/10/2023 02:20:00 PM,UNABLE TO DETERMINE,NOT APPLICABLE,3441,W,GRAND AVE,1121,2,NO INDICATION OF INJURY,0,0,0,0,0,4,0,17,7,9,41.90052616,-87.712682588,POINT (-87.712682587959 41.900526159988)
30,NO CONTROLS,NO CONTROLS,CLEAR,DAYLIGHT,OTHER OBJECT,NOT DIVIDED,STRAIGHT AND LEVEL,DRY,NO DEFECTS,NOT ON SCENE (DESK REPORT),NO INJURY / DRIVE AWAY,,,"OVER $1,500",08/22/2023 08:13:00 AM,FAILING TO YIELD RIGHT-OF-WAY,NOT APPLICABLE,3556,N,LOCKWOOD AVE,1634,2,NO INDICATION OF INJURY,0,0,0,0,0,4,0,8,3,8,41.945863368,-87.759519003,POINT (-87.759519002984 41.945863367999)
30,TRAFFIC SIGNAL,FUNCTIONING PROPERLY,CLEAR,DAYLIGHT,TURNING,NOT DIVIDED,STRAIGHT AND LEVEL,DRY,NO DEFECTS,NOT ON SCENE (DESK REPORT),NO INJURY / DRIVE AWAY,,,"$501 - $1,500",08/22/2023 04:43:00 PM,IMPROPER TURNING/NO SIGNAL,NOT APPLICABLE,4059,W,MARQUETTE RD,833,2,NO INDICATION OF INJURY,0,0,0,0,0,4,0,15,3,8,41.771236259,-87.724950377,POINT (-87.724950377022 41.771236259041)
20,OTHER,UNKNOWN,CLEAR,"DARKNESS, LIGHTED ROAD",TURNING,ONE-WAY,STRAIGHT AND LEVEL,DRY,UNKNOWN,ON SCENE,NO INJURY / DRIVE AWAY,,,"$501 - $1,500",05/03/2023 11:43:00 PM,UNABLE TO DETERMINE,UNABLE TO DETERMINE,10101,W,BALMORAL AVE,1654,2,NO INDICATION OF INJURY,0,0,0,0,0,2,0,23,4,5,,,
30,TRAFFIC SIGNAL,FUNCTIONING PROPERLY,CLEAR,DARKNESS,TURNING,ONE-WAY,STRAIGHT AND LEVEL,DRY,UNKNOWN,NOT ON SCENE (DESK REPORT),NO INJURY / DRIVE AWAY,Y,,"OVER $1,500",07/01/2022 01:30:00 AM,IMPROPER LANE USAGE,IMPROPER LANE USAGE,5500,S,WENTWORTH AVE,225,2,NO INDICATION OF INJURY,0,0,0,0,0,2,0,1,6,7,,,
50,NO CONTROLS,NO CONTROLS,CLEAR,DAYLIGHT,REAR END,ONE-WAY,STRAIGHT AND LEVEL,DRY,NO DEFECTS,ON SCENE,INJURY AND / OR TOW DUE TO CRASH,,,"OVER $1,500",06/09/2023 09:39:00 AM,FOLLOWING TOO CLOSELY,DRIVING SKILLS/KNOWLEDGE/EXPERIENCE,10155,W,KENNEDY EXPY IB,1654,2,NONINCAPACITATING INJURY,2,0,0,2,0,0,0,9,6,6,,,
30,NO CONTROLS,NO CONTROLS,CLEAR,DAYLIGHT,PARKED MOTOR VEHICLE,ONE-WAY,STRAIGHT AND LEVEL,DRY,NO DEFECTS,NOT ON SCENE (DESK REPORT),NO INJURY / DRIVE AWAY,,,$500 OR LESS,08/22/2023 11:15:00 AM,UNABLE TO DETERMINE,UNABLE TO DETERMINE,5401,S,HOMAN AVE,822,2,NO INDICATION OF INJURY,0,0,0,0,0,1,0,8,3,8,41.795225992,-87.708358282,POINT (-87.708358282013 41.795225991977)
30,NO CONTROLS,NO CONTROLS,SNOW,"DARKNESS, LIGHTED ROAD",PARKED MOTOR VEHICLE,ONE-WAY,STRAIGHT ON GRADE,WET,UNKNOWN,ON SCENE,NO INJURY / DRIVE AWAY,,,$500 OR LESS,02/07/2021 09:13:00 PM,NOT APPLICABLE,WEATHER,4655,S,DR MARTIN LUTHER KING JR SD,221,2,NO INDICATION OF INJURY,0,0,0,0,0,2,0,21,1,2,,,
30,NO CONTROLS,NO CONTROLS,CLEAR,UNKNOWN,PARKED MOTOR VEHICLE,NOT DIVIDED,STRAIGHT AND LEVEL,UNKNOWN,NO DEFECTS,NOT ON SCENE (DESK REPORT),INJURY AND / OR TOW DUE TO CRASH,,Y,"OVER $1,500",08/02/2023 09:30:00 AM,UNABLE TO DETERMINE,UNABLE TO DETERMINE,3515,N,LARAMIE AVE,1634,2,NO INDICATION OF INJURY,0,0,0,0,0,1,0,8,4,8,41.944649875,-87.756730307,POINT (-87.756730306959 41.944649874984)
30,NO CONTROLS,NO CONTROLS,UNKNOWN,UNKNOWN,PARKED MOTOR VEHICLE,ONE-WAY,STRAIGHT AND LEVEL,UNKNOWN,UNKNOWN,NOT ON SCENE (DESK REPORT),NO INJURY / DRIVE AWAY,,Y,"$501 - $1,500",08/02/2023 02:30:00 PM,UNABLE TO DETERMINE,NOT APPLICABLE,2201,N,KILBOURN AVE,2522,2,NO INDICATION OF INJURY,0,0,0,0,0,1,0,4,4,8,41.920725145,-87.738747987,POINT (-87.738747986953 41.920725144993)
15,NO CONTROLS,NO CONTROLS,CLEAR,DAYLIGHT,TURNING,PARKING LOT,STRAIGHT AND LEVEL,DRY,NO DEFECTS,NOT ON SCENE (DESK REPORT),NO INJURY / DRIVE AWAY,,,"$501 - $1,500",08/02/2023 02:45:00 PM,FAILING TO YIELD RIGHT-OF-WAY,DRIVING SKILLS/KNOWLEDGE/EXPERIENCE,1,W,PARKING LOT E ST,1654,2,NO INDICATION OF INJURY,0,0,0,0,0,2,0,14,4,8,,,
15,NO CONTROLS,NO CONTROLS,CLEAR,DAYLIGHT,SIDESWIPE SAME DIRECTION,ONE-WAY,STRAIGHT AND LEVEL,DRY,NO DEFECTS,ON SCENE,NO INJURY / DRIVE AWAY,,,$500 OR LESS,09/28/2019 05:35:00 PM,NOT APPLICABLE,NOT APPLICABLE,70,W,I190 EXPY,1654,2,NO INDICATION OF INJURY,0,0,0,0,0,2,0,17,7,9,,,
25,NO CONTROLS,NO CONTROLS,UNKNOWN,DAYLIGHT,SIDESWIPE SAME DIRECTION,NOT DIVIDED,STRAIGHT AND LEVEL,UNKNOWN,UNKNOWN,NOT ON SCENE (DESK REPORT),NO INJURY / DRIVE AWAY,,,"OVER $1,500",09/24/2023 10:30:00 AM,UNABLE TO DETERMINE,UNABLE TO DETERMINE,10000,W,BALMORAL AVE,1650,2,NO INDICATION OF INJURY,0,0,0,0,0,2,0,16,5,9,,,
25,NO CONTROLS,NO CONTROLS,CLEAR,DAYLIGHT,SIDESWIPE SAME DIRECTION,OTHER,"CURVE, LEVEL",DRY,NO DEFECTS,ON SCENE,NO INJURY / DRIVE AWAY,,,"OVER $1,500",09/01/2021 05:32:00 PM,FAILING TO YIELD RIGHT-OF-WAY,NOT APPLICABLE,3,W,TERMINAL ST,1653,2,NO INDICATION OF INJURY,0,0,0,0,0,2,0,17,4,9,,,
25,NO CONTROLS,NO CONTROLS,CLEAR,DAYLIGHT,REAR END,ONE-WAY,STRAIGHT AND LEVEL,DRY,NO DEFECTS,ON SCENE,NO INJURY / DRIVE AWAY,,,"$501 - $1,500",07/10/2022 10:05:00 AM,FOLLOWING TOO CLOSELY,FAILING TO YIELD RIGHT-OF-WAY,5,W,TERMINAL ST,1655,2,NO INDICATION OF INJURY,0,0,0,0,0,2,0,10,1,7,,,
30,NO CONTROLS,NO CONTROLS,CLEAR,DAYLIGHT,PARKED MOTOR VEHICLE,NOT DIVIDED,STRAIGHT AND LEVEL,DRY,NO DEFECTS,NOT ON SCENE (DESK REPORT),INJURY AND / OR TOW DUE TO CRASH,,Y,"OVER $1,500",09/23/2023 07:00:00 PM,UNABLE TO DETERMINE,NOT APPLICABLE,2860,E,77TH ST,421,2,NO INDICATION OF INJURY,0,0,0,0,0,1,0,17,7,9,41.756398219,-87.55486685,POINT (-87.554866849991 41.756398219009)
20,NO CONTROLS,NO CONTROLS,CLEAR,DAYLIGHT,TURNING,PARKING LOT,STRAIGHT AND LEVEL,DRY,NO DEFECTS,ON SCENE,NO INJURY / DRIVE AWAY,,,"OVER $1,500",05/29/2020 10:47:00 AM,FAILING TO YIELD RIGHT-OF-WAY,IMPROPER LANE USAGE,517,W,OHARE ST,1654,2,NO INDICATION OF INJURY,0,0,0,0,0,3,0,10,6,5,,,
10,STOP SIGN/FLASHER,FUNCTIONING PROPERLY,CLEAR,DAYLIGHT,REAR END,T-INTERSECTION,STRAIGHT AND LEVEL,DRY,NO DEFECTS,ON SCENE,NO INJURY / DRIVE AWAY,Y,,"OVER $1,500",09/06/2023 02:35:00 PM,FAILING TO YIELD RIGHT-OF-WAY,DRIVING SKILLS/KNOWLEDGE/EXPERIENCE,412,W,OHARE ST,1654,2,NO INDICATION OF INJURY,0,0,0,0,0,2,0,14,4,9,,,
30,TRAFFIC SIGNAL,FUNCTIONING PROPERLY,CLEAR,DAYLIGHT,REAR END,DIVIDED - W/MEDIAN (NOT RAISED),STRAIGHT AND LEVEL,DRY,UNKNOWN,NOT ON SCENE (DESK REPORT),NO INJURY / DRIVE AWAY,,,"OVER $1,500",08/17/2023 05:04:00 PM,UNABLE TO DETERMINE,NOT APPLICABLE,1700,S,KEDZIE AVE,1022,2,NO INDICATION OF INJURY,0,0,0,0,0,2,0,15,4,8,,,
15,OTHER,OTHER,CLEAR,"DARKNESS, LIGHTED ROAD",REAR TO FRONT,ONE-WAY,STRAIGHT AND LEVEL,DRY,NO DEFECTS,ON SCENE,NO INJURY / DRIVE AWAY,,,$500 OR LESS,02/21/2020 12:51:00 AM,IMPROPER BACKING,UNABLE TO DETERMINE,412,W,OHARE ST,1654,2,NO INDICATION OF INJURY,0,0,0,0,0,2,0,0,6,2,,,
30,UNKNOWN,UNKNOWN,CLEAR,DAYLIGHT,REAR END,UNKNOWN,STRAIGHT AND LEVEL,DRY,UNKNOWN,NOT ON SCENE (DESK REPORT),NO INJURY / DRIVE AWAY,,Y,"OVER $1,500",09/06/2023 03:10:00 PM,UNABLE TO DETERMINE,UNABLE TO DETERMINE,2313,W,51ST ST,932,2,NO INDICATION OF INJURY,0,0,0,0,0,3,0,13,4,9,41.801021752,-87.682386784,POINT (-87.682386784038 41.801021751951)
20,NO CONTROLS,NO CONTROLS,CLEAR,DAYLIGHT,PARKED MOTOR VEHICLE,PARKING LOT,STRAIGHT AND LEVEL,DRY,NO DEFECTS,ON SCENE,NO INJURY / DRIVE AWAY,,,"$501 - $1,500",06/08/2019 06:00:00 PM,NOT APPLICABLE,NOT APPLICABLE,722,W,OHARE ST,1654,2,NO INDICATION OF INJURY,0,0,0,0,0,1,0,6,6,6,,,
30,NO CONTROLS,NO CONTROLS,CLEAR,"DARKNESS, LIGHTED ROAD",ANIMAL,NOT DIVIDED,STRAIGHT AND LEVEL,DRY,NO DEFECTS,NOT ON SCENE (DESK REPORT),NO INJURY / DRIVE AWAY,,,"$501 - $1,500",09/05/2023 01:00:00 PM,ANIMAL,NOT APPLICABLE,10058,S,LONGWOOD DR,2213,1,NO INDICATION OF INJURY,0,0,0,0,0,1,0,0,3,9,41.710406145,-87.66940429,POINT (-87.669404290019 41.710406144968)
30,NO CONTROLS,NO CONTROLS,CLEAR,DAYLIGHT,PARKED MOTOR VEHICLE,NOT DIVIDED,STRAIGHT AND LEVEL,DRY,NO DEFECTS,NOT ON SCENE (DESK REPORT),NO INJURY / DRIVE AWAY,,Y,"OVER $1,500",09/10/2023 11:32:00 AM,DRIVING SKILLS/KNOWLEDGE/EXPERIENCE,FAILING TO YIELD RIGHT-OF-WAY,6014,S,COTTAGE GROVE AVE,313,2,NO INDICATION OF INJURY,0,0,0,0,0,1,0,11,1,9,41.785387445,-87.606183761,POINT (-87.606183761008 41.785387444959)
20,NO CONTROLS,NO CONTROLS,CLOUDY/OVERCAST,DAYLIGHT,SIDESWIPE SAME DIRECTION,NOT DIVIDED,STRAIGHT AND LEVEL,DRY,NO DEFECTS,ON SCENE,NO INJURY / DRIVE AWAY,,,"OVER $1,500",04/04/2020 12:55:00 PM,UNABLE TO DETERMINE,NOT APPLICABLE,513,W,OHARE ST,1654,2,NO INDICATION OF INJURY,0,0,0,0,0,2,0,12,7,4,,,
10,NO CONTROLS,NO CONTROLS,CLEAR,DAYLIGHT,SIDESWIPE SAME DIRECTION,PARKING LOT,STRAIGHT AND LEVEL,DRY,NO DEFECTS,ON SCENE,NO INJURY / DRIVE AWAY,,,"OVER $1,500",04/11/2023 07:52:00 AM,UNABLE TO DETERMINE,UNABLE TO DETERMINE,524,W,OHARE ST,1654,2,NO INDICATION OF INJURY,0,0,0,0,0,2,0,7,3,4,,,
30,STOP SIGN/FLASHER,NO CONTROLS,CLEAR,DAYLIGHT,TURNING,FOUR WAY,STRAIGHT AND LEVEL,DRY,NO DEFECTS,NOT ON SCENE (DESK REPORT),NO INJURY / DRIVE AWAY,Y,,"OVER $1,500",08/17/2023 01:40:00 PM,FAILING TO YIELD RIGHT-OF-WAY,NOT APPLICABLE,6300,N,RIDGE AVE,2413,2,NO INDICATION OF INJURY,0,0,0,0,0,2,0,13,5,8,41.995579197,-87.675876884,POINT (-87.675876883986 41.995579196996)
30,NO CONTROLS,NO CONTROLS,CLEAR,DAYLIGHT,FIXED OBJECT,OTHER,STRAIGHT ON GRADE,WET,DEBRIS ON ROADWAY,ON SCENE,INJURY AND / OR TOW DUE TO CRASH,,,"OVER $1,500",06/22/2018 05:27:00 PM,NOT APPLICABLE,NOT APPLICABLE,1800,W,28TH ST,912,1,INCAPACITATING INJURY,1,0,1,0,0,0,0,17,6,6,,,
30,NO CONTROLS,NO CONTROLS,CLEAR,DAYLIGHT,TURNING,FOUR WAY,STRAIGHT AND LEVEL,DRY,NO DEFECTS,ON SCENE,NO INJURY / DRIVE AWAY,Y,,"$501 - $1,500",03/20/2022 03:08:00 PM,FAILING TO YIELD RIGHT-OF-WAY,IMPROPER TURNING/NO SIGNAL,817,S,AUSTIN BLVD,1513,2,NO INDICATION OF INJURY,0,0,0,0,0,3,0,15,1,3,,,
25,NO CONTROLS,NO CONTROLS,CLEAR,DAYLIGHT,TURNING,PARKING LOT,STRAIGHT AND LEVEL,DRY,NO DEFECTS,ON SCENE,NO INJURY / DRIVE AWAY,,,"OVER $1,500",01/02/2020 03:45:00 PM,UNABLE TO DETERMINE,UNABLE TO DETERMINE,524,W,OHARE ST,1654,2,NO INDICATION OF INJURY,0,0,0,0,0,2,0,15,5,1,,,
10,NO CONTROLS,NO CONTROLS,CLEAR,DAYLIGHT,PARKED MOTOR VEHICLE,PARKING LOT,STRAIGHT AND LEVEL,DRY,NO DEFECTS,NOT ON SCENE (DESK REPORT),NO INJURY / DRIVE AWAY,,,"OVER $1,500",08/17/2023 05:00:00 PM,NOT APPLICABLE,NOT APPLICABLE,10000,W,BALMORAL AVE,1650,2,NO INDICATION OF INJURY,0,0,0,0,0,1,0,13,5,8,,,
30,NO CONTROLS,NO CONTROLS,CLEAR,DAYLIGHT,TURNING,NOT DIVIDED,STRAIGHT AND LEVEL,DRY,NO DEFECTS,NOT ON SCENE (DESK REPORT),NO INJURY / DRIVE AWAY,,,"OVER $1,500",08/17/2023 06:00:00 PM,UNABLE TO DETERMINE,UNABLE TO DETERMINE,5100,N,BROADWAY,2033,2,NO INDICATION OF INJURY,0,0,0,0,0,2,0,17,5,8,41.974645684,-87.659970179,POINT (-87.659970178971 41.974645683985)
15,NO CONTROLS,NO CONTROLS,CLEAR,DAYLIGHT,PARKED MOTOR VEHICLE,ONE-WAY,STRAIGHT ON GRADE,DRY,NO DEFECTS,ON SCENE,NO INJURY / DRIVE AWAY,,,$500 OR LESS,05/09/2023 06:00:00 PM,IMPROPER LANE USAGE,UNABLE TO DETERMINE,5,W,TERMINAL ST,1655,2,NO INDICATION OF INJURY,0,0,0,0,0,1,0,18,3,5,,,
20,NO CONTROLS,NO CONTROLS,CLEAR,DAYLIGHT,SIDESWIPE SAME DIRECTION,ONE-WAY,STRAIGHT AND LEVEL,DRY,NO DEFECTS,ON SCENE,NO INJURY / DRIVE AWAY,,,"$501 - $1,500",08/03/2023 09:05:00 AM,IMPROPER LANE USAGE,NOT APPLICABLE,9759,W,KENNEDY EXPY IB,1654,2,NO INDICATION OF INJURY,0,0,0,0,0,2,0,8,5,8,,,
15,NO CONTROLS,NO CONTROLS,CLEAR,DAYLIGHT,ANGLE,PARKING LOT,STRAIGHT ON GRADE,DRY,NO DEFECTS,NOT ON SCENE (DESK REPORT),NO INJURY / DRIVE AWAY,,,"$501 - $1,500",08/03/2023 08:30:00 PM,IMPROPER BACKING,DRIVING SKILLS/KNOWLEDGE/EXPERIENCE,6014,S,COTTAGE GROVE AVE,313,2,NO INDICATION OF INJURY,0,0,0,0,0,2,0,15,5,8,41.785387445,-87.606183761,POINT (-87.606183761008 41.785387444959)
20,NO CONTROLS,NO CONTROLS,CLEAR,DAYLIGHT,PARKED MOTOR VEHICLE,OTHER,STRAIGHT AND LEVEL,DRY,NO DEFECTS,ON SCENE,NO INJURY / DRIVE AWAY,,,$500 OR LESS,11/08/2021 03:40:00 PM,NOT APPLICABLE,NOT APPLICABLE,5,W,TERMINAL ST,1655,2,,,,,,,,,15,2,11,,,
20,NO CONTROLS,NO CONTROLS,CLEAR,DAYLIGHT,PARKED MOTOR VEHICLE,NOT DIVIDED,STRAIGHT AND LEVEL,DRY,NO DEFECTS,ON SCENE,NO INJURY / DRIVE AWAY,,,"OVER $1,500",08/23/2023 08:31:00 AM,UNABLE TO DETERMINE,NOT APPLICABLE,8147,S,VINCENNES AVE,622,2,NO INDICATION OF INJURY,0,0,0,0,0,1,0,8,4,8,41.74579217,-87.635369997,POINT (-87.63536999702 41.745792169991)
25,NO CONTROLS,NO CONTROLS,CLEAR,DAYLIGHT,FIXED OBJECT,NOT DIVIDED,"CURVE, LEVEL",DRY,NO DEFECTS,ON SCENE,INJURY AND / OR TOW DUE TO CRASH,,N,"OVER $1,500",03/15/2023 07:59:00 AM,FOLLOWING TOO CLOSELY,UNABLE TO DETERMINE,2451,E,71ST ST,334,1,NO INDICATION OF INJURY,0,0,0,0,0,1,0,7,4,3,,,
35,TRAFFIC SIGNAL,FUNCTIONING PROPERLY,CLEAR,DAYLIGHT,REAR END,NOT DIVIDED,STRAIGHT AND LEVEL,DRY,NO DEFECTS,NOT ON SCENE (DESK REPORT),NO INJURY / DRIVE AWAY,,,"OVER $1,500",08/03/2023 07:00:00 PM,FAILING TO REDUCE SPEED TO AVOID CRASH,UNABLE TO DETERMINE,1599,S,MICHIGAN AVE,132,2,NO INDICATION OF INJURY,0,0,0,0,0,2,0,18,5,8,41.860260262,-87.623841742,POINT (-87.623841742029 41.860260261961)
35,NO CONTROLS,NO CONTROLS,CLEAR,DAWN,ANGLE,NOT DIVIDED,STRAIGHT AND LEVEL,DRY,NO DEFECTS,NOT ON SCENE (DESK REPORT),NO INJURY / DRIVE AWAY,,,"OVER $1,500",08/03/2023 08:35:00 PM,UNABLE TO DETERMINE,UNABLE TO DETERMINE,2812,N,KENNETH AVE,2523,2,NO INDICATION OF INJURY,0,0,0,0,0,2,0,19,5,8,41.93207393,-87.738185836,POINT (-87.738185835998 41.932073929955)
45,NO CONTROLS,NO CONTROLS,CLEAR,DAYLIGHT,REAR END,RAMP,STRAIGHT AND LEVEL,WET,NO DEFECTS,ON SCENE,INJURY AND / OR TOW DUE TO CRASH,,,"OVER $1,500",02/05/2021 09:35:00 AM,FOLLOWING TOO CLOSELY,DRIVING SKILLS/KNOWLEDGE/EXPERIENCE,45,W,I190 EXPY,1654,2,"REPORTED, NOT EVIDENT",1,0,0,0,1,1,0,9,6,2,,,
15,NO CONTROLS,NO CONTROLS,CLEAR,"DARKNESS, LIGHTED ROAD",FIXED OBJECT,RAMP,"CURVE, LEVEL",DRY,NO DEFECTS,ON SCENE,NO INJURY / DRIVE AWAY,,,"OVER $1,500",09/08/2021 02:18:00 AM,DISTRACTION - FROM INSIDE VEHICLE,NOT APPLICABLE,1,S,DOOR 1 ST,813,1,NO INDICATION OF INJURY,0,0,0,0,0,1,0,2,4,9,,,
30,NO CONTROLS,NO CONTROLS,CLEAR,DAYLIGHT,PARKED MOTOR VEHICLE,ONE-WAY,STRAIGHT AND LEVEL,ICE,NO DEFECTS,ON SCENE,NO INJURY / DRIVE AWAY,,,"OVER $1,500",01/26/2018 08:25:00 AM,WEATHER,NOT APPLICABLE,3027,W,LOGAN SD,1414,2,NO INDICATION OF INJURY,0,0,0,0,0,1,0,8,6,1,,,
15,NO CONTROLS,NO CONTROLS,CLEAR,"DARKNESS, LIGHTED ROAD",PARKED MOTOR VEHICLE,PARKING LOT,STRAIGHT AND LEVEL,DRY,NO DEFECTS,ON SCENE,NO INJURY / DRIVE AWAY,,,"OVER $1,500",08/05/2022 11:10:00 PM,IMPROPER BACKING,UNABLE TO DETERMINE,1,W,PARKING LOT A ST,1654,2,NO INDICATION OF INJURY,0,0,0,0,0,1,0,22,6,8,,,
30,NO CONTROLS,NO CONTROLS,CLEAR,"DARKNESS, LIGHTED ROAD",PARKED MOTOR VEHICLE,NOT DIVIDED,STRAIGHT AND LEVEL,DRY,NO DEFECTS,ON SCENE,INJURY AND / OR TOW DUE TO CRASH,,,"OVER $1,500",09/10/2023 02:49:00 AM,TEXTING,DISTRACTION - FROM INSIDE VEHICLE,5737,S,ST LOUIS AVE,822,2,NO INDICATION OF INJURY,0,0,0,0,0,1,0,2,1,9,41.788641301,-87.710626415,POINT (-87.710626414955 41.788641301001)
20,NO CONTROLS,NO CONTROLS,CLEAR,DAYLIGHT,PARKED MOTOR VEHICLE,PARKING LOT,STRAIGHT AND LEVEL,DRY,NO DEFECTS,NOT ON SCENE (DESK REPORT),NO INJURY / DRIVE AWAY,,,"OVER $1,500",08/08/2023 05:00:00 PM,DRIVING SKILLS/KNOWLEDGE/EXPERIENCE,NOT APPLICABLE,1402,E,73RD ST,324,2,NO INDICATION OF INJURY,0,0,0,0,0,1,0,5,5,8,41.762483498,-87.590758369,POINT (-87.590758369007 41.762483498011)
25,NO CONTROLS,NO CONTROLS,CLEAR,"DARKNESS, LIGHTED ROAD",PEDESTRIAN,ONE-WAY,STRAIGHT AND LEVEL,DRY,NO DEFECTS,ON SCENE,INJURY AND / OR TOW DUE TO CRASH,,,$500 OR LESS,08/03/2023 08:58:00 PM,DRIVING SKILLS/KNOWLEDGE/EXPERIENCE,UNABLE TO DETERMINE,3,W,TERMINAL ST,1653,2,"REPORTED, NOT EVIDENT",1,0,0,0,1,1,0,20,5,8,,,
30,UNKNOWN,UNKNOWN,UNKNOWN,UNKNOWN,OTHER OBJECT,OTHER,STRAIGHT AND LEVEL,UNKNOWN,UNKNOWN,NOT ON SCENE (DESK REPORT),NO INJURY / DRIVE AWAY,,,"OVER $1,500",08/24/2023 09:55:00 AM,UNABLE TO DETERMINE,UNABLE TO DETERMINE,8900,S,COLFAX AVE,423,1,NO INDICATION OF INJURY,0,0,0,0,0,3,0,20,4,8,,,
30,TRAFFIC SIGNAL,FUNCTIONING PROPERLY,CLEAR,DAWN,REAR END,DIVIDED - W/MEDIAN (NOT RAISED),STRAIGHT AND LEVEL,DRY,NO DEFECTS,ON SCENE,INJURY AND / OR TOW DUE TO CRASH,,,"OVER $1,500",08/03/2023 05:37:00 AM,FOLLOWING TOO CLOSELY,DISTRACTION - FROM OUTSIDE VEHICLE,5047,N,HARLEM AVE,1613,3,NO INDICATION OF INJURY,0,0,0,0,0,4,0,5,5,8,41.973293497,-87.80691304,POINT (-87.806913039966 41.973293497011)
30,TRAFFIC SIGNAL,FUNCTIONING PROPERLY,CLOUDY/OVERCAST,DAYLIGHT,TURNING,NOT DIVIDED,STRAIGHT AND LEVEL,WET,NO DEFECTS,ON SCENE,NO INJURY / DRIVE AWAY,,,"OVER $1,500",09/19/2023 03:21:00 PM,IMPROPER TURNING/NO SIGNAL,IMPROPER TURNING/NO SIGNAL,1100,W,DIVISION ST,1822,2,NO INDICATION OF INJURY,0,0,0,0,0,2,0,15,3,9,41.903639931,-87.65554697,POINT (-87.655546970003 41.903639930952)
30,TRAFFIC SIGNAL,FUNCTIONING PROPERLY,CLEAR,DAYLIGHT,REAR END,NOT DIVIDED,STRAIGHT AND LEVEL,DRY,NO DEFECTS,NOT ON SCENE (DESK REPORT),NO INJURY / DRIVE AWAY,,,"$501 - $1,500",09/24/2023 11:00:00 AM,FAILING TO REDUCE SPEED TO AVOID CRASH,UNABLE TO DETERMINE,1200,W,35TH ST,913,2,NO INDICATION OF INJURY,0,0,0,0,0,3,0,10,1,9,41.830728826,-87.655813252,POINT (-87.655813252029 41.830728825995)
20,STOP SIGN/FLASHER,NO CONTROLS,CLOUDY/OVERCAST,UNKNOWN,TURNING,OTHER,STRAIGHT AND LEVEL,UNKNOWN,UNKNOWN,NOT ON SCENE (DESK REPORT),NO INJURY / DRIVE AWAY,Y,Y,"OVER $1,500",09/25/2023 03:45:00 PM,FAILING TO YIELD RIGHT-OF-WAY,UNABLE TO DETERMINE,2031,W,73RD ST,735,2,NO INDICATION OF INJURY,0,0,0,0,0,2,0,12,2,9,41.761048405,-87.67457247,POINT (-87.674572469997 41.761048404979)
30,NO CONTROLS,NO CONTROLS,CLEAR,"DARKNESS, LIGHTED ROAD",SIDESWIPE SAME DIRECTION,NOT DIVIDED,STRAIGHT AND LEVEL,DRY,NO DEFECTS,NOT ON SCENE (DESK REPORT),NO INJURY / DRIVE AWAY,,,"OVER $1,500",09/25/2023 04:13:00 PM,NOT APPLICABLE,NOT APPLICABLE,2901,S,PULASKI RD,1031,2,NO INDICATION OF INJURY,0,0,0,0,0,2,0,22,6,9,,,
25,STOP SIGN/FLASHER,NO CONTROLS,CLEAR,DAYLIGHT,TURNING,T-INTERSECTION,STRAIGHT AND LEVEL,DRY,NO DEFECTS,ON SCENE,INJURY AND / OR TOW DUE TO CRASH,Y,,"OVER $1,500",09/25/2023 04:01:00 PM,UNABLE TO DETERMINE,UNABLE TO DETERMINE,3100,N,MEADE AVE,2511,2,NO INDICATION OF INJURY,0,0,0,0,0,3,0,16,2,9,41.936632386,-87.778729304,POINT (-87.778729303982 41.936632386046)