POSTED_SPEED_LIMIT,TRAFFIC_CONTROL_DEVICE,DEVICE_CONDITION,WEATHER_CONDITION,LIGHTING_CONDITION,FIRST_CRASH_TYPE,TRAFFICWAY_TYPE,ALIGNMENT,ROADWAY_SURFACE_COND,ROAD_DEFECT,REPORT_TYPE,CRASH_TYPE,INTERSECTION_RELATED_I,HIT_AND_RUN_I,DAMAGE,DATE_POLICE_NOTIFIED,PRIM_CONTRIBUTORY_CAUSE,SEC_CONTRIBUTORY_CAUSE,STREET_NO,STREET_DIRECTION,STREET_NAME,BEAT_OF_OCCURRENCE,NUM_UNITS,MOST_SEVERE_INJURY,INJURIES_TOTAL,INJURIES_FATAL,INJURIES_INCAPACITATING,INJURIES_NON_INCAPACITATING,INJURIES_REPORTED_NOT_EVIDENT,INJURIES_NO_INDICATION,INJURIES_UNKNOWN,CRASH_HOUR,CRASH_DAY_OF_WEEK,CRASH_MONTH,LATITUDE,LONGITUDE,LOCATION
25,NO CONTROLS,NO CONTROLS,RAIN,DAYLIGHT,SIDESWIPE SAME DIRECTION,ONE-WAY,STRAIGHT AND LEVEL,WET,NO DEFECTS,ON SCENE,NO INJURY / DRIVE AWAY,,,"OVER $1,500",09/08/2023 11:00:00 AM,FAILING TO YIELD RIGHT-OF-WAY,NOT APPLICABLE,1,W,TERMINAL ST,1651,2,NO INDICATION OF INJURY,0,0,0,0,0,2,0,10,6,9,,,
20,NO CONTROLS,NO CONTROLS,CLEAR,"DARKNESS, LIGHTED ROAD",SIDESWIPE SAME DIRECTION,ONE-WAY,"CURVE, LEVEL",DRY,NO DEFECTS,ON SCENE,NO INJURY / DRIVE AWAY,,,"OVER $1,500",08/06/2023 10:29:00 PM,IMPROPER OVERTAKING/PASSING,NOT APPLICABLE,3,W,TERMINAL ST,1653,2,NO INDICATION OF INJURY,0,0,0,0,0,2,0,22,1,8,,,
30,TRAFFIC SIGNAL,FUNCTIONING PROPERLY,CLEAR,DAYLIGHT,TURNING,FOUR WAY,STRAIGHT AND LEVEL,WET,NO DEFECTS,ON SCENE,NO INJURY / DRIVE AWAY,Y,,"OVER $1,500",09/28/2023 12:35:00 PM,FAILING TO YIELD RIGHT-OF-WAY,IMPROPER TURNING/NO SIGNAL,10020,W,BALMORAL AVE,1650,2,NO INDICATION OF INJURY,0,0,0,0,0,2,0,12,5,9,,,
30,TRAFFIC SIGNAL,FUNCTIONING PROPERLY,CLEAR,DAYLIGHT,PEDESTRIAN,FOUR WAY,STRAIGHT AND LEVEL,DRY,NO DEFECTS,ON SCENE,NO INJURY / DRIVE AWAY,Y,Y,$500 OR LESS,09/09/2023 11:13:00 AM,UNABLE TO DETERMINE,UNABLE TO DETERMINE,4800,N,CLARK ST,2032,2,NO INDICATION OF INJURY,0,0,0,0,0,2,0,11,7,9,41.969038442,-87.667662387,POINT (-87.667662387022 41.969038442049)
40,STOP SIGN/FLASHER,NO CONTROLS,CLEAR,DAYLIGHT,TURNING,FOUR WAY,STRAIGHT AND LEVEL,DRY,NO DEFECTS,ON SCENE,INJURY AND / OR TOW DUE TO CRASH,,,"OVER $1,500",09/08/2023 06:50:00 PM,DRIVING SKILLS/KNOWLEDGE/EXPERIENCE,DRIVING SKILLS/KNOWLEDGE/EXPERIENCE,51,N,BESSIE COLEMAN DR,1654,2,NO INDICATION OF INJURY,0,0,0,0,0,2,0,18,6,9,,,
35,NO CONTROLS,NO CONTROLS,CLEAR,"DARKNESS, LIGHTED ROAD",FIXED OBJECT,NOT DIVIDED,STRAIGHT AND LEVEL,DRY,NO DEFECTS,ON SCENE,INJURY AND / OR TOW DUE TO CRASH,,,"OVER $1,500",09/10/2023 03:14:00 AM,UNABLE TO DETERMINE,NOT APPLICABLE,9544,S,BEVERLY AVE,2213,1,NO INDICATION OF INJURY,0,0,0,0,0,1,0,3,1,9,41.719840325,-87.662712313,POINT (-87.662712313015 41.719840324979)
10,NO CONTROLS,NO CONTROLS,CLEAR,DAYLIGHT,REAR TO SIDE,PARKING LOT,STRAIGHT AND LEVEL,DRY,NO DEFECTS,ON SCENE,NO INJURY / DRIVE AWAY,,,"OVER $1,500",08/20/2023 12:45:00 PM,UNABLE TO DETERMINE,UNABLE TO DETERMINE,630,W,OHARE ST,1654,2,NO INDICATION OF INJURY,0,0,0,0,0,2,0,12,1,8,,,
25,NO CONTROLS,NO CONTROLS,CLEAR,DAYLIGHT,ANGLE,NOT DIVIDED,STRAIGHT AND LEVEL,DRY,NO DEFECTS,NOT ON SCENE (DESK REPORT),NO INJURY / DRIVE AWAY,,Y,"$501 - $1,500",08/27/2023 08:05:00 PM,NOT APPLICABLE,NOT APPLICABLE,43,N,HOMAN BLVD,1123,2,NO INDICATION OF INJURY,0,0,0,0,0,2,0,19,1,8,41.882211292,-87.710898608,POINT (-87.710898608036 41.882211292041)
30,TRAFFIC SIGNAL,FUNCTIONING PROPERLY,CLEAR,DAYLIGHT,SIDESWIPE SAME DIRECTION,DIVIDED - W/MEDIAN (NOT RAISED),STRAIGHT AND LEVEL,DRY,NO DEFECTS,ON SCENE,INJURY AND / OR TOW DUE TO CRASH,,,"OVER $1,500",09/14/2023 10:56:00 AM,FAILING TO YIELD RIGHT-OF-WAY,NOT APPLICABLE,4758,W,JACKSON BLVD,1113,2,"REPORTED, NOT EVIDENT",1,0,0,0,1,1,0,10,5,9,41.876926589,-87.745039137,POINT (-87.745039137038 41.876926588953)
30,TRAFFIC SIGNAL,FUNCTIONING PROPERLY,CLEAR,"DARKNESS, LIGHTED ROAD",TURNING,NOT DIVIDED,STRAIGHT AND LEVEL,DRY,NO DEFECTS,ON SCENE,NO INJURY / DRIVE AWAY,,,"OVER $1,500",08/27/2023 09:00:00 PM,UNABLE TO DETERMINE,UNABLE TO DETERMINE,1602,N,LARRABEE ST,1813,2,NO INDICATION OF INJURY,0,0,0,0,0,2,0,2,1,8,41.911155206,-87.643581885,POINT (-87.643581885026 41.911155205962)
20,NO CONTROLS,NO CONTROLS,UNKNOWN,UNKNOWN,REAR TO FRONT,PARKING LOT,STRAIGHT AND LEVEL,UNKNOWN,UNKNOWN,NOT ON SCENE (DESK REPORT),NO INJURY / DRIVE AWAY,,,"OVER $1,500",08/28/2023 10:30:00 AM,UNABLE TO DETERMINE,UNABLE TO DETERMINE,524,W,OHARE ST,1654,2,NO INDICATION OF INJURY,0,0,0,0,0,2,0,22,1,8,,,
30,TRAFFIC SIGNAL,FUNCTIONING PROPERLY,CLEAR,DAYLIGHT,REAR END,NOT DIVIDED,STRAIGHT AND LEVEL,DRY,NO DEFECTS,NOT ON SCENE (DESK REPORT),NO INJURY / DRIVE AWAY,,,"OVER $1,500",09/14/2023 03:44:00 PM,NOT APPLICABLE,NOT APPLICABLE,8301,S,CICERO AVE,834,2,NO INDICATION OF INJURY,0,0,0,0,0,2,0,15,5,9,41.741803599,-87.740953582,POINT (-87.740953581987 41.741803598989)
30,STOP SIGN/FLASHER,NO CONTROLS,CLEAR,DAYLIGHT,TURNING,DIVIDED - W/MEDIAN (NOT RAISED),STRAIGHT AND LEVEL,DRY,NO DEFECTS,ON SCENE,INJURY AND / OR TOW DUE TO CRASH,Y,,"OVER $1,500",07/26/2023 08:07:00 AM,IMPROPER TURNING/NO SIGNAL,NOT APPLICABLE,222,N,COLUMBUS DR,114,2,NONINCAPACITATING INJURY,1,0,0,1,0,1,0,7,4,7,41.886339416,-87.62083615,POINT (-87.620836149956 41.886339416011)
30,NO CONTROLS,NO CONTROLS,CLEAR,"DARKNESS, LIGHTED ROAD",PARKED MOTOR VEHICLE,NOT DIVIDED,STRAIGHT AND LEVEL,DRY,NO DEFECTS,ON SCENE,NO INJURY / DRIVE AWAY,,Y,"OVER $1,500",08/21/2023 07:18:00 AM,NOT APPLICABLE,NOT APPLICABLE,2521,E,93RD ST,423,2,NO INDICATION OF INJURY,0,0,0,0,0,1,0,0,2,8,41.726171226,-87.562360674,POINT (-87.562360674018 41.726171226008)
35,TRAFFIC SIGNAL,FUNCTIONING PROPERLY,CLEAR,DAYLIGHT,TURNING,NOT DIVIDED,STRAIGHT AND LEVEL,DRY,NO DEFECTS,ON SCENE,NO INJURY / DRIVE AWAY,,Y,"OVER $1,500",08/21/2023 03:24:00 PM,FAILING TO YIELD RIGHT-OF-WAY,UNABLE TO DETERMINE,7601,S,SOUTH CHICAGO AVE,411,2,NO INDICATION OF INJURY,0,0,0,0,0,2,0,15,2,8,41.756894455,-87.59286789,POINT (-87.592867889958 41.756894454967)
25,NO CONTROLS,NO CONTROLS,CLEAR,"DARKNESS, LIGHTED ROAD",PEDESTRIAN,PARKING LOT,STRAIGHT AND LEVEL,DRY,UNKNOWN,ON SCENE,INJURY AND / OR TOW DUE TO CRASH,,,$500 OR LESS,09/14/2023 07:54:00 PM,UNABLE TO DETERMINE,NOT APPLICABLE,524,W,OHARE ST,1654,2,"REPORTED, NOT EVIDENT",1,0,0,0,1,1,0,19,5,9,,,
30,NO CONTROLS,NO CONTROLS,CLEAR,DAYLIGHT,PARKED MOTOR VEHICLE,DIVIDED - W/MEDIAN (NOT RAISED),STRAIGHT AND LEVEL,UNKNOWN,UNKNOWN,NOT ON SCENE (DESK REPORT),NO INJURY / DRIVE AWAY,,Y,"OVER $1,500",09/14/2023 01:50:00 PM,UNABLE TO DETERMINE,NOT APPLICABLE,2440,N,OAK PARK AVE,2512,2,NO INDICATION OF INJURY,0,0,0,0,0,1,0,9,5,9,41.924816512,-87.795427561,POINT (-87.795427561035 41.924816511983)
30,NO CONTROLS,FUNCTIONING PROPERLY,CLEAR,DARKNESS,SIDESWIPE SAME DIRECTION,NOT DIVIDED,STRAIGHT AND LEVEL,DRY,NO DEFECTS,NOT ON SCENE (DESK REPORT),NO INJURY / DRIVE AWAY,Y,,"OVER $1,500",08/20/2023 10:30:00 PM,UNABLE TO DETERMINE,NOT APPLICABLE,4700,S,FEDERAL ST,224,2,NO INDICATION OF INJURY,0,0,0,0,0,2,0,22,1,8,41.809095486,-87.628723167,POINT (-87.628723167002 41.809095485967)
20,NO CONTROLS,NO CONTROLS,CLEAR,DAYLIGHT,OTHER OBJECT,PARKING LOT,STRAIGHT AND LEVEL,DRY,NO DEFECTS,NOT ON SCENE (DESK REPORT),NO INJURY / DRIVE AWAY,,,"$501 - $1,500",09/14/2023 02:10:00 PM,UNABLE TO DETERMINE,NOT APPLICABLE,502,W,OHARE ST,1653,1,NO INDICATION OF INJURY,0,0,0,0,0,1,0,13,5,9,,,
25,NO CONTROLS,NO CONTROLS,CLEAR,"DARKNESS, LIGHTED ROAD",REAR END,NOT DIVIDED,STRAIGHT AND LEVEL,DRY,NO DEFECTS,NOT ON SCENE (DESK REPORT),NO INJURY / DRIVE AWAY,,,"OVER $1,500",09/14/2023 09:00:00 PM,UNABLE TO DETERMINE,UNABLE TO DETERMINE,1049,W,BRYN MAWR AVE,2023,2,NO INDICATION OF INJURY,0,0,0,0,0,2,0,20,5,9,41.983563915,-87.657146291,POINT (-87.657146290975 41.983563914975)
30,STOP SIGN/FLASHER,FUNCTIONING PROPERLY,CLEAR,DAYLIGHT,TURNING,UNKNOWN INTERSECTION TYPE,STRAIGHT AND LEVEL,DRY,NO DEFECTS,ON SCENE,INJURY AND / OR TOW DUE TO CRASH,Y,,"OVER $1,500",08/27/2023 03:13:00 PM,UNABLE TO DETERMINE,NOT APPLICABLE,616,W,WILSON DR,1914,2,NO INDICATION OF INJURY,0,0,0,0,0,3,0,15,1,8,41.965930358,-87.646061271,POINT (-87.646061270974 41.965930357979)
20,NO CONTROLS,NO CONTROLS,CLEAR,"DARKNESS, LIGHTED ROAD",SIDESWIPE SAME DIRECTION,ONE-WAY,STRAIGHT AND LEVEL,DRY,NO DEFECTS,NOT ON SCENE (DESK REPORT),NO INJURY / DRIVE AWAY,,,"$501 - $1,500",08/07/2023 05:30:00 AM,"VISION OBSCURED (SIGNS, TREE LIMBS, BUILDINGS, ETC.)",UNABLE TO DETERMINE,5,W,TERMINAL ST,1655,2,NO INDICATION OF INJURY,0,0,0,0,0,2,0,5,2,8,,,
35,NO CONTROLS,NO CONTROLS,CLEAR,DAYLIGHT,REAR END,NOT DIVIDED,STRAIGHT AND LEVEL,DRY,NO DEFECTS,ON SCENE,INJURY AND / OR TOW DUE TO CRASH,,,"OVER $1,500",08/07/2023 05:40:00 PM,NOT APPLICABLE,NOT APPLICABLE,1701,S,WESTERN AVE,1233,3,NO INDICATION OF INJURY,0,0,0,0,0,3,0,17,2,8,41.858385392,-87.685663432,POINT (-87.685663431987 41.858385392021)
35,NO CONTROLS,NO CONTROLS,CLEAR,DAYLIGHT,PARKED MOTOR VEHICLE,NOT DIVIDED,STRAIGHT AND LEVEL,DRY,NO DEFECTS,NOT ON SCENE (DESK REPORT),NO INJURY / DRIVE AWAY,,,$500 OR LESS,08/07/2023 05:03:00 PM,UNABLE TO DETERMINE,UNABLE TO DETERMINE,2338,S,INDIANA AVE,132,2,NO INDICATION OF INJURY,0,0,0,0,0,1,0,16,2,8,41.849964917,-87.62235952,POINT (-87.622359520021 41.849964916995)
30,STOP SIGN/FLASHER,FUNCTIONING PROPERLY,CLEAR,DAYLIGHT,TURNING,DIVIDED - W/MEDIAN (NOT RAISED),STRAIGHT AND LEVEL,DRY,NO DEFECTS,NOT ON SCENE (DESK REPORT),NO INJURY / DRIVE AWAY,,,"OVER $1,500",08/07/2023 06:50:00 PM,FAILING TO YIELD RIGHT-OF-WAY,NOT APPLICABLE,7700,W,FOSTER AVE,1613,2,NO INDICATION OF INJURY,0,0,0,0,0,2,0,16,2,8,41.974329658,-87.819524932,POINT (-87.819524932013 41.974329657994)
20,NO CONTROLS,NO CONTROLS,CLOUDY/OVERCAST,DAYLIGHT,SIDESWIPE SAME DIRECTION,ONE-WAY,STRAIGHT AND LEVEL,DRY,NO DEFECTS,ON SCENE,NO INJURY / DRIVE AWAY,,,"OVER $1,500",09/29/2023 07:04:00 AM,FAILING TO YIELD RIGHT-OF-WAY,DRIVING SKILLS/KNOWLEDGE/EXPERIENCE,1,W,TERMINAL ST,1651,2,NO INDICATION OF INJURY,0,0,0,0,0,2,0,7,6,9,,,
35,NO CONTROLS,NO CONTROLS,CLEAR,DAYLIGHT,TURNING,DIVIDED - W/MEDIAN (NOT RAISED),STRAIGHT AND LEVEL,DRY,NO DEFECTS,ON SCENE,INJURY AND / OR TOW DUE TO CRASH,,,"OVER $1,500",09/10/2023 08:32:00 PM,FAILING TO YIELD RIGHT-OF-WAY,DRIVING SKILLS/KNOWLEDGE/EXPERIENCE,11,N,BESSIE COLEMAN DR,1654,2,NONINCAPACITATING INJURY,2,0,0,2,0,0,0,20,1,9,,,
30,TRAFFIC SIGNAL,FUNCTIONING PROPERLY,CLEAR,DAYLIGHT,PEDALCYCLIST,NOT DIVIDED,STRAIGHT AND LEVEL,DRY,NO DEFECTS,NOT ON SCENE (DESK REPORT),NO INJURY / DRIVE AWAY,,,"$501 - $1,500",09/11/2023 11:11:00 AM,IMPROPER OVERTAKING/PASSING,NOT APPLICABLE,900,N,ORLEANS ST,1823,2,NO INDICATION OF INJURY,0,0,0,0,0,2,0,10,5,8,41.898979021,-87.637410212,POINT (-87.637410212028 41.898979021041)
30,TRAFFIC SIGNAL,FUNCTIONING PROPERLY,RAIN,DAYLIGHT,HEAD ON,NOT DIVIDED,STRAIGHT AND LEVEL,WET,UNKNOWN,ON SCENE,INJURY AND / OR TOW DUE TO CRASH,Y,,"OVER $1,500",09/11/2023 07:42:00 AM,FAILING TO YIELD RIGHT-OF-WAY,DISREGARDING TRAFFIC SIGNALS,2659,W,OGDEN AVE,1023,2,NO INDICATION OF INJURY,0,0,0,0,0,3,0,7,2,9,41.862192862,-87.692931035,POINT (-87.692931035007 41.862192862026)
25,OTHER,NO CONTROLS,CLEAR,DAYLIGHT,TURNING,NOT DIVIDED,STRAIGHT AND LEVEL,DRY,NO DEFECTS,ON SCENE,INJURY AND / OR TOW DUE TO CRASH,Y,,"OVER $1,500",08/21/2023 06:49:00 AM,FAILING TO YIELD RIGHT-OF-WAY,DISTRACTION - FROM OUTSIDE VEHICLE,859,S,AUSTIN BLVD,1513,2,NONINCAPACITATING INJURY,1,0,0,1,0,2,0,6,2,8,,,
35,NO CONTROLS,NO CONTROLS,CLEAR,DAYLIGHT,SIDESWIPE SAME DIRECTION,DIVIDED - W/MEDIAN (NOT RAISED),STRAIGHT AND LEVEL,DRY,NO DEFECTS,NOT ON SCENE (DESK REPORT),NO INJURY / DRIVE AWAY,Y,,"OVER $1,500",08/30/2023 07:20:00 PM,UNABLE TO DETERMINE,UNABLE TO DETERMINE,8700,S,HONORE ST,2221,2,NO INDICATION OF INJURY,0,0,0,0,0,2,0,13,2,8,41.735617589,-87.669285839,POINT (-87.669285839025 41.735617589025)
35,TRAFFIC SIGNAL,FUNCTIONING PROPERLY,CLEAR,DAYLIGHT,ANGLE,FOUR WAY,STRAIGHT AND LEVEL,DRY,UNKNOWN,ON SCENE,INJURY AND / OR TOW DUE TO CRASH,Y,,"OVER $1,500",08/28/2023 04:05:00 PM,NOT APPLICABLE,NOT APPLICABLE,799,E,49TH ST,223,2,NO INDICATION OF INJURY,0,0,0,0,0,3,0,15,2,8,41.805782825,-87.606545328,POINT (-87.606545328006 41.805782825022)
30,UNKNOWN,NO CONTROLS,CLEAR,DAYLIGHT,SIDESWIPE SAME DIRECTION,FOUR WAY,STRAIGHT AND LEVEL,DRY,UNKNOWN,NOT ON SCENE (DESK REPORT),NO INJURY / DRIVE AWAY,Y,,$500 OR LESS,09/15/2023 08:25:00 AM,IMPROPER OVERTAKING/PASSING,UNABLE TO DETERMINE,8300,S,STONY ISLAND AVE,412,2,NO INDICATION OF INJURY,0,0,0,0,0,2,0,7,6,9,41.744151639,-87.585945067,POINT (-87.585945066953 41.744151639042)
30,TRAFFIC SIGNAL,FUNCTIONING PROPERLY,CLEAR,DAYLIGHT,TURNING,FOUR WAY,STRAIGHT AND LEVEL,DRY,NO DEFECTS,NOT ON SCENE (DESK REPORT),INJURY AND / OR TOW DUE TO CRASH,Y,,"OVER $1,500",09/15/2023 03:47:00 PM,FAILING TO YIELD RIGHT-OF-WAY,FAILING TO YIELD RIGHT-OF-WAY,800,E,75TH ST,323,2,NONINCAPACITATING INJURY,1,0,0,1,0,2,0,15,6,9,41.75869138,-87.60533417,POINT (-87.605334170015 41.75869137995)
30,TRAFFIC SIGNAL,FUNCTIONING PROPERLY,CLEAR,DARKNESS,REAR END,FOUR WAY,STRAIGHT AND LEVEL,DRY,NO DEFECTS,NOT ON SCENE (DESK REPORT),NO INJURY / DRIVE AWAY,,Y,$500 OR LESS,08/22/2023 09:10:00 PM,FOLLOWING TOO CLOSELY,FAILING TO REDUCE SPEED TO AVOID CRASH,8300,S,STONY ISLAND AVE,412,2,NO INDICATION OF INJURY,0,0,0,0,0,6,0,21,3,8,41.744151639,-87.585945067,POINT (-87.585945066953 41.744151639042)
10,UNKNOWN,UNKNOWN,CLEAR,DARKNESS,PARKED MOTOR VEHICLE,PARKING LOT,STRAIGHT AND LEVEL,UNKNOWN,UNKNOWN,NOT ON SCENE (DESK REPORT),NO INJURY / DRIVE AWAY,,,$500 OR LESS,08/22/2023 05:44:00 PM,UNABLE TO DETERMINE,UNABLE TO DETERMINE,2245,S,MICHIGAN AVE,132,2,NO INDICATION OF INJURY,0,0,0,0,0,1,0,23,7,8,41.851584026,-87.623623384,POINT (-87.623623384015 41.851584025965)
30,NO CONTROLS,NO CONTROLS,CLEAR,DAYLIGHT,ANGLE,DIVIDED - W/MEDIAN (NOT RAISED),STRAIGHT AND LEVEL,DRY,NO DEFECTS,NOT ON SCENE (DESK REPORT),NO INJURY / DRIVE AWAY,,,"OVER $1,500",08/21/2023 05:28:00 PM,FAILING TO YIELD RIGHT-OF-WAY,NOT APPLICABLE,7199,W,ARCHER AVE,811,2,NO INDICATION OF INJURY,0,0,0,0,0,2,0,17,2,8,,,
25,STOP SIGN/FLASHER,FUNCTIONING PROPERLY,CLEAR,DAYLIGHT,TURNING,T-INTERSECTION,STRAIGHT AND LEVEL,DRY,NO DEFECTS,ON SCENE,NO INJURY / DRIVE AWAY,Y,,"OVER $1,500",08/22/2023 01:00:00 PM,FAILING TO YIELD RIGHT-OF-WAY,NOT APPLICABLE,1,W,PARKING LOT A ST,1654,2,NO INDICATION OF INJURY,0,0,0,0,0,3,0,12,3,8,,,
30,NO CONTROLS,NO CONTROLS,CLEAR,DAYLIGHT,ANGLE,DIVIDED - W/MEDIAN (NOT RAISED),STRAIGHT AND LEVEL,OTHER,OTHER,NOT ON SCENE (DESK REPORT),NO INJURY / DRIVE AWAY,,,"OVER $1,500",08/29/2023 08:00:00 AM,NOT APPLICABLE,NOT APPLICABLE,10253,S,WESTERN AVE,2213,2,NO INDICATION OF INJURY,0,0,0,0,0,2,0,8,2,8,41.7066395,-87.681482516,POINT (-87.681482515978 41.706639499989)
30,NO CONTROLS,NO CONTROLS,CLEAR,DAYLIGHT,PARKED MOTOR VEHICLE,ONE-WAY,STRAIGHT AND LEVEL,DRY,NO DEFECTS,NOT ON SCENE (DESK REPORT),NO INJURY / DRIVE AWAY,,,"OVER $1,500",08/22/2023 01:15:00 PM,IMPROPER LANE USAGE,NOT APPLICABLE,1,W,TERMINAL ST,1651,2,NO INDICATION OF INJURY,0,0,0,0,0,1,0,13,3,8,,,
30,NO CONTROLS,NO CONTROLS,CLEAR,DAYLIGHT,SIDESWIPE SAME DIRECTION,UNKNOWN,STRAIGHT AND LEVEL,DRY,NO DEFECTS,NOT ON SCENE (DESK REPORT),NO INJURY / DRIVE AWAY,N,,$500 OR LESS,08/08/2023 11:00:00 AM,IMPROPER LANE USAGE,FAILING TO REDUCE SPEED TO AVOID CRASH,10000,W,BALMORAL AVE,1650,2,NO INDICATION OF INJURY,0,0,0,0,0,3,0,10,3,8,,,
30,TRAFFIC SIGNAL,FUNCTIONING PROPERLY,CLEAR,DAYLIGHT,REAR END,DIVIDED - W/MEDIAN (NOT RAISED),STRAIGHT AND LEVEL,DRY,NO DEFECTS,ON SCENE,INJURY AND / OR TOW DUE TO CRASH,,,"OVER $1,500",08/08/2023 01:03:00 PM,FAILING TO REDUCE SPEED TO AVOID CRASH,NOT APPLICABLE,2630,S,ASHLAND AVE,912,2,"REPORTED, NOT EVIDENT",1,0,0,0,1,1,0,13,3,8,41.843992705,-87.666001441,POINT (-87.66600144104 41.843992705011)
30,UNKNOWN,UNKNOWN,CLEAR,"DARKNESS, LIGHTED ROAD",PEDESTRIAN,UNKNOWN,STRAIGHT AND LEVEL,DRY,UNKNOWN,ON SCENE,INJURY AND / OR TOW DUE TO CRASH,,Y,"$501 - $1,500",08/08/2023 09:21:00 PM,UNABLE TO DETERMINE,NOT APPLICABLE,0,N,UNKNOWN AVE,6100,2,INCAPACITATING INJURY,1,0,1,0,0,1,0,21,3,8,,,
15,OTHER,OTHER,CLEAR,DAYLIGHT,REAR END,NOT DIVIDED,STRAIGHT AND LEVEL,DRY,UNKNOWN,NOT ON SCENE (DESK REPORT),INJURY AND / OR TOW DUE TO CRASH,,,"OVER $1,500",08/08/2023 03:00:00 PM,UNABLE TO DETERMINE,UNABLE TO DETERMINE,2619,S,CALIFORNIA AVE,1034,3,NO INDICATION OF INJURY,0,0,0,0,0,3,0,12,3,8,,,
30,NO CONTROLS,NO CONTROLS,CLEAR,DAYLIGHT,REAR END,DIVIDED - W/MEDIAN (NOT RAISED),STRAIGHT AND LEVEL,DRY,NO DEFECTS,ON SCENE,NO INJURY / DRIVE AWAY,,,"$501 - $1,500",08/08/2023 12:09:00 PM,UNABLE TO DETERMINE,NOT APPLICABLE,1829,W,LAWRENCE AVE,1912,2,NO INDICATION OF INJURY,0,0,0,0,0,2,0,11,3,8,41.968690437,-87.675837998,POINT (-87.675837998003 41.968690437019)
30,UNKNOWN,UNKNOWN,UNKNOWN,UNKNOWN,REAR END,NOT DIVIDED,STRAIGHT AND LEVEL,UNKNOWN,UNKNOWN,NOT ON SCENE (DESK REPORT),NO INJURY / DRIVE AWAY,,,"OVER $1,500",09/29/2023 11:15:00 AM,UNABLE TO DETERMINE,UNABLE TO DETERMINE,45,W,79TH ST,623,2,NO INDICATION OF INJURY,0,0,0,0,0,2,0,9,6,9,41.750825387,-87.626474838,POINT (-87.626474838014 41.75082538699)
30,NO CONTROLS,NO CONTROLS,UNKNOWN,"DARKNESS, LIGHTED ROAD",PARKED MOTOR VEHICLE,DIVIDED - W/MEDIAN (NOT RAISED),STRAIGHT AND LEVEL,UNKNOWN,UNKNOWN,NOT ON SCENE (DESK REPORT),NO INJURY / DRIVE AWAY,,,"OVER $1,500",09/30/2023 07:00:00 PM,UNABLE TO DETERMINE,NOT APPLICABLE,7210,W,BELMONT AVE,1631,2,NO INDICATION OF INJURY,0,0,0,0,0,1,0,21,5,9,41.938102576,-87.80722885,POINT (-87.807228850045 41.938102575978)
30,UNKNOWN,UNKNOWN,UNKNOWN,UNKNOWN,REAR END,NOT DIVIDED,STRAIGHT AND LEVEL,DRY,UNKNOWN,NOT ON SCENE (DESK REPORT),INJURY AND / OR TOW DUE TO CRASH,,Y,"OVER $1,500",09/12/2023 05:00:00 PM,UNABLE TO DETERMINE,NOT APPLICABLE,2359,N,NAGLE AVE,2512,2,"REPORTED, NOT EVIDENT",1,0,0,0,1,1,0,16,3,9,,,
30,NO CONTROLS,NO CONTROLS,CLEAR,DAYLIGHT,REAR END,RAMP,STRAIGHT AND LEVEL,DRY,NO DEFECTS,NOT ON SCENE (DESK REPORT),NO INJURY / DRIVE AWAY,,Y,"OVER $1,500",09/12/2023 05:45:00 PM,FOLLOWING TOO CLOSELY,NOT APPLICABLE,5500,S,WENTWORTH AVE,225,2,NO INDICATION OF INJURY,0,0,0,0,0,2,0,9,3,9,,,
30,NO CONTROLS,NO CONTROLS,CLEAR,DAYLIGHT,SIDESWIPE SAME DIRECTION,OTHER,STRAIGHT AND LEVEL,DRY,UNKNOWN,ON SCENE,INJURY AND / OR TOW DUE TO CRASH,,,"OVER $1,500",08/21/2023 03:17:00 PM,DISREGARDING ROAD MARKINGS,NOT APPLICABLE,1,W,TERMINAL ST,1651,2,NO INDICATION OF INJURY,0,0,0,0,0,2,0,15,2,8,,,
30,UNKNOWN,UNKNOWN,UNKNOWN,UNKNOWN,REAR END,NOT DIVIDED,STRAIGHT AND LEVEL,UNKNOWN,UNKNOWN,NOT ON SCENE (DESK REPORT),NO INJURY / DRIVE AWAY,,,$500 OR LESS,08/29/2023 05:14:00 PM,UNABLE TO DETERMINE,UNABLE TO DETERMINE,2224,W,TOUHY AVE,2411,2,NO INDICATION OF INJURY,0,0,0,0,0,2,0,16,3,8,42.012358439,-87.687185624,POINT (-87.687185623952 42.012358439017)
30,TRAFFIC SIGNAL,FUNCTIONING PROPERLY,CLEAR,DAYLIGHT,REAR END,FOUR WAY,STRAIGHT AND LEVEL,DRY,NO DEFECTS,ON SCENE,INJURY AND / OR TOW DUE TO CRASH,,,"OVER $1,500",08/29/2023 06:05:00 PM,EQUIPMENT - VEHICLE CONDITION,NOT APPLICABLE,3103,S,KEDZIE AVE,1033,3,NO INDICATION OF INJURY,0,0,0,0,0,15,0,18,3,8,41.837081626,-87.704672199,POINT (-87.704672199028 41.837081625957)
30,TRAFFIC SIGNAL,FUNCTIONING PROPERLY,CLEAR,DAYLIGHT,REAR END,DIVIDED - W/MEDIAN (NOT RAISED),STRAIGHT AND LEVEL,DRY,NO DEFECTS,NOT ON SCENE (DESK REPORT),NO INJURY / DRIVE AWAY,,,"$501 - $1,500",08/29/2023 11:25:00 AM,UNABLE TO DETERMINE,UNABLE TO DETERMINE,3547,N,LINCOLN AVE,1922,2,NO INDICATION OF INJURY,0,0,0,0,0,2,0,11,3,8,41.946506756,-87.673270312,POINT (-87.673270312024 41.946506755973)