POSTED_SPEED_LIMIT,TRAFFIC_CONTROL_DEVICE,DEVICE_CONDITION,WEATHER_CONDITION,LIGHTING_CONDITION,FIRST_CRASH_TYPE,TRAFFICWAY_TYPE,ALIGNMENT,ROADWAY_SURFACE_COND,ROAD_DEFECT,REPORT_TYPE,CRASH_TYPE,INTERSECTION_RELATED_I,HIT_AND_RUN_I,DAMAGE,DATE_POLICE_NOTIFIED,PRIM_CONTRIBUTORY_CAUSE,SEC_CONTRIBUTORY_CAUSE,STREET_NO,STREET_DIRECTION,STREET_NAME,BEAT_OF_OCCURRENCE,NUM_UNITS,MOST_SEVERE_INJURY,INJURIES_TOTAL,INJURIES_FATAL,INJURIES_INCAPACITATING,INJURIES_NON_INCAPACITATING,INJURIES_REPORTED_NOT_EVIDENT,INJURIES_NO_INDICATION,INJURIES_UNKNOWN,CRASH_HOUR,CRASH_DAY_OF_WEEK,CRASH_MONTH,LATITUDE,LONGITUDE,LOCATION
30,STOP SIGN/FLASHER,FUNCTIONING PROPERLY,CLEAR,DAYLIGHT,TURNING,DIVIDED - W/MEDIAN (NOT RAISED),STRAIGHT AND LEVEL,DRY,NO DEFECTS,NOT ON SCENE (DESK REPORT),NO INJURY / DRIVE AWAY,,,"OVER $1,500",08/23/2023 10:10:00 AM,UNABLE TO DETERMINE,UNABLE TO DETERMINE,6002,N,CICERO AVE,1621,2,NO INDICATION OF INJURY,0,0,0,0,0,3,0,9,4,8,41.99002598,-87.748472978,POINT (-87.74847297795 41.990025979963)
15,NO CONTROLS,NO CONTROLS,CLEAR,DAYLIGHT,OTHER OBJECT,PARKING LOT,STRAIGHT AND LEVEL,DRY,NO DEFECTS,ON SCENE,NO INJURY / DRIVE AWAY,,,"OVER $1,500",08/09/2023 07:35:00 AM,IMPROPER BACKING,NOT APPLICABLE,524,W,OHARE ST,1654,1,NO INDICATION OF INJURY,0,0,0,0,0,1,0,7,4,8,,,
25,NO CONTROLS,NO CONTROLS,CLOUDY/OVERCAST,DAYLIGHT,ANGLE,NOT DIVIDED,STRAIGHT AND LEVEL,WET,UNKNOWN,ON SCENE,NO INJURY / DRIVE AWAY,,,$500 OR LESS,09/16/2023 03:05:00 PM,UNABLE TO DETERMINE,UNABLE TO DETERMINE,517,W,OHARE ST,1654,2,NO INDICATION OF INJURY,0,0,0,0,0,2,0,14,7,9,,,
10,OTHER,FUNCTIONING PROPERLY,CLEAR,"DARKNESS, LIGHTED ROAD",FIXED OBJECT,PARKING LOT,STRAIGHT ON GRADE,DRY,UNKNOWN,ON SCENE,NO INJURY / DRIVE AWAY,,,$500 OR LESS,08/09/2023 11:20:00 PM,UNABLE TO DETERMINE,NOT APPLICABLE,830,W,OHARE ST,1654,1,NO INDICATION OF INJURY,0,0,0,0,0,1,0,22,4,8,,,
30,TRAFFIC SIGNAL,FUNCTIONING PROPERLY,CLEAR,DAYLIGHT,SIDESWIPE SAME DIRECTION,FOUR WAY,STRAIGHT AND LEVEL,DRY,NO DEFECTS,NOT ON SCENE (DESK REPORT),NO INJURY / DRIVE AWAY,,,"OVER $1,500",08/09/2023 09:00:00 PM,DRIVING SKILLS/KNOWLEDGE/EXPERIENCE,NOT APPLICABLE,645,N,MICHIGAN AVE,1834,2,NO INDICATION OF INJURY,0,0,0,0,0,2,0,16,4,8,41.893918609,-87.624085833,POINT (-87.624085832985 41.893918609004)
30,NO CONTROLS,NO CONTROLS,CLEAR,"DARKNESS, LIGHTED ROAD",SIDESWIPE SAME DIRECTION,NOT DIVIDED,STRAIGHT AND LEVEL,DRY,NO DEFECTS,ON SCENE,NO INJURY / DRIVE AWAY,,,"OVER $1,500",08/09/2023 11:40:00 PM,FAILING TO YIELD RIGHT-OF-WAY,NOT APPLICABLE,10020,W,BALMORAL AVE,1650,2,NO INDICATION OF INJURY,0,0,0,0,0,2,0,23,4,8,,,
35,TRAFFIC SIGNAL,FUNCTIONING PROPERLY,CLEAR,"DARKNESS, LIGHTED ROAD",ANGLE,FOUR WAY,STRAIGHT AND LEVEL,DRY,NO DEFECTS,ON SCENE,NO INJURY / DRIVE AWAY,Y,Y,"OVER $1,500",09/29/2023 07:19:00 PM,DISREGARDING TRAFFIC SIGNALS,NOT APPLICABLE,8300,S,STONY ISLAND AVE,412,2,NO INDICATION OF INJURY,0,0,0,0,0,4,0,19,6,9,41.744151639,-87.585945067,POINT (-87.585945066953 41.744151639042)
35,NO CONTROLS,NO CONTROLS,CLEAR,DAYLIGHT,SIDESWIPE SAME DIRECTION,ONE-WAY,"CURVE, LEVEL",DRY,UNKNOWN,,NO INJURY / DRIVE AWAY,,Y,"OVER $1,500",08/27/2023 06:37:00 PM,FAILING TO YIELD RIGHT-OF-WAY,NOT APPLICABLE,3,W,TERMINAL ST,1653,2,NO INDICATION OF INJURY,0,0,0,0,0,2,0,18,1,8,,,
30,NO CONTROLS,NO CONTROLS,CLEAR,"DARKNESS, LIGHTED ROAD",SIDESWIPE SAME DIRECTION,NOT DIVIDED,STRAIGHT AND LEVEL,DRY,NO DEFECTS,NOT ON SCENE (DESK REPORT),NO INJURY / DRIVE AWAY,,Y,"OVER $1,500",08/09/2023 11:00:00 PM,IMPROPER OVERTAKING/PASSING,DRIVING ON WRONG SIDE/WRONG WAY,1105,W,FOSTER AVE,2033,2,NO INDICATION OF INJURY,0,0,0,0,0,3,0,22,4,8,41.976239078,-87.658076766,POINT (-87.658076765981 41.976239078013)
20,NO CONTROLS,NO CONTROLS,CLEAR,"DARKNESS, LIGHTED ROAD",SIDESWIPE SAME DIRECTION,OTHER,STRAIGHT AND LEVEL,DRY,SHOULDER DEFECT,ON SCENE,NO INJURY / DRIVE AWAY,,,$500 OR LESS,09/12/2023 10:05:00 PM,IMPROPER LANE USAGE,NOT APPLICABLE,2,W,TERMINAL ST,1652,2,NO INDICATION OF INJURY,0,0,0,0,0,2,0,22,3,9,,,
10,NO CONTROLS,NO CONTROLS,CLEAR,DAYLIGHT,SIDESWIPE SAME DIRECTION,OTHER,STRAIGHT AND LEVEL,UNKNOWN,UNKNOWN,NOT ON SCENE (DESK REPORT),NO INJURY / DRIVE AWAY,,,"$501 - $1,500",08/09/2023 06:55:00 PM,UNABLE TO DETERMINE,NOT APPLICABLE,9955,S,WESTERN AVE,2213,2,NO INDICATION OF INJURY,0,0,0,0,0,2,0,18,4,8,41.712072677,-87.681644152,POINT (-87.68164415196 41.71207267704)
20,NO CONTROLS,NO CONTROLS,CLEAR,DAYLIGHT,REAR TO SIDE,PARKING LOT,STRAIGHT AND LEVEL,DRY,NO DEFECTS,ON SCENE,NO INJURY / DRIVE AWAY,,,"$501 - $1,500",05/15/2023 03:10:00 PM,NOT APPLICABLE,NOT APPLICABLE,1,W,PARKING LOT E ST,1654,2,NO INDICATION OF INJURY,0,0,0,0,0,2,0,14,2,5,,,
30,NO CONTROLS,NO CONTROLS,CLEAR,"DARKNESS, LIGHTED ROAD",FIXED OBJECT,DIVIDED - W/MEDIAN BARRIER,STRAIGHT AND LEVEL,DRY,NO DEFECTS,ON SCENE,INJURY AND / OR TOW DUE TO CRASH,,,"OVER $1,500",10/01/2023 02:28:00 AM,UNABLE TO DETERMINE,IMPROPER TURNING/NO SIGNAL,3853,N,CUMBERLAND AVE,1631,1,NO INDICATION OF INJURY,0,0,0,0,0,1,0,2,1,10,41.949962639,-87.836467874,POINT (-87.836467874042 41.949962639011)
30,TRAFFIC SIGNAL,UNKNOWN,CLEAR,DAYLIGHT,TURNING,ONE-WAY,STRAIGHT AND LEVEL,UNKNOWN,OTHER,NOT ON SCENE (DESK REPORT),NO INJURY / DRIVE AWAY,Y,,"$501 - $1,500",09/12/2023 06:00:00 PM,FOLLOWING TOO CLOSELY,FAILING TO YIELD RIGHT-OF-WAY,1358,W,TAYLOR ST,1231,2,NO INDICATION OF INJURY,0,0,0,0,0,3,0,17,3,9,41.869450387,-87.661567854,POINT (-87.66156785402 41.869450387007)
30,STOP SIGN/FLASHER,FUNCTIONING PROPERLY,CLEAR,DAYLIGHT,ANGLE,OTHER,STRAIGHT AND LEVEL,DRY,NO DEFECTS,NOT ON SCENE (DESK REPORT),NO INJURY / DRIVE AWAY,,,"OVER $1,500",09/13/2023 06:20:00 PM,UNABLE TO DETERMINE,NOT APPLICABLE,6899,W,TALCOTT AVE,1613,2,NO INDICATION OF INJURY,0,0,0,0,0,2,0,17,4,9,,,
20,NO CONTROLS,NO CONTROLS,RAIN,DAYLIGHT,REAR END,NOT DIVIDED,STRAIGHT AND LEVEL,WET,NO DEFECTS,ON SCENE,NO INJURY / DRIVE AWAY,,,"OVER $1,500",09/11/2023 04:02:00 PM,FOLLOWING TOO CLOSELY,NOT APPLICABLE,8147,S,VINCENNES AVE,622,2,NO INDICATION OF INJURY,0,0,0,0,0,2,0,16,2,9,41.74579217,-87.635369997,POINT (-87.63536999702 41.745792169991)
15,NO CONTROLS,NO CONTROLS,CLEAR,DAYLIGHT,PARKED MOTOR VEHICLE,RAMP,STRAIGHT AND LEVEL,DRY,NO DEFECTS,ON SCENE,NO INJURY / DRIVE AWAY,,,"OVER $1,500",10/08/2021 10:10:00 AM,IMPROPER BACKING,NOT APPLICABLE,893,W,OHARE ST,1654,2,NO INDICATION OF INJURY,0,0,0,0,0,1,0,10,6,10,,,
30,NO CONTROLS,NO CONTROLS,CLEAR,DAYLIGHT,PARKED MOTOR VEHICLE,NOT DIVIDED,STRAIGHT AND LEVEL,DRY,NO DEFECTS,NOT ON SCENE (DESK REPORT),NO INJURY / DRIVE AWAY,,Y,"OVER $1,500",10/01/2023 01:00:00 PM,UNABLE TO DETERMINE,UNABLE TO DETERMINE,431,N,CAMPBELL AVE,1221,2,NO INDICATION OF INJURY,0,0,0,0,0,1,0,10,1,10,,,
30,TRAFFIC SIGNAL,FUNCTIONING PROPERLY,CLEAR,DAYLIGHT,REAR END,NOT DIVIDED,STRAIGHT AND LEVEL,DRY,NO DEFECTS,NOT ON SCENE (DESK REPORT),NO INJURY / DRIVE AWAY,,,"$501 - $1,500",10/01/2023 10:00:00 AM,UNABLE TO DETERMINE,UNABLE TO DETERMINE,43,S,PULASKI RD,1122,2,NO INDICATION OF INJURY,0,0,0,0,0,2,0,17,7,4,41.879813058,-87.725492182,POINT (-87.725492182032 41.879813057952)
30,NO CONTROLS,NO CONTROLS,CLEAR,DAYLIGHT,SIDESWIPE SAME DIRECTION,NOT DIVIDED,STRAIGHT AND LEVEL,DRY,NO DEFECTS,NOT ON SCENE (DESK REPORT),NO INJURY / DRIVE AWAY,,,"$501 - $1,500",09/13/2023 03:45:00 PM,IMPROPER OVERTAKING/PASSING,NOT APPLICABLE,3400,W,79TH ST,835,2,NO INDICATION OF INJURY,0,0,0,0,0,2,0,15,4,9,41.749903242,-87.707348392,POINT (-87.707348392008 41.749903241984)
25,NO CONTROLS,NO CONTROLS,CLEAR,DAYLIGHT,SIDESWIPE SAME DIRECTION,ONE-WAY,STRAIGHT AND LEVEL,DRY,NO DEFECTS,ON SCENE,NO INJURY / DRIVE AWAY,,,"OVER $1,500",08/24/2023 08:00:00 AM,FAILING TO YIELD RIGHT-OF-WAY,DISTRACTION - FROM INSIDE VEHICLE,1,W,TERMINAL ST,1651,2,NO INDICATION OF INJURY,0,0,0,0,0,2,0,7,5,8,,,
25,NO CONTROLS,NO CONTROLS,CLEAR,DAYLIGHT,PARKED MOTOR VEHICLE,ONE-WAY,STRAIGHT AND LEVEL,DRY,UNKNOWN,ON SCENE,NO INJURY / DRIVE AWAY,,,"OVER $1,500",08/30/2023 04:00:00 PM,UNABLE TO DETERMINE,NOT APPLICABLE,412,W,OHARE ST,1654,2,NO INDICATION OF INJURY,0,0,0,0,0,1,0,15,4,8,,,
15,STOP SIGN/FLASHER,FUNCTIONING PROPERLY,RAIN,DAYLIGHT,FIXED OBJECT,PARKING LOT,STRAIGHT AND LEVEL,WET,NO DEFECTS,ON SCENE,NO INJURY / DRIVE AWAY,,,"OVER $1,500",09/17/2023 12:40:00 PM,FAILING TO YIELD RIGHT-OF-WAY,NOT APPLICABLE,1,W,PARKING LOT E SEC G ST,1654,1,NO INDICATION OF INJURY,0,0,0,0,0,1,0,12,1,9,,,
30,NO CONTROLS,NO CONTROLS,CLEAR,DAYLIGHT,REAR END,NOT DIVIDED,STRAIGHT AND LEVEL,DRY,NO DEFECTS,NOT ON SCENE (DESK REPORT),NO INJURY / DRIVE AWAY,,,"$501 - $1,500",08/30/2023 08:50:00 AM,FAILING TO YIELD RIGHT-OF-WAY,NOT APPLICABLE,5109,W,FULLERTON AVE,2522,2,NO INDICATION OF INJURY,0,0,0,0,0,2,0,8,4,8,41.924025937,-87.754108923,POINT (-87.754108923036 41.924025936998)
30,NO CONTROLS,NO CONTROLS,CLEAR,DAYLIGHT,FIXED OBJECT,DIVIDED - W/MEDIAN BARRIER,STRAIGHT AND LEVEL,DRY,NO DEFECTS,ON SCENE,NO INJURY / DRIVE AWAY,,,"OVER $1,500",06/16/2023 11:54:00 AM,UNABLE TO DETERMINE,UNABLE TO DETERMINE,6398,N,KOLMAR AVE,1711,1,NO INDICATION OF INJURY,0,0,0,0,0,1,0,11,6,6,,,
30,UNKNOWN,UNKNOWN,UNKNOWN,DAYLIGHT,REAR END,NOT DIVIDED,STRAIGHT AND LEVEL,UNKNOWN,UNKNOWN,NOT ON SCENE (DESK REPORT),NO INJURY / DRIVE AWAY,,Y,"$501 - $1,500",08/24/2023 07:50:00 AM,UNABLE TO DETERMINE,NOT APPLICABLE,8501,S,WESTERN AVE,614,2,NO INDICATION OF INJURY,0,0,0,0,0,2,0,10,4,8,41.739127507,-87.682448844,POINT (-87.682448843983 41.739127507001)
30,TRAFFIC SIGNAL,FUNCTIONING PROPERLY,CLEAR,DAYLIGHT,REAR END,NOT DIVIDED,STRAIGHT AND LEVEL,DRY,NO DEFECTS,NOT ON SCENE (DESK REPORT),NO INJURY / DRIVE AWAY,,,"OVER $1,500",08/24/2023 08:55:00 AM,UNABLE TO DETERMINE,UNABLE TO DETERMINE,1840,S,SACRAMENTO DR,1022,2,NO INDICATION OF INJURY,0,0,0,0,0,2,0,8,5,8,41.856350127,-87.700512364,POINT (-87.700512364023 41.856350126966)
30,NO CONTROLS,NO CONTROLS,CLEAR,DAYLIGHT,SIDESWIPE SAME DIRECTION,ONE-WAY,STRAIGHT AND LEVEL,DRY,UNKNOWN,ON SCENE,NO INJURY / DRIVE AWAY,,,"OVER $1,500",08/24/2023 05:10:00 PM,UNABLE TO DETERMINE,NOT APPLICABLE,5,W,TERMINAL ST,1655,2,NO INDICATION OF INJURY,0,0,0,0,0,2,0,17,5,8,,,
30,TRAFFIC SIGNAL,FUNCTIONING PROPERLY,CLEAR,DAYLIGHT,FIXED OBJECT,DIVIDED - W/MEDIAN (NOT RAISED),STRAIGHT AND LEVEL,DRY,NO DEFECTS,ON SCENE,NO INJURY / DRIVE AWAY,,,"OVER $1,500",08/24/2023 07:10:00 PM,NOT APPLICABLE,NOT APPLICABLE,4032,W,IRVING PARK RD,1722,1,NO INDICATION OF INJURY,0,0,0,0,0,1,0,19,5,8,41.953750194,-87.728489892,POINT (-87.728489892005 41.953750193958)
30,NO CONTROLS,NO CONTROLS,CLEAR,DAYLIGHT,REAR END,DIVIDED - W/MEDIAN BARRIER,STRAIGHT AND LEVEL,DRY,NO DEFECTS,ON SCENE,NO INJURY / DRIVE AWAY,,,"OVER $1,500",09/17/2023 04:35:00 PM,UNABLE TO DETERMINE,UNABLE TO DETERMINE,71,N,BESSIE COLEMAN DR,1654,2,NO INDICATION OF INJURY,0,0,0,0,0,2,0,16,1,9,,,
15,NO CONTROLS,NO CONTROLS,CLEAR,DAYLIGHT,SIDESWIPE SAME DIRECTION,PARKING LOT,STRAIGHT AND LEVEL,DRY,NO DEFECTS,ON SCENE,NO INJURY / DRIVE AWAY,,,"OVER $1,500",09/12/2023 07:30:00 AM,UNABLE TO DETERMINE,NOT APPLICABLE,600,W,OHARE ST,1654,2,NO INDICATION OF INJURY,0,0,0,0,0,2,0,7,3,9,,,
30,TRAFFIC SIGNAL,UNKNOWN,CLEAR,"DARKNESS, LIGHTED ROAD",PEDESTRIAN,NOT REPORTED,STRAIGHT AND LEVEL,DRY,UNKNOWN,ON SCENE,INJURY AND / OR TOW DUE TO CRASH,,Y,$500 OR LESS,08/10/2023 02:04:00 AM,UNABLE TO DETERMINE,UNABLE TO DETERMINE,474,N,LOWER LAKE SHORE DR,1834,2,NONINCAPACITATING INJURY,1,0,0,1,0,1,0,2,5,8,,,
30,TRAFFIC SIGNAL,FUNCTIONING PROPERLY,CLEAR,DAYLIGHT,PEDESTRIAN,NOT DIVIDED,STRAIGHT AND LEVEL,UNKNOWN,NO DEFECTS,NOT ON SCENE (DESK REPORT),INJURY AND / OR TOW DUE TO CRASH,,Y,"OVER $1,500",08/10/2023 04:55:00 PM,DISREGARDING TRAFFIC SIGNALS,DISREGARDING TRAFFIC SIGNALS,8462,S,KERFOOT AVE,622,3,NONINCAPACITATING INJURY,2,0,0,1,1,1,0,15,5,8,,,
50,NO CONTROLS,NO CONTROLS,CLEAR,DAYLIGHT,REAR END,ONE-WAY,STRAIGHT AND LEVEL,DRY,NO DEFECTS,ON SCENE,NO INJURY / DRIVE AWAY,,,"OVER $1,500",08/10/2023 10:31:00 AM,FOLLOWING TOO CLOSELY,FAILING TO REDUCE SPEED TO AVOID CRASH,9759,W,KENNEDY EXPY IB,1654,2,NO INDICATION OF INJURY,0,0,0,0,0,4,0,10,5,8,,,
10,NO CONTROLS,NO CONTROLS,CLOUDY/OVERCAST,DAYLIGHT,PARKED MOTOR VEHICLE,PARKING LOT,STRAIGHT AND LEVEL,DRY,NO DEFECTS,ON SCENE,NO INJURY / DRIVE AWAY,,Y,$500 OR LESS,07/05/2019 06:03:00 PM,UNABLE TO DETERMINE,NOT APPLICABLE,1,W,PARKING LOT B ST,1654,2,,,,,,,,,18,6,7,,,
25,NO CONTROLS,UNKNOWN,CLEAR,DAYLIGHT,REAR END,NOT DIVIDED,STRAIGHT AND LEVEL,DRY,NO DEFECTS,ON SCENE,INJURY AND / OR TOW DUE TO CRASH,,,"OVER $1,500",10/01/2023 12:06:00 PM,DRIVING SKILLS/KNOWLEDGE/EXPERIENCE,FOLLOWING TOO CLOSELY,110,E,79TH ST,623,2,NO INDICATION OF INJURY,0,0,0,0,0,2,0,11,1,10,41.751124945,-87.620853242,POINT (-87.620853241961 41.751124944981)
35,NO CONTROLS,NO CONTROLS,CLEAR,DAYLIGHT,TURNING,NOT DIVIDED,STRAIGHT AND LEVEL,DRY,NO DEFECTS,ON SCENE,INJURY AND / OR TOW DUE TO CRASH,Y,,"OVER $1,500",08/10/2023 07:46:00 AM,NOT APPLICABLE,NOT APPLICABLE,1750,E,130TH ST,434,2,NO INDICATION OF INJURY,0,0,0,0,0,5,0,7,5,8,41.659687315,-87.583621707,POINT (-87.583621706984 41.659687315045)
15,NO CONTROLS,NO CONTROLS,CLEAR,UNKNOWN,PARKED MOTOR VEHICLE,PARKING LOT,STRAIGHT AND LEVEL,UNKNOWN,UNKNOWN,NOT ON SCENE (DESK REPORT),NO INJURY / DRIVE AWAY,,Y,"OVER $1,500",09/13/2023 10:00:00 PM,FAILING TO REDUCE SPEED TO AVOID CRASH,UNABLE TO DETERMINE,10000,W,BALMORAL AVE,1650,2,NO INDICATION OF INJURY,0,0,0,0,0,1,0,15,3,9,,,
15,STOP SIGN/FLASHER,UNKNOWN,CLEAR,"DARKNESS, LIGHTED ROAD",FIXED OBJECT,OTHER,"CURVE, LEVEL",DRY,NO DEFECTS,ON SCENE,INJURY AND / OR TOW DUE TO CRASH,,,"OVER $1,500",09/14/2023 08:41:00 PM,UNABLE TO DETERMINE,NOT APPLICABLE,173,N,BESSIE COLEMAN DR,1654,1,NO INDICATION OF INJURY,0,0,0,0,0,1,0,20,5,9,,,
30,TRAFFIC SIGNAL,FUNCTIONING PROPERLY,CLEAR,DAYLIGHT,PARKED MOTOR VEHICLE,FOUR WAY,STRAIGHT AND LEVEL,DRY,NO DEFECTS,ON SCENE,NO INJURY / DRIVE AWAY,Y,Y,"OVER $1,500",09/24/2023 08:09:00 PM,UNABLE TO DETERMINE,UNABLE TO DETERMINE,955,N,LEAVITT ST,1212,3,NO INDICATION OF INJURY,0,0,0,0,0,1,0,19,1,9,41.89929679,-87.681895037,POINT (-87.681895036995 41.899296790025)
5,OTHER,NO CONTROLS,CLEAR,DAYLIGHT,REAR END,ONE-WAY,STRAIGHT AND LEVEL,DRY,NO DEFECTS,NOT ON SCENE (DESK REPORT),NO INJURY / DRIVE AWAY,,,"OVER $1,500",08/25/2023 03:30:00 PM,UNABLE TO DETERMINE,UNABLE TO DETERMINE,8801,S,CHICAGO SKYWAY IB,423,2,NO INDICATION OF INJURY,0,0,0,0,0,6,0,15,6,8,,,
55,NO CONTROLS,NO CONTROLS,CLEAR,DAYLIGHT,SIDESWIPE SAME DIRECTION,DIVIDED - W/MEDIAN BARRIER,STRAIGHT AND LEVEL,DRY,NO DEFECTS,NOT ON SCENE (DESK REPORT),INJURY AND / OR TOW DUE TO CRASH,,,"OVER $1,500",08/31/2023 04:02:00 PM,UNABLE TO DETERMINE,UNABLE TO DETERMINE,4900,S,DAN RYAN LOCAL OB,935,2,INCAPACITATING INJURY,1,0,1,0,0,2,0,16,5,8,,,
15,NO CONTROLS,NO CONTROLS,CLEAR,DAYLIGHT,REAR END,OTHER,STRAIGHT AND LEVEL,DRY,UNKNOWN,ON SCENE,INJURY AND / OR TOW DUE TO CRASH,,,"OVER $1,500",09/18/2023 06:25:00 AM,UNABLE TO DETERMINE,NOT APPLICABLE,1,W,TERMINAL ST,1651,3,NONINCAPACITATING INJURY,1,0,0,1,0,2,0,6,2,9,,,
30,TRAFFIC SIGNAL,FUNCTIONING PROPERLY,CLEAR,DAYLIGHT,SIDESWIPE SAME DIRECTION,NOT DIVIDED,STRAIGHT AND LEVEL,DRY,NO DEFECTS,ON SCENE,NO INJURY / DRIVE AWAY,,,"OVER $1,500",08/31/2023 03:25:00 PM,IMPROPER OVERTAKING/PASSING,NOT APPLICABLE,5201,W,55TH ST,813,2,NO INDICATION OF INJURY,0,0,0,0,0,2,0,15,5,8,41.792777244,-87.752567029,POINT (-87.752567029034 41.792777243971)
15,NO CONTROLS,NO CONTROLS,UNKNOWN,DARKNESS,PARKED MOTOR VEHICLE,ONE-WAY,STRAIGHT AND LEVEL,UNKNOWN,UNKNOWN,NOT ON SCENE (DESK REPORT),NO INJURY / DRIVE AWAY,,Y,"OVER $1,500",09/06/2023 03:00:00 PM,UNABLE TO DETERMINE,UNABLE TO DETERMINE,8600,S,WALLACE ST,622,2,NO INDICATION OF INJURY,0,0,0,0,0,1,0,15,5,8,41.737779404,-87.63894634,POINT (-87.638946339975 41.737779404014)
10,NO CONTROLS,NO CONTROLS,CLEAR,DAYLIGHT,PARKED MOTOR VEHICLE,OTHER,STRAIGHT AND LEVEL,DRY,NO DEFECTS,ON SCENE,NO INJURY / DRIVE AWAY,,,"$501 - $1,500",08/14/2023 04:13:00 PM,IMPROPER BACKING,NOT APPLICABLE,618,W,OHARE ST,1654,2,NO INDICATION OF INJURY,0,0,0,0,0,1,0,16,2,8,,,
35,TRAFFIC SIGNAL,FUNCTIONING PROPERLY,CLEAR,DUSK,TURNING,DIVIDED - W/MEDIAN (NOT RAISED),STRAIGHT AND LEVEL,UNKNOWN,UNKNOWN,NOT ON SCENE (DESK REPORT),NO INJURY / DRIVE AWAY,Y,,"OVER $1,500",08/31/2023 08:20:00 PM,UNABLE TO DETERMINE,NOT APPLICABLE,3441,W,GRAND AVE,1121,2,NO INDICATION OF INJURY,0,0,0,0,0,2,0,18,5,8,41.90052616,-87.712682588,POINT (-87.712682587959 41.900526159988)
30,NO CONTROLS,NO CONTROLS,CLEAR,DAYLIGHT,ANGLE,NOT DIVIDED,STRAIGHT AND LEVEL,DRY,UNKNOWN,ON SCENE,INJURY AND / OR TOW DUE TO CRASH,,Y,"OVER $1,500",08/31/2023 11:26:00 AM,UNABLE TO DETERMINE,NOT APPLICABLE,913,E,MARQUETTE RD,321,2,NO INDICATION OF INJURY,0,0,0,0,0,2,0,11,5,8,41.774883309,-87.602803895,POINT (-87.602803894985 41.774883308998)
30,TRAFFIC SIGNAL,FUNCTIONING IMPROPERLY,UNKNOWN,DAYLIGHT,SIDESWIPE SAME DIRECTION,NOT DIVIDED,STRAIGHT AND LEVEL,UNKNOWN,NO DEFECTS,NOT ON SCENE (DESK REPORT),NO INJURY / DRIVE AWAY,Y,Y,"OVER $1,500",08/25/2023 09:20:00 AM,UNABLE TO DETERMINE,NOT APPLICABLE,501,S,SACRAMENTO BLVD,1135,2,NO INDICATION OF INJURY,0,0,0,0,0,3,0,15,4,8,,,
25,TRAFFIC SIGNAL,FUNCTIONING PROPERLY,RAIN,DAYLIGHT,TURNING,NOT DIVIDED,STRAIGHT AND LEVEL,WET,NO DEFECTS,ON SCENE,INJURY AND / OR TOW DUE TO CRASH,N,,"OVER $1,500",08/11/2023 09:42:00 AM,FAILING TO REDUCE SPEED TO AVOID CRASH,WEATHER,801,S,AUSTIN BLVD,1513,2,NO INDICATION OF INJURY,0,0,0,0,0,5,0,9,6,8,,,
30,NO CONTROLS,NO CONTROLS,CLEAR,DAYLIGHT,PEDESTRIAN,DIVIDED - W/MEDIAN (NOT RAISED),STRAIGHT AND LEVEL,DRY,NO DEFECTS,ON SCENE,INJURY AND / OR TOW DUE TO CRASH,,,"OVER $1,500",08/11/2023 04:13:00 PM,FAILING TO YIELD RIGHT-OF-WAY,UNABLE TO DETERMINE,2829,N,CENTRAL PARK AVE,1412,2,NONINCAPACITATING INJURY,1,0,0,1,0,1,0,16,6,8,41.93278426,-87.717065542,POINT (-87.717065542004 41.93278425995)
30,TRAFFIC SIGNAL,FUNCTIONING PROPERLY,RAIN,DAYLIGHT,TURNING,FOUR WAY,STRAIGHT AND LEVEL,WET,NO DEFECTS,NOT ON SCENE (DESK REPORT),INJURY AND / OR TOW DUE TO CRASH,Y,N,"OVER $1,500",08/11/2023 09:52:00 AM,IMPROPER TURNING/NO SIGNAL,NOT APPLICABLE,8301,S,CICERO AVE,834,3,NO INDICATION OF INJURY,0,0,0,0,0,3,0,9,6,8,41.741803599,-87.740953582,POINT (-87.740953581987 41.741803598989)
30,NO CONTROLS,NO CONTROLS,SNOW,DAYLIGHT,REAR END,NOT DIVIDED,STRAIGHT AND LEVEL,WET,NO DEFECTS,,NO INJURY / DRIVE AWAY,,,"OVER $1,500",11/26/2023 12:05:00 PM,UNABLE TO DETERMINE,NOT APPLICABLE,10000,W,BALMORAL AVE,1650,2,NO INDICATION OF INJURY,0,0,0,0,0,2,0,9,1,11,,,
30,OTHER,OTHER,CLEAR,DAYLIGHT,ANGLE,DRIVEWAY,STRAIGHT AND LEVEL,DRY,NO DEFECTS,NOT ON SCENE (DESK REPORT),NO INJURY / DRIVE AWAY,,,"OVER $1,500",08/11/2023 12:45:00 PM,DRIVING SKILLS/KNOWLEDGE/EXPERIENCE,DRIVING SKILLS/KNOWLEDGE/EXPERIENCE,5133,W,IRVING PARK RD,1634,2,NO INDICATION OF INJURY,0,0,0,0,0,2,0,11,6,8,41.953203301,-87.756048735,POINT (-87.756048735038 41.953203300975)
30,NO CONTROLS,NO CONTROLS,CLEAR,"DARKNESS, LIGHTED ROAD",TURNING,ONE-WAY,STRAIGHT AND LEVEL,DRY,NO DEFECTS,NOT ON SCENE (DESK REPORT),NO INJURY / DRIVE AWAY,,,"OVER $1,500",09/15/2023 10:00:00 PM,IMPROPER TURNING/NO SIGNAL,IMPROPER OVERTAKING/PASSING,2,E,RANDOLPH ST,111,2,NO INDICATION OF INJURY,0,0,0,0,0,3,0,21,6,9,41.884600962,-87.627828521,POINT (-87.627828520965 41.884600961961)