POSTED_SPEED_LIMIT,TRAFFIC_CONTROL_DEVICE,DEVICE_CONDITION,WEATHER_CONDITION,LIGHTING_CONDITION,FIRST_CRASH_TYPE,TRAFFICWAY_TYPE,ALIGNMENT,ROADWAY_SURFACE_COND,ROAD_DEFECT,REPORT_TYPE,CRASH_TYPE,INTERSECTION_RELATED_I,HIT_AND_RUN_I,DAMAGE,DATE_POLICE_NOTIFIED,PRIM_CONTRIBUTORY_CAUSE,SEC_CONTRIBUTORY_CAUSE,STREET_NO,STREET_DIRECTION,STREET_NAME,BEAT_OF_OCCURRENCE,NUM_UNITS,MOST_SEVERE_INJURY,INJURIES_TOTAL,INJURIES_FATAL,INJURIES_INCAPACITATING,INJURIES_NON_INCAPACITATING,INJURIES_REPORTED_NOT_EVIDENT,INJURIES_NO_INDICATION,INJURIES_UNKNOWN,CRASH_HOUR,CRASH_DAY_OF_WEEK,CRASH_MONTH,LATITUDE,LONGITUDE,LOCATION
30,NO CONTROLS,NO CONTROLS,CLEAR,"DARKNESS, LIGHTED ROAD",SIDESWIPE SAME DIRECTION,ONE-WAY,STRAIGHT AND LEVEL,DRY,NO DEFECTS,ON SCENE,NO INJURY / DRIVE AWAY,,,"OVER $1,500",09/16/2023 04:30:00 AM,UNABLE TO DETERMINE,UNABLE TO DETERMINE,3,W,TERMINAL ST,1653,2,NO INDICATION OF INJURY,0,0,0,0,0,3,0,4,7,9,,,
30,NO CONTROLS,NO CONTROLS,CLEAR,DAYLIGHT,SIDESWIPE SAME DIRECTION,ONE-WAY,STRAIGHT AND LEVEL,DRY,UNKNOWN,ON SCENE,INJURY AND / OR TOW DUE TO CRASH,,,"OVER $1,500",09/04/2023 05:44:00 PM,UNABLE TO DETERMINE,NOT APPLICABLE,1,W,TERMINAL ST,1651,2,"REPORTED, NOT EVIDENT",2,0,0,0,2,1,0,16,2,9,,,
20,NO CONTROLS,NO CONTROLS,CLEAR,DAYLIGHT,PARKED MOTOR VEHICLE,ONE-WAY,STRAIGHT AND LEVEL,DRY,NO DEFECTS,NOT ON SCENE (DESK REPORT),NO INJURY / DRIVE AWAY,,,"OVER $1,500",09/04/2023 04:30:00 PM,UNABLE TO DETERMINE,NOT APPLICABLE,3201,W,BALMORAL AVE,1712,2,NO INDICATION OF INJURY,0,0,0,0,0,2,0,15,2,9,41.979313485,-87.70882789,POINT (-87.708827889998 41.979313484974)
30,NO CONTROLS,NO CONTROLS,CLEAR,DAYLIGHT,REAR END,NOT DIVIDED,STRAIGHT AND LEVEL,DRY,NO DEFECTS,NOT ON SCENE (DESK REPORT),NO INJURY / DRIVE AWAY,,,"$501 - $1,500",09/19/2023 09:00:00 AM,FOLLOWING TOO CLOSELY,NOT APPLICABLE,2802,N,KIMBALL AVE,1412,2,NO INDICATION OF INJURY,0,0,0,0,0,2,0,7,3,9,,,
10,NO CONTROLS,NO CONTROLS,CLEAR,"DARKNESS, LIGHTED ROAD",REAR TO FRONT,PARKING LOT,STRAIGHT AND LEVEL,DRY,NO DEFECTS,NOT ON SCENE (DESK REPORT),NO INJURY / DRIVE AWAY,,,"OVER $1,500",09/04/2023 02:25:00 AM,IMPROPER BACKING,UNABLE TO DETERMINE,1951,N,WESTERN AVE,1434,2,NO INDICATION OF INJURY,0,0,0,0,0,2,0,2,2,9,41.917103631,-87.687248767,POINT (-87.687248767006 41.917103631009)
30,NO CONTROLS,NO CONTROLS,CLEAR,DAYLIGHT,SIDESWIPE SAME DIRECTION,ONE-WAY,STRAIGHT AND LEVEL,DRY,NO DEFECTS,ON SCENE,NO INJURY / DRIVE AWAY,,,"OVER $1,500",08/29/2023 04:44:00 PM,FAILING TO YIELD RIGHT-OF-WAY,NOT APPLICABLE,137,S,LAVERGNE AVE,1533,2,NO INDICATION OF INJURY,0,0,0,0,0,4,0,16,3,8,41.878593174,-87.74920381,POINT (-87.74920380996 41.878593174001)
30,TRAFFIC SIGNAL,FUNCTIONING PROPERLY,CLEAR,DAYLIGHT,FIXED OBJECT,DIVIDED - W/MEDIAN BARRIER,"CURVE, LEVEL",DRY,NO DEFECTS,ON SCENE,INJURY AND / OR TOW DUE TO CRASH,,,"OVER $1,500",08/28/2023 02:51:00 PM,UNABLE TO DETERMINE,UNABLE TO DETERMINE,6259,S,LAKE SHORE DR,331,2,NO INDICATION OF INJURY,0,0,0,0,0,1,0,14,2,8,,,
10,NO CONTROLS,NO CONTROLS,CLEAR,DAYLIGHT,PEDESTRIAN,PARKING LOT,STRAIGHT AND LEVEL,DRY,NO DEFECTS,ON SCENE,INJURY AND / OR TOW DUE TO CRASH,,Y,$500 OR LESS,08/23/2023 09:11:00 PM,DISTRACTION - FROM INSIDE VEHICLE,NOT APPLICABLE,6014,S,COTTAGE GROVE AVE,313,2,NONINCAPACITATING INJURY,1,0,0,1,0,1,0,18,4,8,41.785387445,-87.606183761,POINT (-87.606183761008 41.785387444959)
5,NO CONTROLS,NO CONTROLS,CLEAR,DAYLIGHT,ANGLE,PARKING LOT,STRAIGHT AND LEVEL,DRY,NO DEFECTS,NOT ON SCENE (DESK REPORT),NO INJURY / DRIVE AWAY,,,"OVER $1,500",08/29/2023 01:20:00 PM,UNABLE TO DETERMINE,UNABLE TO DETERMINE,3607,W,FULLERTON AVE,2525,2,NO INDICATION OF INJURY,0,0,0,0,0,2,0,17,6,8,41.924490094,-87.717288131,POINT (-87.717288130979 41.924490093998)
30,UNKNOWN,UNKNOWN,UNKNOWN,DAYLIGHT,REAR TO SIDE,NOT DIVIDED,STRAIGHT AND LEVEL,UNKNOWN,UNKNOWN,NOT ON SCENE (DESK REPORT),NO INJURY / DRIVE AWAY,,,$500 OR LESS,08/16/2023 11:00:00 AM,IMPROPER BACKING,NOT APPLICABLE,742,N,ST CLAIR ST,1834,2,NO INDICATION OF INJURY,0,0,0,0,0,2,0,8,3,8,,,
30,TRAFFIC SIGNAL,FUNCTIONING PROPERLY,CLEAR,DAYLIGHT,REAR END,ONE-WAY,STRAIGHT AND LEVEL,DRY,NO DEFECTS,ON SCENE,INJURY AND / OR TOW DUE TO CRASH,,,"OVER $1,500",09/18/2023 02:09:00 PM,FOLLOWING TOO CLOSELY,DRIVING SKILLS/KNOWLEDGE/EXPERIENCE,6250,S,WENTWORTH AVE,311,4,NONINCAPACITATING INJURY,1,0,0,1,0,5,0,14,2,9,,,
25,NO CONTROLS,NO CONTROLS,CLEAR,DAYLIGHT,REAR END,ONE-WAY,STRAIGHT AND LEVEL,DRY,NO DEFECTS,ON SCENE,INJURY AND / OR TOW DUE TO CRASH,,,"OVER $1,500",09/21/2023 12:50:00 PM,FOLLOWING TOO CLOSELY,DISTRACTION - FROM INSIDE VEHICLE,2,W,TERMINAL ST,1652,2,"REPORTED, NOT EVIDENT",1,0,0,0,1,1,0,12,5,9,,,
15,NO CONTROLS,NO CONTROLS,CLEAR,DAYLIGHT,SIDESWIPE SAME DIRECTION,OTHER,STRAIGHT AND LEVEL,DRY,NO DEFECTS,ON SCENE,NO INJURY / DRIVE AWAY,,,"OVER $1,500",10/06/2023 07:45:00 AM,IMPROPER LANE USAGE,NOT APPLICABLE,3,W,TERMINAL ST,1653,2,NO INDICATION OF INJURY,0,0,0,0,0,3,0,7,6,10,,,
30,TRAFFIC SIGNAL,FUNCTIONING PROPERLY,CLEAR,DAYLIGHT,REAR END,DIVIDED - W/MEDIAN (NOT RAISED),STRAIGHT AND LEVEL,DRY,UNKNOWN,NOT ON SCENE (DESK REPORT),NO INJURY / DRIVE AWAY,,Y,"OVER $1,500",08/30/2023 03:30:00 PM,NOT APPLICABLE,NOT APPLICABLE,1011,W,LAWRENCE AVE,1914,2,NO INDICATION OF INJURY,0,0,0,0,0,2,0,15,2,8,41.968973728,-87.655308652,POINT (-87.655308652011 41.968973727981)
30,TRAFFIC SIGNAL,FUNCTIONING PROPERLY,CLEAR,DAYLIGHT,REAR END,DIVIDED - W/MEDIAN (NOT RAISED),STRAIGHT AND LEVEL,DRY,NO DEFECTS,ON SCENE,NO INJURY / DRIVE AWAY,,Y,"OVER $1,500",08/30/2023 08:27:00 AM,FOLLOWING TOO CLOSELY,FAILING TO REDUCE SPEED TO AVOID CRASH,740,W,RANDOLPH ST,1224,2,NO INDICATION OF INJURY,0,0,0,0,0,4,0,8,4,8,41.884516857,-87.647390682,POINT (-87.647390681951 41.884516857046)
20,STOP SIGN/FLASHER,FUNCTIONING PROPERLY,CLEAR,DAYLIGHT,TURNING,NOT DIVIDED,STRAIGHT AND LEVEL,DRY,NO DEFECTS,NOT ON SCENE (DESK REPORT),NO INJURY / DRIVE AWAY,,,"OVER $1,500",08/29/2023 09:45:00 AM,DISREGARDING STOP SIGN,NOT APPLICABLE,6751,W,63RD PL,812,2,NO INDICATION OF INJURY,0,0,0,0,0,4,0,15,6,8,41.776529354,-87.790568356,POINT (-87.790568356022 41.776529354028)
30,TRAFFIC SIGNAL,NO CONTROLS,CLEAR,"DARKNESS, LIGHTED ROAD",PEDESTRIAN,DIVIDED - W/MEDIAN BARRIER,STRAIGHT AND LEVEL,DRY,NO DEFECTS,ON SCENE,INJURY AND / OR TOW DUE TO CRASH,Y,,"OVER $1,500",08/30/2023 09:00:00 PM,FAILING TO YIELD RIGHT-OF-WAY,NOT APPLICABLE,8300,S,STONY ISLAND AVE,412,2,INCAPACITATING INJURY,1,0,1,0,0,6,0,20,4,8,41.744151639,-87.585945067,POINT (-87.585945066953 41.744151639042)
10,NO CONTROLS,NO CONTROLS,CLEAR,DAYLIGHT,PARKED MOTOR VEHICLE,PARKING LOT,STRAIGHT AND LEVEL,DRY,NO DEFECTS,ON SCENE,NO INJURY / DRIVE AWAY,,,"$501 - $1,500",08/25/2023 04:10:00 PM,IMPROPER BACKING,DRIVING SKILLS/KNOWLEDGE/EXPERIENCE,1,W,PARKING LOT A ST,1654,2,NO INDICATION OF INJURY,0,0,0,0,0,1,0,16,6,8,,,
30,NO CONTROLS,NO CONTROLS,RAIN,DAYLIGHT,ANGLE,NOT DIVIDED,STRAIGHT AND LEVEL,WET,NO DEFECTS,ON SCENE,NO INJURY / DRIVE AWAY,,Y,"OVER $1,500",10/05/2023 09:50:00 AM,FAILING TO YIELD RIGHT-OF-WAY,NOT APPLICABLE,10300,S,ELIZABETH ST,2232,2,NO INDICATION OF INJURY,0,0,0,0,0,2,0,9,5,10,41.706714203,-87.653813468,POINT (-87.653813467968 41.706714202986)
20,NO CONTROLS,NO CONTROLS,CLEAR,"DARKNESS, LIGHTED ROAD",REAR TO SIDE,PARKING LOT,STRAIGHT AND LEVEL,DRY,NO DEFECTS,ON SCENE,NO INJURY / DRIVE AWAY,,,"OVER $1,500",10/06/2023 09:45:00 PM,IMPROPER BACKING,NOT APPLICABLE,1,W,PARKING LOT F ST,1654,2,NO INDICATION OF INJURY,0,0,0,0,0,2,0,21,6,10,,,
20,OTHER,OTHER,RAIN,DUSK,PARKED MOTOR VEHICLE,OTHER,STRAIGHT AND LEVEL,WET,NO DEFECTS,ON SCENE,NO INJURY / DRIVE AWAY,,,"OVER $1,500",10/06/2023 02:30:00 PM,DISTRACTION - FROM INSIDE VEHICLE,DISTRACTION - FROM INSIDE VEHICLE,2,W,TERMINAL ST,1652,2,NO INDICATION OF INJURY,0,0,0,0,0,1,0,14,6,10,,,
10,NO CONTROLS,NO CONTROLS,CLEAR,"DARKNESS, LIGHTED ROAD",PARKED MOTOR VEHICLE,PARKING LOT,STRAIGHT AND LEVEL,DRY,NO DEFECTS,ON SCENE,NO INJURY / DRIVE AWAY,,,"OVER $1,500",10/06/2023 08:15:00 PM,UNABLE TO DETERMINE,UNABLE TO DETERMINE,1,W,PARKING LOT G ST,1654,2,NO INDICATION OF INJURY,0,0,0,0,0,1,0,20,6,10,,,
15,NO CONTROLS,NO CONTROLS,CLEAR,DAYLIGHT,HEAD ON,PARKING LOT,STRAIGHT AND LEVEL,DRY,NO DEFECTS,ON SCENE,NO INJURY / DRIVE AWAY,,,"OVER $1,500",10/15/2023 01:30:00 PM,UNABLE TO DETERMINE,UNABLE TO DETERMINE,751,W,OHARE ST,1654,2,NO INDICATION OF INJURY,0,0,0,0,0,2,0,13,1,10,,,
30,NO CONTROLS,NO CONTROLS,CLEAR,"DARKNESS, LIGHTED ROAD",SIDESWIPE SAME DIRECTION,ONE-WAY,STRAIGHT AND LEVEL,UNKNOWN,NO DEFECTS,NOT ON SCENE (DESK REPORT),NO INJURY / DRIVE AWAY,,,"OVER $1,500",09/22/2023 07:30:00 AM,DRIVING SKILLS/KNOWLEDGE/EXPERIENCE,NOT APPLICABLE,10000,W,BALMORAL AVE,1650,2,NO INDICATION OF INJURY,0,0,0,0,0,2,0,6,6,9,,,
25,NO CONTROLS,NO CONTROLS,CLEAR,DAYLIGHT,PARKED MOTOR VEHICLE,PARKING LOT,STRAIGHT AND LEVEL,DRY,NO DEFECTS,NOT ON SCENE (DESK REPORT),NO INJURY / DRIVE AWAY,,,"OVER $1,500",08/16/2023 01:34:00 PM,UNABLE TO DETERMINE,UNABLE TO DETERMINE,2625,S,CALIFORNIA AVE,1034,2,NO INDICATION OF INJURY,0,0,0,0,0,1,0,9,4,8,,,
30,TRAFFIC SIGNAL,FUNCTIONING PROPERLY,CLEAR,"DARKNESS, LIGHTED ROAD",TURNING,DIVIDED - W/MEDIAN (NOT RAISED),STRAIGHT AND LEVEL,DRY,NO DEFECTS,ON SCENE,INJURY AND / OR TOW DUE TO CRASH,Y,,"OVER $1,500",09/22/2023 10:46:00 PM,FAILING TO YIELD RIGHT-OF-WAY,NOT APPLICABLE,173,N,BESSIE COLEMAN DR,1654,2,INCAPACITATING INJURY,5,0,5,0,0,0,0,22,6,9,,,
15,NO CONTROLS,NO CONTROLS,CLEAR,"DARKNESS, LIGHTED ROAD",SIDESWIPE SAME DIRECTION,PARKING LOT,STRAIGHT AND LEVEL,DRY,NO DEFECTS,ON SCENE,NO INJURY / DRIVE AWAY,,,"$501 - $1,500",09/22/2023 08:35:00 PM,FAILING TO YIELD RIGHT-OF-WAY,DRIVING SKILLS/KNOWLEDGE/EXPERIENCE,524,W,OHARE ST,1654,2,NO INDICATION OF INJURY,0,0,0,0,0,2,0,20,6,9,,,
35,TRAFFIC SIGNAL,FUNCTIONING PROPERLY,CLEAR,DAYLIGHT,TURNING,NOT DIVIDED,STRAIGHT AND LEVEL,DRY,UNKNOWN,ON SCENE,INJURY AND / OR TOW DUE TO CRASH,,,"OVER $1,500",08/16/2023 08:00:00 AM,NOT APPLICABLE,NOT APPLICABLE,2624,E,126TH ST,433,2,NONINCAPACITATING INJURY,1,0,0,1,0,1,0,6,4,8,,,
35,NO CONTROLS,NO CONTROLS,CLEAR,DAYLIGHT,TURNING,T-INTERSECTION,STRAIGHT AND LEVEL,DRY,NO DEFECTS,ON SCENE,INJURY AND / OR TOW DUE TO CRASH,Y,,"OVER $1,500",08/16/2023 09:18:00 AM,IMPROPER TURNING/NO SIGNAL,FAILING TO YIELD RIGHT-OF-WAY,1750,E,130TH ST,434,2,NO INDICATION OF INJURY,0,0,0,0,0,2,0,9,4,8,41.659687315,-87.583621707,POINT (-87.583621706984 41.659687315045)
30,STOP SIGN/FLASHER,FUNCTIONING PROPERLY,CLEAR,DAYLIGHT,ANGLE,FOUR WAY,STRAIGHT AND LEVEL,DRY,NO DEFECTS,ON SCENE,INJURY AND / OR TOW DUE TO CRASH,Y,,"OVER $1,500",08/31/2023 06:54:00 AM,FAILING TO YIELD RIGHT-OF-WAY,NOT APPLICABLE,815,S,AUSTIN BLVD,1513,2,"REPORTED, NOT EVIDENT",1,0,0,0,1,1,0,6,5,8,,,
20,NO CONTROLS,NO CONTROLS,CLEAR,DAYLIGHT,PARKED MOTOR VEHICLE,NOT DIVIDED,STRAIGHT AND LEVEL,DRY,NO DEFECTS,NOT ON SCENE (DESK REPORT),NO INJURY / DRIVE AWAY,,Y,"$501 - $1,500",09/23/2023 06:20:00 PM,UNABLE TO DETERMINE,UNABLE TO DETERMINE,209,N,GREEN ST,1214,2,NO INDICATION OF INJURY,0,0,0,0,0,1,0,13,7,9,41.885960618,-87.648502798,POINT (-87.648502797958 41.885960617958)
30,TRAFFIC SIGNAL,FUNCTIONING PROPERLY,CLEAR,"DARKNESS, LIGHTED ROAD",REAR END,DIVIDED - W/MEDIAN (NOT RAISED),STRAIGHT AND LEVEL,DRY,UNKNOWN,NOT ON SCENE (DESK REPORT),NO INJURY / DRIVE AWAY,,Y,"OVER $1,500",08/31/2023 06:30:00 PM,UNABLE TO DETERMINE,UNABLE TO DETERMINE,400,N,LOWER LAKE SHORE DR,1834,2,NO INDICATION OF INJURY,0,0,0,0,0,2,0,17,5,8,,,
10,NO CONTROLS,NO CONTROLS,CLEAR,"DARKNESS, LIGHTED ROAD",FIXED OBJECT,PARKING LOT,STRAIGHT AND LEVEL,DRY,NO DEFECTS,ON SCENE,NO INJURY / DRIVE AWAY,,,$500 OR LESS,10/07/2023 12:00:00 AM,DRIVING SKILLS/KNOWLEDGE/EXPERIENCE,NOT APPLICABLE,609,W,OHARE ST,1654,1,NO INDICATION OF INJURY,0,0,0,0,0,1,0,23,6,10,,,
30,TRAFFIC SIGNAL,UNKNOWN,CLEAR,DAYLIGHT,SIDESWIPE SAME DIRECTION,NOT DIVIDED,STRAIGHT AND LEVEL,DRY,NO DEFECTS,ON SCENE,NO INJURY / DRIVE AWAY,,,"$501 - $1,500",10/07/2023 09:21:00 AM,UNABLE TO DETERMINE,UNABLE TO DETERMINE,8658,S,WESTERN AVE,835,2,NO INDICATION OF INJURY,0,0,0,0,0,2,0,9,7,10,41.735617968,-87.682663369,POINT (-87.682663369002 41.735617967973)
35,STOP SIGN/FLASHER,FUNCTIONING PROPERLY,CLEAR,DAYLIGHT,ANGLE,FOUR WAY,STRAIGHT AND LEVEL,DRY,NO DEFECTS,NOT ON SCENE (DESK REPORT),NO INJURY / DRIVE AWAY,,,"OVER $1,500",08/31/2023 01:20:00 PM,IMPROPER TURNING/NO SIGNAL,UNABLE TO DETERMINE,8000,S,COTTAGE GROVE AVE,631,2,NO INDICATION OF INJURY,0,0,0,0,0,2,0,12,5,8,41.749362768,-87.605332981,POINT (-87.605332981011 41.749362768013)
20,NO CONTROLS,NO CONTROLS,CLEAR,DAYLIGHT,FIXED OBJECT,OTHER,STRAIGHT AND LEVEL,DRY,NO DEFECTS,ON SCENE,INJURY AND / OR TOW DUE TO CRASH,,,"OVER $1,500",08/30/2023 06:39:00 AM,DRIVING SKILLS/KNOWLEDGE/EXPERIENCE,DRIVING ON WRONG SIDE/WRONG WAY,1547,N,PARKSIDE AVE,2531,1,NONINCAPACITATING INJURY,2,0,0,2,0,0,0,6,4,8,41.908980328,-87.766961055,POINT (-87.766961054983 41.908980327972)
30,TRAFFIC SIGNAL,FUNCTIONING PROPERLY,CLEAR,DAYLIGHT,TURNING,NOT DIVIDED,STRAIGHT AND LEVEL,DRY,NO DEFECTS,NOT ON SCENE (DESK REPORT),NO INJURY / DRIVE AWAY,Y,,"OVER $1,500",08/31/2023 01:30:00 PM,UNABLE TO DETERMINE,NOT APPLICABLE,847,S,AUSTIN BLVD,1513,2,NO INDICATION OF INJURY,0,0,0,0,0,2,0,7,5,8,,,
25,NO CONTROLS,NO CONTROLS,CLEAR,DAYLIGHT,TURNING,ALLEY,STRAIGHT AND LEVEL,DRY,NO DEFECTS,NOT ON SCENE (DESK REPORT),NO INJURY / DRIVE AWAY,Y,,"OVER $1,500",08/31/2023 03:30:00 PM,IMPROPER LANE USAGE,FAILING TO YIELD RIGHT-OF-WAY,2600,S,TRUMBULL AVE,1032,2,NO INDICATION OF INJURY,0,0,0,0,0,3,0,15,5,8,41.84434083,-87.711276265,POINT (-87.711276264979 41.84434082995)
30,NO CONTROLS,NO CONTROLS,SNOW,DAYLIGHT,TURNING,NOT DIVIDED,STRAIGHT AND LEVEL,WET,NO DEFECTS,ON SCENE,NO INJURY / DRIVE AWAY,,,"$501 - $1,500",01/23/2020 01:00:00 PM,UNABLE TO DETERMINE,NOT APPLICABLE,513,W,OHARE ST,1654,2,NO INDICATION OF INJURY,0,0,0,0,0,2,0,12,5,1,,,
30,TRAFFIC SIGNAL,UNKNOWN,CLEAR,DAYLIGHT,SIDESWIPE SAME DIRECTION,NOT DIVIDED,STRAIGHT AND LEVEL,UNKNOWN,UNKNOWN,NOT ON SCENE (DESK REPORT),NO INJURY / DRIVE AWAY,,Y,"$501 - $1,500",08/31/2023 02:09:00 PM,UNABLE TO DETERMINE,UNABLE TO DETERMINE,5159,N,MARINE DR,2024,2,NO INDICATION OF INJURY,0,0,0,0,0,2,0,10,1,8,,,
30,STOP SIGN/FLASHER,FUNCTIONING PROPERLY,CLEAR,DAYLIGHT,ANGLE,FOUR WAY,STRAIGHT AND LEVEL,DRY,NO DEFECTS,ON SCENE,NO INJURY / DRIVE AWAY,Y,,"$501 - $1,500",10/07/2023 12:43:00 PM,FAILING TO YIELD RIGHT-OF-WAY,NOT APPLICABLE,3900,W,CHICAGO AVE,1112,2,NO INDICATION OF INJURY,0,0,0,0,0,2,0,12,7,10,41.895499511,-87.723699547,POINT (-87.723699546998 41.895499510995)
30,UNKNOWN,UNKNOWN,UNKNOWN,UNKNOWN,REAR END,UNKNOWN,STRAIGHT AND LEVEL,UNKNOWN,UNKNOWN,NOT ON SCENE (DESK REPORT),NO INJURY / DRIVE AWAY,,,"OVER $1,500",12/02/2018 08:45:00 PM,NOT APPLICABLE,NOT APPLICABLE,7199,W,ARCHER AVE,811,2,NO INDICATION OF INJURY,0,0,0,0,0,2,0,19,1,12,,,
30,STOP SIGN/FLASHER,FUNCTIONING PROPERLY,CLEAR,DAYLIGHT,PEDALCYCLIST,FOUR WAY,STRAIGHT AND LEVEL,UNKNOWN,UNKNOWN,NOT ON SCENE (DESK REPORT),NO INJURY / DRIVE AWAY,Y,Y,"OVER $1,500",09/23/2023 04:15:00 PM,FAILING TO YIELD RIGHT-OF-WAY,UNABLE TO DETERMINE,1700,W,GREENLEAF AVE,2423,2,NO INDICATION OF INJURY,0,0,0,0,0,2,0,15,7,9,42.010341686,-87.672331815,POINT (-87.672331815029 42.01034168595)
30,TRAFFIC SIGNAL,FUNCTIONING PROPERLY,CLEAR,DAYLIGHT,SIDESWIPE SAME DIRECTION,FOUR WAY,STRAIGHT AND LEVEL,DRY,UNKNOWN,NOT ON SCENE (DESK REPORT),NO INJURY / DRIVE AWAY,,Y,$500 OR LESS,08/17/2023 10:17:00 AM,IMPROPER OVERTAKING/PASSING,NOT APPLICABLE,2351,W,NORTH AVE,1424,3,NO INDICATION OF INJURY,0,0,0,0,0,6,0,8,5,8,41.910217645,-87.68681776,POINT (-87.686817760033 41.91021764504)
30,TRAFFIC SIGNAL,FUNCTIONING PROPERLY,CLEAR,DAYLIGHT,REAR END,ONE-WAY,STRAIGHT AND LEVEL,DRY,UNKNOWN,NOT ON SCENE (DESK REPORT),NO INJURY / DRIVE AWAY,,,"OVER $1,500",08/17/2023 04:25:00 PM,DRIVING SKILLS/KNOWLEDGE/EXPERIENCE,DRIVING SKILLS/KNOWLEDGE/EXPERIENCE,360,W,MADISON ST,122,2,NO INDICATION OF INJURY,0,0,0,0,0,3,0,14,5,8,41.8820229,-87.637081412,POINT (-87.637081411989 41.88202289998)
30,NO CONTROLS,NO CONTROLS,CLEAR,DAYLIGHT,REAR END,DIVIDED - W/MEDIAN (NOT RAISED),STRAIGHT AND LEVEL,DRY,NO DEFECTS,NOT ON SCENE (DESK REPORT),NO INJURY / DRIVE AWAY,,,"OVER $1,500",08/17/2023 04:00:00 PM,DISTRACTION - FROM INSIDE VEHICLE,DISTRACTION - FROM INSIDE VEHICLE,3031,S,HALSTED ST,914,2,NO INDICATION OF INJURY,0,0,0,0,0,2,0,15,5,8,41.83892895,-87.646152419,POINT (-87.64615241901 41.838928949964)
35,NO CONTROLS,NO CONTROLS,CLEAR,"DARKNESS, LIGHTED ROAD",PEDALCYCLIST,DIVIDED - W/MEDIAN (NOT RAISED),STRAIGHT AND LEVEL,DRY,NO DEFECTS,ON SCENE,INJURY AND / OR TOW DUE TO CRASH,,Y,"OVER $1,500",10/07/2023 09:02:00 PM,"OPERATING VEHICLE IN ERRATIC, RECKLESS, CARELESS, NEGLIGENT OR AGGRESSIVE MANNER",UNABLE TO DETERMINE,4714,W,LAKE ST,1113,2,INCAPACITATING INJURY,1,0,1,0,0,1,0,20,7,10,41.886603801,-87.7436834,POINT (-87.743683400022 41.886603801046)
30,NO CONTROLS,NO CONTROLS,CLEAR,"DARKNESS, LIGHTED ROAD",FIXED OBJECT,ONE-WAY,STRAIGHT AND LEVEL,DRY,NO DEFECTS,ON SCENE,NO INJURY / DRIVE AWAY,,Y,"OVER $1,500",10/08/2023 03:35:00 AM,UNABLE TO DETERMINE,NOT APPLICABLE,1,W,TERMINAL ST,1651,1,NO INDICATION OF INJURY,0,0,0,0,0,1,0,3,1,10,,,
15,NO CONTROLS,NO CONTROLS,CLEAR,"DARKNESS, LIGHTED ROAD",SIDESWIPE SAME DIRECTION,ONE-WAY,STRAIGHT AND LEVEL,DRY,NO DEFECTS,ON SCENE,NO INJURY / DRIVE AWAY,,,"OVER $1,500",08/30/2023 08:53:00 PM,FAILING TO YIELD RIGHT-OF-WAY,NOT APPLICABLE,1,S,DOOR 3 ST,813,2,NO INDICATION OF INJURY,0,0,0,0,0,2,0,20,4,8,,,
20,NO CONTROLS,NO CONTROLS,CLEAR,DAYLIGHT,SIDESWIPE SAME DIRECTION,ONE-WAY,STRAIGHT AND LEVEL,DRY,NO DEFECTS,ON SCENE,NO INJURY / DRIVE AWAY,,,"OVER $1,500",09/01/2023 08:38:00 AM,DRIVING SKILLS/KNOWLEDGE/EXPERIENCE,UNABLE TO DETERMINE,1,W,TERMINAL ST,1651,2,NO INDICATION OF INJURY,0,0,0,0,0,2,0,8,6,9,,,
35,OTHER,FUNCTIONING PROPERLY,CLEAR,DAYLIGHT,REAR TO FRONT,ONE-WAY,STRAIGHT AND LEVEL,UNKNOWN,UNKNOWN,ON SCENE,NO INJURY / DRIVE AWAY,,,$500 OR LESS,08/31/2023 06:30:00 PM,UNABLE TO DETERMINE,NOT APPLICABLE,8800,S,CHICAGO SKYWAY OB,412,2,NO INDICATION OF INJURY,0,0,0,0,0,2,0,18,5,8,,,
30,STOP SIGN/FLASHER,NO CONTROLS,CLEAR,DAYLIGHT,TURNING,NOT DIVIDED,STRAIGHT AND LEVEL,DRY,NO DEFECTS,ON SCENE,NO INJURY / DRIVE AWAY,Y,,"OVER $1,500",09/20/2018 09:17:00 AM,UNABLE TO DETERMINE,EQUIPMENT - VEHICLE CONDITION,12809,W,IRVING PARK RD,1654,2,NO INDICATION OF INJURY,0,0,0,0,0,2,0,9,5,9,,,
25,NO CONTROLS,NO CONTROLS,CLEAR,DAYLIGHT,SIDESWIPE SAME DIRECTION,NOT DIVIDED,STRAIGHT AND LEVEL,DRY,NO DEFECTS,NOT ON SCENE (DESK REPORT),NO INJURY / DRIVE AWAY,,Y,"$501 - $1,500",08/30/2023 01:44:00 PM,NOT APPLICABLE,NOT APPLICABLE,2900,S,KEDZIE AVE,1032,2,NO INDICATION OF INJURY,0,0,0,0,0,2,0,7,4,8,,,
30,NO CONTROLS,NO CONTROLS,CLEAR,DAYLIGHT,SIDESWIPE SAME DIRECTION,DIVIDED - W/MEDIAN (NOT RAISED),STRAIGHT AND LEVEL,DRY,NO DEFECTS,NOT ON SCENE (DESK REPORT),INJURY AND / OR TOW DUE TO CRASH,,Y,"OVER $1,500",09/01/2023 05:00:00 PM,IMPROPER LANE USAGE,IMPROPER OVERTAKING/PASSING,2932,W,ARMITAGE AVE,1414,2,NONINCAPACITATING INJURY,1,0,0,1,0,1,0,19,5,8,41.917565709,-87.700668767,POINT (-87.700668766963 41.917565709024)
30,TRAFFIC SIGNAL,FUNCTIONING PROPERLY,CLEAR,"DARKNESS, LIGHTED ROAD",REAR END,FOUR WAY,STRAIGHT AND LEVEL,DRY,NO DEFECTS,ON SCENE,NO INJURY / DRIVE AWAY,,,$500 OR LESS,10/07/2023 11:06:00 PM,UNABLE TO DETERMINE,UNABLE TO DETERMINE,1801,S,KEDZIE AVE,1022,2,NO INDICATION OF INJURY,0,0,0,0,0,2,0,23,7,10,41.857621901,-87.70527585,POINT (-87.705275850039 41.857621900976)