POSTED_SPEED_LIMIT,TRAFFIC_CONTROL_DEVICE,DEVICE_CONDITION,WEATHER_CONDITION,LIGHTING_CONDITION,FIRST_CRASH_TYPE,TRAFFICWAY_TYPE,ALIGNMENT,ROADWAY_SURFACE_COND,ROAD_DEFECT,REPORT_TYPE,CRASH_TYPE,INTERSECTION_RELATED_I,HIT_AND_RUN_I,DAMAGE,DATE_POLICE_NOTIFIED,PRIM_CONTRIBUTORY_CAUSE,SEC_CONTRIBUTORY_CAUSE,STREET_NO,STREET_DIRECTION,STREET_NAME,BEAT_OF_OCCURRENCE,NUM_UNITS,MOST_SEVERE_INJURY,INJURIES_TOTAL,INJURIES_FATAL,INJURIES_INCAPACITATING,INJURIES_NON_INCAPACITATING,INJURIES_REPORTED_NOT_EVIDENT,INJURIES_NO_INDICATION,INJURIES_UNKNOWN,CRASH_HOUR,CRASH_DAY_OF_WEEK,CRASH_MONTH,LATITUDE,LONGITUDE,LOCATION
45,NO CONTROLS,NO CONTROLS,CLEAR,"DARKNESS, LIGHTED ROAD",FIXED OBJECT,DIVIDED - W/MEDIAN BARRIER,CURVE ON GRADE,DRY,NO DEFECTS,ON SCENE,INJURY AND / OR TOW DUE TO CRASH,,,"OVER $1,500",10/09/2016 04:30:00 AM,EXCEEDING AUTHORIZED SPEED LIMIT,IMPROPER LANE USAGE,10300,S,CHICAGO SKYWAY OB,432,1,NO INDICATION OF INJURY,0,0,0,0,0,1,0,4,1,10,,,
30,STOP SIGN/FLASHER,FUNCTIONING PROPERLY,CLEAR,DAYLIGHT,ANGLE,FOUR WAY,STRAIGHT AND LEVEL,DRY,NO DEFECTS,,NO INJURY / DRIVE AWAY,,Y,"OVER $1,500",05/24/2021 05:21:00 PM,DISREGARDING STOP SIGN,"OPERATING VEHICLE IN ERRATIC, RECKLESS, CARELESS, NEGLIGENT OR AGGRESSIVE MANNER",222,N,COLUMBUS DR,114,2,NO INDICATION OF INJURY,0,0,0,0,0,2,0,17,2,5,41.886339416,-87.62083615,POINT (-87.620836149956 41.886339416011)
30,NO CONTROLS,NO CONTROLS,CLEAR,DAYLIGHT,SIDESWIPE SAME DIRECTION,NOT DIVIDED,STRAIGHT AND LEVEL,DRY,NO DEFECTS,ON SCENE,NO INJURY / DRIVE AWAY,,Y,"$501 - $1,500",07/27/2018 10:27:00 AM,UNABLE TO DETERMINE,UNABLE TO DETERMINE,10253,S,WESTERN AVE,2213,2,NO INDICATION OF INJURY,0,0,0,0,0,2,0,10,6,7,41.7066395,-87.681482516,POINT (-87.681482515978 41.706639499989)
30,TRAFFIC SIGNAL,UNKNOWN,CLEAR,DAYLIGHT,TURNING,DIVIDED - W/MEDIAN (NOT RAISED),STRAIGHT AND LEVEL,DRY,NO DEFECTS,ON SCENE,NO INJURY / DRIVE AWAY,,,"OVER $1,500",10/15/2023 11:45:00 AM,IMPROPER LANE USAGE,UNABLE TO DETERMINE,4661,N,BROADWAY,1914,2,NO INDICATION OF INJURY,0,0,0,0,0,2,0,11,1,10,41.966988776,-87.658325149,POINT (-87.658325149045 41.966988775977)
30,NO CONTROLS,NO CONTROLS,RAIN,"DARKNESS, LIGHTED ROAD",TURNING,NOT DIVIDED,STRAIGHT AND LEVEL,WET,UNKNOWN,,INJURY AND / OR TOW DUE TO CRASH,Y,,"OVER $1,500",09/24/2022 10:50:00 PM,FOLLOWING TOO CLOSELY,UNABLE TO DETERMINE,400,S,LARAMIE AVE,1522,3,NONINCAPACITATING INJURY,2,0,0,2,0,2,0,22,7,9,41.87479856,-87.755004029,POINT (-87.755004029038 41.874798560005)
30,TRAFFIC SIGNAL,FUNCTIONING PROPERLY,RAIN,"DARKNESS, LIGHTED ROAD",ANGLE,FOUR WAY,STRAIGHT AND LEVEL,WET,NO DEFECTS,ON SCENE,INJURY AND / OR TOW DUE TO CRASH,Y,,"OVER $1,500",04/11/2020 09:03:00 PM,DISREGARDING TRAFFIC SIGNALS,FAILING TO YIELD RIGHT-OF-WAY,2801,W,BELMONT AVE,1411,2,NO INDICATION OF INJURY,0,0,0,0,0,2,0,21,7,4,,,
25,NO CONTROLS,NO CONTROLS,CLEAR,DAYLIGHT,SIDESWIPE SAME DIRECTION,ONE-WAY,STRAIGHT AND LEVEL,DRY,NO DEFECTS,NOT ON SCENE (DESK REPORT),NO INJURY / DRIVE AWAY,,,"OVER $1,500",08/05/2022 10:45:00 AM,FAILING TO YIELD RIGHT-OF-WAY,DRIVING SKILLS/KNOWLEDGE/EXPERIENCE,1,W,TERMINAL ST,1651,2,NO INDICATION OF INJURY,0,0,0,0,0,2,0,9,6,8,,,
25,NO CONTROLS,NO CONTROLS,CLEAR,DARKNESS,PARKED MOTOR VEHICLE,NOT DIVIDED,STRAIGHT AND LEVEL,DRY,NO DEFECTS,NOT ON SCENE (DESK REPORT),NO INJURY / DRIVE AWAY,,Y,"$501 - $1,500",05/23/2020 02:22:00 PM,NOT APPLICABLE,NOT APPLICABLE,3501,W,ADAMS ST,1123,2,NO INDICATION OF INJURY,0,0,0,0,0,1,0,4,6,5,41.878184306,-87.713631887,POINT (-87.713631886981 41.878184306016)
30,NO CONTROLS,NO CONTROLS,RAIN,DAYLIGHT,TURNING,NOT DIVIDED,STRAIGHT AND LEVEL,WET,NO DEFECTS,ON SCENE,INJURY AND / OR TOW DUE TO CRASH,,,"OVER $1,500",05/05/2022 05:02:00 PM,NOT APPLICABLE,NOT APPLICABLE,4599,W,KINZIE ST,1113,2,"REPORTED, NOT EVIDENT",2,0,0,0,2,2,0,16,5,5,,,
15,NO CONTROLS,NO CONTROLS,CLEAR,"DARKNESS, LIGHTED ROAD",REAR END,OTHER,STRAIGHT AND LEVEL,DRY,NO DEFECTS,ON SCENE,INJURY AND / OR TOW DUE TO CRASH,,,"OVER $1,500",03/11/2023 05:50:00 PM,DRIVING SKILLS/KNOWLEDGE/EXPERIENCE,FAILING TO YIELD RIGHT-OF-WAY,5,W,TERMINAL ST,1655,2,NONINCAPACITATING INJURY,1,0,0,1,0,1,0,17,7,3,,,
20,NO CONTROLS,NO CONTROLS,CLEAR,"DARKNESS, LIGHTED ROAD",PARKED MOTOR VEHICLE,ONE-WAY,STRAIGHT ON GRADE,DRY,NO DEFECTS,ON SCENE,NO INJURY / DRIVE AWAY,,Y,"$501 - $1,500",11/20/2021 08:35:00 PM,UNABLE TO DETERMINE,UNABLE TO DETERMINE,2600,W,65TH ST,825,4,NO INDICATION OF INJURY,0,0,0,0,0,1,0,20,7,11,41.77559386,-87.688558289,POINT (-87.688558288987 41.775593859964)
30,TRAFFIC SIGNAL,UNKNOWN,CLEAR,"DARKNESS, LIGHTED ROAD",TURNING,CENTER TURN LANE,STRAIGHT AND LEVEL,DRY,NO DEFECTS,NOT ON SCENE (DESK REPORT),NO INJURY / DRIVE AWAY,,,"OVER $1,500",03/04/2020 10:00:00 PM,IMPROPER OVERTAKING/PASSING,FAILING TO YIELD RIGHT-OF-WAY,3100,N,CLARK ST,1934,2,NO INDICATION OF INJURY,0,0,0,0,0,2,0,21,4,3,,,
30,TRAFFIC SIGNAL,FUNCTIONING PROPERLY,CLEAR,DAYLIGHT,REAR END,DIVIDED - W/MEDIAN BARRIER,STRAIGHT AND LEVEL,DRY,NO DEFECTS,NOT ON SCENE (DESK REPORT),NO INJURY / DRIVE AWAY,Y,,"$501 - $1,500",06/11/2019 09:05:00 AM,UNABLE TO DETERMINE,NOT APPLICABLE,50,E,GARFIELD BLVD,225,2,NO INDICATION OF INJURY,0,0,0,0,0,3,0,8,3,6,41.794778764,-87.623828038,POINT (-87.623828038036 41.794778764028)
45,TRAFFIC SIGNAL,FUNCTIONING PROPERLY,CLEAR,DAWN,SIDESWIPE SAME DIRECTION,T-INTERSECTION,STRAIGHT AND LEVEL,DRY,NO DEFECTS,ON SCENE,NO INJURY / DRIVE AWAY,,,"OVER $1,500",01/07/2020 05:51:00 AM,FAILING TO YIELD RIGHT-OF-WAY,DRIVING SKILLS/KNOWLEDGE/EXPERIENCE,12300,W,IRVING PARK RD,1654,2,NO INDICATION OF INJURY,0,0,0,0,0,2,0,5,3,1,41.958986951,-87.933993929,POINT (-87.933993928974 41.958986950953)
30,NO CONTROLS,NO CONTROLS,CLEAR,DAYLIGHT,PARKED MOTOR VEHICLE,DIVIDED - W/MEDIAN BARRIER,STRAIGHT AND LEVEL,DRY,NO DEFECTS,ON SCENE,NO INJURY / DRIVE AWAY,,,$500 OR LESS,04/01/2023 03:50:00 PM,UNABLE TO DETERMINE,UNABLE TO DETERMINE,4523,S,ASHLAND AVE,924,2,NO INDICATION OF INJURY,0,0,0,0,0,4,0,15,7,4,41.811519655,-87.664900137,POINT (-87.664900136994 41.811519655045)
15,NO CONTROLS,NO CONTROLS,CLEAR,DAYLIGHT,SIDESWIPE SAME DIRECTION,ONE-WAY,STRAIGHT AND LEVEL,DRY,NO DEFECTS,ON SCENE,NO INJURY / DRIVE AWAY,,,"OVER $1,500",12/16/2018 10:50:00 AM,FAILING TO YIELD RIGHT-OF-WAY,"VISION OBSCURED (SIGNS, TREE LIMBS, BUILDINGS, ETC.)",5,W,TERMINAL ST,1655,2,NO INDICATION OF INJURY,0,0,0,0,0,3,0,10,1,12,,,
30,NO CONTROLS,NO CONTROLS,CLEAR,DARKNESS,SIDESWIPE SAME DIRECTION,NOT DIVIDED,STRAIGHT AND LEVEL,DRY,UNKNOWN,NOT ON SCENE (DESK REPORT),NO INJURY / DRIVE AWAY,,,"$501 - $1,500",03/18/2019 10:54:00 AM,FAILING TO YIELD RIGHT-OF-WAY,NOT APPLICABLE,4001,N,KEDZIE AVE,1724,2,NO INDICATION OF INJURY,0,0,0,0,0,4,0,1,1,3,41.9540133,-87.707870892,POINT (-87.707870891956 41.954013299966)
30,NO CONTROLS,NO CONTROLS,CLEAR,DAYLIGHT,REAR END,NOT DIVIDED,STRAIGHT AND LEVEL,SNOW OR SLUSH,NO DEFECTS,NOT ON SCENE (DESK REPORT),NO INJURY / DRIVE AWAY,,,"OVER $1,500",03/08/2019 10:48:00 AM,IMPROPER BACKING,UNABLE TO DETERMINE,2650,W,FULTON ST,1222,2,NO INDICATION OF INJURY,0,0,0,0,0,2,0,9,6,3,41.886676655,-87.69354148,POINT (-87.693541479988 41.886676655033)
30,NO CONTROLS,NO CONTROLS,CLEAR,DAYLIGHT,REAR END,NOT DIVIDED,STRAIGHT AND LEVEL,DRY,NO DEFECTS,ON SCENE,INJURY AND / OR TOW DUE TO CRASH,,,"OVER $1,500",03/12/2019 09:31:00 AM,FOLLOWING TOO CLOSELY,FAILING TO REDUCE SPEED TO AVOID CRASH,6621,W,GRAND AVE,2512,3,"REPORTED, NOT EVIDENT",1,0,0,0,1,3,0,9,3,3,,,
30,UNKNOWN,UNKNOWN,UNKNOWN,UNKNOWN,PARKED MOTOR VEHICLE,NOT DIVIDED,STRAIGHT AND LEVEL,UNKNOWN,UNKNOWN,NOT ON SCENE (DESK REPORT),NO INJURY / DRIVE AWAY,,Y,"$501 - $1,500",03/30/2020 11:08:00 AM,UNABLE TO DETERMINE,UNABLE TO DETERMINE,1134,N,LAVERGNE AVE,1531,3,NO INDICATION OF INJURY,0,0,0,0,0,1,0,14,1,3,41.901524746,-87.751001472,POINT (-87.751001472036 41.901524746031)
10,NO CONTROLS,NO CONTROLS,CLEAR,DAYLIGHT,PARKED MOTOR VEHICLE,PARKING LOT,STRAIGHT AND LEVEL,DRY,NO DEFECTS,ON SCENE,NO INJURY / DRIVE AWAY,,,"$501 - $1,500",10/16/2019 02:05:00 PM,NOT APPLICABLE,NOT APPLICABLE,524,W,OHARE ST,1654,2,NO INDICATION OF INJURY,0,0,0,0,0,1,0,14,4,10,,,
25,NO CONTROLS,NO CONTROLS,CLEAR,"DARKNESS, LIGHTED ROAD",PARKED MOTOR VEHICLE,NOT DIVIDED,STRAIGHT AND LEVEL,WET,NO DEFECTS,ON SCENE,INJURY AND / OR TOW DUE TO CRASH,,Y,"OVER $1,500",12/31/2017 03:31:00 AM,UNABLE TO DETERMINE,UNABLE TO DETERMINE,2002,W,21ST ST,1234,5,NO INDICATION OF INJURY,0,0,0,0,0,1,0,3,1,12,41.854118907,-87.67609568,POINT (-87.676095680016 41.854118907022)
20,NO CONTROLS,NO CONTROLS,RAIN,DAYLIGHT,REAR END,OTHER,STRAIGHT AND LEVEL,WET,NO DEFECTS,ON SCENE,NO INJURY / DRIVE AWAY,,,"OVER $1,500",05/08/2019 07:17:00 AM,UNABLE TO DETERMINE,UNABLE TO DETERMINE,3,W,TERMINAL ST,1653,2,NO INDICATION OF INJURY,0,0,0,0,0,2,0,7,4,5,,,
25,TRAFFIC SIGNAL,FUNCTIONING PROPERLY,CLEAR,DAYLIGHT,TURNING,FOUR WAY,STRAIGHT AND LEVEL,DRY,NO DEFECTS,ON SCENE,INJURY AND / OR TOW DUE TO CRASH,Y,,"OVER $1,500",11/08/2022 08:34:00 AM,FAILING TO YIELD RIGHT-OF-WAY,UNABLE TO DETERMINE,2557,S,CALIFORNIA AVE,1034,2,NONINCAPACITATING INJURY,3,0,0,3,0,1,0,8,3,11,,,
30,NO CONTROLS,NO CONTROLS,UNKNOWN,UNKNOWN,PARKED MOTOR VEHICLE,NOT DIVIDED,STRAIGHT AND LEVEL,UNKNOWN,UNKNOWN,NOT ON SCENE (DESK REPORT),NO INJURY / DRIVE AWAY,,Y,"OVER $1,500",10/17/2021 09:20:00 AM,UNABLE TO DETERMINE,NOT APPLICABLE,2552,W,HUTCHINSON ST,1911,2,NO INDICATION OF INJURY,0,0,0,0,0,1,0,11,4,10,41.958658962,-87.693690062,POINT (-87.693690061952 41.958658961959)
30,TRAFFIC SIGNAL,FUNCTIONING PROPERLY,CLEAR,DAYLIGHT,PEDESTRIAN,DIVIDED - W/MEDIAN (NOT RAISED),STRAIGHT AND LEVEL,DRY,NO DEFECTS,NOT ON SCENE (DESK REPORT),NO INJURY / DRIVE AWAY,,Y,"$501 - $1,500",11/11/2016 11:33:00 AM,FAILING TO YIELD RIGHT-OF-WAY,UNABLE TO DETERMINE,8700,S,87TH ST,2221,2,NO INDICATION OF INJURY,0,0,0,0,0,2,0,17,5,11,,,
15,NO CONTROLS,NO CONTROLS,RAIN,"DARKNESS, LIGHTED ROAD",SIDESWIPE SAME DIRECTION,OTHER,STRAIGHT AND LEVEL,WET,NO DEFECTS,ON SCENE,NO INJURY / DRIVE AWAY,,,"$501 - $1,500",10/30/2022 08:18:00 PM,FAILING TO YIELD RIGHT-OF-WAY,NOT APPLICABLE,5,W,TERMINAL ST,1655,2,NO INDICATION OF INJURY,0,0,0,0,0,3,0,20,1,10,,,
30,NO CONTROLS,NO CONTROLS,CLEAR,"DARKNESS, LIGHTED ROAD",SIDESWIPE SAME DIRECTION,ONE-WAY,STRAIGHT AND LEVEL,DRY,UNKNOWN,ON SCENE,NO INJURY / DRIVE AWAY,,Y,$500 OR LESS,06/23/2023 08:59:00 PM,IMPROPER LANE USAGE,NOT APPLICABLE,5,W,TERMINAL ST,1655,2,NO INDICATION OF INJURY,0,0,0,0,0,2,0,20,6,6,,,
35,TRAFFIC SIGNAL,FUNCTIONING PROPERLY,CLEAR,DAYLIGHT,REAR END,DIVIDED - W/MEDIAN BARRIER,STRAIGHT AND LEVEL,DRY,NO DEFECTS,NOT ON SCENE (DESK REPORT),NO INJURY / DRIVE AWAY,Y,,"OVER $1,500",12/06/2016 02:34:00 PM,NOT APPLICABLE,NOT APPLICABLE,115,W,CERMAK RD,131,2,NO INDICATION OF INJURY,0,0,0,0,0,4,0,13,3,12,41.85276755,-87.630024824,POINT (-87.630024824031 41.852767550035)
30,NO CONTROLS,NO CONTROLS,CLEAR,DAYLIGHT,ANGLE,NOT DIVIDED,STRAIGHT AND LEVEL,DRY,NO DEFECTS,NOT ON SCENE (DESK REPORT),NO INJURY / DRIVE AWAY,,,"OVER $1,500",02/15/2023 09:15:00 AM,IMPROPER LANE USAGE,UNABLE TO DETERMINE,1759,S,CALIFORNIA AVE,1023,2,NO INDICATION OF INJURY,0,0,0,0,0,5,0,8,4,2,,,
30,NO CONTROLS,NO CONTROLS,CLEAR,DAYLIGHT,PEDALCYCLIST,NOT DIVIDED,STRAIGHT AND LEVEL,UNKNOWN,UNKNOWN,ON SCENE,INJURY AND / OR TOW DUE TO CRASH,,,"OVER $1,500",05/30/2023 05:24:00 PM,"OPERATING VEHICLE IN ERRATIC, RECKLESS, CARELESS, NEGLIGENT OR AGGRESSIVE MANNER","OPERATING VEHICLE IN ERRATIC, RECKLESS, CARELESS, NEGLIGENT OR AGGRESSIVE MANNER",3300,W,BRYN MAWR AVE,1711,2,INCAPACITATING INJURY,1,0,1,0,0,1,0,17,3,5,41.983148128,-87.71136489,POINT (-87.711364889983 41.983148127979)
20,NO CONTROLS,NO CONTROLS,SNOW,DARKNESS,PARKED MOTOR VEHICLE,PARKING LOT,STRAIGHT AND LEVEL,SNOW OR SLUSH,NO DEFECTS,NOT ON SCENE (DESK REPORT),NO INJURY / DRIVE AWAY,,,"$501 - $1,500",01/27/2019 06:00:00 AM,UNABLE TO DETERMINE,UNABLE TO DETERMINE,502,W,OHARE ST,1653,2,NO INDICATION OF INJURY,0,0,0,0,0,1,0,21,7,1,,,
10,NO CONTROLS,NO CONTROLS,CLEAR,"DARKNESS, LIGHTED ROAD",PARKED MOTOR VEHICLE,PARKING LOT,STRAIGHT AND LEVEL,DRY,NO DEFECTS,ON SCENE,NO INJURY / DRIVE AWAY,,,"OVER $1,500",04/27/2019 12:17:00 AM,UNABLE TO DETERMINE,NOT APPLICABLE,4201,S,ASHLAND AVE,924,2,NO INDICATION OF INJURY,0,0,0,0,0,1,0,0,7,4,41.817683733,-87.6650402,POINT (-87.665040200043 41.817683733038)
35,STOP SIGN/FLASHER,FUNCTIONING PROPERLY,CLEAR,"DARKNESS, LIGHTED ROAD",TURNING,T-INTERSECTION,STRAIGHT AND LEVEL,DRY,NO DEFECTS,ON SCENE,INJURY AND / OR TOW DUE TO CRASH,Y,,"OVER $1,500",03/02/2020 04:35:00 AM,DISREGARDING STOP SIGN,NOT APPLICABLE,612,W,OHARE ST,1654,2,NONINCAPACITATING INJURY,1,0,0,1,0,2,0,4,2,3,,,
30,NO CONTROLS,NO CONTROLS,CLEAR,DAYLIGHT,TURNING,T-INTERSECTION,STRAIGHT AND LEVEL,DRY,NO DEFECTS,ON SCENE,INJURY AND / OR TOW DUE TO CRASH,Y,,"OVER $1,500",06/30/2023 09:56:00 AM,FAILING TO REDUCE SPEED TO AVOID CRASH,NOT APPLICABLE,4145,W,MONTROSE AVE,1722,3,NONINCAPACITATING INJURY,1,0,0,1,0,3,0,9,6,6,41.960798663,-87.73123173,POINT (-87.731231730003 41.960798662999)
20,NO CONTROLS,NO CONTROLS,RAIN,DARKNESS,OTHER OBJECT,OTHER,STRAIGHT AND LEVEL,WET,NO DEFECTS,ON SCENE,NO INJURY / DRIVE AWAY,,,"$501 - $1,500",06/13/2023 02:15:00 PM,NOT APPLICABLE,NOT APPLICABLE,522,W,OHARE ST,1654,1,NO INDICATION OF INJURY,0,0,0,0,0,1,0,13,3,6,,,
30,TRAFFIC SIGNAL,FUNCTIONING PROPERLY,CLEAR,DAYLIGHT,REAR END,NOT DIVIDED,STRAIGHT AND LEVEL,DRY,NO DEFECTS,ON SCENE,NO INJURY / DRIVE AWAY,,,$500 OR LESS,02/23/2022 08:12:00 AM,FOLLOWING TOO CLOSELY,PHYSICAL CONDITION OF DRIVER,2301,W,FULLERTON AVE,1432,2,NO INDICATION OF INJURY,0,0,0,0,0,3,0,8,4,2,41.924820733,-87.685301935,POINT (-87.685301935013 41.924820733031)
30,NO CONTROLS,NO CONTROLS,CLEAR,DAYLIGHT,FIXED OBJECT,NOT DIVIDED,STRAIGHT AND LEVEL,UNKNOWN,"RUT, HOLES",NOT ON SCENE (DESK REPORT),NO INJURY / DRIVE AWAY,,,"$501 - $1,500",06/01/2019 07:33:00 PM,ROAD CONSTRUCTION/MAINTENANCE,ROAD CONSTRUCTION/MAINTENANCE,2600,W,IRVING PARK RD,1911,1,NO INDICATION OF INJURY,0,0,0,0,0,3,0,17,6,5,41.954105717,-87.693290369,POINT (-87.693290369008 41.954105716988)
30,NO CONTROLS,NO CONTROLS,CLEAR,DAYLIGHT,PARKED MOTOR VEHICLE,ALLEY,STRAIGHT AND LEVEL,DRY,NO DEFECTS,NOT ON SCENE (DESK REPORT),NO INJURY / DRIVE AWAY,,,"$501 - $1,500",03/14/2022 10:15:00 AM,IMPROPER OVERTAKING/PASSING,UNABLE TO DETERMINE,1417,S,SAWYER AVE,1022,2,NO INDICATION OF INJURY,0,0,0,0,0,4,0,9,2,3,41.861941197,-87.706613776,POINT (-87.706613775973 41.861941196954)
35,STOP SIGN/FLASHER,NO CONTROLS,SNOW,"DARKNESS, LIGHTED ROAD",HEAD ON,NOT DIVIDED,STRAIGHT AND LEVEL,SNOW OR SLUSH,UNKNOWN,,INJURY AND / OR TOW DUE TO CRASH,,Y,"OVER $1,500",02/25/2023 01:07:00 AM,DRIVING ON WRONG SIDE/WRONG WAY,NOT APPLICABLE,3128,W,51ST ST,923,2,NONINCAPACITATING INJURY,3,0,0,3,0,1,0,1,7,2,41.800951884,-87.702486624,POINT (-87.702486624015 41.800951884004)
20,NO CONTROLS,NO CONTROLS,CLEAR,DAYLIGHT,SIDESWIPE SAME DIRECTION,DRIVEWAY,STRAIGHT AND LEVEL,DRY,NO DEFECTS,ON SCENE,INJURY AND / OR TOW DUE TO CRASH,,,"$501 - $1,500",10/24/2019 11:08:00 AM,UNABLE TO DETERMINE,UNABLE TO DETERMINE,1,W,PARKING LOT C ST,1654,2,NONINCAPACITATING INJURY,1,0,0,1,0,1,0,11,5,10,,,
30,NO CONTROLS,NO CONTROLS,CLEAR,DUSK,PARKED MOTOR VEHICLE,NOT DIVIDED,STRAIGHT AND LEVEL,DRY,NO DEFECTS,ON SCENE,NO INJURY / DRIVE AWAY,,,"$501 - $1,500",07/01/2018 08:25:00 PM,DISTRACTION - FROM OUTSIDE VEHICLE,NOT APPLICABLE,1058,N,PAULINA ST,1213,2,NO INDICATION OF INJURY,0,0,0,0,0,1,0,20,1,7,41.901339646,-87.670033643,POINT (-87.67003364305 41.901339646042)
30,NO CONTROLS,NO CONTROLS,CLEAR,DAYLIGHT,PARKED MOTOR VEHICLE,OTHER,STRAIGHT AND LEVEL,DRY,NO DEFECTS,NOT ON SCENE (DESK REPORT),NO INJURY / DRIVE AWAY,,,"OVER $1,500",07/18/2022 07:40:00 PM,UNABLE TO DETERMINE,NOT APPLICABLE,8300,S,STONY ISLAND AVE,412,2,NO INDICATION OF INJURY,0,0,0,0,0,1,0,15,7,7,41.744151639,-87.585945067,POINT (-87.585945066953 41.744151639042)
35,NO CONTROLS,NO CONTROLS,CLEAR,DAYLIGHT,PARKED MOTOR VEHICLE,NOT DIVIDED,STRAIGHT AND LEVEL,DRY,NO DEFECTS,NOT ON SCENE (DESK REPORT),NO INJURY / DRIVE AWAY,,,"$501 - $1,500",03/26/2018 03:20:00 PM,UNABLE TO DETERMINE,UNABLE TO DETERMINE,3999,N,AVONDALE AVE,1732,2,NO INDICATION OF INJURY,0,0,0,0,0,2,0,14,2,3,41.9536469,-87.732081736,POINT (-87.732081736006 41.953646899951)
25,NO CONTROLS,NO CONTROLS,CLEAR,DARKNESS,FIXED OBJECT,NOT DIVIDED,"CURVE, LEVEL",DRY,NO DEFECTS,ON SCENE,INJURY AND / OR TOW DUE TO CRASH,,,"OVER $1,500",07/28/2020 10:38:00 PM,PHYSICAL CONDITION OF DRIVER,UNABLE TO DETERMINE,8300,S,COMMERCIAL AVE,424,1,NONINCAPACITATING INJURY,1,0,0,1,0,3,0,21,3,7,,,
20,NO CONTROLS,NO CONTROLS,CLEAR,DAYLIGHT,SIDESWIPE SAME DIRECTION,NOT DIVIDED,STRAIGHT AND LEVEL,DRY,NO DEFECTS,,NO INJURY / DRIVE AWAY,,,"OVER $1,500",07/02/2021 03:45:00 PM,FAILING TO YIELD RIGHT-OF-WAY,IMPROPER OVERTAKING/PASSING,4760,W,76TH ST,833,2,NO INDICATION OF INJURY,0,0,0,0,0,2,0,15,6,7,,,
30,NO CONTROLS,NO CONTROLS,CLEAR,DAYLIGHT,REAR TO FRONT,ONE-WAY,STRAIGHT AND LEVEL,DRY,UNKNOWN,NOT ON SCENE (DESK REPORT),NO INJURY / DRIVE AWAY,,,"OVER $1,500",04/09/2022 03:50:00 PM,UNABLE TO DETERMINE,UNABLE TO DETERMINE,4902,N,NATOMA AVE,1613,2,NO INDICATION OF INJURY,0,0,0,0,0,4,0,14,7,4,41.970327854,-87.792971525,POINT (-87.792971525021 41.970327854048)
25,NO CONTROLS,NO CONTROLS,CLEAR,DAYLIGHT,SIDESWIPE SAME DIRECTION,ONE-WAY,STRAIGHT AND LEVEL,DRY,NO DEFECTS,ON SCENE,INJURY AND / OR TOW DUE TO CRASH,,,"OVER $1,500",07/26/2019 06:43:00 AM,EQUIPMENT - VEHICLE CONDITION,DRIVING SKILLS/KNOWLEDGE/EXPERIENCE,90,W,I190 EXPY,1654,2,NO INDICATION OF INJURY,0,0,0,0,0,2,0,6,6,7,,,
30,STOP SIGN/FLASHER,NOT FUNCTIONING,CLEAR,DAYLIGHT,ANGLE,FOUR WAY,STRAIGHT AND LEVEL,DRY,NO DEFECTS,ON SCENE,NO INJURY / DRIVE AWAY,Y,,"OVER $1,500",08/12/2020 01:15:00 PM,DISREGARDING STOP SIGN,NOT APPLICABLE,6259,S,YALE AVE,711,2,NO INDICATION OF INJURY,0,0,0,0,0,2,0,13,4,8,,,
30,TRAFFIC SIGNAL,FUNCTIONING PROPERLY,CLEAR,"DARKNESS, LIGHTED ROAD",TURNING,CENTER TURN LANE,STRAIGHT AND LEVEL,DRY,UNKNOWN,ON SCENE,NO INJURY / DRIVE AWAY,,,"$501 - $1,500",09/29/2022 08:45:00 PM,IMPROPER TURNING/NO SIGNAL,FAILING TO YIELD RIGHT-OF-WAY,93,N,BESSIE COLEMAN DR,1654,2,NO INDICATION OF INJURY,0,0,0,0,0,2,0,20,5,9,,,
20,NO CONTROLS,NO CONTROLS,CLEAR,DAYLIGHT,PARKED MOTOR VEHICLE,PARKING LOT,STRAIGHT AND LEVEL,DRY,NO DEFECTS,ON SCENE,NO INJURY / DRIVE AWAY,,,"OVER $1,500",10/30/2021 09:15:00 AM,FAILING TO YIELD RIGHT-OF-WAY,FAILING TO YIELD RIGHT-OF-WAY,632,W,OHARE ST,1654,2,NO INDICATION OF INJURY,0,0,0,0,0,2,0,9,7,10,,,
30,TRAFFIC SIGNAL,FUNCTIONING PROPERLY,CLEAR,DAWN,TURNING,CENTER TURN LANE,STRAIGHT AND LEVEL,DRY,NO DEFECTS,ON SCENE,NO INJURY / DRIVE AWAY,,,"$501 - $1,500",09/15/2020 06:51:00 AM,FAILING TO YIELD RIGHT-OF-WAY,DRIVING SKILLS/KNOWLEDGE/EXPERIENCE,4709,S,PULASKI RD,821,2,NO INDICATION OF INJURY,0,0,0,0,0,5,0,6,3,9,41.807565059,-87.72342965,POINT (-87.723429650002 41.80756505903)
25,NO CONTROLS,NO CONTROLS,CLEAR,DUSK,SIDESWIPE SAME DIRECTION,OTHER,STRAIGHT AND LEVEL,DRY,NO DEFECTS,ON SCENE,NO INJURY / DRIVE AWAY,,Y,$500 OR LESS,02/25/2019 06:10:00 AM,UNABLE TO DETERMINE,UNABLE TO DETERMINE,1,W,PARKING LOT E SEC G ST,1654,2,NO INDICATION OF INJURY,0,0,0,0,0,2,0,6,2,2,,,