POSTED_SPEED_LIMIT,TRAFFIC_CONTROL_DEVICE,DEVICE_CONDITION,WEATHER_CONDITION,LIGHTING_CONDITION,FIRST_CRASH_TYPE,TRAFFICWAY_TYPE,ALIGNMENT,ROADWAY_SURFACE_COND,ROAD_DEFECT,REPORT_TYPE,CRASH_TYPE,INTERSECTION_RELATED_I,HIT_AND_RUN_I,DAMAGE,DATE_POLICE_NOTIFIED,PRIM_CONTRIBUTORY_CAUSE,SEC_CONTRIBUTORY_CAUSE,STREET_NO,STREET_DIRECTION,STREET_NAME,BEAT_OF_OCCURRENCE,NUM_UNITS,MOST_SEVERE_INJURY,INJURIES_TOTAL,INJURIES_FATAL,INJURIES_INCAPACITATING,INJURIES_NON_INCAPACITATING,INJURIES_REPORTED_NOT_EVIDENT,INJURIES_NO_INDICATION,INJURIES_UNKNOWN,CRASH_HOUR,CRASH_DAY_OF_WEEK,CRASH_MONTH,LATITUDE,LONGITUDE,LOCATION
10,NO CONTROLS,NO CONTROLS,CLEAR,"DARKNESS, LIGHTED ROAD",SIDESWIPE SAME DIRECTION,ONE-WAY,STRAIGHT AND LEVEL,SNOW OR SLUSH,NO DEFECTS,ON SCENE,NO INJURY / DRIVE AWAY,,,"$501 - $1,500",02/13/2020 11:42:00 PM,NOT APPLICABLE,NOT APPLICABLE,524,W,OHARE ST,1654,2,NO INDICATION OF INJURY,0,0,0,0,0,2,0,23,5,2,,,
30,TRAFFIC SIGNAL,FUNCTIONING PROPERLY,CLOUDY/OVERCAST,"DARKNESS, LIGHTED ROAD",TURNING,NOT DIVIDED,STRAIGHT AND LEVEL,UNKNOWN,UNKNOWN,ON SCENE,NO INJURY / DRIVE AWAY,,Y,"OVER $1,500",08/08/2022 10:17:00 PM,FAILING TO YIELD RIGHT-OF-WAY,UNABLE TO DETERMINE,3957,W,CHICAGO AVE,1112,2,NO INDICATION OF INJURY,0,0,0,0,0,2,0,21,2,8,41.895259507,-87.72592622,POINT (-87.725926219958 41.895259506969)
30,NO CONTROLS,NO CONTROLS,CLEAR,DAYLIGHT,SIDESWIPE SAME DIRECTION,NOT DIVIDED,STRAIGHT AND LEVEL,DRY,NO DEFECTS,NOT ON SCENE (DESK REPORT),NO INJURY / DRIVE AWAY,,,"OVER $1,500",11/14/2022 05:47:00 PM,NOT APPLICABLE,NOT APPLICABLE,7400,S,SOUTH SHORE DR,334,2,NO INDICATION OF INJURY,0,0,0,0,0,2,0,14,2,11,41.762174118,-87.558927464,POINT (-87.558927463962 41.762174118016)
55,LANE USE MARKING,FUNCTIONING PROPERLY,CLOUDY/OVERCAST,DAYLIGHT,TURNING,DIVIDED - W/MEDIAN BARRIER,"CURVE, LEVEL",WET,NO DEFECTS,ON SCENE,NO INJURY / DRIVE AWAY,,,"OVER $1,500",12/21/2018 09:02:00 AM,IMPROPER TURNING/NO SIGNAL,FAILING TO REDUCE SPEED TO AVOID CRASH,8801,S,CHICAGO SKYWAY IB,423,2,NO INDICATION OF INJURY,0,0,0,0,0,2,0,9,6,12,,,
40,TRAFFIC SIGNAL,FUNCTIONING PROPERLY,SNOW,DAYLIGHT,SIDESWIPE SAME DIRECTION,DIVIDED - W/MEDIAN BARRIER,STRAIGHT AND LEVEL,ICE,NO DEFECTS,ON SCENE,INJURY AND / OR TOW DUE TO CRASH,Y,,"OVER $1,500",01/23/2022 07:49:00 AM,WEATHER,UNABLE TO DETERMINE,12300,W,IRVING PARK RD,1654,2,NO INDICATION OF INJURY,0,0,0,0,0,2,0,7,1,1,41.958986951,-87.933993929,POINT (-87.933993928974 41.958986950953)
30,TRAFFIC SIGNAL,UNKNOWN,CLEAR,"DARKNESS, LIGHTED ROAD",ANGLE,DIVIDED - W/MEDIAN BARRIER,STRAIGHT AND LEVEL,DRY,UNKNOWN,ON SCENE,INJURY AND / OR TOW DUE TO CRASH,Y,,"OVER $1,500",10/09/2018 04:08:00 AM,UNABLE TO DETERMINE,UNABLE TO DETERMINE,5500,S,WENTWORTH AVE,225,2,NONINCAPACITATING INJURY,3,0,0,3,0,1,0,4,3,10,,,
30,STOP SIGN/FLASHER,FUNCTIONING PROPERLY,RAIN,DAYLIGHT,ANGLE,NOT DIVIDED,STRAIGHT AND LEVEL,WET,NO DEFECTS,ON SCENE,INJURY AND / OR TOW DUE TO CRASH,Y,,"OVER $1,500",08/08/2022 03:55:00 PM,FAILING TO YIELD RIGHT-OF-WAY,NOT APPLICABLE,1879,W,OGDEN AVE,1231,2,NONINCAPACITATING INJURY,1,0,0,1,0,1,0,15,2,8,41.875008491,-87.673536864,POINT (-87.673536864033 41.875008491025)
30,TRAFFIC SIGNAL,FUNCTIONING PROPERLY,CLEAR,DAYLIGHT,SIDESWIPE SAME DIRECTION,NOT DIVIDED,STRAIGHT AND LEVEL,DRY,NO DEFECTS,NOT ON SCENE (DESK REPORT),NO INJURY / DRIVE AWAY,,,$500 OR LESS,08/23/2022 07:45:00 PM,IMPROPER LANE USAGE,FOLLOWING TOO CLOSELY,1332,W,DIVISION ST,1433,2,NO INDICATION OF INJURY,0,0,0,0,0,2,0,7,2,8,41.903536788,-87.661859583,POINT (-87.661859582959 41.903536788031)
30,TRAFFIC SIGNAL,FUNCTIONING PROPERLY,CLEAR,DAYLIGHT,REAR END,NOT DIVIDED,STRAIGHT AND LEVEL,DRY,NO DEFECTS,NOT ON SCENE (DESK REPORT),NO INJURY / DRIVE AWAY,,,"$501 - $1,500",08/19/2018 12:14:00 PM,DRIVING SKILLS/KNOWLEDGE/EXPERIENCE,UNABLE TO DETERMINE,1437,W,MONTROSE AVE,1912,2,NO INDICATION OF INJURY,0,0,0,0,0,4,0,10,6,8,41.961519135,-87.666419675,POINT (-87.666419675027 41.961519134991)
30,NO CONTROLS,NO CONTROLS,CLEAR,DAYLIGHT,TURNING,DIVIDED - W/MEDIAN (NOT RAISED),STRAIGHT AND LEVEL,DRY,NO DEFECTS,ON SCENE,NO INJURY / DRIVE AWAY,,,"OVER $1,500",10/24/2022 07:45:00 AM,IMPROPER OVERTAKING/PASSING,NOT APPLICABLE,2607,S,CALIFORNIA AVE,1034,2,NO INDICATION OF INJURY,0,0,0,0,0,3,0,7,2,10,,,
30,NO CONTROLS,UNKNOWN,RAIN,DAYLIGHT,ANGLE,NOT DIVIDED,STRAIGHT AND LEVEL,WET,NO DEFECTS,NOT ON SCENE (DESK REPORT),NO INJURY / DRIVE AWAY,,,$500 OR LESS,04/30/2019 03:49:00 PM,FAILING TO YIELD RIGHT-OF-WAY,FAILING TO YIELD RIGHT-OF-WAY,6451,N,NORTHWEST HWY,1611,2,NO INDICATION OF INJURY,0,0,0,0,0,2,0,15,3,4,41.998083252,-87.808397703,POINT (-87.808397702977 41.998083251992)
30,NO CONTROLS,NO CONTROLS,RAIN,"DARKNESS, LIGHTED ROAD",PARKED MOTOR VEHICLE,DIVIDED - W/MEDIAN (NOT RAISED),STRAIGHT AND LEVEL,WET,NO DEFECTS,ON SCENE,NO INJURY / DRIVE AWAY,,Y,"OVER $1,500",08/16/2017 08:30:00 PM,UNABLE TO DETERMINE,UNABLE TO DETERMINE,4021,W,ADDISON ST,1731,2,NO INDICATION OF INJURY,0,0,0,0,0,1,0,18,4,8,41.946253021,-87.728237694,POINT (-87.728237693977 41.946253021038)
30,TRAFFIC SIGNAL,FUNCTIONING PROPERLY,CLEAR,DAYLIGHT,TURNING,ONE-WAY,STRAIGHT AND LEVEL,DRY,NO DEFECTS,NOT ON SCENE (DESK REPORT),NO INJURY / DRIVE AWAY,Y,,"$501 - $1,500",03/27/2021 10:10:00 AM,IMPROPER LANE USAGE,UNABLE TO DETERMINE,36,W,SUPERIOR ST,1832,2,NO INDICATION OF INJURY,0,0,0,0,0,2,0,9,7,3,41.895768039,-87.629678317,POINT (-87.629678317 41.895768039028)
30,TRAFFIC SIGNAL,FUNCTIONING PROPERLY,CLEAR,DAYLIGHT,TURNING,NOT DIVIDED,STRAIGHT AND LEVEL,DRY,NO DEFECTS,ON SCENE,NO INJURY / DRIVE AWAY,,,"OVER $1,500",10/28/2020 09:55:00 AM,FOLLOWING TOO CLOSELY,NOT APPLICABLE,3907,W,BELMONT AVE,2523,2,NO INDICATION OF INJURY,0,0,0,0,0,2,0,9,4,10,41.939021277,-87.724178248,POINT (-87.724178247957 41.939021277045)
30,NO CONTROLS,NO CONTROLS,SNOW,"DARKNESS, LIGHTED ROAD",PARKED MOTOR VEHICLE,NOT DIVIDED,STRAIGHT AND LEVEL,SNOW OR SLUSH,NO DEFECTS,ON SCENE,INJURY AND / OR TOW DUE TO CRASH,,,"OVER $1,500",01/29/2021 11:59:00 PM,UNABLE TO DETERMINE,NOT APPLICABLE,6632,W,DIVERSEY AVE,2511,2,NO INDICATION OF INJURY,0,0,0,0,0,1,0,23,6,1,41.931036923,-87.791942933,POINT (-87.791942932976 41.931036922967)
30,NO CONTROLS,NO CONTROLS,CLEAR,DAYLIGHT,PARKED MOTOR VEHICLE,NOT DIVIDED,STRAIGHT AND LEVEL,DRY,NO DEFECTS,ON SCENE,NO INJURY / DRIVE AWAY,,Y,"OVER $1,500",07/07/2020 06:32:00 PM,IMPROPER TURNING/NO SIGNAL,NOT APPLICABLE,1357,E,HYDE PARK BLVD,234,2,NO INDICATION OF INJURY,0,0,0,0,0,1,0,13,3,7,41.802300329,-87.592875871,POINT (-87.592875870968 41.802300329046)
30,TRAFFIC SIGNAL,FUNCTIONING PROPERLY,CLEAR,DAYLIGHT,SIDESWIPE SAME DIRECTION,DIVIDED - W/MEDIAN (NOT RAISED),STRAIGHT AND LEVEL,UNKNOWN,NO DEFECTS,NOT ON SCENE (DESK REPORT),NO INJURY / DRIVE AWAY,,,"OVER $1,500",08/11/2016 04:00:00 PM,DISTRACTION - FROM OUTSIDE VEHICLE,DISTRACTION - FROM OUTSIDE VEHICLE,368,E,GARFIELD BLVD,231,2,NO INDICATION OF INJURY,0,0,0,0,0,2,0,15,5,8,41.794908912,-87.616471792,POINT (-87.61647179201 41.794908912028)
30,NO CONTROLS,NO CONTROLS,CLEAR,DAYLIGHT,REAR TO FRONT,NOT DIVIDED,STRAIGHT AND LEVEL,DRY,NO DEFECTS,NOT ON SCENE (DESK REPORT),NO INJURY / DRIVE AWAY,,,"OVER $1,500",11/12/2022 10:40:00 AM,IMPROPER BACKING,UNABLE TO DETERMINE,2401,W,ROOSEVELT RD,1023,2,NO INDICATION OF INJURY,0,0,0,0,0,2,0,9,7,11,41.866501191,-87.686157599,POINT (-87.686157599021 41.866501191036)
20,NO CONTROLS,NO CONTROLS,CLEAR,DAYLIGHT,SIDESWIPE SAME DIRECTION,OTHER,STRAIGHT AND LEVEL,DRY,NO DEFECTS,NOT ON SCENE (DESK REPORT),NO INJURY / DRIVE AWAY,,Y,"OVER $1,500",05/08/2023 08:20:00 AM,UNABLE TO DETERMINE,UNABLE TO DETERMINE,3,W,TERMINAL ST,1653,2,NO INDICATION OF INJURY,0,0,0,0,0,2,0,7,2,5,,,
30,NO CONTROLS,NO CONTROLS,CLEAR,DAYLIGHT,PARKED MOTOR VEHICLE,NOT DIVIDED,STRAIGHT AND LEVEL,DRY,NO DEFECTS,NOT ON SCENE (DESK REPORT),NO INJURY / DRIVE AWAY,,,"OVER $1,500",10/24/2016 12:45:00 PM,UNABLE TO DETERMINE,NOT APPLICABLE,1200,W,79TH PL,612,2,NO INDICATION OF INJURY,0,0,0,0,0,1,0,12,2,10,,,
30,TRAFFIC SIGNAL,FUNCTIONING PROPERLY,CLEAR,DAYLIGHT,TURNING,NOT DIVIDED,STRAIGHT AND LEVEL,DRY,NO DEFECTS,NOT ON SCENE (DESK REPORT),NO INJURY / DRIVE AWAY,,,"OVER $1,500",06/22/2017 06:30:00 PM,UNABLE TO DETERMINE,NOT APPLICABLE,8901,S,COLFAX AVE,423,2,NO INDICATION OF INJURY,0,0,0,0,0,3,0,17,5,6,,,
15,NO CONTROLS,NO CONTROLS,RAIN,"DARKNESS, LIGHTED ROAD",PARKED MOTOR VEHICLE,PARKING LOT,STRAIGHT AND LEVEL,WET,SHOULDER DEFECT,,NO INJURY / DRIVE AWAY,,Y,"$501 - $1,500",04/14/2018 06:43:00 PM,WEATHER,UNABLE TO DETERMINE,5224,N,BROADWAY,2013,2,NO INDICATION OF INJURY,0,0,0,0,0,1,0,18,7,4,41.977089945,-87.660033687,POINT (-87.66003368701 41.977089944963)
30,TRAFFIC SIGNAL,FUNCTIONING PROPERLY,CLEAR,"DARKNESS, LIGHTED ROAD",TURNING,NOT DIVIDED,STRAIGHT AND LEVEL,DRY,NO DEFECTS,ON SCENE,NO INJURY / DRIVE AWAY,Y,,"OVER $1,500",03/21/2019 10:52:00 PM,UNABLE TO DETERMINE,UNABLE TO DETERMINE,8301,S,CICERO AVE,834,2,NO INDICATION OF INJURY,0,0,0,0,0,2,0,22,5,3,41.741803599,-87.740953582,POINT (-87.740953581987 41.741803598989)
20,NO CONTROLS,NO CONTROLS,CLOUDY/OVERCAST,DAYLIGHT,PARKED MOTOR VEHICLE,OTHER,STRAIGHT AND LEVEL,DRY,NO DEFECTS,NOT ON SCENE (DESK REPORT),NO INJURY / DRIVE AWAY,,,"OVER $1,500",12/10/2021 01:57:00 PM,UNABLE TO DETERMINE,NOT APPLICABLE,5,W,TERMINAL ST,1655,2,NO INDICATION OF INJURY,0,0,0,0,0,1,0,13,6,12,,,
30,NO CONTROLS,NO CONTROLS,CLEAR,DAYLIGHT,TURNING,DIVIDED - W/MEDIAN (NOT RAISED),STRAIGHT AND LEVEL,UNKNOWN,UNKNOWN,NOT ON SCENE (DESK REPORT),NO INJURY / DRIVE AWAY,,Y,"OVER $1,500",08/12/2017 06:45:00 PM,UNABLE TO DETERMINE,UNABLE TO DETERMINE,6000,W,GRAND AVE,2512,2,NO INDICATION OF INJURY,0,0,0,0,0,2,0,18,7,8,41.920676631,-87.775630269,POINT (-87.775630269041 41.920676630982)
30,TRAFFIC SIGNAL,FUNCTIONING PROPERLY,CLEAR,DARKNESS,ANGLE,FOUR WAY,STRAIGHT AND LEVEL,DRY,UNKNOWN,ON SCENE,INJURY AND / OR TOW DUE TO CRASH,Y,,"OVER $1,500",01/26/2020 06:44:00 PM,UNABLE TO DETERMINE,UNABLE TO DETERMINE,2600,S,CALIFORNIA BLVD,1034,2,NO INDICATION OF INJURY,0,0,0,0,0,8,0,18,1,1,41.844607515,-87.694804642,POINT (-87.694804642033 41.844607514956)
20,NO CONTROLS,NO CONTROLS,CLEAR,DAYLIGHT,PARKED MOTOR VEHICLE,OTHER,STRAIGHT AND LEVEL,DRY,NO DEFECTS,ON SCENE,NO INJURY / DRIVE AWAY,,Y,"$501 - $1,500",12/18/2020 05:00:00 PM,IMPROPER BACKING,NOT APPLICABLE,600,W,OHARE ST,1654,2,NO INDICATION OF INJURY,0,0,0,0,0,1,0,16,5,12,,,
30,STOP SIGN/FLASHER,NO CONTROLS,CLEAR,DAYLIGHT,SIDESWIPE SAME DIRECTION,NOT DIVIDED,STRAIGHT AND LEVEL,DRY,NO DEFECTS,NOT ON SCENE (DESK REPORT),NO INJURY / DRIVE AWAY,,Y,"$501 - $1,500",05/31/2019 07:07:00 PM,UNABLE TO DETERMINE,UNABLE TO DETERMINE,636,N,RACINE AVE,1215,2,NO INDICATION OF INJURY,0,0,0,0,0,6,0,18,6,5,41.893380429,-87.657587738,POINT (-87.657587737968 41.893380429025)
30,UNKNOWN,UNKNOWN,CLEAR,DAWN,ANGLE,FOUR WAY,STRAIGHT AND LEVEL,DRY,NO DEFECTS,ON SCENE,NO INJURY / DRIVE AWAY,Y,Y,"$501 - $1,500",01/21/2020 03:55:00 PM,FAILING TO YIELD RIGHT-OF-WAY,UNABLE TO DETERMINE,1957,W,POLK ST,1231,2,NO INDICATION OF INJURY,0,0,0,0,0,2,0,15,3,1,41.871374327,-87.675972838,POINT (-87.675972837973 41.871374327018)
30,TRAFFIC SIGNAL,FUNCTIONING PROPERLY,CLEAR,DAYLIGHT,TURNING,NOT DIVIDED,STRAIGHT AND LEVEL,DRY,UNKNOWN,NOT ON SCENE (DESK REPORT),NO INJURY / DRIVE AWAY,Y,,"OVER $1,500",08/30/2018 05:58:00 PM,IMPROPER OVERTAKING/PASSING,IMPROPER LANE USAGE,600,W,DIVISION ST,1822,2,NO INDICATION OF INJURY,0,0,0,0,0,2,0,17,5,8,41.903825234,-87.64328636,POINT (-87.643286359995 41.903825233976)
25,TRAFFIC SIGNAL,FUNCTIONING PROPERLY,CLEAR,"DARKNESS, LIGHTED ROAD",REAR END,DIVIDED - W/MEDIAN BARRIER,STRAIGHT AND LEVEL,DRY,NO DEFECTS,ON SCENE,NO INJURY / DRIVE AWAY,,,"OVER $1,500",12/17/2021 06:40:00 AM,UNABLE TO DETERMINE,NOT APPLICABLE,162,N,BESSIE COLEMAN DR,1654,2,NO INDICATION OF INJURY,0,0,0,0,0,2,0,6,6,12,,,
30,TRAFFIC SIGNAL,FUNCTIONING PROPERLY,CLEAR,"DARKNESS, LIGHTED ROAD",REAR END,ONE-WAY,STRAIGHT AND LEVEL,DRY,NO DEFECTS,ON SCENE,INJURY AND / OR TOW DUE TO CRASH,N,,"OVER $1,500",05/30/2022 12:49:00 AM,EQUIPMENT - VEHICLE CONDITION,NOT APPLICABLE,5500,S,WENTWORTH AVE,225,2,NO INDICATION OF INJURY,0,0,0,0,0,2,0,0,2,5,,,
30,TRAFFIC SIGNAL,FUNCTIONING PROPERLY,CLEAR,DAYLIGHT,SIDESWIPE SAME DIRECTION,DIVIDED - W/MEDIAN BARRIER,STRAIGHT AND LEVEL,DRY,NO DEFECTS,NOT ON SCENE (DESK REPORT),NO INJURY / DRIVE AWAY,Y,,"OVER $1,500",04/10/2023 10:40:00 AM,UNABLE TO DETERMINE,NOT APPLICABLE,6299,S,LAKE SHORE DR,331,2,NO INDICATION OF INJURY,0,0,0,0,0,2,0,10,2,4,,,
20,NO CONTROLS,NO CONTROLS,CLEAR,"DARKNESS, LIGHTED ROAD",SIDESWIPE SAME DIRECTION,ONE-WAY,STRAIGHT AND LEVEL,DRY,NO DEFECTS,NOT ON SCENE (DESK REPORT),NO INJURY / DRIVE AWAY,,,"$501 - $1,500",11/01/2021 06:15:00 AM,FAILING TO YIELD RIGHT-OF-WAY,NOT APPLICABLE,5,W,TERMINAL ST,1655,2,NO INDICATION OF INJURY,0,0,0,0,0,2,0,6,2,11,,,
20,NO CONTROLS,NO CONTROLS,CLEAR,DAYLIGHT,REAR TO FRONT,DIVIDED - W/MEDIAN (NOT RAISED),STRAIGHT AND LEVEL,DRY,NO DEFECTS,ON SCENE,NO INJURY / DRIVE AWAY,,,"OVER $1,500",01/27/2020 02:30:00 PM,IMPROPER BACKING,UNABLE TO DETERMINE,517,W,OHARE ST,1654,2,NO INDICATION OF INJURY,0,0,0,0,0,2,0,14,2,1,,,
25,TRAFFIC SIGNAL,FUNCTIONING PROPERLY,CLEAR,DAYLIGHT,SIDESWIPE SAME DIRECTION,NOT DIVIDED,STRAIGHT AND LEVEL,DRY,NO DEFECTS,NOT ON SCENE (DESK REPORT),NO INJURY / DRIVE AWAY,Y,,"$501 - $1,500",01/03/2016 02:45:00 PM,NOT APPLICABLE,NOT APPLICABLE,300,S,INDEPENDENCE BLVD,1122,2,NO INDICATION OF INJURY,0,0,0,0,0,2,0,14,1,1,,,
30,NO CONTROLS,NO CONTROLS,UNKNOWN,DAYLIGHT,PARKED MOTOR VEHICLE,PARKING LOT,STRAIGHT AND LEVEL,UNKNOWN,UNKNOWN,NOT ON SCENE (DESK REPORT),NO INJURY / DRIVE AWAY,,,"$501 - $1,500",03/03/2018 03:20:00 PM,UNABLE TO DETERMINE,UNABLE TO DETERMINE,43,N,HOMAN BLVD,1123,2,NO INDICATION OF INJURY,0,0,0,0,0,1,0,15,7,3,41.882211292,-87.710898608,POINT (-87.710898608036 41.882211292041)
20,NO CONTROLS,NO CONTROLS,CLEAR,DAWN,SIDESWIPE SAME DIRECTION,ONE-WAY,STRAIGHT AND LEVEL,DRY,NO DEFECTS,ON SCENE,NO INJURY / DRIVE AWAY,,,"OVER $1,500",10/21/2019 05:35:00 AM,FAILING TO YIELD RIGHT-OF-WAY,DRIVING SKILLS/KNOWLEDGE/EXPERIENCE,2,W,TERMINAL ST,1652,2,NO INDICATION OF INJURY,0,0,0,0,0,2,0,5,2,10,,,
30,STOP SIGN/FLASHER,FUNCTIONING PROPERLY,RAIN,"DARKNESS, LIGHTED ROAD",PARKED MOTOR VEHICLE,NOT DIVIDED,STRAIGHT AND LEVEL,WET,NO DEFECTS,ON SCENE,INJURY AND / OR TOW DUE TO CRASH,,,"OVER $1,500",05/22/2020 04:11:00 AM,WEATHER,NOT APPLICABLE,1756,E,67TH ST,331,2,NO INDICATION OF INJURY,0,0,0,0,0,3,0,4,6,5,41.773498605,-87.581563889,POINT (-87.581563889019 41.773498604953)
30,TRAFFIC SIGNAL,FUNCTIONING PROPERLY,CLEAR,"DARKNESS, LIGHTED ROAD",PEDESTRIAN,ONE-WAY,STRAIGHT AND LEVEL,DRY,NO DEFECTS,ON SCENE,INJURY AND / OR TOW DUE TO CRASH,,Y,"OVER $1,500",09/16/2019 01:56:00 AM,UNABLE TO DETERMINE,UNABLE TO DETERMINE,19,E,OHIO ST,1834,2,FATAL,1,1,0,0,0,1,0,1,2,9,41.892374041,-87.627242942,POINT (-87.627242941998 41.892374041012)
30,STOP SIGN/FLASHER,NO CONTROLS,RAIN,DAYLIGHT,ANGLE,NOT DIVIDED,STRAIGHT AND LEVEL,WET,NO DEFECTS,ON SCENE,INJURY AND / OR TOW DUE TO CRASH,Y,,"OVER $1,500",10/12/2022 09:24:00 AM,DISREGARDING STOP SIGN,FAILING TO REDUCE SPEED TO AVOID CRASH,1828,W,79TH ST,611,3,NONINCAPACITATING INJURY,3,0,0,2,1,1,0,9,4,10,41.750388107,-87.669438517,POINT (-87.669438516967 41.750388106952)
15,NO CONTROLS,NO CONTROLS,CLEAR,DAYLIGHT,SIDESWIPE SAME DIRECTION,DIVIDED - W/MEDIAN BARRIER,STRAIGHT AND LEVEL,DRY,NO DEFECTS,ON SCENE,NO INJURY / DRIVE AWAY,,,"$501 - $1,500",04/05/2022 03:20:00 PM,UNABLE TO DETERMINE,UNABLE TO DETERMINE,3,W,TERMINAL ST,1653,2,NO INDICATION OF INJURY,0,0,0,0,0,2,0,15,3,4,,,
30,NO CONTROLS,NO CONTROLS,CLEAR,"DARKNESS, LIGHTED ROAD",PARKED MOTOR VEHICLE,ONE-WAY,STRAIGHT AND LEVEL,DRY,NO DEFECTS,ON SCENE,INJURY AND / OR TOW DUE TO CRASH,,N,"OVER $1,500",01/30/2020 01:48:00 AM,UNABLE TO DETERMINE,UNABLE TO DETERMINE,4600,N,DOVER ST,1913,2,NO INDICATION OF INJURY,0,0,0,0,0,1,0,1,5,1,41.96536159,-87.6655912,POINT (-87.665591199993 41.965361590026)
45,TRAFFIC SIGNAL,FUNCTIONING PROPERLY,CLEAR,DAYLIGHT,REAR END,DIVIDED - W/MEDIAN BARRIER,STRAIGHT AND LEVEL,DRY,NO DEFECTS,ON SCENE,INJURY AND / OR TOW DUE TO CRASH,Y,,"OVER $1,500",08/18/2019 04:15:00 PM,FAILING TO REDUCE SPEED TO AVOID CRASH,DRIVING SKILLS/KNOWLEDGE/EXPERIENCE,4331,N,MANNHEIM RD,1654,2,NONINCAPACITATING INJURY,3,0,0,3,0,1,0,16,1,8,,,
30,NO CONTROLS,NO CONTROLS,CLEAR,DAYLIGHT,REAR END,NOT DIVIDED,STRAIGHT AND LEVEL,DRY,NO DEFECTS,NOT ON SCENE (DESK REPORT),NO INJURY / DRIVE AWAY,,,"$501 - $1,500",06/15/2017 05:56:00 PM,FOLLOWING TOO CLOSELY,FAILING TO REDUCE SPEED TO AVOID CRASH,127,E,GRAND AVE,1834,2,NO INDICATION OF INJURY,0,0,0,0,0,2,0,16,5,6,41.891621161,-87.624253929,POINT (-87.624253929022 41.891621161011)
10,NO CONTROLS,NO CONTROLS,CLEAR,"DARKNESS, LIGHTED ROAD",FIXED OBJECT,NOT DIVIDED,STRAIGHT AND LEVEL,DRY,UNKNOWN,ON SCENE,NO INJURY / DRIVE AWAY,,,"OVER $1,500",12/18/2022 11:15:00 PM,UNABLE TO DETERMINE,NOT APPLICABLE,582,W,OHARE ST,1654,1,,,,,,,,,23,1,12,,,
30,TRAFFIC SIGNAL,FUNCTIONING PROPERLY,CLEAR,DAYLIGHT,REAR END,ONE-WAY,STRAIGHT AND LEVEL,DRY,NO DEFECTS,NOT ON SCENE (DESK REPORT),NO INJURY / DRIVE AWAY,Y,,"$501 - $1,500",09/08/2015 12:10:00 PM,UNABLE TO DETERMINE,UNABLE TO DETERMINE,5500,S,WENTWORTH AVE,225,2,NO INDICATION OF INJURY,0,0,0,0,0,2,0,11,3,9,,,
30,NO CONTROLS,NO CONTROLS,CLEAR,"DARKNESS, LIGHTED ROAD",PARKED MOTOR VEHICLE,ONE-WAY,STRAIGHT AND LEVEL,DRY,NO DEFECTS,NOT ON SCENE (DESK REPORT),NO INJURY / DRIVE AWAY,,Y,"OVER $1,500",07/27/2018 01:25:00 AM,UNABLE TO DETERMINE,UNABLE TO DETERMINE,8200,S,VERNON AVE,631,2,NO INDICATION OF INJURY,0,0,0,0,0,1,0,23,5,7,41.745585752,-87.613706583,POINT (-87.613706582999 41.745585752047)
30,TRAFFIC SIGNAL,FUNCTIONING PROPERLY,CLEAR,DAYLIGHT,TURNING,"FIVE POINT, OR MORE",STRAIGHT AND LEVEL,DRY,NO DEFECTS,ON SCENE,INJURY AND / OR TOW DUE TO CRASH,Y,,"OVER $1,500",11/07/2022 10:10:00 AM,DISREGARDING TRAFFIC SIGNALS,NOT APPLICABLE,1732,N,LA SALLE DR,1814,2,NO INDICATION OF INJURY,0,0,0,0,0,4,0,10,2,11,,,
35,TRAFFIC SIGNAL,FUNCTIONING PROPERLY,RAIN,DAYLIGHT,REAR END,NOT DIVIDED,STRAIGHT AND LEVEL,WET,NO DEFECTS,NOT ON SCENE (DESK REPORT),NO INJURY / DRIVE AWAY,,,"$501 - $1,500",08/12/2019 07:17:00 PM,FAILING TO REDUCE SPEED TO AVOID CRASH,NOT APPLICABLE,4700,W,59TH ST,813,2,NO INDICATION OF INJURY,0,0,0,0,0,3,0,17,2,8,41.784385694,-87.740065946,POINT (-87.740065945952 41.784385693962)
20,NO CONTROLS,NO CONTROLS,CLEAR,DAYLIGHT,SIDESWIPE SAME DIRECTION,OTHER,STRAIGHT AND LEVEL,DRY,NO DEFECTS,ON SCENE,NO INJURY / DRIVE AWAY,,,"OVER $1,500",06/26/2023 04:15:00 PM,FAILING TO YIELD RIGHT-OF-WAY,DRIVING SKILLS/KNOWLEDGE/EXPERIENCE,5,W,TERMINAL ST,1655,2,NO INDICATION OF INJURY,0,0,0,0,0,2,0,16,2,6,,,
30,NO CONTROLS,NO CONTROLS,UNKNOWN,UNKNOWN,REAR END,NOT DIVIDED,STRAIGHT AND LEVEL,UNKNOWN,UNKNOWN,NOT ON SCENE (DESK REPORT),INJURY AND / OR TOW DUE TO CRASH,Y,,"$501 - $1,500",07/06/2020 04:45:00 PM,FOLLOWING TOO CLOSELY,NOT APPLICABLE,7074,N,RIDGE BLVD,2411,2,"REPORTED, NOT EVIDENT",1,0,0,0,1,1,0,14,3,6,42.0109408,-87.682754031,POINT (-87.68275403105 42.010940800028)
20,NO CONTROLS,NO CONTROLS,CLEAR,DAYLIGHT,REAR TO FRONT,OTHER,STRAIGHT AND LEVEL,DRY,NO DEFECTS,ON SCENE,NO INJURY / DRIVE AWAY,,,"OVER $1,500",11/19/2022 09:55:00 AM,IMPROPER BACKING,FAILING TO YIELD RIGHT-OF-WAY,517,W,OHARE ST,1654,2,NO INDICATION OF INJURY,0,0,0,0,0,2,0,9,7,11,,,