POSTED_SPEED_LIMIT,TRAFFIC_CONTROL_DEVICE,DEVICE_CONDITION,WEATHER_CONDITION,LIGHTING_CONDITION,FIRST_CRASH_TYPE,TRAFFICWAY_TYPE,ALIGNMENT,ROADWAY_SURFACE_COND,ROAD_DEFECT,REPORT_TYPE,CRASH_TYPE,INTERSECTION_RELATED_I,HIT_AND_RUN_I,DAMAGE,DATE_POLICE_NOTIFIED,PRIM_CONTRIBUTORY_CAUSE,SEC_CONTRIBUTORY_CAUSE,STREET_NO,STREET_DIRECTION,STREET_NAME,BEAT_OF_OCCURRENCE,NUM_UNITS,MOST_SEVERE_INJURY,INJURIES_TOTAL,INJURIES_FATAL,INJURIES_INCAPACITATING,INJURIES_NON_INCAPACITATING,INJURIES_REPORTED_NOT_EVIDENT,INJURIES_NO_INDICATION,INJURIES_UNKNOWN,CRASH_HOUR,CRASH_DAY_OF_WEEK,CRASH_MONTH,LATITUDE,LONGITUDE,LOCATION
10,NO CONTROLS,NO CONTROLS,CLEAR,DAYLIGHT,FIXED OBJECT,OTHER,STRAIGHT AND LEVEL,DRY,NO DEFECTS,ON SCENE,INJURY AND / OR TOW DUE TO CRASH,,,"OVER $1,500",04/21/2020 09:15:00 AM,UNABLE TO DETERMINE,UNABLE TO DETERMINE,4501,N,RACINE AVE,1913,1,NONINCAPACITATING INJURY,1,0,0,1,0,0,0,9,3,4,,,
35,TRAFFIC SIGNAL,FUNCTIONING PROPERLY,CLEAR,DAYLIGHT,TURNING,FOUR WAY,STRAIGHT AND LEVEL,DRY,NO DEFECTS,NOT ON SCENE (DESK REPORT),INJURY AND / OR TOW DUE TO CRASH,Y,,"OVER $1,500",04/21/2021 01:00:00 PM,UNABLE TO DETERMINE,NOT APPLICABLE,8300,S,STONY ISLAND AVE,412,2,"REPORTED, NOT EVIDENT",1,0,0,0,1,1,0,14,3,4,41.744151639,-87.585945067,POINT (-87.585945066953 41.744151639042)
30,TRAFFIC SIGNAL,FUNCTIONING PROPERLY,CLEAR,DUSK,TURNING,DIVIDED - W/MEDIAN (NOT RAISED),STRAIGHT AND LEVEL,DRY,NO DEFECTS,NOT ON SCENE (DESK REPORT),NO INJURY / DRIVE AWAY,,,"$501 - $1,500",02/12/2016 05:15:00 PM,UNABLE TO DETERMINE,UNABLE TO DETERMINE,115,W,CERMAK RD,131,2,NO INDICATION OF INJURY,0,0,0,0,0,2,0,17,6,2,41.85276755,-87.630024824,POINT (-87.630024824031 41.852767550035)
15,NO CONTROLS,NO CONTROLS,CLEAR,DAYLIGHT,SIDESWIPE SAME DIRECTION,ONE-WAY,STRAIGHT AND LEVEL,DRY,NO DEFECTS,ON SCENE,NO INJURY / DRIVE AWAY,,,"OVER $1,500",08/29/2021 12:45:00 PM,FAILING TO YIELD RIGHT-OF-WAY,IMPROPER OVERTAKING/PASSING,3,W,TERMINAL ST,1653,2,NO INDICATION OF INJURY,0,0,0,0,0,2,0,12,1,8,,,
40,TRAFFIC SIGNAL,FUNCTIONING PROPERLY,CLEAR,DAYLIGHT,REAR END,DIVIDED - W/MEDIAN (NOT RAISED),"CURVE, LEVEL",DRY,NO DEFECTS,ON SCENE,INJURY AND / OR TOW DUE TO CRASH,N,,"OVER $1,500",10/21/2022 03:21:00 PM,FOLLOWING TOO CLOSELY,NOT APPLICABLE,12500,W,IRVING PARK RD,1654,2,NO INDICATION OF INJURY,0,0,0,0,0,2,0,15,6,10,,,
30,NO CONTROLS,NO CONTROLS,CLEAR,DAYLIGHT,SIDESWIPE SAME DIRECTION,RAMP,STRAIGHT ON GRADE,WET,NO DEFECTS,ON SCENE,INJURY AND / OR TOW DUE TO CRASH,,,"OVER $1,500",11/19/2022 02:00:00 PM,FOLLOWING TOO CLOSELY,EQUIPMENT - VEHICLE CONDITION,3,W,TERMINAL ST,1653,2,NO INDICATION OF INJURY,0,0,0,0,0,2,0,13,7,11,,,
35,STOP SIGN/FLASHER,FUNCTIONING PROPERLY,CLEAR,DAYLIGHT,TURNING,NOT DIVIDED,STRAIGHT AND LEVEL,DRY,NO DEFECTS,ON SCENE,INJURY AND / OR TOW DUE TO CRASH,Y,,"OVER $1,500",06/30/2017 04:01:00 PM,FAILING TO YIELD RIGHT-OF-WAY,NOT APPLICABLE,8301,S,CICERO AVE,834,2,NO INDICATION OF INJURY,0,0,0,0,0,3,0,16,6,6,41.741803599,-87.740953582,POINT (-87.740953581987 41.741803598989)
45,NO CONTROLS,NO CONTROLS,CLEAR,DAYLIGHT,SIDESWIPE SAME DIRECTION,DIVIDED - W/MEDIAN BARRIER,STRAIGHT AND LEVEL,DRY,NO DEFECTS,,NO INJURY / DRIVE AWAY,,,"OVER $1,500",01/21/2019 09:00:00 AM,UNABLE TO DETERMINE,NOT APPLICABLE,1799,E,57TH DR,331,2,NO INDICATION OF INJURY,0,0,0,0,0,2,0,6,2,1,,,
20,NO CONTROLS,NO CONTROLS,CLEAR,"DARKNESS, LIGHTED ROAD",PEDESTRIAN,OTHER,STRAIGHT AND LEVEL,DRY,NO DEFECTS,,INJURY AND / OR TOW DUE TO CRASH,,Y,$500 OR LESS,09/03/2020 04:28:00 AM,IMPROPER OVERTAKING/PASSING,NOT APPLICABLE,524,W,OHARE ST,1654,2,NONINCAPACITATING INJURY,1,0,0,1,0,1,0,4,5,9,,,
45,TRAFFIC SIGNAL,FUNCTIONING PROPERLY,CLEAR,"DARKNESS, LIGHTED ROAD",FIXED OBJECT,DIVIDED - W/MEDIAN BARRIER,"CURVE, LEVEL",DRY,NO DEFECTS,ON SCENE,INJURY AND / OR TOW DUE TO CRASH,Y,,"OVER $1,500",10/25/2015 03:04:00 AM,IMPROPER OVERTAKING/PASSING,UNABLE TO DETERMINE,6259,S,LAKE SHORE DR,331,1,NO INDICATION OF INJURY,0,0,0,0,0,1,0,3,1,10,,,
35,TRAFFIC SIGNAL,FUNCTIONING PROPERLY,CLEAR,DAYLIGHT,TURNING,FOUR WAY,STRAIGHT AND LEVEL,DRY,NO DEFECTS,ON SCENE,INJURY AND / OR TOW DUE TO CRASH,Y,,"OVER $1,500",11/30/2021 01:30:00 PM,UNABLE TO DETERMINE,UNABLE TO DETERMINE,524,W,OHARE ST,1654,2,NONINCAPACITATING INJURY,1,0,0,1,0,1,0,13,3,11,,,
30,NO CONTROLS,NO CONTROLS,UNKNOWN,UNKNOWN,REAR END,DIVIDED - W/MEDIAN (NOT RAISED),STRAIGHT AND LEVEL,UNKNOWN,UNKNOWN,NOT ON SCENE (DESK REPORT),NO INJURY / DRIVE AWAY,,,$500 OR LESS,10/18/2016 08:50:00 AM,TEXTING,UNABLE TO DETERMINE,10000,,BESSIE COLEMAN DR,,2,NO INDICATION OF INJURY,0,0,0,0,0,2,0,9,2,10,,,
30,NO CONTROLS,NO CONTROLS,CLEAR,DAYLIGHT,PARKED MOTOR VEHICLE,NOT DIVIDED,STRAIGHT AND LEVEL,DRY,NO DEFECTS,ON SCENE,INJURY AND / OR TOW DUE TO CRASH,,,"OVER $1,500",11/03/2015 09:43:00 AM,EQUIPMENT - VEHICLE CONDITION,NOT APPLICABLE,857,W,15TH PL,1232,3,NO INDICATION OF INJURY,0,0,0,0,0,1,0,9,3,11,,,
40,NO CONTROLS,NO CONTROLS,CLEAR,DAYLIGHT,SIDESWIPE SAME DIRECTION,DIVIDED - W/MEDIAN BARRIER,STRAIGHT AND LEVEL,DRY,NO DEFECTS,NOT ON SCENE (DESK REPORT),NO INJURY / DRIVE AWAY,,Y,"$501 - $1,500",07/24/2016 08:11:00 PM,IMPROPER OVERTAKING/PASSING,UNABLE TO DETERMINE,6292,S,LAKE SHORE DR,331,2,NO INDICATION OF INJURY,0,0,0,0,0,4,0,17,1,7,,,
20,NO CONTROLS,NO CONTROLS,RAIN,"DARKNESS, LIGHTED ROAD",PARKED MOTOR VEHICLE,ONE-WAY,STRAIGHT AND LEVEL,WET,NO DEFECTS,NOT ON SCENE (DESK REPORT),NO INJURY / DRIVE AWAY,,,"$501 - $1,500",12/14/2022 06:40:00 AM,FAILING TO YIELD RIGHT-OF-WAY,UNABLE TO DETERMINE,1,W,TERMINAL ST,1651,2,NO INDICATION OF INJURY,0,0,0,0,0,1,0,6,4,12,,,
30,NO CONTROLS,NO CONTROLS,RAIN,"DARKNESS, LIGHTED ROAD",FIXED OBJECT,CENTER TURN LANE,STRAIGHT AND LEVEL,WET,NO DEFECTS,ON SCENE,NO INJURY / DRIVE AWAY,,,"OVER $1,500",09/27/2020 11:18:00 PM,UNABLE TO DETERMINE,NOT APPLICABLE,4636,N,WESTERN AVE,1911,1,NO INDICATION OF INJURY,0,0,0,0,0,1,0,23,1,9,41.965938944,-87.688970589,POINT (-87.688970589029 41.965938944018)
30,TRAFFIC SIGNAL,FUNCTIONING PROPERLY,CLEAR,"DARKNESS, LIGHTED ROAD",TURNING,FOUR WAY,STRAIGHT AND LEVEL,DRY,NO DEFECTS,ON SCENE,INJURY AND / OR TOW DUE TO CRASH,Y,Y,"OVER $1,500",12/11/2020 12:30:00 AM,DISREGARDING TRAFFIC SIGNALS,UNABLE TO DETERMINE,8300,S,STONY ISLAND AVE,412,2,"REPORTED, NOT EVIDENT",2,0,0,0,2,2,0,0,6,12,41.744151639,-87.585945067,POINT (-87.585945066953 41.744151639042)
25,NO CONTROLS,NO CONTROLS,CLEAR,DAYLIGHT,PARKED MOTOR VEHICLE,ONE-WAY,STRAIGHT AND LEVEL,DRY,NO DEFECTS,ON SCENE,INJURY AND / OR TOW DUE TO CRASH,,Y,"OVER $1,500",07/08/2019 01:29:00 PM,UNABLE TO DETERMINE,UNABLE TO DETERMINE,3733,W,58TH ST,822,4,NO INDICATION OF INJURY,0,0,0,0,0,3,0,13,2,7,41.787738083,-87.716995823,POINT (-87.716995822975 41.787738082968)
15,STOP SIGN/FLASHER,FUNCTIONING IMPROPERLY,CLEAR,DAYLIGHT,FIXED OBJECT,OTHER,"CURVE, LEVEL",DRY,NO DEFECTS,NOT ON SCENE (DESK REPORT),NO INJURY / DRIVE AWAY,Y,,"$501 - $1,500",07/14/2022 03:39:00 PM,FAILING TO YIELD RIGHT-OF-WAY,NOT APPLICABLE,3,W,TERMINAL ST,1653,1,NO INDICATION OF INJURY,0,0,0,0,0,1,0,12,5,7,,,
30,TRAFFIC SIGNAL,FUNCTIONING PROPERLY,CLEAR,DAYLIGHT,SIDESWIPE SAME DIRECTION,NOT DIVIDED,STRAIGHT AND LEVEL,UNKNOWN,UNKNOWN,NOT ON SCENE (DESK REPORT),NO INJURY / DRIVE AWAY,,,"$501 - $1,500",06/07/2018 02:14:00 PM,IMPROPER LANE USAGE,IMPROPER OVERTAKING/PASSING,6100,N,CALDWELL AVE,1621,2,NO INDICATION OF INJURY,0,0,0,0,0,2,0,10,5,6,41.991867173,-87.755345739,POINT (-87.755345738978 41.991867173008)
20,NO CONTROLS,NO CONTROLS,CLEAR,DAYLIGHT,FIXED OBJECT,PARKING LOT,STRAIGHT AND LEVEL,DRY,NO DEFECTS,ON SCENE,NO INJURY / DRIVE AWAY,,,"$501 - $1,500",02/08/2019 10:05:00 AM,DRIVING SKILLS/KNOWLEDGE/EXPERIENCE,DRIVING ON WRONG SIDE/WRONG WAY,1,W,PARKING LOT E ST,1654,1,NO INDICATION OF INJURY,0,0,0,0,0,1,0,10,6,2,,,
30,TRAFFIC SIGNAL,FUNCTIONING PROPERLY,CLEAR,"DARKNESS, LIGHTED ROAD",TURNING,NOT DIVIDED,STRAIGHT AND LEVEL,DRY,NO DEFECTS,ON SCENE,INJURY AND / OR TOW DUE TO CRASH,Y,,"$501 - $1,500",06/20/2018 08:55:00 PM,DISREGARDING TRAFFIC SIGNALS,NOT APPLICABLE,3100,S,ARCHER AVE,912,2,"REPORTED, NOT EVIDENT",1,0,0,0,1,3,0,20,4,6,41.837732675,-87.66589445,POINT (-87.665894449999 41.837732674972)
20,STOP SIGN/FLASHER,NO CONTROLS,CLEAR,DAYLIGHT,PARKED MOTOR VEHICLE,ONE-WAY,STRAIGHT AND LEVEL,DRY,NO DEFECTS,ON SCENE,INJURY AND / OR TOW DUE TO CRASH,,Y,"OVER $1,500",12/10/2017 09:00:00 AM,UNABLE TO DETERMINE,UNABLE TO DETERMINE,3255,W,BARRY AVE,1412,3,NO INDICATION OF INJURY,0,0,0,0,0,1,0,8,1,12,41.93738647,-87.709785337,POINT (-87.709785336996 41.937386469991)
30,TRAFFIC SIGNAL,FUNCTIONING PROPERLY,CLEAR,DAYLIGHT,ANGLE,DIVIDED - W/MEDIAN (NOT RAISED),STRAIGHT AND LEVEL,DRY,NO DEFECTS,ON SCENE,INJURY AND / OR TOW DUE TO CRASH,,,"$501 - $1,500",04/12/2021 02:43:00 PM,EQUIPMENT - VEHICLE CONDITION,DRIVING SKILLS/KNOWLEDGE/EXPERIENCE,1000,N,LAVERGNE AVE,1531,2,"REPORTED, NOT EVIDENT",2,0,0,0,2,0,0,14,2,4,41.89867634,-87.750938543,POINT (-87.750938543007 41.898676340029)
30,NO CONTROLS,NO CONTROLS,CLEAR,"DARKNESS, LIGHTED ROAD",ANGLE,PARKING LOT,STRAIGHT AND LEVEL,DRY,NO DEFECTS,NOT ON SCENE (DESK REPORT),NO INJURY / DRIVE AWAY,,,"$501 - $1,500",11/24/2021 06:50:00 PM,UNABLE TO DETERMINE,NOT APPLICABLE,2640,W,PERSHING RD,911,2,NO INDICATION OF INJURY,0,0,0,0,0,2,0,17,4,11,41.822958463,-87.691425915,POINT (-87.691425915045 41.822958462973)
25,NO CONTROLS,NO CONTROLS,CLEAR,DAYLIGHT,REAR END,ONE-WAY,STRAIGHT AND LEVEL,DRY,NO DEFECTS,ON SCENE,NO INJURY / DRIVE AWAY,,,"OVER $1,500",07/08/2019 07:37:00 AM,FOLLOWING TOO CLOSELY,DRIVING SKILLS/KNOWLEDGE/EXPERIENCE,3,W,TERMINAL ST,1653,2,NO INDICATION OF INJURY,0,0,0,0,0,2,0,7,2,7,,,
30,TRAFFIC SIGNAL,FUNCTIONING PROPERLY,CLEAR,"DARKNESS, LIGHTED ROAD",FIXED OBJECT,FOUR WAY,STRAIGHT AND LEVEL,DRY,NO DEFECTS,ON SCENE,INJURY AND / OR TOW DUE TO CRASH,Y,Y,"OVER $1,500",12/14/2021 12:46:00 AM,NOT APPLICABLE,NOT APPLICABLE,103,E,61ST ST,311,1,NO INDICATION OF INJURY,0,0,0,0,0,1,0,0,3,12,41.783663029,-87.622011411,POINT (-87.622011410971 41.783663028952)
30,TRAFFIC SIGNAL,FUNCTIONING PROPERLY,CLEAR,DAYLIGHT,REAR END,DIVIDED - W/MEDIAN (NOT RAISED),STRAIGHT AND LEVEL,DRY,NO DEFECTS,ON SCENE,INJURY AND / OR TOW DUE TO CRASH,Y,,"$501 - $1,500",01/19/2018 02:40:00 PM,FOLLOWING TOO CLOSELY,NOT APPLICABLE,1201,S,DAMEN AVE,1233,2,"REPORTED, NOT EVIDENT",1,0,0,0,1,2,0,14,6,1,41.866711249,-87.676101605,POINT (-87.676101605034 41.866711249013)
20,TRAFFIC SIGNAL,FUNCTIONING PROPERLY,CLEAR,DAYLIGHT,REAR END,OTHER,STRAIGHT AND LEVEL,DRY,NO DEFECTS,ON SCENE,NO INJURY / DRIVE AWAY,Y,,"OVER $1,500",11/10/2018 12:25:00 PM,UNABLE TO DETERMINE,UNABLE TO DETERMINE,5,W,TERMINAL ST,1655,2,NO INDICATION OF INJURY,0,0,0,0,0,4,0,12,7,11,,,
25,NO CONTROLS,NO CONTROLS,CLEAR,DAYLIGHT,SIDESWIPE SAME DIRECTION,DIVIDED - W/MEDIAN BARRIER,STRAIGHT AND LEVEL,DRY,NO DEFECTS,NOT ON SCENE (DESK REPORT),NO INJURY / DRIVE AWAY,,,$500 OR LESS,09/07/2016 07:45:00 AM,FAILING TO YIELD RIGHT-OF-WAY,NOT APPLICABLE,2425,E,71ST ST,334,2,NO INDICATION OF INJURY,0,0,0,0,0,2,0,6,4,9,,,
30,TRAFFIC SIGNAL,NO CONTROLS,CLEAR,"DARKNESS, LIGHTED ROAD",SIDESWIPE SAME DIRECTION,NOT DIVIDED,STRAIGHT AND LEVEL,DRY,NO DEFECTS,NOT ON SCENE (DESK REPORT),NO INJURY / DRIVE AWAY,Y,Y,"$501 - $1,500",11/19/2017 08:00:00 PM,IMPROPER OVERTAKING/PASSING,UNABLE TO DETERMINE,1950,W,DIVERSEY PKWY,1931,2,NO INDICATION OF INJURY,0,0,0,0,0,3,0,4,1,11,41.932407078,-87.677153225,POINT (-87.677153224975 41.932407077992)
10,NO CONTROLS,NO CONTROLS,CLEAR,DAYLIGHT,PARKED MOTOR VEHICLE,PARKING LOT,STRAIGHT AND LEVEL,DRY,NO DEFECTS,NOT ON SCENE (DESK REPORT),NO INJURY / DRIVE AWAY,,,"OVER $1,500",07/30/2020 06:40:00 PM,DRIVING SKILLS/KNOWLEDGE/EXPERIENCE,NOT APPLICABLE,3607,W,FULLERTON AVE,2525,2,NO INDICATION OF INJURY,0,0,0,0,0,1,0,17,5,7,41.924490094,-87.717288131,POINT (-87.717288130979 41.924490093998)
30,NO CONTROLS,NO CONTROLS,CLEAR,DAYLIGHT,OTHER OBJECT,PARKING LOT,STRAIGHT AND LEVEL,DRY,NO DEFECTS,ON SCENE,INJURY AND / OR TOW DUE TO CRASH,,,"OVER $1,500",05/02/2018 12:53:00 PM,UNABLE TO DETERMINE,UNABLE TO DETERMINE,1320,E,47TH ST,222,1,NONINCAPACITATING INJURY,1,0,0,1,0,0,0,12,4,5,41.809781151,-87.594212812,POINT (-87.594212812011 41.809781151018)
30,NO CONTROLS,NO CONTROLS,CLEAR,"DARKNESS, LIGHTED ROAD",REAR END,NOT DIVIDED,STRAIGHT AND LEVEL,DRY,NO DEFECTS,ON SCENE,INJURY AND / OR TOW DUE TO CRASH,Y,,"OVER $1,500",02/28/2023 07:52:00 PM,FAILING TO REDUCE SPEED TO AVOID CRASH,UNABLE TO DETERMINE,6260,N,NAGLE AVE,1611,2,NO INDICATION OF INJURY,0,0,0,0,0,3,0,19,3,2,41.995192726,-87.787652253,POINT (-87.787652252958 41.995192726046)
30,NO CONTROLS,NO CONTROLS,CLEAR,DAYLIGHT,SIDESWIPE SAME DIRECTION,DIVIDED - W/MEDIAN (NOT RAISED),STRAIGHT AND LEVEL,DRY,NO DEFECTS,NOT ON SCENE (DESK REPORT),NO INJURY / DRIVE AWAY,,Y,"OVER $1,500",06/28/2017 01:00:00 PM,UNABLE TO DETERMINE,NOT APPLICABLE,9141,S,COMMERCIAL AVE,424,2,NO INDICATION OF INJURY,0,0,0,0,0,2,0,10,4,6,41.72885281,-87.551079417,POINT (-87.551079417016 41.728852810038)
25,NO CONTROLS,NO CONTROLS,SNOW,"DARKNESS, LIGHTED ROAD",PARKED MOTOR VEHICLE,NOT DIVIDED,STRAIGHT AND LEVEL,SNOW OR SLUSH,NO DEFECTS,NOT ON SCENE (DESK REPORT),NO INJURY / DRIVE AWAY,,Y,"OVER $1,500",12/12/2016 09:30:00 AM,UNABLE TO DETERMINE,NOT APPLICABLE,5737,S,ST LOUIS AVE,822,2,NO INDICATION OF INJURY,0,0,0,0,0,1,0,23,1,12,41.788641301,-87.710626415,POINT (-87.710626414955 41.788641301001)
45,NO CONTROLS,NO CONTROLS,RAIN,DAYLIGHT,OTHER NONCOLLISION,DIVIDED - W/MEDIAN BARRIER,STRAIGHT AND LEVEL,WET,DEBRIS ON ROADWAY,NOT ON SCENE (DESK REPORT),NO INJURY / DRIVE AWAY,,,"$501 - $1,500",05/26/2022 06:45:00 PM,UNABLE TO DETERMINE,UNABLE TO DETERMINE,8731,S,CHICAGO SKYWAY IB,412,1,NO INDICATION OF INJURY,0,0,0,0,0,2,0,8,5,5,,,
30,STOP SIGN/FLASHER,FUNCTIONING PROPERLY,CLEAR,DAYLIGHT,ANGLE,FOUR WAY,STRAIGHT AND LEVEL,DRY,NO DEFECTS,NOT ON SCENE (DESK REPORT),NO INJURY / DRIVE AWAY,Y,,"OVER $1,500",09/22/2022 04:10:00 PM,FAILING TO YIELD RIGHT-OF-WAY,NOT APPLICABLE,2131,W,99TH ST,2213,2,NO INDICATION OF INJURY,0,0,0,0,0,4,0,15,5,9,41.713638959,-87.67572858,POINT (-87.675728579995 41.713638959047)
30,NO CONTROLS,NO CONTROLS,CLEAR,"DARKNESS, LIGHTED ROAD",REAR END,DIVIDED - W/MEDIAN BARRIER,STRAIGHT AND LEVEL,WET,NO DEFECTS,NOT ON SCENE (DESK REPORT),NO INJURY / DRIVE AWAY,,,"OVER $1,500",01/24/2019 03:40:00 PM,EXCEEDING SAFE SPEED FOR CONDITIONS,FOLLOWING TOO CLOSELY,50,E,GARFIELD BLVD,225,2,NO INDICATION OF INJURY,0,0,0,0,0,2,0,6,5,1,41.794778764,-87.623828038,POINT (-87.623828038036 41.794778764028)
30,STOP SIGN/FLASHER,FUNCTIONING PROPERLY,CLOUDY/OVERCAST,DAYLIGHT,REAR END,PARKING LOT,STRAIGHT AND LEVEL,DRY,NO DEFECTS,ON SCENE,NO INJURY / DRIVE AWAY,,,$500 OR LESS,04/27/2022 02:15:00 PM,FOLLOWING TOO CLOSELY,FOLLOWING TOO CLOSELY,1,W,PARKING LOT E ST,1654,2,NO INDICATION OF INJURY,0,0,0,0,0,2,0,14,4,4,,,
30,NO CONTROLS,NO CONTROLS,RAIN,DAYLIGHT,REAR END,NOT DIVIDED,STRAIGHT AND LEVEL,WET,NO DEFECTS,NOT ON SCENE (DESK REPORT),NO INJURY / DRIVE AWAY,,,"OVER $1,500",06/15/2019 01:15:00 PM,UNABLE TO DETERMINE,UNABLE TO DETERMINE,2238,W,FOSTER AVE,2012,2,NO INDICATION OF INJURY,0,0,0,0,0,2,0,12,7,6,41.97604903,-87.685854901,POINT (-87.685854901023 41.976049030028)
30,NO CONTROLS,NO CONTROLS,CLEAR,DAYLIGHT,TURNING,DIVIDED - W/MEDIAN (NOT RAISED),STRAIGHT AND LEVEL,DRY,NO DEFECTS,ON SCENE,INJURY AND / OR TOW DUE TO CRASH,,,"OVER $1,500",07/03/2020 07:15:00 PM,UNABLE TO DETERMINE,NOT APPLICABLE,5630,W,FULLERTON AVE,2515,2,NO INDICATION OF INJURY,0,0,0,0,0,2,0,19,6,7,41.924070913,-87.767270609,POINT (-87.767270609035 41.92407091296)
30,UNKNOWN,UNKNOWN,CLEAR,DUSK,REAR END,NOT DIVIDED,STRAIGHT AND LEVEL,DRY,UNKNOWN,NOT ON SCENE (DESK REPORT),NO INJURY / DRIVE AWAY,,,"OVER $1,500",02/09/2019 11:00:00 PM,UNABLE TO DETERMINE,NOT APPLICABLE,700,S,RACINE AVE,1231,2,NO INDICATION OF INJURY,0,0,0,0,0,2,0,22,7,2,41.873218788,-87.656949953,POINT (-87.656949952956 41.873218788006)
15,TRAFFIC SIGNAL,FUNCTIONING PROPERLY,CLEAR,DAYLIGHT,SIDESWIPE SAME DIRECTION,OTHER,STRAIGHT AND LEVEL,DRY,NO DEFECTS,ON SCENE,NO INJURY / DRIVE AWAY,,,"OVER $1,500",04/04/2021 06:41:00 AM,UNABLE TO DETERMINE,UNABLE TO DETERMINE,172,N,BESSIE COLEMAN DR,1654,2,NO INDICATION OF INJURY,0,0,0,0,0,2,0,6,1,4,,,
30,NO CONTROLS,NO CONTROLS,CLEAR,DAYLIGHT,PARKED MOTOR VEHICLE,DRIVEWAY,STRAIGHT AND LEVEL,DRY,NO DEFECTS,ON SCENE,NO INJURY / DRIVE AWAY,,,$500 OR LESS,03/12/2020 03:52:00 PM,UNABLE TO DETERMINE,NOT APPLICABLE,514,W,OHARE ST,1654,2,NO INDICATION OF INJURY,0,0,0,0,0,2,0,15,5,3,,,
30,TRAFFIC SIGNAL,FUNCTIONING PROPERLY,CLOUDY/OVERCAST,DAYLIGHT,REAR END,NOT DIVIDED,STRAIGHT AND LEVEL,DRY,NO DEFECTS,NOT ON SCENE (DESK REPORT),NO INJURY / DRIVE AWAY,,,"OVER $1,500",09/05/2022 12:40:00 PM,FOLLOWING TOO CLOSELY,DRIVING SKILLS/KNOWLEDGE/EXPERIENCE,5933,N,CICERO AVE,1711,2,NO INDICATION OF INJURY,0,0,0,0,0,2,0,11,2,9,41.989727546,-87.748178979,POINT (-87.748178979 41.989727545973)
25,NO CONTROLS,NO CONTROLS,CLEAR,DAYLIGHT,PARKED MOTOR VEHICLE,NOT DIVIDED,STRAIGHT AND LEVEL,DRY,NO DEFECTS,NOT ON SCENE (DESK REPORT),INJURY AND / OR TOW DUE TO CRASH,,Y,"$501 - $1,500",07/15/2020 07:15:00 AM,UNABLE TO DETERMINE,UNABLE TO DETERMINE,7458,S,COLES AVE,334,2,NO INDICATION OF INJURY,0,0,0,0,0,1,0,21,3,7,41.760133198,-87.559053958,POINT (-87.559053957967 41.760133197962)
15,NO CONTROLS,NO CONTROLS,CLEAR,"DARKNESS, LIGHTED ROAD",SIDESWIPE SAME DIRECTION,PARKING LOT,STRAIGHT AND LEVEL,DRY,NO DEFECTS,ON SCENE,NO INJURY / DRIVE AWAY,,,$500 OR LESS,09/17/2019 04:58:00 PM,UNABLE TO DETERMINE,UNABLE TO DETERMINE,524,W,OHARE ST,1654,2,NO INDICATION OF INJURY,0,0,0,0,0,2,0,16,3,9,,,
15,NO CONTROLS,NO CONTROLS,CLEAR,DAYLIGHT,REAR TO FRONT,PARKING LOT,STRAIGHT AND LEVEL,DRY,NO DEFECTS,ON SCENE,NO INJURY / DRIVE AWAY,,,"OVER $1,500",11/07/2019 01:45:00 PM,NOT APPLICABLE,NOT APPLICABLE,724,W,OHARE ST,1654,2,NO INDICATION OF INJURY,0,0,0,0,0,2,0,13,5,11,,,
35,NO CONTROLS,NO CONTROLS,CLEAR,"DARKNESS, LIGHTED ROAD",FIXED OBJECT,DIVIDED - W/MEDIAN (NOT RAISED),STRAIGHT AND LEVEL,DRY,NO DEFECTS,ON SCENE,INJURY AND / OR TOW DUE TO CRASH,N,Y,"OVER $1,500",08/13/2018 02:00:00 AM,"OPERATING VEHICLE IN ERRATIC, RECKLESS, CARELESS, NEGLIGENT OR AGGRESSIVE MANNER",NOT APPLICABLE,446,N,SACRAMENTO BLVD,1221,1,NO INDICATION OF INJURY,0,0,0,0,0,2,0,1,2,8,41.88959504,-87.701635847,POINT (-87.701635846979 41.889595039953)
30,TRAFFIC SIGNAL,UNKNOWN,CLEAR,DAYLIGHT,REAR END,DIVIDED - W/MEDIAN BARRIER,STRAIGHT AND LEVEL,UNKNOWN,UNKNOWN,NOT ON SCENE (DESK REPORT),NO INJURY / DRIVE AWAY,,,"OVER $1,500",01/24/2022 04:20:00 PM,UNABLE TO DETERMINE,NOT APPLICABLE,3956,W,CERMAK RD,1014,2,NO INDICATION OF INJURY,0,0,0,0,0,2,0,15,2,1,41.8516599,-87.72453636,POINT (-87.724536359985 41.851659899998)
30,UNKNOWN,UNKNOWN,CLOUDY/OVERCAST,DAYLIGHT,PEDESTRIAN,DIVIDED - W/MEDIAN (NOT RAISED),STRAIGHT AND LEVEL,OTHER,UNKNOWN,ON SCENE,INJURY AND / OR TOW DUE TO CRASH,Y,Y,"OVER $1,500",12/12/2017 02:47:00 PM,UNABLE TO DETERMINE,UNABLE TO DETERMINE,815,S,AUSTIN BLVD,1513,2,NONINCAPACITATING INJURY,1,0,0,1,0,1,0,14,3,12,,,