POSTED_SPEED_LIMIT,TRAFFIC_CONTROL_DEVICE,DEVICE_CONDITION,WEATHER_CONDITION,LIGHTING_CONDITION,FIRST_CRASH_TYPE,TRAFFICWAY_TYPE,ALIGNMENT,ROADWAY_SURFACE_COND,ROAD_DEFECT,REPORT_TYPE,CRASH_TYPE,INTERSECTION_RELATED_I,HIT_AND_RUN_I,DAMAGE,DATE_POLICE_NOTIFIED,PRIM_CONTRIBUTORY_CAUSE,SEC_CONTRIBUTORY_CAUSE,STREET_NO,STREET_DIRECTION,STREET_NAME,BEAT_OF_OCCURRENCE,NUM_UNITS,MOST_SEVERE_INJURY,INJURIES_TOTAL,INJURIES_FATAL,INJURIES_INCAPACITATING,INJURIES_NON_INCAPACITATING,INJURIES_REPORTED_NOT_EVIDENT,INJURIES_NO_INDICATION,INJURIES_UNKNOWN,CRASH_HOUR,CRASH_DAY_OF_WEEK,CRASH_MONTH,LATITUDE,LONGITUDE,LOCATION
5,OTHER,FUNCTIONING PROPERLY,CLEAR,"DARKNESS, LIGHTED ROAD",PEDESTRIAN,PARKING LOT,STRAIGHT AND LEVEL,DRY,NO DEFECTS,ON SCENE,INJURY AND / OR TOW DUE TO CRASH,,,$500 OR LESS,07/29/2021 12:54:00 AM,UNABLE TO DETERMINE,UNABLE TO DETERMINE,524,W,OHARE ST,1654,2,NONINCAPACITATING INJURY,1,0,0,1,0,1,0,0,5,7,,,
30,TRAFFIC SIGNAL,FUNCTIONING PROPERLY,CLEAR,DAYLIGHT,TURNING,NOT DIVIDED,STRAIGHT AND LEVEL,DRY,NO DEFECTS,NOT ON SCENE (DESK REPORT),NO INJURY / DRIVE AWAY,,Y,"$501 - $1,500",07/09/2022 05:46:00 PM,UNABLE TO DETERMINE,UNABLE TO DETERMINE,8300,S,STONY ISLAND AVE,412,2,NO INDICATION OF INJURY,0,0,0,0,0,2,0,13,7,7,41.744151639,-87.585945067,POINT (-87.585945066953 41.744151639042)
20,NO CONTROLS,NO CONTROLS,CLOUDY/OVERCAST,DAYLIGHT,REAR TO FRONT,OTHER,STRAIGHT ON GRADE,DRY,NO DEFECTS,ON SCENE,NO INJURY / DRIVE AWAY,,,$500 OR LESS,08/14/2019 04:19:00 PM,NOT APPLICABLE,NOT APPLICABLE,1,W,TERMINAL ST,1651,2,NO INDICATION OF INJURY,0,0,0,0,0,2,0,16,4,8,,,
30,NO CONTROLS,UNKNOWN,CLEAR,DAYLIGHT,ANGLE,NOT DIVIDED,STRAIGHT AND LEVEL,DRY,UNKNOWN,NOT ON SCENE (DESK REPORT),NO INJURY / DRIVE AWAY,,,"$501 - $1,500",06/27/2019 07:30:00 PM,UNABLE TO DETERMINE,UNABLE TO DETERMINE,1948,E,95TH ST,413,2,NO INDICATION OF INJURY,0,0,0,0,0,2,0,19,5,6,41.722573057,-87.575840321,POINT (-87.575840320973 41.722573057014)
10,NO CONTROLS,NO CONTROLS,CLEAR,"DARKNESS, LIGHTED ROAD",PARKED MOTOR VEHICLE,PARKING LOT,STRAIGHT AND LEVEL,WET,NO DEFECTS,ON SCENE,NO INJURY / DRIVE AWAY,,,"$501 - $1,500",03/19/2022 10:19:00 PM,UNABLE TO DETERMINE,UNABLE TO DETERMINE,1,W,PARKING LOT B ST,1654,2,NO INDICATION OF INJURY,0,0,0,0,0,1,0,22,7,3,,,
30,TRAFFIC SIGNAL,FUNCTIONING PROPERLY,CLEAR,DAWN,REAR END,NOT DIVIDED,STRAIGHT AND LEVEL,DRY,NO DEFECTS,NOT ON SCENE (DESK REPORT),NO INJURY / DRIVE AWAY,,,"OVER $1,500",07/26/2017 11:20:00 AM,UNABLE TO DETERMINE,UNABLE TO DETERMINE,13300,S,ELLIS AVE,533,2,NO INDICATION OF INJURY,0,0,0,0,0,2,0,5,4,7,,,
25,NO CONTROLS,NO CONTROLS,RAIN,DAYLIGHT,TURNING,NOT DIVIDED,STRAIGHT AND LEVEL,WET,UNKNOWN,ON SCENE,NO INJURY / DRIVE AWAY,Y,,"OVER $1,500",03/01/2017 03:57:00 PM,FAILING TO YIELD RIGHT-OF-WAY,NOT APPLICABLE,6700,S,BENNETT AVE,332,2,NO INDICATION OF INJURY,0,0,0,0,0,4,0,15,4,3,41.773326566,-87.579094,POINT (-87.579094000034 41.773326566024)
15,NO CONTROLS,NO CONTROLS,RAIN,DAYLIGHT,PARKED MOTOR VEHICLE,ONE-WAY,STRAIGHT AND LEVEL,WET,NO DEFECTS,ON SCENE,INJURY AND / OR TOW DUE TO CRASH,,,"OVER $1,500",05/10/2020 07:15:00 AM,WEATHER,DRIVING SKILLS/KNOWLEDGE/EXPERIENCE,3498,W,SUNNYSIDE AVE,1723,3,NO INDICATION OF INJURY,0,0,0,0,0,1,0,7,1,5,41.963034913,-87.715583175,POINT (-87.715583174963 41.963034913018)
20,TRAFFIC SIGNAL,FUNCTIONING PROPERLY,CLEAR,DAYLIGHT,PEDESTRIAN,NOT DIVIDED,STRAIGHT AND LEVEL,DRY,NO DEFECTS,NOT ON SCENE (DESK REPORT),NO INJURY / DRIVE AWAY,,,$500 OR LESS,12/10/2019 03:20:00 PM,DISTRACTION - FROM INSIDE VEHICLE,DISTRACTION - FROM INSIDE VEHICLE,3998,N,ASHLAND AVE,1922,2,NO INDICATION OF INJURY,0,0,0,0,0,2,0,15,3,12,41.954196229,-87.66919262,POINT (-87.669192620028 41.954196228965)
30,NO CONTROLS,NO CONTROLS,CLEAR,DAYLIGHT,REAR END,NOT DIVIDED,STRAIGHT AND LEVEL,DRY,NO DEFECTS,ON SCENE,NO INJURY / DRIVE AWAY,,,$500 OR LESS,06/11/2019 01:26:00 PM,FOLLOWING TOO CLOSELY,FAILING TO REDUCE SPEED TO AVOID CRASH,2631,S,CALIFORNIA AVE,1034,2,NO INDICATION OF INJURY,0,0,0,0,0,2,0,13,3,6,,,
35,TRAFFIC SIGNAL,FUNCTIONING PROPERLY,CLEAR,"DARKNESS, LIGHTED ROAD",TURNING,T-INTERSECTION,STRAIGHT AND LEVEL,UNKNOWN,UNKNOWN,ON SCENE,INJURY AND / OR TOW DUE TO CRASH,Y,,"OVER $1,500",12/11/2021 11:11:00 PM,DISREGARDING TRAFFIC SIGNALS,NOT APPLICABLE,4325,W,NORTH AVE,2534,2,INCAPACITATING INJURY,2,0,1,0,1,1,0,20,7,12,41.909665373,-87.734821737,POINT (-87.734821736967 41.909665373049)
15,NO CONTROLS,NO CONTROLS,RAIN,"DARKNESS, LIGHTED ROAD",PARKED MOTOR VEHICLE,DRIVEWAY,STRAIGHT ON GRADE,WET,NO DEFECTS,ON SCENE,NO INJURY / DRIVE AWAY,,,"OVER $1,500",10/29/2021 08:47:00 PM,DRIVING SKILLS/KNOWLEDGE/EXPERIENCE,UNABLE TO DETERMINE,630,W,OHARE ST,1654,2,NO INDICATION OF INJURY,0,0,0,0,0,1,0,20,6,10,,,
30,TRAFFIC SIGNAL,FUNCTIONING PROPERLY,CLEAR,DAYLIGHT,TURNING,DIVIDED - W/MEDIAN BARRIER,STRAIGHT AND LEVEL,DRY,NO DEFECTS,NOT ON SCENE (DESK REPORT),NO INJURY / DRIVE AWAY,Y,Y,$500 OR LESS,02/11/2019 04:43:00 PM,IMPROPER TURNING/NO SIGNAL,FAILING TO REDUCE SPEED TO AVOID CRASH,54,W,CERMAK RD,131,2,NO INDICATION OF INJURY,0,0,0,0,0,2,0,15,2,2,41.85299459,-87.629136748,POINT (-87.629136747987 41.852994589998)
30,TRAFFIC SIGNAL,FUNCTIONING PROPERLY,CLEAR,DAYLIGHT,REAR END,CENTER TURN LANE,STRAIGHT AND LEVEL,DRY,NO DEFECTS,NOT ON SCENE (DESK REPORT),NO INJURY / DRIVE AWAY,,,"OVER $1,500",05/14/2023 03:40:00 PM,FOLLOWING TOO CLOSELY,NOT APPLICABLE,2600,W,IRVING PARK RD,1911,2,NO INDICATION OF INJURY,0,0,0,0,0,2,0,15,1,5,41.954105717,-87.693290369,POINT (-87.693290369008 41.954105716988)
30,TRAFFIC SIGNAL,FUNCTIONING PROPERLY,CLEAR,"DARKNESS, LIGHTED ROAD",REAR END,NOT DIVIDED,STRAIGHT AND LEVEL,DRY,NO DEFECTS,ON SCENE,INJURY AND / OR TOW DUE TO CRASH,,,"OVER $1,500",12/21/2017 07:55:00 PM,DISTRACTION - FROM INSIDE VEHICLE,FAILING TO REDUCE SPEED TO AVOID CRASH,2802,N,KIMBALL AVE,1412,2,NONINCAPACITATING INJURY,2,0,0,1,1,2,0,19,5,12,,,
40,TRAFFIC SIGNAL,FUNCTIONING PROPERLY,RAIN,"DARKNESS, LIGHTED ROAD",REAR TO FRONT,DIVIDED - W/MEDIAN BARRIER,STRAIGHT AND LEVEL,WET,NO DEFECTS,NOT ON SCENE (DESK REPORT),INJURY AND / OR TOW DUE TO CRASH,,,"OVER $1,500",11/30/2019 11:45:00 PM,FAILING TO REDUCE SPEED TO AVOID CRASH,FOLLOWING TOO CLOSELY,6255,S,LAKE SHORE DR,331,2,NO INDICATION OF INJURY,0,0,0,0,0,2,0,22,7,11,,,
30,STOP SIGN/FLASHER,UNKNOWN,CLEAR,DAYLIGHT,ANGLE,ONE-WAY,STRAIGHT AND LEVEL,DRY,UNKNOWN,NOT ON SCENE (DESK REPORT),NO INJURY / DRIVE AWAY,Y,,"OVER $1,500",08/19/2016 09:45:00 PM,UNABLE TO DETERMINE,NOT APPLICABLE,7300,S,EBERHART AVE,323,2,NO INDICATION OF INJURY,0,0,0,0,0,2,0,20,6,8,41.762009489,-87.612901284,POINT (-87.612901284021 41.76200948897)
30,TRAFFIC SIGNAL,FUNCTIONING PROPERLY,CLEAR,"DARKNESS, LIGHTED ROAD",TURNING,FOUR WAY,STRAIGHT AND LEVEL,DRY,NO DEFECTS,ON SCENE,INJURY AND / OR TOW DUE TO CRASH,Y,,"OVER $1,500",02/10/2023 07:09:00 PM,FAILING TO YIELD RIGHT-OF-WAY,FAILING TO REDUCE SPEED TO AVOID CRASH,521,W,OHARE ST,1654,2,NO INDICATION OF INJURY,0,0,0,0,0,2,0,19,6,2,,,
25,TRAFFIC SIGNAL,UNKNOWN,CLEAR,DAYLIGHT,PEDESTRIAN,NOT DIVIDED,STRAIGHT AND LEVEL,DRY,UNKNOWN,ON SCENE,INJURY AND / OR TOW DUE TO CRASH,,Y,$500 OR LESS,07/19/2021 01:51:00 PM,UNABLE TO DETERMINE,UNABLE TO DETERMINE,6247,S,DR MARTIN LUTHER KING JR DR,313,2,NONINCAPACITATING INJURY,1,0,0,1,0,1,0,13,2,7,41.78067475,-87.615487596,POINT (-87.615487596017 41.780674749957)
30,TRAFFIC SIGNAL,FUNCTIONING PROPERLY,CLEAR,"DARKNESS, LIGHTED ROAD",TURNING,NOT DIVIDED,STRAIGHT AND LEVEL,SNOW OR SLUSH,NO DEFECTS,ON SCENE,INJURY AND / OR TOW DUE TO CRASH,Y,,"OVER $1,500",02/13/2021 07:31:00 PM,FAILING TO YIELD RIGHT-OF-WAY,UNABLE TO DETERMINE,8301,S,CICERO AVE,834,2,"REPORTED, NOT EVIDENT",1,0,0,0,1,1,0,19,7,2,41.741803599,-87.740953582,POINT (-87.740953581987 41.741803598989)
20,STOP SIGN/FLASHER,FUNCTIONING PROPERLY,CLEAR,DARKNESS,PARKED MOTOR VEHICLE,NOT DIVIDED,STRAIGHT AND LEVEL,DRY,NO DEFECTS,ON SCENE,INJURY AND / OR TOW DUE TO CRASH,,Y,"OVER $1,500",04/26/2016 02:15:00 AM,UNABLE TO DETERMINE,UNABLE TO DETERMINE,7003,W,WELLINGTON AVE,2511,2,NO INDICATION OF INJURY,0,0,0,0,0,1,0,2,3,4,41.934336553,-87.801227522,POINT (-87.801227522001 41.93433655305)
25,TRAFFIC SIGNAL,FUNCTIONING PROPERLY,CLEAR,DAYLIGHT,REAR END,DIVIDED - W/MEDIAN BARRIER,STRAIGHT AND LEVEL,DRY,NO DEFECTS,NOT ON SCENE (DESK REPORT),NO INJURY / DRIVE AWAY,Y,,"OVER $1,500",07/28/2019 05:32:00 PM,UNABLE TO DETERMINE,UNABLE TO DETERMINE,6299,S,LAKE SHORE DR,331,3,NO INDICATION OF INJURY,0,0,0,0,0,3,0,15,1,7,,,
25,NO CONTROLS,NO CONTROLS,CLEAR,DAYLIGHT,ANGLE,DIVIDED - W/MEDIAN (NOT RAISED),STRAIGHT AND LEVEL,DRY,NO DEFECTS,NOT ON SCENE (DESK REPORT),NO INJURY / DRIVE AWAY,,,"$501 - $1,500",04/28/2022 01:53:00 PM,NOT APPLICABLE,NOT APPLICABLE,500,S,SACRAMENTO BLVD,1134,2,NO INDICATION OF INJURY,0,0,0,0,0,3,0,13,5,4,,,
35,TRAFFIC SIGNAL,FUNCTIONING PROPERLY,CLEAR,DAYLIGHT,PEDESTRIAN,OTHER,STRAIGHT AND LEVEL,DRY,NO DEFECTS,NOT ON SCENE (DESK REPORT),NO INJURY / DRIVE AWAY,,Y,"OVER $1,500",05/17/2022 03:50:00 PM,UNABLE TO DETERMINE,NOT APPLICABLE,5900,S,NEVA AVE,811,2,NO INDICATION OF INJURY,0,0,0,0,0,2,0,9,2,5,,,
30,NO CONTROLS,NO CONTROLS,CLEAR,"DARKNESS, LIGHTED ROAD",FIXED OBJECT,DIVIDED - W/MEDIAN (NOT RAISED),STRAIGHT AND LEVEL,DRY,NO DEFECTS,ON SCENE,INJURY AND / OR TOW DUE TO CRASH,,,"OVER $1,500",06/09/2019 02:41:00 AM,UNABLE TO DETERMINE,NOT APPLICABLE,6299,S,PRINCETON AVE,711,1,NO INDICATION OF INJURY,0,0,0,0,0,5,0,2,1,6,,,
35,OTHER,FUNCTIONING PROPERLY,CLOUDY/OVERCAST,"DARKNESS, LIGHTED ROAD",SIDESWIPE SAME DIRECTION,DIVIDED - W/MEDIAN BARRIER,"CURVE, LEVEL",WET,NO DEFECTS,ON SCENE,NO INJURY / DRIVE AWAY,,,"OVER $1,500",09/21/2018 06:28:00 AM,IMPROPER LANE USAGE,UNABLE TO DETERMINE,8801,S,CHICAGO SKYWAY IB,423,2,NO INDICATION OF INJURY,0,0,0,0,0,4,0,6,6,9,,,
30,TRAFFIC SIGNAL,FUNCTIONING PROPERLY,CLEAR,"DARKNESS, LIGHTED ROAD",TURNING,ONE-WAY,STRAIGHT AND LEVEL,DRY,NO DEFECTS,NOT ON SCENE (DESK REPORT),NO INJURY / DRIVE AWAY,Y,N,"$501 - $1,500",04/06/2019 09:35:00 PM,IMPROPER LANE USAGE,NOT APPLICABLE,636,N,RACINE AVE,1215,2,NO INDICATION OF INJURY,0,0,0,0,0,3,0,20,7,4,41.893380429,-87.657587738,POINT (-87.657587737968 41.893380429025)
30,RAILROAD CROSSING GATE,FUNCTIONING PROPERLY,CLEAR,"DARKNESS, LIGHTED ROAD",OVERTURNED,NOT DIVIDED,STRAIGHT AND LEVEL,DRY,NO DEFECTS,ON SCENE,INJURY AND / OR TOW DUE TO CRASH,,Y,"OVER $1,500",08/14/2021 11:51:00 PM,IMPROPER OVERTAKING/PASSING,FOLLOWING TOO CLOSELY,3800,E,100TH DR,432,2,NO INDICATION OF INJURY,0,0,0,0,0,2,0,23,7,8,,,
30,STOP SIGN/FLASHER,FUNCTIONING PROPERLY,RAIN,DAYLIGHT,REAR END,NOT DIVIDED,STRAIGHT AND LEVEL,WET,NO DEFECTS,NOT ON SCENE (DESK REPORT),NO INJURY / DRIVE AWAY,,Y,"OVER $1,500",10/26/2016 05:33:00 PM,UNABLE TO DETERMINE,UNABLE TO DETERMINE,4606,S,LA SALLE ST,215,2,NO INDICATION OF INJURY,0,0,0,0,0,2,0,16,4,10,,,
30,NO CONTROLS,NO CONTROLS,CLEAR,DAYLIGHT,PARKED MOTOR VEHICLE,NOT DIVIDED,STRAIGHT AND LEVEL,SNOW OR SLUSH,NO DEFECTS,NOT ON SCENE (DESK REPORT),NO INJURY / DRIVE AWAY,,Y,"OVER $1,500",02/15/2020 12:30:00 PM,UNABLE TO DETERMINE,UNABLE TO DETERMINE,710,E,43RD ST,214,2,NO INDICATION OF INJURY,0,0,0,0,0,1,0,12,7,2,41.816892456,-87.608682115,POINT (-87.60868211498 41.816892455968)
30,NO CONTROLS,NO CONTROLS,CLEAR,DAYLIGHT,SIDESWIPE SAME DIRECTION,NOT DIVIDED,STRAIGHT AND LEVEL,DRY,NO DEFECTS,NOT ON SCENE (DESK REPORT),NO INJURY / DRIVE AWAY,,Y,"$501 - $1,500",05/24/2017 01:08:00 PM,IMPROPER LANE USAGE,NOT APPLICABLE,3557,W,BELMONT AVE,1412,2,NO INDICATION OF INJURY,0,0,0,0,0,2,0,7,4,5,41.939108264,-87.717256893,POINT (-87.717256892992 41.939108264021)
15,NO CONTROLS,NO CONTROLS,CLEAR,DAYLIGHT,SIDESWIPE SAME DIRECTION,OTHER,STRAIGHT AND LEVEL,DRY,NO DEFECTS,NOT ON SCENE (DESK REPORT),NO INJURY / DRIVE AWAY,,,"$501 - $1,500",05/18/2022 06:55:00 AM,UNABLE TO DETERMINE,NOT APPLICABLE,1945,N,HUMBOLDT BLVD,1421,2,NO INDICATION OF INJURY,0,0,0,0,0,2,0,14,3,5,41.91696035,-87.701927402,POINT (-87.701927401978 41.91696035001)
10,OTHER,OTHER,CLEAR,DAYLIGHT,REAR TO REAR,PARKING LOT,STRAIGHT AND LEVEL,DRY,NO DEFECTS,NOT ON SCENE (DESK REPORT),NO INJURY / DRIVE AWAY,,,"OVER $1,500",08/16/2021 03:00:00 PM,FAILING TO YIELD RIGHT-OF-WAY,NOT APPLICABLE,1951,N,WESTERN AVE,1434,2,NO INDICATION OF INJURY,0,0,0,0,0,4,0,17,2,8,41.917103631,-87.687248767,POINT (-87.687248767006 41.917103631009)
30,NO CONTROLS,NO CONTROLS,CLEAR,DAYLIGHT,PARKED MOTOR VEHICLE,ONE-WAY,STRAIGHT AND LEVEL,DRY,NO DEFECTS,NOT ON SCENE (DESK REPORT),NO INJURY / DRIVE AWAY,,,"$501 - $1,500",08/29/2020 06:20:00 PM,UNABLE TO DETERMINE,NOT APPLICABLE,2749,W,64TH ST,825,2,NO INDICATION OF INJURY,0,0,0,0,0,1,0,16,7,8,41.777121675,-87.692925138,POINT (-87.692925138017 41.777121674979)
30,STOP SIGN/FLASHER,FUNCTIONING PROPERLY,CLEAR,DAWN,SIDESWIPE SAME DIRECTION,ONE-WAY,STRAIGHT AND LEVEL,DRY,UNKNOWN,NOT ON SCENE (DESK REPORT),NO INJURY / DRIVE AWAY,Y,Y,"OVER $1,500",12/13/2018 05:20:00 PM,IMPROPER OVERTAKING/PASSING,NOT APPLICABLE,6458,S,WELLS ST,722,3,NO INDICATION OF INJURY,0,0,0,0,0,3,0,16,5,12,41.77660477,-87.630256014,POINT (-87.630256014028 41.776604770038)
5,OTHER,FUNCTIONING PROPERLY,RAIN,"DARKNESS, LIGHTED ROAD",SIDESWIPE SAME DIRECTION,DIVIDED - W/MEDIAN BARRIER,STRAIGHT AND LEVEL,WET,NO DEFECTS,ON SCENE,NO INJURY / DRIVE AWAY,,,"OVER $1,500",09/03/2018 07:17:00 PM,WEATHER,FAILING TO REDUCE SPEED TO AVOID CRASH,8801,S,CHICAGO SKYWAY IB,423,2,NO INDICATION OF INJURY,0,0,0,0,0,4,0,19,2,9,,,
10,NO CONTROLS,NO CONTROLS,CLEAR,DAYLIGHT,REAR TO SIDE,PARKING LOT,STRAIGHT AND LEVEL,DRY,NO DEFECTS,NOT ON SCENE (DESK REPORT),NO INJURY / DRIVE AWAY,,,"OVER $1,500",12/05/2022 02:00:00 PM,IMPROPER BACKING,IMPROPER BACKING,5801,S,ELLIS AVE,235,2,NO INDICATION OF INJURY,0,0,0,0,0,2,0,13,2,12,41.789542093,-87.601115068,POINT (-87.601115067998 41.78954209303)
25,NO CONTROLS,NO CONTROLS,CLEAR,DAYLIGHT,SIDESWIPE SAME DIRECTION,ONE-WAY,STRAIGHT AND LEVEL,DRY,NO DEFECTS,ON SCENE,NO INJURY / DRIVE AWAY,,,"OVER $1,500",11/12/2019 06:50:00 AM,UNABLE TO DETERMINE,UNABLE TO DETERMINE,3,W,TERMINAL ST,1653,2,NO INDICATION OF INJURY,0,0,0,0,0,2,0,6,3,11,,,
30,NO CONTROLS,NO CONTROLS,CLEAR,DAYLIGHT,REAR END,NOT DIVIDED,STRAIGHT AND LEVEL,DRY,NO DEFECTS,ON SCENE,INJURY AND / OR TOW DUE TO CRASH,Y,,"OVER $1,500",11/17/2022 08:30:00 AM,FOLLOWING TOO CLOSELY,UNABLE TO DETERMINE,2301,W,FULLERTON AVE,1432,2,NO INDICATION OF INJURY,0,0,0,0,0,2,0,7,5,11,41.924820733,-87.685301935,POINT (-87.685301935013 41.924820733031)
30,NO CONTROLS,NO CONTROLS,SNOW,DAYLIGHT,PARKED MOTOR VEHICLE,NOT DIVIDED,STRAIGHT AND LEVEL,SNOW OR SLUSH,NO DEFECTS,NOT ON SCENE (DESK REPORT),NO INJURY / DRIVE AWAY,,,"$501 - $1,500",04/16/2018 08:45:00 AM,WEATHER,NOT APPLICABLE,7734,W,ADDISON ST,1631,2,NO INDICATION OF INJURY,0,0,0,0,0,1,0,6,2,4,41.945295295,-87.821044831,POINT (-87.821044831019 41.945295294973)
20,NO CONTROLS,NO CONTROLS,CLEAR,DAYLIGHT,PARKED MOTOR VEHICLE,ONE-WAY,STRAIGHT AND LEVEL,DRY,NO DEFECTS,ON SCENE,NO INJURY / DRIVE AWAY,,,"OVER $1,500",12/27/2019 12:59:00 PM,UNABLE TO DETERMINE,NOT APPLICABLE,3,W,TERMINAL ST,1653,2,NO INDICATION OF INJURY,0,0,0,0,0,2,0,12,6,12,,,
20,NO CONTROLS,NO CONTROLS,CLEAR,"DARKNESS, LIGHTED ROAD",SIDESWIPE SAME DIRECTION,ONE-WAY,STRAIGHT ON GRADE,DRY,NO DEFECTS,ON SCENE,NO INJURY / DRIVE AWAY,,,"$501 - $1,500",09/02/2019 09:38:00 PM,FAILING TO YIELD RIGHT-OF-WAY,NOT APPLICABLE,3,W,TERMINAL ST,1653,2,NO INDICATION OF INJURY,0,0,0,0,0,2,0,21,2,9,,,
30,TRAFFIC SIGNAL,FUNCTIONING PROPERLY,CLEAR,"DARKNESS, LIGHTED ROAD",REAR END,DIVIDED - W/MEDIAN BARRIER,STRAIGHT AND LEVEL,DRY,NO DEFECTS,ON SCENE,NO INJURY / DRIVE AWAY,,,$500 OR LESS,11/24/2017 06:45:00 PM,FOLLOWING TOO CLOSELY,NOT APPLICABLE,4643,N,ASHLAND AVE,1912,2,NO INDICATION OF INJURY,0,0,0,0,0,2,0,18,6,11,41.966471878,-87.669231243,POINT (-87.669231243006 41.966471878039)
30,NO CONTROLS,NO CONTROLS,CLEAR,DAYLIGHT,SIDESWIPE SAME DIRECTION,NOT DIVIDED,STRAIGHT AND LEVEL,DRY,NO DEFECTS,NOT ON SCENE (DESK REPORT),NO INJURY / DRIVE AWAY,,Y,"OVER $1,500",01/24/2016 03:50:00 PM,IMPROPER LANE USAGE,NOT APPLICABLE,4005,W,GRAND AVE,2534,2,NO INDICATION OF INJURY,0,0,0,0,0,2,0,14,1,1,41.906097068,-87.72657128,POINT (-87.726571279988 41.906097068043)
30,NO CONTROLS,NO CONTROLS,CLEAR,DARKNESS,REAR END,NOT DIVIDED,STRAIGHT AND LEVEL,DRY,NO DEFECTS,ON SCENE,NO INJURY / DRIVE AWAY,,Y,"OVER $1,500",02/09/2019 04:25:00 AM,UNABLE TO DETERMINE,NOT APPLICABLE,4751,N,KEDZIE AVE,1713,2,NO INDICATION OF INJURY,0,0,0,0,0,2,0,4,7,2,41.968135406,-87.708313269,POINT (-87.708313269047 41.968135406045)
20,NO CONTROLS,NO CONTROLS,CLEAR,"DARKNESS, LIGHTED ROAD",SIDESWIPE SAME DIRECTION,ONE-WAY,STRAIGHT AND LEVEL,DRY,NO DEFECTS,ON SCENE,NO INJURY / DRIVE AWAY,,,"$501 - $1,500",07/24/2021 03:30:00 AM,IMPROPER LANE USAGE,UNABLE TO DETERMINE,2,W,TERMINAL ST,1652,2,NO INDICATION OF INJURY,0,0,0,0,0,2,0,3,7,7,,,
20,YIELD,FUNCTIONING PROPERLY,CLEAR,DAYLIGHT,PEDESTRIAN,FOUR WAY,STRAIGHT AND LEVEL,DRY,NO DEFECTS,NOT ON SCENE (DESK REPORT),INJURY AND / OR TOW DUE TO CRASH,Y,Y,$500 OR LESS,09/18/2020 12:30:00 PM,FAILING TO YIELD RIGHT-OF-WAY,NOT APPLICABLE,4749,W,WEST END AVE,1113,2,NONINCAPACITATING INJURY,1,0,0,1,0,1,0,12,6,9,41.883023475,-87.744869754,POINT (-87.744869754021 41.883023475023)
30,NO CONTROLS,NO CONTROLS,CLEAR,DAYLIGHT,REAR END,PARKING LOT,STRAIGHT AND LEVEL,DRY,NO DEFECTS,NOT ON SCENE (DESK REPORT),NO INJURY / DRIVE AWAY,,,"OVER $1,500",09/18/2020 05:15:00 PM,UNABLE TO DETERMINE,UNABLE TO DETERMINE,6014,S,COTTAGE GROVE AVE,313,2,NO INDICATION OF INJURY,0,0,0,0,0,2,0,16,6,9,41.785387445,-87.606183761,POINT (-87.606183761008 41.785387444959)
30,NO CONTROLS,NO CONTROLS,CLEAR,DAYLIGHT,PARKED MOTOR VEHICLE,PARKING LOT,STRAIGHT AND LEVEL,DRY,NO DEFECTS,NOT ON SCENE (DESK REPORT),NO INJURY / DRIVE AWAY,,Y,"OVER $1,500",08/27/2021 07:05:00 PM,IMPROPER BACKING,FAILING TO REDUCE SPEED TO AVOID CRASH,2640,W,PERSHING RD,911,2,NO INDICATION OF INJURY,0,0,0,0,0,2,0,18,6,8,41.822958463,-87.691425915,POINT (-87.691425915045 41.822958462973)
20,NO CONTROLS,NO CONTROLS,CLEAR,DAWN,PARKED MOTOR VEHICLE,DIVIDED - W/MEDIAN (NOT RAISED),STRAIGHT AND LEVEL,DRY,NO DEFECTS,ON SCENE,NO INJURY / DRIVE AWAY,,,"$501 - $1,500",10/12/2018 06:35:00 AM,IMPROPER OVERTAKING/PASSING,DRIVING SKILLS/KNOWLEDGE/EXPERIENCE,3,W,TERMINAL ST,1653,2,NO INDICATION OF INJURY,0,0,0,0,0,1,0,6,6,10,,,
30,NO CONTROLS,NO CONTROLS,CLEAR,DAYLIGHT,PARKED MOTOR VEHICLE,NOT DIVIDED,STRAIGHT AND LEVEL,DRY,NO DEFECTS,NOT ON SCENE (DESK REPORT),NO INJURY / DRIVE AWAY,,Y,"OVER $1,500",03/27/2019 11:29:00 AM,UNABLE TO DETERMINE,UNABLE TO DETERMINE,4849,W,JACKSON BLVD,1533,2,NO INDICATION OF INJURY,0,0,0,0,0,1,0,8,4,3,41.876650884,-87.747056261,POINT (-87.747056261001 41.876650884046)
30,TRAFFIC SIGNAL,FUNCTIONING PROPERLY,CLEAR,"DARKNESS, LIGHTED ROAD",ANGLE,DIVIDED - W/MEDIAN BARRIER,STRAIGHT AND LEVEL,DRY,NO DEFECTS,ON SCENE,INJURY AND / OR TOW DUE TO CRASH,Y,,"OVER $1,500",12/06/2020 07:09:00 PM,DISREGARDING TRAFFIC SIGNALS,DISREGARDING TRAFFIC SIGNALS,199,N,STATE ST,111,2,NO INDICATION OF INJURY,0,0,0,0,0,2,0,18,1,12,41.885719361,-87.627792462,POINT (-87.627792461951 41.88571936101)
30,NO CONTROLS,NO CONTROLS,CLEAR,DAYLIGHT,SIDESWIPE SAME DIRECTION,ONE-WAY,STRAIGHT AND LEVEL,DRY,UNKNOWN,NOT ON SCENE (DESK REPORT),NO INJURY / DRIVE AWAY,,,"OVER $1,500",09/08/2021 01:25:00 PM,UNABLE TO DETERMINE,NOT APPLICABLE,3,W,TERMINAL ST,1653,2,NO INDICATION OF INJURY,0,0,0,0,0,2,0,13,4,9,,,