POSTED_SPEED_LIMIT,TRAFFIC_CONTROL_DEVICE,DEVICE_CONDITION,WEATHER_CONDITION,LIGHTING_CONDITION,FIRST_CRASH_TYPE,TRAFFICWAY_TYPE,ALIGNMENT,ROADWAY_SURFACE_COND,ROAD_DEFECT,REPORT_TYPE,CRASH_TYPE,INTERSECTION_RELATED_I,HIT_AND_RUN_I,DAMAGE,DATE_POLICE_NOTIFIED,PRIM_CONTRIBUTORY_CAUSE,SEC_CONTRIBUTORY_CAUSE,STREET_NO,STREET_DIRECTION,STREET_NAME,BEAT_OF_OCCURRENCE,NUM_UNITS,MOST_SEVERE_INJURY,INJURIES_TOTAL,INJURIES_FATAL,INJURIES_INCAPACITATING,INJURIES_NON_INCAPACITATING,INJURIES_REPORTED_NOT_EVIDENT,INJURIES_NO_INDICATION,INJURIES_UNKNOWN,CRASH_HOUR,CRASH_DAY_OF_WEEK,CRASH_MONTH,LATITUDE,LONGITUDE,LOCATION
10,STOP SIGN/FLASHER,NO CONTROLS,SNOW,"DARKNESS, LIGHTED ROAD",ANGLE,ONE-WAY,STRAIGHT AND LEVEL,WET,UNKNOWN,ON SCENE,INJURY AND / OR TOW DUE TO CRASH,,,"OVER $1,500",03/22/2020 07:30:00 PM,UNABLE TO DETERMINE,DISREGARDING STOP SIGN,190,W,OHARE ST,1652,2,NO INDICATION OF INJURY,0,0,0,0,0,2,0,19,1,3,,,
30,STOP SIGN/FLASHER,NO CONTROLS,CLEAR,DAYLIGHT,ANGLE,NOT DIVIDED,STRAIGHT AND LEVEL,DRY,NO DEFECTS,ON SCENE,INJURY AND / OR TOW DUE TO CRASH,Y,,"OVER $1,500",07/05/2018 10:30:00 AM,DISREGARDING STOP SIGN,EXCEEDING AUTHORIZED SPEED LIMIT,200,W,101ST ST,511,3,NO INDICATION OF INJURY,0,0,0,0,0,3,0,10,5,7,41.710859781,-87.628468438,POINT (-87.628468437997 41.710859780955)
30,NO CONTROLS,NO CONTROLS,CLEAR,DAYLIGHT,TURNING,NOT DIVIDED,STRAIGHT AND LEVEL,DRY,NO DEFECTS,NOT ON SCENE (DESK REPORT),NO INJURY / DRIVE AWAY,,Y,"$501 - $1,500",07/14/2022 04:50:00 PM,UNABLE TO DETERMINE,NOT APPLICABLE,6210,N,KILDARE AVE,1711,2,NO INDICATION OF INJURY,0,0,0,0,0,2,0,15,5,7,41.994060517,-87.736319965,POINT (-87.73631996497 41.994060517003)
30,NO CONTROLS,NO CONTROLS,CLEAR,DAYLIGHT,PARKED MOTOR VEHICLE,ONE-WAY,STRAIGHT AND LEVEL,DRY,NO DEFECTS,NOT ON SCENE (DESK REPORT),INJURY AND / OR TOW DUE TO CRASH,,,"OVER $1,500",11/05/2021 05:30:00 PM,UNABLE TO DETERMINE,UNABLE TO DETERMINE,121,N,CLARK ST,111,2,"REPORTED, NOT EVIDENT",3,0,0,0,3,1,0,16,6,11,41.883749922,-87.630772022,POINT (-87.630772022024 41.883749922032)
30,TRAFFIC SIGNAL,FUNCTIONING PROPERLY,CLEAR,DAYLIGHT,REAR END,NOT DIVIDED,STRAIGHT AND LEVEL,DRY,NO DEFECTS,NOT ON SCENE (DESK REPORT),INJURY AND / OR TOW DUE TO CRASH,,,"$501 - $1,500",12/31/2015 03:25:00 PM,UNABLE TO DETERMINE,NOT APPLICABLE,11,S,AUSTIN BLVD,1513,2,NONINCAPACITATING INJURY,1,0,0,1,0,2,0,15,5,12,41.879714362,-87.774496221,POINT (-87.774496220954 41.879714361958)
30,TRAFFIC SIGNAL,FUNCTIONING PROPERLY,CLEAR,DAYLIGHT,REAR END,NOT DIVIDED,STRAIGHT AND LEVEL,DRY,NO DEFECTS,NOT ON SCENE (DESK REPORT),NO INJURY / DRIVE AWAY,Y,,"OVER $1,500",04/25/2018 08:05:00 AM,FOLLOWING TOO CLOSELY,DRIVING SKILLS/KNOWLEDGE/EXPERIENCE,11,S,AUSTIN BLVD,1513,2,NO INDICATION OF INJURY,0,0,0,0,0,3,0,18,3,4,41.879714362,-87.774496221,POINT (-87.774496220954 41.879714361958)
30,STOP SIGN/FLASHER,FUNCTIONING PROPERLY,CLEAR,DAYLIGHT,REAR END,ONE-WAY,STRAIGHT AND LEVEL,DRY,NO DEFECTS,NOT ON SCENE (DESK REPORT),NO INJURY / DRIVE AWAY,,,$500 OR LESS,01/10/2016 03:50:00 PM,FAILING TO YIELD RIGHT-OF-WAY,FOLLOWING TOO CLOSELY,4650,S,LA SALLE ST,215,2,NO INDICATION OF INJURY,0,0,0,0,0,7,0,15,1,1,,,
30,NO CONTROLS,NO CONTROLS,CLEAR,DARKNESS,REAR END,PARKING LOT,STRAIGHT AND LEVEL,DRY,NO DEFECTS,NOT ON SCENE (DESK REPORT),NO INJURY / DRIVE AWAY,,,$500 OR LESS,03/02/2020 07:36:00 PM,UNABLE TO DETERMINE,UNABLE TO DETERMINE,4201,S,ASHLAND AVE,924,2,NO INDICATION OF INJURY,0,0,0,0,0,2,0,19,2,3,41.817683733,-87.6650402,POINT (-87.665040200043 41.817683733038)
30,TRAFFIC SIGNAL,FUNCTIONING PROPERLY,CLEAR,"DARKNESS, LIGHTED ROAD",TURNING,FOUR WAY,STRAIGHT AND LEVEL,DRY,NO DEFECTS,NOT ON SCENE (DESK REPORT),NO INJURY / DRIVE AWAY,,,"$501 - $1,500",08/02/2019 01:45:00 PM,UNABLE TO DETERMINE,NOT APPLICABLE,1198,S,LARAMIE AVE,1522,2,NO INDICATION OF INJURY,0,0,0,0,0,2,0,20,5,8,,,
30,NO CONTROLS,NO CONTROLS,CLEAR,DAYLIGHT,PEDESTRIAN,DRIVEWAY,STRAIGHT AND LEVEL,DRY,NO DEFECTS,NOT ON SCENE (DESK REPORT),NO INJURY / DRIVE AWAY,,Y,"OVER $1,500",08/24/2020 03:10:00 PM,FAILING TO YIELD RIGHT-OF-WAY,UNABLE TO DETERMINE,1623,E,67TH ST,332,2,NO INDICATION OF INJURY,0,0,0,0,0,2,0,14,2,8,41.773232394,-87.58531478,POINT (-87.585314780035 41.77323239404)
30,STOP SIGN/FLASHER,FUNCTIONING PROPERLY,FOG/SMOKE/HAZE,"DARKNESS, LIGHTED ROAD",ANGLE,NOT DIVIDED,STRAIGHT AND LEVEL,WET,NO DEFECTS,ON SCENE,INJURY AND / OR TOW DUE TO CRASH,Y,Y,"OVER $1,500",01/22/2017 10:07:00 PM,FAILING TO YIELD RIGHT-OF-WAY,UNABLE TO DETERMINE,7400,S,SOUTH SHORE DR,334,2,NO INDICATION OF INJURY,0,0,0,0,0,4,0,21,1,1,41.762174118,-87.558927464,POINT (-87.558927463962 41.762174118016)
0,NO CONTROLS,NO CONTROLS,CLEAR,DAYLIGHT,SIDESWIPE SAME DIRECTION,UNKNOWN,STRAIGHT AND LEVEL,UNKNOWN,UNKNOWN,NOT ON SCENE (DESK REPORT),NO INJURY / DRIVE AWAY,,,"OVER $1,500",07/18/2018 04:10:00 PM,UNABLE TO DETERMINE,NOT APPLICABLE,1100,W,MADISON ST,1224,2,NO INDICATION OF INJURY,0,0,0,0,0,2,0,15,4,7,41.881779411,-87.654380269,POINT (-87.654380269009 41.88177941105)
30,NO CONTROLS,NO CONTROLS,CLEAR,DAYLIGHT,ANGLE,NOT DIVIDED,STRAIGHT AND LEVEL,DRY,NO DEFECTS,ON SCENE,INJURY AND / OR TOW DUE TO CRASH,Y,,"OVER $1,500",07/19/2019 07:44:00 PM,FAILING TO YIELD RIGHT-OF-WAY,NOT APPLICABLE,1881,W,OGDEN AVE,1231,2,NONINCAPACITATING INJURY,3,0,0,3,0,1,0,19,6,7,41.875008491,-87.673536864,POINT (-87.673536864033 41.875008491025)
15,NO CONTROLS,NO CONTROLS,RAIN,DARKNESS,PARKED MOTOR VEHICLE,ALLEY,STRAIGHT AND LEVEL,WET,NO DEFECTS,NOT ON SCENE (DESK REPORT),NO INJURY / DRIVE AWAY,,,"OVER $1,500",02/21/2017 10:25:00 AM,IMPROPER BACKING,IMPROPER BACKING,741,W,47TH ST,935,2,NO INDICATION OF INJURY,0,0,0,0,0,1,0,5,3,2,41.808765103,-87.644804499,POINT (-87.644804499005 41.808765102977)
15,NO CONTROLS,NO CONTROLS,CLEAR,DAYLIGHT,SIDESWIPE OPPOSITE DIRECTION,PARKING LOT,STRAIGHT AND LEVEL,DRY,NO DEFECTS,ON SCENE,NO INJURY / DRIVE AWAY,,,"$501 - $1,500",08/06/2019 01:10:00 PM,UNABLE TO DETERMINE,NOT APPLICABLE,524,W,OHARE ST,1654,2,NO INDICATION OF INJURY,0,0,0,0,0,2,0,12,3,8,,,
40,TRAFFIC SIGNAL,FUNCTIONING PROPERLY,CLEAR,DAYLIGHT,REAR END,DIVIDED - W/MEDIAN BARRIER,STRAIGHT AND LEVEL,DRY,NO DEFECTS,NOT ON SCENE (DESK REPORT),INJURY AND / OR TOW DUE TO CRASH,Y,,"$501 - $1,500",08/28/2020 08:35:00 PM,UNABLE TO DETERMINE,UNABLE TO DETERMINE,12700,W,IRVING PARK RD,1654,2,"REPORTED, NOT EVIDENT",1,0,0,0,1,2,0,17,6,8,,,
30,TRAFFIC SIGNAL,FUNCTIONING PROPERLY,CLEAR,"DARKNESS, LIGHTED ROAD",REAR END,NOT DIVIDED,STRAIGHT AND LEVEL,DRY,NO DEFECTS,ON SCENE,INJURY AND / OR TOW DUE TO CRASH,,Y,"OVER $1,500",05/06/2023 12:34:00 AM,NOT APPLICABLE,NOT APPLICABLE,6558,S,COTTAGE GROVE AVE,321,3,NONINCAPACITATING INJURY,1,0,0,1,0,2,0,23,6,5,41.775048833,-87.60595789,POINT (-87.605957890049 41.775048833022)
25,NO CONTROLS,NO CONTROLS,RAIN,DARKNESS,PARKED MOTOR VEHICLE,NOT DIVIDED,STRAIGHT AND LEVEL,WET,NO DEFECTS,ON SCENE,INJURY AND / OR TOW DUE TO CRASH,Y,,"OVER $1,500",11/12/2020 11:43:00 PM,FAILING TO REDUCE SPEED TO AVOID CRASH,UNABLE TO DETERMINE,5259,W,WASHINGTON BLVD,1522,3,NO INDICATION OF INJURY,0,0,0,0,0,2,0,22,5,11,41.882230166,-87.757516765,POINT (-87.757516764957 41.88223016602)
30,TRAFFIC SIGNAL,FUNCTIONING PROPERLY,CLEAR,DAYLIGHT,REAR END,NOT DIVIDED,STRAIGHT AND LEVEL,WET,NO DEFECTS,ON SCENE,INJURY AND / OR TOW DUE TO CRASH,,,"OVER $1,500",01/09/2018 01:15:00 PM,FOLLOWING TOO CLOSELY,NOT APPLICABLE,705,S,DAMEN AVE,1225,2,NO INDICATION OF INJURY,0,0,0,0,0,2,0,13,3,1,0,0,POINT (0 0)
30,TRAFFIC SIGNAL,FUNCTIONING PROPERLY,CLEAR,DAYLIGHT,TURNING,NOT DIVIDED,STRAIGHT AND LEVEL,DRY,NO DEFECTS,ON SCENE,NO INJURY / DRIVE AWAY,N,,"OVER $1,500",08/23/2019 06:41:00 PM,FAILING TO YIELD RIGHT-OF-WAY,FAILING TO REDUCE SPEED TO AVOID CRASH,1609,N,CENTRAL AVE,2532,2,NO INDICATION OF INJURY,0,0,0,0,0,2,0,18,6,8,41.909669676,-87.765481309,POINT (-87.765481309016 41.909669676006)
30,NO CONTROLS,NO CONTROLS,RAIN,DAYLIGHT,SIDESWIPE SAME DIRECTION,ONE-WAY,CURVE ON GRADE,WET,NO DEFECTS,ON SCENE,NO INJURY / DRIVE AWAY,,,"OVER $1,500",03/04/2023 04:55:00 PM,UNABLE TO DETERMINE,UNABLE TO DETERMINE,3,W,TERMINAL ST,1653,2,NO INDICATION OF INJURY,0,0,0,0,0,2,0,16,7,3,,,
20,NO CONTROLS,NO CONTROLS,CLOUDY/OVERCAST,DAYLIGHT,SIDESWIPE SAME DIRECTION,ONE-WAY,STRAIGHT AND LEVEL,DRY,NO DEFECTS,ON SCENE,NO INJURY / DRIVE AWAY,,,"OVER $1,500",02/27/2020 09:13:00 AM,FAILING TO YIELD RIGHT-OF-WAY,DRIVING SKILLS/KNOWLEDGE/EXPERIENCE,2,W,TERMINAL ST,1652,2,NO INDICATION OF INJURY,0,0,0,0,0,2,0,9,5,2,,,
30,TRAFFIC SIGNAL,FUNCTIONING PROPERLY,CLEAR,DAYLIGHT,TURNING,FOUR WAY,STRAIGHT AND LEVEL,DRY,NO DEFECTS,NOT ON SCENE (DESK REPORT),NO INJURY / DRIVE AWAY,Y,,"OVER $1,500",06/02/2023 07:50:00 PM,IMPROPER LANE USAGE,NOT APPLICABLE,502,S,HAMLIN BLVD,1133,2,NO INDICATION OF INJURY,0,0,0,0,0,3,0,18,6,6,41.874350356,-87.720538576,POINT (-87.720538575955 41.874350356029)
30,NO CONTROLS,NO CONTROLS,CLEAR,DAYLIGHT,HEAD ON,NOT DIVIDED,STRAIGHT AND LEVEL,DRY,NO DEFECTS,AMENDED,INJURY AND / OR TOW DUE TO CRASH,,,"OVER $1,500",06/27/2016 10:37:00 AM,NOT APPLICABLE,UNABLE TO DETERMINE,6640,S,LAKE SHORE DR,331,2,"REPORTED, NOT EVIDENT",1,0,0,0,1,2,0,10,2,6,,,
30,STOP SIGN/FLASHER,FUNCTIONING PROPERLY,CLEAR,DAYLIGHT,ANGLE,OTHER,STRAIGHT AND LEVEL,DRY,NO DEFECTS,NOT ON SCENE (DESK REPORT),NO INJURY / DRIVE AWAY,Y,,"OVER $1,500",09/28/2018 02:09:00 PM,FAILING TO YIELD RIGHT-OF-WAY,DRIVING SKILLS/KNOWLEDGE/EXPERIENCE,7100,S,MAPLEWOOD AVE,832,2,NO INDICATION OF INJURY,0,0,0,0,0,2,0,17,5,9,41.764544707,-87.68705707,POINT (-87.687057069958 41.764544707037)
30,TRAFFIC SIGNAL,FUNCTIONING PROPERLY,BLOWING SNOW,DAYLIGHT,REAR END,DIVIDED - W/MEDIAN (NOT RAISED),STRAIGHT ON HILLCREST,SNOW OR SLUSH,NO DEFECTS,ON SCENE,NO INJURY / DRIVE AWAY,Y,,"$501 - $1,500",02/02/2022 09:10:00 AM,WEATHER,FOLLOWING TOO CLOSELY,1100,W,DIVISION ST,1822,2,NO INDICATION OF INJURY,0,0,0,0,0,2,0,8,4,2,41.903639931,-87.65554697,POINT (-87.655546970003 41.903639930952)
30,NO CONTROLS,NOT FUNCTIONING,CLEAR,DAYLIGHT,ANGLE,NOT DIVIDED,STRAIGHT AND LEVEL,DRY,NO DEFECTS,ON SCENE,INJURY AND / OR TOW DUE TO CRASH,Y,,"OVER $1,500",09/17/2021 01:28:00 PM,FAILING TO YIELD RIGHT-OF-WAY,NOT APPLICABLE,6431,N,HARLEM AVE,1611,2,NO INDICATION OF INJURY,0,0,0,0,0,2,0,13,6,9,41.997730287,-87.806645117,POINT (-87.806645117018 41.997730287008)
15,NO CONTROLS,NO CONTROLS,UNKNOWN,"DARKNESS, LIGHTED ROAD",PARKED MOTOR VEHICLE,ONE-WAY,STRAIGHT AND LEVEL,UNKNOWN,NO DEFECTS,NOT ON SCENE (DESK REPORT),NO INJURY / DRIVE AWAY,,,"OVER $1,500",02/13/2023 03:10:00 PM,UNABLE TO DETERMINE,NOT APPLICABLE,3,W,TERMINAL ST,1653,2,NO INDICATION OF INJURY,0,0,0,0,0,1,0,20,6,2,,,
30,TRAFFIC SIGNAL,FUNCTIONING PROPERLY,CLEAR,DAYLIGHT,REAR END,FOUR WAY,STRAIGHT AND LEVEL,DRY,NO DEFECTS,NOT ON SCENE (DESK REPORT),NO INJURY / DRIVE AWAY,Y,Y,"OVER $1,500",02/22/2020 04:25:00 PM,DRIVING SKILLS/KNOWLEDGE/EXPERIENCE,FOLLOWING TOO CLOSELY,502,S,HAMLIN BLVD,1133,2,NO INDICATION OF INJURY,0,0,0,0,0,3,0,15,7,2,41.874350356,-87.720538576,POINT (-87.720538575955 41.874350356029)
15,NO CONTROLS,NO CONTROLS,CLEAR,DARKNESS,PARKED MOTOR VEHICLE,ALLEY,STRAIGHT AND LEVEL,DRY,NO DEFECTS,NOT ON SCENE (DESK REPORT),NO INJURY / DRIVE AWAY,,,$500 OR LESS,09/06/2020 08:41:00 PM,"VISION OBSCURED (SIGNS, TREE LIMBS, BUILDINGS, ETC.)",DRIVING SKILLS/KNOWLEDGE/EXPERIENCE,215,W,COUCH PL,122,2,NO INDICATION OF INJURY,0,0,0,0,0,1,0,19,1,9,41.884989876,-87.634374275,POINT (-87.634374274988 41.88498987598)
35,STOP SIGN/FLASHER,FUNCTIONING PROPERLY,CLEAR,DAYLIGHT,TURNING,DIVIDED - W/MEDIAN (NOT RAISED),STRAIGHT AND LEVEL,DRY,NO DEFECTS,ON SCENE,INJURY AND / OR TOW DUE TO CRASH,Y,,"OVER $1,500",09/24/2019 04:43:00 PM,FAILING TO YIELD RIGHT-OF-WAY,NOT APPLICABLE,8759,S,HALSTED ST,2223,3,NO INDICATION OF INJURY,0,0,0,0,0,4,0,16,3,9,41.734393366,-87.643424124,POINT (-87.643424123981 41.734393365956)
15,NO CONTROLS,NO CONTROLS,CLEAR,DAYLIGHT,FIXED OBJECT,RAMP,STRAIGHT ON GRADE,DRY,NO DEFECTS,ON SCENE,NO INJURY / DRIVE AWAY,,,"$501 - $1,500",03/01/2022 07:00:00 AM,FAILING TO YIELD RIGHT-OF-WAY,FAILING TO YIELD RIGHT-OF-WAY,5,W,TERMINAL ST,1655,1,NO INDICATION OF INJURY,0,0,0,0,0,1,0,6,3,3,,,
20,NO CONTROLS,NO CONTROLS,RAIN,DAYLIGHT,PARKED MOTOR VEHICLE,PARKING LOT,STRAIGHT AND LEVEL,WET,NO DEFECTS,ON SCENE,NO INJURY / DRIVE AWAY,,Y,"OVER $1,500",05/21/2019 01:45:00 PM,FOLLOWING TOO CLOSELY,DRIVING SKILLS/KNOWLEDGE/EXPERIENCE,1,W,PARKING LOT G ST,1654,2,NO INDICATION OF INJURY,0,0,0,0,0,1,0,5,3,5,,,
30,NO CONTROLS,NO CONTROLS,CLEAR,DARKNESS,TURNING,OTHER,STRAIGHT AND LEVEL,DRY,NO DEFECTS,NOT ON SCENE (DESK REPORT),INJURY AND / OR TOW DUE TO CRASH,,,"OVER $1,500",12/16/2017 11:21:00 PM,UNABLE TO DETERMINE,UNABLE TO DETERMINE,2428,W,63RD ST,825,2,NO INDICATION OF INJURY,0,0,0,0,0,3,0,21,7,12,41.779351179,-87.684804466,POINT (-87.684804465996 41.779351179003)
30,NO CONTROLS,NO CONTROLS,SNOW,"DARKNESS, LIGHTED ROAD",PARKED MOTOR VEHICLE,NOT DIVIDED,STRAIGHT AND LEVEL,SNOW OR SLUSH,UNKNOWN,NOT ON SCENE (DESK REPORT),NO INJURY / DRIVE AWAY,,Y,"OVER $1,500",01/31/2021 11:55:00 AM,UNABLE TO DETERMINE,UNABLE TO DETERMINE,2601,N,HALSTED ST,1935,2,NO INDICATION OF INJURY,0,0,0,0,0,1,0,21,7,1,41.929209817,-87.648746265,POINT (-87.648746264964 41.929209817007)
30,NO CONTROLS,NO CONTROLS,CLEAR,DARKNESS,PEDALCYCLIST,NOT DIVIDED,STRAIGHT AND LEVEL,DRY,NO DEFECTS,ON SCENE,NO INJURY / DRIVE AWAY,,,"OVER $1,500",09/17/2020 08:00:00 PM,UNABLE TO DETERMINE,UNABLE TO DETERMINE,1400,W,WEBSTER AVE,1811,2,NO INDICATION OF INJURY,0,0,0,0,0,2,0,19,5,9,41.921729807,-87.663234201,POINT (-87.663234201004 41.921729806985)
20,STOP SIGN/FLASHER,FUNCTIONING PROPERLY,CLEAR,"DARKNESS, LIGHTED ROAD",PARKED MOTOR VEHICLE,NOT DIVIDED,STRAIGHT AND LEVEL,DRY,NO DEFECTS,ON SCENE,INJURY AND / OR TOW DUE TO CRASH,,,"OVER $1,500",04/11/2022 02:39:00 AM,PHYSICAL CONDITION OF DRIVER,PHYSICAL CONDITION OF DRIVER,3264,W,DICKENS AVE,1413,2,INCAPACITATING INJURY,2,0,2,0,0,0,0,2,2,4,41.919306036,-87.709645152,POINT (-87.70964515196 41.919306035976)
30,NO CONTROLS,NO CONTROLS,CLEAR,DAYLIGHT,PARKED MOTOR VEHICLE,ONE-WAY,STRAIGHT AND LEVEL,DRY,NO DEFECTS,NOT ON SCENE (DESK REPORT),NO INJURY / DRIVE AWAY,,Y,"OVER $1,500",05/30/2023 06:30:00 PM,IMPROPER OVERTAKING/PASSING,UNABLE TO DETERMINE,3759,N,NEWLAND AVE,1632,2,NO INDICATION OF INJURY,0,0,0,0,0,1,0,21,1,5,41.948952536,-87.799620451,POINT (-87.799620450951 41.948952535973)
30,NO CONTROLS,NO CONTROLS,CLEAR,DAYLIGHT,PARKED MOTOR VEHICLE,NOT DIVIDED,STRAIGHT AND LEVEL,DRY,NO DEFECTS,NOT ON SCENE (DESK REPORT),NO INJURY / DRIVE AWAY,,Y,"OVER $1,500",07/17/2017 08:28:00 PM,IMPROPER OVERTAKING/PASSING,IMPROPER OVERTAKING/PASSING,12006,S,WENTWORTH AVE,523,2,NO INDICATION OF INJURY,0,0,0,0,0,1,0,18,2,7,41.675901307,-87.627558858,POINT (-87.627558857969 41.675901307049)
20,NO CONTROLS,NO CONTROLS,CLEAR,"DARKNESS, LIGHTED ROAD",REAR END,ONE-WAY,STRAIGHT AND LEVEL,DRY,NO DEFECTS,ON SCENE,NO INJURY / DRIVE AWAY,,Y,$500 OR LESS,01/07/2020 05:00:00 PM,UNABLE TO DETERMINE,NOT APPLICABLE,3,W,TERMINAL ST,1653,2,NO INDICATION OF INJURY,0,0,0,0,0,3,0,16,3,1,,,
15,NO CONTROLS,NO CONTROLS,CLEAR,DAYLIGHT,REAR TO FRONT,PARKING LOT,STRAIGHT AND LEVEL,DRY,NO DEFECTS,ON SCENE,NO INJURY / DRIVE AWAY,,,"OVER $1,500",01/07/2020 12:44:00 PM,IMPROPER BACKING,NOT APPLICABLE,1,W,PARKING LOT B ST,1654,2,NO INDICATION OF INJURY,0,0,0,0,0,3,0,12,3,1,,,
30,NO CONTROLS,NO CONTROLS,CLEAR,DAYLIGHT,PARKED MOTOR VEHICLE,ONE-WAY,STRAIGHT AND LEVEL,DRY,NO DEFECTS,NOT ON SCENE (DESK REPORT),NO INJURY / DRIVE AWAY,,N,$500 OR LESS,07/11/2020 08:25:00 PM,DRIVING SKILLS/KNOWLEDGE/EXPERIENCE,NOT APPLICABLE,3111,W,LOGAN BLVD,1414,2,NO INDICATION OF INJURY,0,0,0,0,0,1,0,20,7,7,41.928142509,-87.705489835,POINT (-87.705489834975 41.928142508969)
10,NO CONTROLS,NO CONTROLS,RAIN,"DARKNESS, LIGHTED ROAD",PEDESTRIAN,PARKING LOT,STRAIGHT AND LEVEL,WET,NO DEFECTS,NOT ON SCENE (DESK REPORT),INJURY AND / OR TOW DUE TO CRASH,,,$500 OR LESS,02/19/2018 09:56:00 PM,UNABLE TO DETERMINE,UNABLE TO DETERMINE,1951,N,WESTERN AVE,1434,2,NONINCAPACITATING INJURY,1,0,0,1,0,1,0,21,2,2,41.917103631,-87.687248767,POINT (-87.687248767006 41.917103631009)
20,NO CONTROLS,OTHER,CLOUDY/OVERCAST,"DARKNESS, LIGHTED ROAD",REAR END,ONE-WAY,STRAIGHT AND LEVEL,DRY,NO DEFECTS,NOT ON SCENE (DESK REPORT),NO INJURY / DRIVE AWAY,,,"$501 - $1,500",11/30/2022 06:43:00 AM,FAILING TO REDUCE SPEED TO AVOID CRASH,FOLLOWING TOO CLOSELY,3,W,TERMINAL ST,1653,2,NO INDICATION OF INJURY,0,0,0,0,0,2,0,6,4,11,,,
35,NO CONTROLS,NO CONTROLS,CLEAR,DAYLIGHT,SIDESWIPE SAME DIRECTION,DIVIDED - W/MEDIAN (NOT RAISED),STRAIGHT AND LEVEL,DRY,NO DEFECTS,NOT ON SCENE (DESK REPORT),INJURY AND / OR TOW DUE TO CRASH,,,"OVER $1,500",03/23/2018 12:20:00 PM,IMPROPER OVERTAKING/PASSING,NOT APPLICABLE,6299,S,LAKE SHORE DR,331,2,NONINCAPACITATING INJURY,1,0,0,1,0,1,0,8,6,3,,,
30,TRAFFIC SIGNAL,FUNCTIONING PROPERLY,CLEAR,"DARKNESS, LIGHTED ROAD",REAR END,NOT DIVIDED,STRAIGHT AND LEVEL,DRY,NO DEFECTS,NOT ON SCENE (DESK REPORT),NO INJURY / DRIVE AWAY,Y,,"$501 - $1,500",11/08/2017 09:35:00 PM,UNABLE TO DETERMINE,UNABLE TO DETERMINE,2358,W,FOSTER AVE,2012,2,NO INDICATION OF INJURY,0,0,0,0,0,2,0,21,4,11,41.97600184,-87.689092635,POINT (-87.689092634969 41.97600183997)
30,NO CONTROLS,NO CONTROLS,CLEAR,DARKNESS,PARKED MOTOR VEHICLE,DRIVEWAY,STRAIGHT AND LEVEL,DRY,NO DEFECTS,ON SCENE,INJURY AND / OR TOW DUE TO CRASH,,,"OVER $1,500",06/17/2018 08:47:00 PM,IMPROPER BACKING,UNABLE TO DETERMINE,8040,S,BRANDON AVE,422,2,NO INDICATION OF INJURY,0,0,0,0,0,1,0,20,1,6,41.748955255,-87.546926425,POINT (-87.546926424991 41.748955254974)
30,NO CONTROLS,NO CONTROLS,CLEAR,"DARKNESS, LIGHTED ROAD",REAR END,NOT DIVIDED,STRAIGHT AND LEVEL,DRY,NO DEFECTS,,NO INJURY / DRIVE AWAY,,Y,"$501 - $1,500",11/25/2021 09:05:00 AM,FOLLOWING TOO CLOSELY,UNABLE TO DETERMINE,13,N,BESSIE COLEMAN DR,1654,2,NO INDICATION OF INJURY,0,0,0,0,0,2,0,5,5,11,,,
30,TRAFFIC SIGNAL,FUNCTIONING PROPERLY,CLEAR,DAYLIGHT,SIDESWIPE SAME DIRECTION,NOT DIVIDED,STRAIGHT AND LEVEL,DRY,NO DEFECTS,ON SCENE,INJURY AND / OR TOW DUE TO CRASH,,,"OVER $1,500",12/23/2019 01:56:00 PM,FAILING TO YIELD RIGHT-OF-WAY,IMPROPER OVERTAKING/PASSING,6199,W,ADDISON ST,1633,2,NO INDICATION OF INJURY,0,0,0,0,0,2,0,13,2,12,41.945612913,-87.781249472,POINT (-87.781249472044 41.945612912979)
30,STOP SIGN/FLASHER,FUNCTIONING PROPERLY,CLEAR,DUSK,ANGLE,NOT DIVIDED,STRAIGHT AND LEVEL,DRY,UNKNOWN,ON SCENE,INJURY AND / OR TOW DUE TO CRASH,Y,,"OVER $1,500",09/16/2017 06:05:00 PM,DISREGARDING STOP SIGN,DRIVING SKILLS/KNOWLEDGE/EXPERIENCE,1700,W,TOUHY AVE,2423,2,"REPORTED, NOT EVIDENT",2,0,0,0,2,2,0,18,7,9,42.012782706,-87.672484088,POINT (-87.672484087993 42.012782706036)
30,NO CONTROLS,NO CONTROLS,CLEAR,DAYLIGHT,SIDESWIPE SAME DIRECTION,ONE-WAY,STRAIGHT AND LEVEL,DRY,UNKNOWN,ON SCENE,NO INJURY / DRIVE AWAY,,,"OVER $1,500",04/06/2018 05:12:00 PM,UNABLE TO DETERMINE,NOT APPLICABLE,116,N,CLARK ST,122,2,NO INDICATION OF INJURY,0,0,0,0,0,2,0,17,6,4,41.883652693,-87.631064466,POINT (-87.631064466009 41.883652692958)