POSTED_SPEED_LIMIT,TRAFFIC_CONTROL_DEVICE,DEVICE_CONDITION,WEATHER_CONDITION,LIGHTING_CONDITION,FIRST_CRASH_TYPE,TRAFFICWAY_TYPE,ALIGNMENT,ROADWAY_SURFACE_COND,ROAD_DEFECT,REPORT_TYPE,CRASH_TYPE,INTERSECTION_RELATED_I,HIT_AND_RUN_I,DAMAGE,DATE_POLICE_NOTIFIED,PRIM_CONTRIBUTORY_CAUSE,SEC_CONTRIBUTORY_CAUSE,STREET_NO,STREET_DIRECTION,STREET_NAME,BEAT_OF_OCCURRENCE,NUM_UNITS,MOST_SEVERE_INJURY,INJURIES_TOTAL,INJURIES_FATAL,INJURIES_INCAPACITATING,INJURIES_NON_INCAPACITATING,INJURIES_REPORTED_NOT_EVIDENT,INJURIES_NO_INDICATION,INJURIES_UNKNOWN,CRASH_HOUR,CRASH_DAY_OF_WEEK,CRASH_MONTH,LATITUDE,LONGITUDE,LOCATION
20,NO CONTROLS,NO CONTROLS,CLEAR,"DARKNESS, LIGHTED ROAD",FIXED OBJECT,RAMP,STRAIGHT AND LEVEL,DRY,NO DEFECTS,ON SCENE,NO INJURY / DRIVE AWAY,,,"OVER $1,500",05/08/2021 02:20:00 AM,IMPROPER BACKING,UNABLE TO DETERMINE,1,W,TERMINAL ST,1651,1,NO INDICATION OF INJURY,0,0,0,0,0,1,0,2,7,5,,,
30,NO CONTROLS,NO CONTROLS,CLEAR,DUSK,PARKED MOTOR VEHICLE,NOT DIVIDED,STRAIGHT AND LEVEL,DRY,NO DEFECTS,ON SCENE,INJURY AND / OR TOW DUE TO CRASH,,Y,"OVER $1,500",03/29/2021 07:54:00 PM,"OPERATING VEHICLE IN ERRATIC, RECKLESS, CARELESS, NEGLIGENT OR AGGRESSIVE MANNER",DRIVING ON WRONG SIDE/WRONG WAY,334,W,93RD ST,634,2,NO INDICATION OF INJURY,0,0,0,0,0,1,0,16,2,3,41.725910635,-87.632212381,POINT (-87.632212381048 41.725910635041)
30,TRAFFIC SIGNAL,FUNCTIONING PROPERLY,CLEAR,DAYLIGHT,REAR END,NOT DIVIDED,STRAIGHT AND LEVEL,DRY,NO DEFECTS,NOT ON SCENE (DESK REPORT),NO INJURY / DRIVE AWAY,,,"OVER $1,500",07/27/2020 10:30:00 PM,UNABLE TO DETERMINE,UNABLE TO DETERMINE,4700,W,59TH ST,813,2,NO INDICATION OF INJURY,0,0,0,0,0,4,0,12,2,7,41.784385694,-87.740065946,POINT (-87.740065945952 41.784385693962)
30,NO CONTROLS,NO CONTROLS,CLEAR,DAYLIGHT,REAR TO FRONT,ONE-WAY,STRAIGHT AND LEVEL,DRY,NO DEFECTS,NOT ON SCENE (DESK REPORT),NO INJURY / DRIVE AWAY,,,"OVER $1,500",04/25/2021 03:50:00 PM,UNABLE TO DETERMINE,UNABLE TO DETERMINE,5512,W,HENDERSON ST,1633,2,NO INDICATION OF INJURY,0,0,0,0,0,2,0,16,7,4,41.941448237,-87.764723776,POINT (-87.764723775973 41.94144823696)
20,NO CONTROLS,NO CONTROLS,CLEAR,DAYLIGHT,PARKED MOTOR VEHICLE,ONE-WAY,STRAIGHT AND LEVEL,DRY,NO DEFECTS,NOT ON SCENE (DESK REPORT),NO INJURY / DRIVE AWAY,,Y,"OVER $1,500",07/09/2023 02:00:00 PM,IMPROPER LANE USAGE,IMPROPER LANE USAGE,4257,S,DR MARTIN LUTHER KING JR SD,214,2,NO INDICATION OF INJURY,0,0,0,0,0,1,0,14,1,7,,,
15,NO CONTROLS,NO CONTROLS,RAIN,DARKNESS,PARKED MOTOR VEHICLE,PARKING LOT,STRAIGHT AND LEVEL,WET,NO DEFECTS,ON SCENE,NO INJURY / DRIVE AWAY,,,"OVER $1,500",10/06/2022 07:12:00 PM,IMPROPER BACKING,NOT APPLICABLE,1454,W,47TH ST,924,2,NO INDICATION OF INJURY,0,0,0,0,0,2,0,19,5,10,41.808749374,-87.66230696,POINT (-87.662306960034 41.808749374011)
30,TRAFFIC SIGNAL,UNKNOWN,RAIN,DAYLIGHT,REAR END,NOT DIVIDED,STRAIGHT AND LEVEL,WET,NO DEFECTS,NOT ON SCENE (DESK REPORT),NO INJURY / DRIVE AWAY,Y,,"OVER $1,500",05/06/2022 06:55:00 PM,WEATHER,WEATHER,634,S,WABASH AVE,123,2,NO INDICATION OF INJURY,0,0,0,0,0,2,0,17,6,5,41.873665508,-87.626125479,POINT (-87.626125479035 41.873665507986)
25,NO CONTROLS,NO CONTROLS,CLEAR,DAYLIGHT,SIDESWIPE SAME DIRECTION,ONE-WAY,STRAIGHT AND LEVEL,DRY,NO DEFECTS,ON SCENE,NO INJURY / DRIVE AWAY,,,"OVER $1,500",03/15/2022 06:33:00 AM,FAILING TO YIELD RIGHT-OF-WAY,DRIVING SKILLS/KNOWLEDGE/EXPERIENCE,3,W,TERMINAL ST,1653,2,NO INDICATION OF INJURY,0,0,0,0,0,2,0,6,3,3,,,
5,OTHER REG. SIGN,FUNCTIONING PROPERLY,CLOUDY/OVERCAST,DAYLIGHT,REAR END,DIVIDED - W/MEDIAN BARRIER,"CURVE, LEVEL",DRY,NO DEFECTS,ON SCENE,NO INJURY / DRIVE AWAY,,Y,"OVER $1,500",11/06/2017 02:29:00 PM,DISREGARDING OTHER TRAFFIC SIGNS,UNABLE TO DETERMINE,8800,S,CHICAGO SKYWAY OB,412,2,NO INDICATION OF INJURY,0,0,0,0,0,2,0,14,2,11,,,
30,NO CONTROLS,NO CONTROLS,CLOUDY/OVERCAST,DAYLIGHT,PARKED MOTOR VEHICLE,ALLEY,STRAIGHT AND LEVEL,DRY,NO DEFECTS,ON SCENE,INJURY AND / OR TOW DUE TO CRASH,,,"OVER $1,500",04/25/2022 03:06:00 PM,DRIVING SKILLS/KNOWLEDGE/EXPERIENCE,NOT APPLICABLE,1823,N,LUNA AVE,2532,2,NO INDICATION OF INJURY,0,0,0,0,0,1,0,13,2,4,41.913774243,-87.764232685,POINT (-87.764232685009 41.913774243001)
30,NO CONTROLS,NO CONTROLS,CLEAR,DUSK,REAR END,NOT DIVIDED,STRAIGHT AND LEVEL,DRY,NO DEFECTS,ON SCENE,NO INJURY / DRIVE AWAY,,,"OVER $1,500",10/13/2018 05:26:00 PM,EQUIPMENT - VEHICLE CONDITION,FOLLOWING TOO CLOSELY,825,W,35TH ST,915,2,NO INDICATION OF INJURY,0,0,0,0,0,2,0,17,7,10,41.83062731,-87.647149469,POINT (-87.647149469 41.830627309988)
20,NO CONTROLS,NO CONTROLS,RAIN,DAYLIGHT,SIDESWIPE OPPOSITE DIRECTION,RAMP,STRAIGHT AND LEVEL,WET,NO DEFECTS,ON SCENE,NO INJURY / DRIVE AWAY,,,"$501 - $1,500",10/18/2020 02:30:00 PM,UNABLE TO DETERMINE,WEATHER,2,W,TERMINAL ST,1652,2,NO INDICATION OF INJURY,0,0,0,0,0,2,0,14,1,10,,,
20,UNKNOWN,NO CONTROLS,CLEAR,DAYLIGHT,PEDESTRIAN,NOT DIVIDED,STRAIGHT AND LEVEL,DRY,NO DEFECTS,ON SCENE,INJURY AND / OR TOW DUE TO CRASH,Y,,$500 OR LESS,02/07/2022 02:30:00 PM,DISREGARDING OTHER TRAFFIC SIGNS,NOT APPLICABLE,341,N,CENTRAL AVE,1523,2,"REPORTED, NOT EVIDENT",2,0,0,0,2,0,0,14,2,2,41.886971392,-87.764954794,POINT (-87.764954793969 41.886971392025)
30,NO CONTROLS,NO CONTROLS,RAIN,DAYLIGHT,PARKED MOTOR VEHICLE,PARKING LOT,STRAIGHT AND LEVEL,WET,NO DEFECTS,ON SCENE,NO INJURY / DRIVE AWAY,,Y,"OVER $1,500",09/06/2018 03:13:00 PM,UNABLE TO DETERMINE,UNABLE TO DETERMINE,2640,W,PERSHING RD,911,2,NO INDICATION OF INJURY,0,0,0,0,0,1,0,14,5,9,41.822958463,-87.691425915,POINT (-87.691425915045 41.822958462973)
20,NO CONTROLS,NO CONTROLS,CLEAR,DAYLIGHT,ANGLE,DIVIDED - W/MEDIAN (NOT RAISED),STRAIGHT AND LEVEL,DRY,NO DEFECTS,NOT ON SCENE (DESK REPORT),NO INJURY / DRIVE AWAY,,,"OVER $1,500",03/08/2017 08:30:00 AM,FAILING TO YIELD RIGHT-OF-WAY,UNABLE TO DETERMINE,5700,W,PALMER BLVD,2515,2,NO INDICATION OF INJURY,0,0,0,0,0,2,0,8,4,3,41.920404013,-87.768350022,POINT (-87.768350021967 41.920404012953)
35,STOP SIGN/FLASHER,FUNCTIONING PROPERLY,CLEAR,DAYLIGHT,PEDALCYCLIST,NOT DIVIDED,STRAIGHT AND LEVEL,DRY,NO DEFECTS,ON SCENE,NO INJURY / DRIVE AWAY,,,$500 OR LESS,06/04/2019 04:43:00 PM,FAILING TO YIELD RIGHT-OF-WAY,NOT APPLICABLE,406,E,61ST ST,313,2,NO INDICATION OF INJURY,0,0,0,0,0,2,0,16,3,6,41.783999985,-87.615393108,POINT (-87.61539310801 41.783999985021)
30,TRAFFIC SIGNAL,FUNCTIONING PROPERLY,CLEAR,"DARKNESS, LIGHTED ROAD",REAR END,RAMP,STRAIGHT AND LEVEL,DRY,NO DEFECTS,ON SCENE,NO INJURY / DRIVE AWAY,,,"$501 - $1,500",02/27/2020 07:05:00 PM,FAILING TO REDUCE SPEED TO AVOID CRASH,UNABLE TO DETERMINE,162,N,BESSIE COLEMAN DR,1654,2,NO INDICATION OF INJURY,0,0,0,0,0,2,0,19,5,2,,,
30,NO CONTROLS,NO CONTROLS,CLEAR,DAYLIGHT,TURNING,NOT DIVIDED,STRAIGHT AND LEVEL,DRY,NO DEFECTS,NOT ON SCENE (DESK REPORT),NO INJURY / DRIVE AWAY,,,"OVER $1,500",05/23/2016 11:10:00 PM,FAILING TO YIELD RIGHT-OF-WAY,NOT APPLICABLE,4700,W,59TH ST,813,2,NO INDICATION OF INJURY,0,0,0,0,0,2,0,14,2,5,41.784385694,-87.740065946,POINT (-87.740065945952 41.784385693962)
35,TRAFFIC SIGNAL,FUNCTIONING PROPERLY,CLEAR,DAYLIGHT,REAR END,NOT DIVIDED,STRAIGHT AND LEVEL,DRY,NO DEFECTS,NOT ON SCENE (DESK REPORT),NO INJURY / DRIVE AWAY,Y,Y,"OVER $1,500",06/18/2021 10:18:00 AM,NOT APPLICABLE,NOT APPLICABLE,3957,W,OGDEN AVE,1013,2,NO INDICATION OF INJURY,0,0,0,0,0,4,0,9,6,6,41.851075754,-87.724428464,POINT (-87.724428463973 41.851075753951)
30,NO CONTROLS,NO CONTROLS,CLEAR,"DARKNESS, LIGHTED ROAD",SIDESWIPE SAME DIRECTION,NOT DIVIDED,STRAIGHT AND LEVEL,DRY,NO DEFECTS,NOT ON SCENE (DESK REPORT),NO INJURY / DRIVE AWAY,,,"OVER $1,500",03/08/2021 12:20:00 PM,NOT APPLICABLE,NOT APPLICABLE,164,E,GRAND AVE,1834,2,NO INDICATION OF INJURY,0,0,0,0,0,2,0,20,7,3,41.89186947,-87.622748584,POINT (-87.622748583999 41.891869470026)
25,NO CONTROLS,NO CONTROLS,CLEAR,DAYLIGHT,HEAD ON,NOT DIVIDED,STRAIGHT AND LEVEL,DRY,NO DEFECTS,ON SCENE,INJURY AND / OR TOW DUE TO CRASH,,,"OVER $1,500",07/11/2020 06:53:00 AM,IMPROPER LANE USAGE,UNABLE TO DETERMINE,2558,W,PETERSON AVE,2413,2,FATAL,4,1,1,2,0,0,0,6,7,7,41.990580937,-87.694474133,POINT (-87.694474132951 41.990580936971)
30,NO CONTROLS,NO CONTROLS,CLEAR,DAYLIGHT,SIDESWIPE OPPOSITE DIRECTION,NOT DIVIDED,STRAIGHT AND LEVEL,UNKNOWN,UNKNOWN,NOT ON SCENE (DESK REPORT),NO INJURY / DRIVE AWAY,,,"OVER $1,500",11/18/2015 05:15:00 PM,UNABLE TO DETERMINE,UNABLE TO DETERMINE,3930,W,ACCESS ST,1031,2,NO INDICATION OF INJURY,0,0,0,0,0,3,0,14,4,11,,,
30,STOP SIGN/FLASHER,OTHER,CLEAR,DAYLIGHT,PARKED MOTOR VEHICLE,NOT DIVIDED,STRAIGHT AND LEVEL,DRY,NO DEFECTS,NOT ON SCENE (DESK REPORT),NO INJURY / DRIVE AWAY,,Y,"OVER $1,500",02/28/2017 03:00:00 PM,UNABLE TO DETERMINE,NOT APPLICABLE,1337,N,MOORMAN ST,1424,2,NO INDICATION OF INJURY,0,0,0,0,0,1,0,14,5,2,,,
35,NO CONTROLS,NO CONTROLS,CLEAR,DAYLIGHT,SIDESWIPE SAME DIRECTION,NOT DIVIDED,STRAIGHT AND LEVEL,DRY,NO DEFECTS,ON SCENE,NO INJURY / DRIVE AWAY,,Y,"$501 - $1,500",08/28/2019 01:15:00 PM,IMPROPER LANE USAGE,NOT APPLICABLE,3100,S,ARCHER AVE,912,2,NO INDICATION OF INJURY,0,0,0,0,0,2,0,13,4,8,41.837732675,-87.66589445,POINT (-87.665894449999 41.837732674972)
30,TRAFFIC SIGNAL,FUNCTIONING PROPERLY,CLEAR,DAYLIGHT,TURNING,FOUR WAY,STRAIGHT AND LEVEL,DRY,UNKNOWN,ON SCENE,INJURY AND / OR TOW DUE TO CRASH,,,"OVER $1,500",06/24/2023 05:19:00 PM,UNABLE TO DETERMINE,UNABLE TO DETERMINE,9220,S,EXCHANGE AVE,423,2,NO INDICATION OF INJURY,0,0,0,0,0,2,0,17,7,6,41.727576973,-87.552936347,POINT (-87.552936347021 41.727576973024)
30,NO CONTROLS,NO CONTROLS,CLEAR,DAYLIGHT,OTHER NONCOLLISION,ONE-WAY,CURVE ON GRADE,DRY,NO DEFECTS,ON SCENE,INJURY AND / OR TOW DUE TO CRASH,,,$500 OR LESS,02/09/2021 01:40:00 PM,UNABLE TO DETERMINE,UNABLE TO DETERMINE,5,W,TERMINAL ST,1655,2,NONINCAPACITATING INJURY,1,0,0,1,0,2,0,13,3,2,,,
35,STOP SIGN/FLASHER,FUNCTIONING PROPERLY,CLEAR,DARKNESS,ANGLE,T-INTERSECTION,STRAIGHT AND LEVEL,DRY,NO DEFECTS,ON SCENE,INJURY AND / OR TOW DUE TO CRASH,Y,,"OVER $1,500",12/08/2019 04:32:00 AM,DISREGARDING STOP SIGN,UNABLE TO DETERMINE,2403,E,72ND ST,334,2,NONINCAPACITATING INJURY,1,0,0,1,0,2,0,4,1,12,41.764326392,-87.566344376,POINT (-87.56634437597 41.764326392046)
30,UNKNOWN,UNKNOWN,UNKNOWN,DAYLIGHT,SIDESWIPE SAME DIRECTION,NOT DIVIDED,STRAIGHT AND LEVEL,UNKNOWN,UNKNOWN,NOT ON SCENE (DESK REPORT),NO INJURY / DRIVE AWAY,,,$500 OR LESS,08/26/2022 08:00:00 AM,UNABLE TO DETERMINE,UNABLE TO DETERMINE,5663,N,NAGLE AVE,1622,2,NO INDICATION OF INJURY,0,0,0,0,0,2,0,12,3,2,41.984874268,-87.787555484,POINT (-87.787555484022 41.984874268025)
30,TRAFFIC SIGNAL,OTHER,UNKNOWN,UNKNOWN,REAR END,FOUR WAY,STRAIGHT AND LEVEL,UNKNOWN,UNKNOWN,NOT ON SCENE (DESK REPORT),NO INJURY / DRIVE AWAY,Y,Y,"OVER $1,500",07/24/2023 05:15:00 PM,FOLLOWING TOO CLOSELY,NOT APPLICABLE,948,W,MADISON ST,1224,2,NO INDICATION OF INJURY,0,0,0,0,0,2,0,8,2,7,41.881817472,-87.651627211,POINT (-87.651627210982 41.881817472013)
30,TRAFFIC SIGNAL,FUNCTIONING PROPERLY,CLEAR,DAYLIGHT,TURNING,T-INTERSECTION,STRAIGHT AND LEVEL,DRY,NO DEFECTS,NOT ON SCENE (DESK REPORT),NO INJURY / DRIVE AWAY,Y,Y,"$501 - $1,500",04/27/2019 11:00:00 AM,UNABLE TO DETERMINE,DRIVING SKILLS/KNOWLEDGE/EXPERIENCE,115,W,CERMAK RD,131,2,NO INDICATION OF INJURY,0,0,0,0,0,2,0,10,5,4,41.85276755,-87.630024824,POINT (-87.630024824031 41.852767550035)
30,NO CONTROLS,NO CONTROLS,CLEAR,DAYLIGHT,SIDESWIPE SAME DIRECTION,NOT DIVIDED,STRAIGHT AND LEVEL,UNKNOWN,UNKNOWN,NOT ON SCENE (DESK REPORT),NO INJURY / DRIVE AWAY,,,"$501 - $1,500",07/02/2020 07:55:00 PM,UNABLE TO DETERMINE,UNABLE TO DETERMINE,1625,W,LAWRENCE AVE,1912,2,NO INDICATION OF INJURY,0,0,0,0,0,2,0,19,5,7,41.968759395,-87.670519772,POINT (-87.670519771961 41.968759395034)
30,TRAFFIC SIGNAL,FUNCTIONING PROPERLY,RAIN,DAYLIGHT,REAR END,NOT DIVIDED,STRAIGHT ON GRADE,WET,NO DEFECTS,ON SCENE,NO INJURY / DRIVE AWAY,,,"OVER $1,500",08/31/2019 05:48:00 PM,FAILING TO REDUCE SPEED TO AVOID CRASH,WEATHER,353,E,51ST ST,231,2,NO INDICATION OF INJURY,0,0,0,0,0,2,0,17,7,8,41.801977655,-87.617233091,POINT (-87.617233090998 41.801977654982)
20,STOP SIGN/FLASHER,FUNCTIONING PROPERLY,CLEAR,DAYLIGHT,TURNING,FOUR WAY,STRAIGHT AND LEVEL,DRY,NO DEFECTS,ON SCENE,INJURY AND / OR TOW DUE TO CRASH,Y,,"$501 - $1,500",01/12/2021 12:47:00 PM,IMPROPER LANE USAGE,FOLLOWING TOO CLOSELY,513,W,OHARE ST,1654,2,"REPORTED, NOT EVIDENT",1,0,0,0,1,1,0,12,3,1,,,
35,TRAFFIC SIGNAL,FUNCTIONING PROPERLY,CLEAR,DAYLIGHT,REAR END,DIVIDED - W/MEDIAN BARRIER,STRAIGHT AND LEVEL,DRY,NO DEFECTS,ON SCENE,NO INJURY / DRIVE AWAY,,,"OVER $1,500",04/23/2022 04:48:00 PM,UNABLE TO DETERMINE,NOT APPLICABLE,6299,S,LAKE SHORE DR,331,2,NO INDICATION OF INJURY,0,0,0,0,0,3,0,16,7,4,,,
30,TRAFFIC SIGNAL,UNKNOWN,CLEAR,DAYLIGHT,TURNING,ONE-WAY,STRAIGHT AND LEVEL,DRY,NO DEFECTS,NOT ON SCENE (DESK REPORT),NO INJURY / DRIVE AWAY,Y,,$500 OR LESS,05/08/2018 02:42:00 PM,UNABLE TO DETERMINE,NOT APPLICABLE,5900,S,WENTWORTH AVE,232,2,NO INDICATION OF INJURY,0,0,0,0,0,2,0,14,3,5,,,
45,TRAFFIC SIGNAL,FUNCTIONING PROPERLY,CLEAR,DAYLIGHT,TURNING,T-INTERSECTION,STRAIGHT AND LEVEL,DRY,NO DEFECTS,ON SCENE,INJURY AND / OR TOW DUE TO CRASH,,Y,"OVER $1,500",09/19/2022 01:35:00 PM,FAILING TO YIELD RIGHT-OF-WAY,NOT APPLICABLE,50,N,BESSIE COLEMAN DR,1654,2,NO INDICATION OF INJURY,0,0,0,0,0,3,0,13,2,9,,,
30,NO CONTROLS,NO CONTROLS,CLEAR,DUSK,REAR END,NOT DIVIDED,STRAIGHT AND LEVEL,DRY,NO DEFECTS,NOT ON SCENE (DESK REPORT),NO INJURY / DRIVE AWAY,,,"$501 - $1,500",07/09/2017 06:55:00 PM,FOLLOWING TOO CLOSELY,FAILING TO REDUCE SPEED TO AVOID CRASH,6158,W,FULLERTON AVE,2512,2,NO INDICATION OF INJURY,0,0,0,0,0,3,0,18,1,7,41.92386239,-87.780518942,POINT (-87.780518941961 41.923862390023)
30,NO CONTROLS,NO CONTROLS,CLEAR,"DARKNESS, LIGHTED ROAD",SIDESWIPE SAME DIRECTION,ONE-WAY,STRAIGHT AND LEVEL,DRY,NO DEFECTS,ON SCENE,INJURY AND / OR TOW DUE TO CRASH,,,"OVER $1,500",11/24/2019 06:29:00 PM,IMPROPER OVERTAKING/PASSING,NOT APPLICABLE,65,E,WASHINGTON ST,112,2,"REPORTED, NOT EVIDENT",1,0,0,0,1,2,0,18,1,11,41.88311224,-87.625517262,POINT (-87.625517262034 41.883112240036)
30,TRAFFIC SIGNAL,FUNCTIONING PROPERLY,CLEAR,DAYLIGHT,REAR END,DIVIDED - W/MEDIAN BARRIER,STRAIGHT AND LEVEL,WET,NO DEFECTS,NOT ON SCENE (DESK REPORT),NO INJURY / DRIVE AWAY,Y,N,"OVER $1,500",05/11/2016 09:26:00 AM,FOLLOWING TOO CLOSELY,DRIVING SKILLS/KNOWLEDGE/EXPERIENCE,13000,S,STONY ISLAND AVE,434,2,NO INDICATION OF INJURY,0,0,0,0,0,5,0,16,3,5,,,
30,NO CONTROLS,NO CONTROLS,SNOW,DAYLIGHT,SIDESWIPE SAME DIRECTION,DIVIDED - W/MEDIAN (NOT RAISED),STRAIGHT AND LEVEL,DRY,NO DEFECTS,NOT ON SCENE (DESK REPORT),NO INJURY / DRIVE AWAY,,Y,"OVER $1,500",01/26/2023 09:00:00 AM,WEATHER,UNABLE TO DETERMINE,101,W,MARQUETTE RD,722,3,NO INDICATION OF INJURY,0,0,0,0,0,4,0,8,5,1,41.772598544,-87.627605327,POINT (-87.627605326996 41.77259854404)
30,STOP SIGN/FLASHER,FUNCTIONING PROPERLY,RAIN,"DARKNESS, LIGHTED ROAD",REAR END,DIVIDED - W/MEDIAN (NOT RAISED),STRAIGHT AND LEVEL,WET,UNKNOWN,ON SCENE,NO INJURY / DRIVE AWAY,,Y,"OVER $1,500",06/28/2021 01:27:00 AM,FAILING TO REDUCE SPEED TO AVOID CRASH,UNABLE TO DETERMINE,239,W,63RD ST,722,2,NO INDICATION OF INJURY,0,0,0,0,0,2,0,1,2,6,41.779853803,-87.631809648,POINT (-87.631809647996 41.779853802992)
30,TRAFFIC SIGNAL,FUNCTIONING PROPERLY,CLEAR,DAYLIGHT,REAR END,DIVIDED - W/MEDIAN (NOT RAISED),STRAIGHT AND LEVEL,DRY,NO DEFECTS,,NO INJURY / DRIVE AWAY,Y,,"OVER $1,500",03/08/2019 04:00:00 PM,FAILING TO REDUCE SPEED TO AVOID CRASH,NOT APPLICABLE,8300,S,STONY ISLAND AVE,412,3,NO INDICATION OF INJURY,0,0,0,0,0,3,0,15,6,3,41.744151639,-87.585945067,POINT (-87.585945066953 41.744151639042)
30,TRAFFIC SIGNAL,FUNCTIONING PROPERLY,CLEAR,DARKNESS,REAR END,NOT DIVIDED,STRAIGHT AND LEVEL,ICE,NO DEFECTS,NOT ON SCENE (DESK REPORT),NO INJURY / DRIVE AWAY,,,"$501 - $1,500",11/13/2019 09:30:00 AM,UNABLE TO DETERMINE,UNABLE TO DETERMINE,3404,N,CLARK ST,1924,2,NO INDICATION OF INJURY,0,0,0,0,0,2,0,19,3,11,41.943646149,-87.65382314,POINT (-87.653823139982 41.943646148999)
30,TRAFFIC SIGNAL,FUNCTIONING PROPERLY,RAIN,UNKNOWN,TURNING,NOT DIVIDED,STRAIGHT AND LEVEL,WET,UNKNOWN,NOT ON SCENE (DESK REPORT),NO INJURY / DRIVE AWAY,Y,,"OVER $1,500",11/17/2021 05:30:00 PM,TURNING RIGHT ON RED,NOT APPLICABLE,600,E,47TH ST,221,2,NO INDICATION OF INJURY,0,0,0,0,0,2,0,17,4,11,41.809572517,-87.611394621,POINT (-87.611394620986 41.809572516992)
30,TRAFFIC SIGNAL,NO CONTROLS,CLEAR,"DARKNESS, LIGHTED ROAD",REAR END,DIVIDED - W/MEDIAN (NOT RAISED),STRAIGHT AND LEVEL,WET,UNKNOWN,NOT ON SCENE (DESK REPORT),NO INJURY / DRIVE AWAY,,,"$501 - $1,500",01/03/2017 06:20:00 PM,UNABLE TO DETERMINE,UNABLE TO DETERMINE,4750,W,AUGUSTA BLVD,1111,2,NO INDICATION OF INJURY,0,0,0,0,0,4,0,17,3,1,41.89881048,-87.745637146,POINT (-87.745637146018 41.898810480028)
20,NO CONTROLS,NO CONTROLS,RAIN,DAYLIGHT,PEDESTRIAN,ONE-WAY,STRAIGHT AND LEVEL,WET,NO DEFECTS,ON SCENE,NO INJURY / DRIVE AWAY,,Y,$500 OR LESS,08/09/2021 10:15:00 AM,FAILING TO YIELD RIGHT-OF-WAY,FAILING TO YIELD RIGHT-OF-WAY,3,W,TERMINAL ST,1653,2,NO INDICATION OF INJURY,0,0,0,0,0,2,0,10,2,8,,,
25,NO CONTROLS,NO CONTROLS,CLEAR,DAYLIGHT,SIDESWIPE SAME DIRECTION,ONE-WAY,STRAIGHT AND LEVEL,DRY,NO DEFECTS,ON SCENE,NO INJURY / DRIVE AWAY,,,"OVER $1,500",07/25/2023 01:25:00 PM,FAILING TO YIELD RIGHT-OF-WAY,IMPROPER LANE USAGE,1,W,TERMINAL ST,1651,2,NO INDICATION OF INJURY,0,0,0,0,0,2,0,13,3,7,,,
20,TRAFFIC SIGNAL,FUNCTIONING PROPERLY,CLEAR,"DARKNESS, LIGHTED ROAD",TURNING,ONE-WAY,STRAIGHT AND LEVEL,DRY,NO DEFECTS,NOT ON SCENE (DESK REPORT),NO INJURY / DRIVE AWAY,,Y,"OVER $1,500",05/02/2020 08:45:00 PM,UNABLE TO DETERMINE,NOT APPLICABLE,201,W,GARFIELD BLVD,225,2,NO INDICATION OF INJURY,0,0,0,0,0,2,0,19,7,5,41.794090446,-87.630527331,POINT (-87.630527331008 41.794090445987)
35,NO CONTROLS,NO CONTROLS,CLEAR,DAYLIGHT,REAR END,T-INTERSECTION,STRAIGHT AND LEVEL,DRY,NO DEFECTS,ON SCENE,INJURY AND / OR TOW DUE TO CRASH,Y,,"OVER $1,500",08/04/2021 03:42:00 PM,FOLLOWING TOO CLOSELY,UNABLE TO DETERMINE,299,W,127TH ST,523,3,INCAPACITATING INJURY,3,0,3,0,0,2,0,15,4,8,41.663243314,-87.629310628,POINT (-87.62931062803 41.663243314027)
30,TRAFFIC SIGNAL,FUNCTIONING PROPERLY,SNOW,DAYLIGHT,SIDESWIPE SAME DIRECTION,NOT DIVIDED,STRAIGHT AND LEVEL,WET,NO DEFECTS,ON SCENE,NO INJURY / DRIVE AWAY,Y,,"OVER $1,500",04/09/2018 09:25:00 AM,IMPROPER LANE USAGE,FAILING TO REDUCE SPEED TO AVOID CRASH,1100,W,DIVISION ST,1822,2,NO INDICATION OF INJURY,0,0,0,0,0,2,0,9,2,4,41.903639931,-87.65554697,POINT (-87.655546970003 41.903639930952)
30,NO CONTROLS,NO CONTROLS,CLOUDY/OVERCAST,DAYLIGHT,PARKED MOTOR VEHICLE,NOT DIVIDED,STRAIGHT AND LEVEL,DRY,NO DEFECTS,ON SCENE,NO INJURY / DRIVE AWAY,,,"$501 - $1,500",12/18/2017 08:54:00 AM,IMPROPER TURNING/NO SIGNAL,DRIVING SKILLS/KNOWLEDGE/EXPERIENCE,6199,W,ADDISON ST,1633,2,NO INDICATION OF INJURY,0,0,0,0,0,1,0,7,2,12,41.945612913,-87.781249472,POINT (-87.781249472044 41.945612912979)
30,NO CONTROLS,NO CONTROLS,RAIN,DAYLIGHT,REAR END,NOT DIVIDED,STRAIGHT AND LEVEL,WET,NO DEFECTS,ON SCENE,INJURY AND / OR TOW DUE TO CRASH,,,"OVER $1,500",04/08/2020 05:38:00 PM,FOLLOWING TOO CLOSELY,FAILING TO REDUCE SPEED TO AVOID CRASH,6058,W,IRVING PARK RD,1624,4,NO INDICATION OF INJURY,0,0,0,0,0,6,0,17,4,4,41.953124302,-87.779162745,POINT (-87.779162745025 41.953124301975)