POSTED_SPEED_LIMIT,TRAFFIC_CONTROL_DEVICE,DEVICE_CONDITION,WEATHER_CONDITION,LIGHTING_CONDITION,FIRST_CRASH_TYPE,TRAFFICWAY_TYPE,ALIGNMENT,ROADWAY_SURFACE_COND,ROAD_DEFECT,REPORT_TYPE,CRASH_TYPE,INTERSECTION_RELATED_I,HIT_AND_RUN_I,DAMAGE,DATE_POLICE_NOTIFIED,PRIM_CONTRIBUTORY_CAUSE,SEC_CONTRIBUTORY_CAUSE,STREET_NO,STREET_DIRECTION,STREET_NAME,BEAT_OF_OCCURRENCE,NUM_UNITS,MOST_SEVERE_INJURY,INJURIES_TOTAL,INJURIES_FATAL,INJURIES_INCAPACITATING,INJURIES_NON_INCAPACITATING,INJURIES_REPORTED_NOT_EVIDENT,INJURIES_NO_INDICATION,INJURIES_UNKNOWN,CRASH_HOUR,CRASH_DAY_OF_WEEK,CRASH_MONTH,LATITUDE,LONGITUDE,LOCATION
30,TRAFFIC SIGNAL,UNKNOWN,CLEAR,DAYLIGHT,TURNING,NOT DIVIDED,STRAIGHT AND LEVEL,DRY,UNKNOWN,NOT ON SCENE (DESK REPORT),NO INJURY / DRIVE AWAY,Y,,"OVER $1,500",06/23/2017 07:22:00 PM,UNABLE TO DETERMINE,UNABLE TO DETERMINE,798,W,127TH ST,523,2,NO INDICATION OF INJURY,0,0,0,0,0,2,0,18,7,6,41.663355654,-87.641363438,POINT (-87.641363438039 41.663355654041)
30,STOP SIGN/FLASHER,FUNCTIONING IMPROPERLY,CLEAR,DARKNESS,SIDESWIPE SAME DIRECTION,NOT DIVIDED,STRAIGHT AND LEVEL,DRY,NO DEFECTS,NOT ON SCENE (DESK REPORT),NO INJURY / DRIVE AWAY,,Y,"$501 - $1,500",09/14/2021 01:18:00 PM,IMPROPER LANE USAGE,NOT APPLICABLE,6508,S,ASHLAND AVE,725,2,NO INDICATION OF INJURY,0,0,0,0,0,2,0,21,2,9,41.775513703,-87.664256915,POINT (-87.664256914954 41.775513702959)
15,NO CONTROLS,NO CONTROLS,CLEAR,DAYLIGHT,SIDESWIPE SAME DIRECTION,OTHER,STRAIGHT AND LEVEL,DRY,NO DEFECTS,ON SCENE,NO INJURY / DRIVE AWAY,,,"$501 - $1,500",06/14/2021 03:44:00 PM,NOT APPLICABLE,NOT APPLICABLE,3,W,TERMINAL ST,1653,2,NO INDICATION OF INJURY,0,0,0,0,0,3,0,15,2,6,,,
30,TRAFFIC SIGNAL,FUNCTIONING PROPERLY,CLEAR,"DARKNESS, LIGHTED ROAD",TURNING,NOT DIVIDED,STRAIGHT AND LEVEL,DRY,NO DEFECTS,ON SCENE,NO INJURY / DRIVE AWAY,,,"OVER $1,500",10/22/2018 06:30:00 PM,UNABLE TO DETERMINE,UNABLE TO DETERMINE,2358,W,FOSTER AVE,2012,2,NO INDICATION OF INJURY,0,0,0,0,0,2,0,18,2,10,41.97600184,-87.689092635,POINT (-87.689092634969 41.97600183997)
30,TRAFFIC SIGNAL,FUNCTIONING PROPERLY,CLEAR,"DARKNESS, LIGHTED ROAD",SIDESWIPE SAME DIRECTION,FOUR WAY,STRAIGHT AND LEVEL,DRY,NO DEFECTS,ON SCENE,NO INJURY / DRIVE AWAY,Y,Y,"OVER $1,500",12/17/2022 07:24:00 PM,UNABLE TO DETERMINE,NOT APPLICABLE,3100,S,ARCHER AVE,912,2,NO INDICATION OF INJURY,0,0,0,0,0,3,0,19,7,12,41.837732675,-87.66589445,POINT (-87.665894449999 41.837732674972)
30,NO CONTROLS,NO CONTROLS,CLEAR,DAYLIGHT,SIDESWIPE SAME DIRECTION,NOT DIVIDED,STRAIGHT AND LEVEL,DRY,NO DEFECTS,NOT ON SCENE (DESK REPORT),NO INJURY / DRIVE AWAY,,,"OVER $1,500",07/02/2021 05:00:00 PM,IMPROPER LANE USAGE,IMPROPER LANE USAGE,762,E,MIDWAY PLAISANCE,233,2,NO INDICATION OF INJURY,0,0,0,0,0,2,0,16,6,7,41.787238652,-87.606122038,POINT (-87.606122037954 41.787238652039)
30,TRAFFIC SIGNAL,FUNCTIONING PROPERLY,CLEAR,"DARKNESS, LIGHTED ROAD",REAR END,NOT DIVIDED,STRAIGHT AND LEVEL,DRY,NO DEFECTS,NOT ON SCENE (DESK REPORT),NO INJURY / DRIVE AWAY,,Y,"OVER $1,500",02/14/2022 06:50:00 PM,UNABLE TO DETERMINE,UNABLE TO DETERMINE,5530,W,MADISON ST,1522,2,NO INDICATION OF INJURY,0,0,0,0,0,3,0,18,2,2,41.880361726,-87.764465451,POINT (-87.764465451008 41.880361725999)
30,TRAFFIC SIGNAL,FUNCTIONING PROPERLY,CLEAR,DAYLIGHT,SIDESWIPE SAME DIRECTION,DIVIDED - W/MEDIAN (NOT RAISED),STRAIGHT AND LEVEL,DRY,NO DEFECTS,ON SCENE,NO INJURY / DRIVE AWAY,Y,,"OVER $1,500",07/22/2022 05:39:00 PM,FAILING TO YIELD RIGHT-OF-WAY,NOT APPLICABLE,1571,S,MICHIGAN AVE,132,2,NO INDICATION OF INJURY,0,0,0,0,0,7,0,17,6,7,41.860260262,-87.623841742,POINT (-87.623841742029 41.860260261961)
30,NO CONTROLS,NO CONTROLS,SNOW,"DARKNESS, LIGHTED ROAD",PARKED MOTOR VEHICLE,NOT DIVIDED,STRAIGHT AND LEVEL,SNOW OR SLUSH,UNKNOWN,ON SCENE,NO INJURY / DRIVE AWAY,,Y,"OVER $1,500",01/03/2021 03:00:00 AM,UNABLE TO DETERMINE,NOT APPLICABLE,2025,N,NATCHEZ AVE,2512,3,NO INDICATION OF INJURY,0,0,0,0,0,1,0,3,1,1,41.917188747,-87.787548488,POINT (-87.787548488041 41.917188747)
30,TRAFFIC SIGNAL,FUNCTIONING PROPERLY,UNKNOWN,DARKNESS,SIDESWIPE SAME DIRECTION,DIVIDED - W/MEDIAN (NOT RAISED),STRAIGHT AND LEVEL,DRY,NO DEFECTS,NOT ON SCENE (DESK REPORT),NO INJURY / DRIVE AWAY,,Y,"OVER $1,500",11/21/2016 12:55:00 PM,UNABLE TO DETERMINE,NOT APPLICABLE,758,W,127TH ST,523,2,NO INDICATION OF INJURY,0,0,0,0,0,2,0,11,1,11,41.663355654,-87.641363438,POINT (-87.641363438039 41.663355654041)
30,NO CONTROLS,NO CONTROLS,CLEAR,DARKNESS,ANGLE,DIVIDED - W/MEDIAN (NOT RAISED),STRAIGHT AND LEVEL,DRY,NO DEFECTS,NOT ON SCENE (DESK REPORT),NO INJURY / DRIVE AWAY,,Y,"$501 - $1,500",01/12/2021 07:50:00 PM,FAILING TO YIELD RIGHT-OF-WAY,UNABLE TO DETERMINE,4307,W,IRVING PARK RD,1731,2,NO INDICATION OF INJURY,0,0,0,0,0,3,0,19,3,1,41.95344345,-87.735763334,POINT (-87.735763334033 41.953443449988)
30,NO CONTROLS,NO CONTROLS,CLEAR,DAYLIGHT,PARKED MOTOR VEHICLE,PARKING LOT,STRAIGHT AND LEVEL,DRY,NO DEFECTS,NOT ON SCENE (DESK REPORT),NO INJURY / DRIVE AWAY,,,$500 OR LESS,03/26/2022 12:00:00 PM,UNABLE TO DETERMINE,NOT APPLICABLE,1951,N,WESTERN AVE,1434,2,NO INDICATION OF INJURY,0,0,0,0,0,1,0,11,7,3,41.917103631,-87.687248767,POINT (-87.687248767006 41.917103631009)
30,NO CONTROLS,NO CONTROLS,CLEAR,"DARKNESS, LIGHTED ROAD",PARKED MOTOR VEHICLE,NOT DIVIDED,STRAIGHT AND LEVEL,DRY,NO DEFECTS,NOT ON SCENE (DESK REPORT),NO INJURY / DRIVE AWAY,,Y,"OVER $1,500",09/08/2015 12:00:00 PM,UNABLE TO DETERMINE,UNABLE TO DETERMINE,4747,S,DR MARTIN LUTHER KING JR SD,223,2,NO INDICATION OF INJURY,0,0,0,0,0,1,0,12,4,9,,,
30,NO CONTROLS,NO CONTROLS,CLOUDY/OVERCAST,DAYLIGHT,ANGLE,NOT DIVIDED,STRAIGHT AND LEVEL,WET,NO DEFECTS,NOT ON SCENE (DESK REPORT),NO INJURY / DRIVE AWAY,,,"$501 - $1,500",11/06/2022 04:45:00 PM,UNABLE TO DETERMINE,UNABLE TO DETERMINE,3251,W,47TH ST,821,2,NO INDICATION OF INJURY,0,0,0,0,0,2,0,12,1,11,41.807985147,-87.706037416,POINT (-87.706037415983 41.80798514695)
20,NO CONTROLS,NO CONTROLS,CLEAR,DAYLIGHT,SIDESWIPE SAME DIRECTION,ONE-WAY,STRAIGHT AND LEVEL,DRY,NO DEFECTS,ON SCENE,NO INJURY / DRIVE AWAY,,Y,"$501 - $1,500",02/05/2023 03:15:00 PM,IMPROPER TURNING/NO SIGNAL,UNABLE TO DETERMINE,5,W,TERMINAL ST,1655,2,NO INDICATION OF INJURY,0,0,0,0,0,2,0,15,1,2,,,
30,NO CONTROLS,NO CONTROLS,CLEAR,DAWN,TURNING,NOT DIVIDED,STRAIGHT AND LEVEL,DRY,NO DEFECTS,ON SCENE,NO INJURY / DRIVE AWAY,,,"$501 - $1,500",02/10/2023 07:39:00 PM,IMPROPER TURNING/NO SIGNAL,NOT APPLICABLE,7199,W,ARCHER AVE,811,2,NO INDICATION OF INJURY,0,0,0,0,0,2,0,19,6,2,,,
30,TRAFFIC SIGNAL,FUNCTIONING PROPERLY,RAIN,"DARKNESS, LIGHTED ROAD",REAR END,NOT DIVIDED,STRAIGHT AND LEVEL,WET,UNKNOWN,ON SCENE,NO INJURY / DRIVE AWAY,,Y,$500 OR LESS,11/12/2017 05:14:00 PM,FOLLOWING TOO CLOSELY,NOT APPLICABLE,2353,W,63RD ST,825,2,NO INDICATION OF INJURY,0,0,0,0,0,3,0,17,1,11,41.779074223,-87.683303371,POINT (-87.683303370959 41.779074223026)
30,UNKNOWN,UNKNOWN,CLEAR,DAYLIGHT,OTHER NONCOLLISION,NOT DIVIDED,STRAIGHT AND LEVEL,DRY,"RUT, HOLES",NOT ON SCENE (DESK REPORT),NO INJURY / DRIVE AWAY,,,$500 OR LESS,07/14/2019 03:00:00 PM,UNABLE TO DETERMINE,NOT APPLICABLE,2600,W,IRVING PARK RD,1911,1,NO INDICATION OF INJURY,0,0,0,0,0,1,0,19,5,6,41.954105717,-87.693290369,POINT (-87.693290369008 41.954105716988)
20,NO CONTROLS,NO CONTROLS,RAIN,"DARKNESS, LIGHTED ROAD",PARKED MOTOR VEHICLE,ONE-WAY,STRAIGHT AND LEVEL,WET,NO DEFECTS,ON SCENE,NO INJURY / DRIVE AWAY,,,"OVER $1,500",05/09/2019 05:42:00 AM,FOLLOWING TOO CLOSELY,DRIVING SKILLS/KNOWLEDGE/EXPERIENCE,3,W,TERMINAL ST,1653,2,NO INDICATION OF INJURY,0,0,0,0,0,1,0,5,5,5,,,
30,NO CONTROLS,NO CONTROLS,CLEAR,DAYLIGHT,PARKED MOTOR VEHICLE,ONE-WAY,STRAIGHT AND LEVEL,DRY,NO DEFECTS,NOT ON SCENE (DESK REPORT),NO INJURY / DRIVE AWAY,,Y,"OVER $1,500",09/04/2020 06:00:00 PM,UNABLE TO DETERMINE,UNABLE TO DETERMINE,4300,S,MOZART ST,922,2,NO INDICATION OF INJURY,0,0,0,0,0,1,0,10,6,9,41.815432001,-87.69579779,POINT (-87.695797790047 41.815432000955)
30,TRAFFIC SIGNAL,FUNCTIONING PROPERLY,CLEAR,DAYLIGHT,ANGLE,DIVIDED - W/MEDIAN BARRIER,STRAIGHT AND LEVEL,DRY,NO DEFECTS,ON SCENE,NO INJURY / DRIVE AWAY,Y,,"OVER $1,500",10/17/2022 11:01:00 AM,FAILING TO YIELD RIGHT-OF-WAY,DISREGARDING TRAFFIC SIGNALS,11,N,BESSIE COLEMAN DR,1654,2,NO INDICATION OF INJURY,0,0,0,0,0,3,0,11,2,10,,,
30,TRAFFIC SIGNAL,FUNCTIONING PROPERLY,CLEAR,DAYLIGHT,PEDESTRIAN,NOT DIVIDED,STRAIGHT AND LEVEL,DRY,NO DEFECTS,ON SCENE,INJURY AND / OR TOW DUE TO CRASH,,Y,$500 OR LESS,11/18/2018 07:20:00 AM,DISREGARDING TRAFFIC SIGNALS,UNABLE TO DETERMINE,4001,W,PETERSON AVE,1711,2,NONINCAPACITATING INJURY,1,0,0,1,0,1,0,6,1,11,41.990024694,-87.728708871,POINT (-87.728708871015 41.990024694008)
25,NO CONTROLS,NO CONTROLS,CLEAR,DAYLIGHT,SIDESWIPE OPPOSITE DIRECTION,NOT DIVIDED,STRAIGHT AND LEVEL,DRY,NO DEFECTS,NOT ON SCENE (DESK REPORT),NO INJURY / DRIVE AWAY,,,"OVER $1,500",11/16/2020 04:30:00 PM,DRIVING ON WRONG SIDE/WRONG WAY,IMPROPER LANE USAGE,1646,W,CORTLAND ST,1433,2,NO INDICATION OF INJURY,0,0,0,0,0,2,0,14,2,11,41.916192763,-87.66971203,POINT (-87.669712029971 41.916192763026)
30,TRAFFIC SIGNAL,FUNCTIONING PROPERLY,CLEAR,DAYLIGHT,SIDESWIPE SAME DIRECTION,FOUR WAY,STRAIGHT AND LEVEL,DRY,NO DEFECTS,ON SCENE,NO INJURY / DRIVE AWAY,Y,,"OVER $1,500",12/28/2020 11:44:00 AM,IMPROPER TURNING/NO SIGNAL,UNABLE TO DETERMINE,2546,E,71ST ST,334,2,NO INDICATION OF INJURY,0,0,0,0,0,2,0,11,2,12,,,
25,TRAFFIC SIGNAL,FUNCTIONING PROPERLY,CLEAR,DAYLIGHT,REAR END,NOT DIVIDED,STRAIGHT ON GRADE,DRY,NO DEFECTS,NOT ON SCENE (DESK REPORT),NO INJURY / DRIVE AWAY,,,"$501 - $1,500",09/07/2022 07:15:00 PM,FAILING TO REDUCE SPEED TO AVOID CRASH,FAILING TO REDUCE SPEED TO AVOID CRASH,2552,W,63RD ST,825,2,NO INDICATION OF INJURY,0,0,0,0,0,2,0,18,4,9,41.779302992,-87.688213683,POINT (-87.688213682991 41.779302991978)
20,NO CONTROLS,NO CONTROLS,RAIN,DARKNESS,REAR END,NOT DIVIDED,STRAIGHT AND LEVEL,WET,NO DEFECTS,NOT ON SCENE (DESK REPORT),NO INJURY / DRIVE AWAY,,,"$501 - $1,500",10/16/2018 11:35:00 AM,UNABLE TO DETERMINE,UNABLE TO DETERMINE,172,N,BESSIE COLEMAN DR,1654,2,NO INDICATION OF INJURY,0,0,0,0,0,2,0,21,6,10,,,
30,NO CONTROLS,NO CONTROLS,CLEAR,DAYLIGHT,PEDESTRIAN,ONE-WAY,STRAIGHT AND LEVEL,DRY,UNKNOWN,NOT ON SCENE (DESK REPORT),INJURY AND / OR TOW DUE TO CRASH,,Y,$500 OR LESS,04/26/2017 05:00:00 PM,UNABLE TO DETERMINE,NOT APPLICABLE,5500,W,FULTON ST,1523,2,"REPORTED, NOT EVIDENT",1,0,0,0,1,1,0,16,4,4,41.885850057,-87.763462584,POINT (-87.763462583999 41.885850056955)
30,TRAFFIC SIGNAL,FUNCTIONING PROPERLY,CLEAR,DUSK,REAR END,DIVIDED - W/MEDIAN BARRIER,STRAIGHT AND LEVEL,DRY,NO DEFECTS,ON SCENE,INJURY AND / OR TOW DUE TO CRASH,N,Y,"OVER $1,500",12/05/2017 09:49:00 PM,UNABLE TO DETERMINE,UNABLE TO DETERMINE,8300,S,STONY ISLAND AVE,412,3,NO INDICATION OF INJURY,0,0,0,0,0,3,0,21,3,12,41.744151639,-87.585945067,POINT (-87.585945066953 41.744151639042)
35,NO CONTROLS,NO CONTROLS,CLEAR,DAYLIGHT,FIXED OBJECT,PARKING LOT,STRAIGHT AND LEVEL,DRY,UNKNOWN,NOT ON SCENE (DESK REPORT),NO INJURY / DRIVE AWAY,,,"OVER $1,500",06/22/2019 10:00:00 AM,UNABLE TO DETERMINE,NOT APPLICABLE,6014,S,COTTAGE GROVE AVE,313,1,NO INDICATION OF INJURY,0,0,0,0,0,1,0,12,1,6,41.785387445,-87.606183761,POINT (-87.606183761008 41.785387444959)
30,NO CONTROLS,NO CONTROLS,CLEAR,DAYLIGHT,SIDESWIPE SAME DIRECTION,ONE-WAY,STRAIGHT AND LEVEL,DRY,NO DEFECTS,NOT ON SCENE (DESK REPORT),NO INJURY / DRIVE AWAY,,,"OVER $1,500",10/14/2016 12:40:00 PM,IMPROPER OVERTAKING/PASSING,FAILING TO YIELD RIGHT-OF-WAY,204,W,VAN BUREN ST,122,2,NO INDICATION OF INJURY,0,0,0,0,0,2,0,12,6,10,41.876954465,-87.633884097,POINT (-87.633884096996 41.876954465016)
30,NO CONTROLS,NO CONTROLS,CLEAR,DAYLIGHT,TURNING,NOT DIVIDED,STRAIGHT AND LEVEL,DRY,NO DEFECTS,ON SCENE,NO INJURY / DRIVE AWAY,N,Y,"OVER $1,500",06/26/2019 06:16:00 PM,FAILING TO YIELD RIGHT-OF-WAY,NOT APPLICABLE,5330,W,ADDISON ST,1634,2,NO INDICATION OF INJURY,0,0,0,0,0,2,0,17,4,6,41.946065466,-87.760645922,POINT (-87.760645921962 41.94606546603)
30,TRAFFIC SIGNAL,FUNCTIONING PROPERLY,UNKNOWN,DAYLIGHT,SIDESWIPE SAME DIRECTION,DIVIDED - W/MEDIAN (NOT RAISED),STRAIGHT AND LEVEL,UNKNOWN,UNKNOWN,NOT ON SCENE (DESK REPORT),NO INJURY / DRIVE AWAY,,Y,"OVER $1,500",04/22/2021 06:15:00 PM,UNABLE TO DETERMINE,NOT APPLICABLE,4798,W,JACKSON BLVD,1113,2,NO INDICATION OF INJURY,0,0,0,0,0,2,0,16,5,4,41.876926589,-87.745039137,POINT (-87.745039137038 41.876926588953)
30,NO CONTROLS,NO CONTROLS,CLEAR,"DARKNESS, LIGHTED ROAD",ANGLE,NOT DIVIDED,STRAIGHT AND LEVEL,DRY,NO DEFECTS,NOT ON SCENE (DESK REPORT),NO INJURY / DRIVE AWAY,,,"OVER $1,500",04/01/2020 01:27:00 PM,IMPROPER BACKING,IMPROPER BACKING,2831,W,18TH DR,1022,2,NO INDICATION OF INJURY,0,0,0,0,0,2,0,23,3,3,,,
30,TRAFFIC SIGNAL,FUNCTIONING PROPERLY,RAIN,DAYLIGHT,SIDESWIPE SAME DIRECTION,DIVIDED - W/MEDIAN (NOT RAISED),STRAIGHT AND LEVEL,DRY,NO DEFECTS,NOT ON SCENE (DESK REPORT),NO INJURY / DRIVE AWAY,Y,,"$501 - $1,500",03/31/2023 10:50:00 AM,UNABLE TO DETERMINE,NOT APPLICABLE,1701,S,KEDZIE AVE,1022,2,NO INDICATION OF INJURY,0,0,0,0,0,2,0,10,6,3,,,
30,NO CONTROLS,NO CONTROLS,RAIN,"DARKNESS, LIGHTED ROAD",SIDESWIPE SAME DIRECTION,NOT DIVIDED,STRAIGHT AND LEVEL,WET,UNKNOWN,NOT ON SCENE (DESK REPORT),NO INJURY / DRIVE AWAY,,,"OVER $1,500",03/25/2017 10:18:00 PM,IMPROPER OVERTAKING/PASSING,DRIVING SKILLS/KNOWLEDGE/EXPERIENCE,4909,W,DIVISION ST,1531,2,NO INDICATION OF INJURY,0,0,0,0,0,2,0,21,7,3,41.902212301,-87.74884541,POINT (-87.748845410034 41.90221230099)
30,TRAFFIC SIGNAL,FUNCTIONING PROPERLY,RAIN,"DARKNESS, LIGHTED ROAD",PEDESTRIAN,FOUR WAY,STRAIGHT AND LEVEL,UNKNOWN,UNKNOWN,ON SCENE,INJURY AND / OR TOW DUE TO CRASH,Y,,"OVER $1,500",12/09/2022 04:40:00 PM,FAILING TO YIELD RIGHT-OF-WAY,UNABLE TO DETERMINE,7501,S,STONY ISLAND AVE,411,2,NONINCAPACITATING INJURY,1,0,0,1,0,1,0,16,6,12,41.75872376,-87.585590902,POINT (-87.585590902031 41.758723759994)
30,TRAFFIC SIGNAL,NO CONTROLS,RAIN,DAYLIGHT,ANGLE,NOT DIVIDED,STRAIGHT AND LEVEL,WET,NO DEFECTS,NOT ON SCENE (DESK REPORT),NO INJURY / DRIVE AWAY,,,"OVER $1,500",06/24/2019 07:10:00 PM,UNABLE TO DETERMINE,UNABLE TO DETERMINE,600,E,ILLINOIS ST,1834,2,NO INDICATION OF INJURY,0,0,0,0,0,2,0,11,2,6,,,
30,TRAFFIC SIGNAL,FUNCTIONING PROPERLY,CLEAR,DAYLIGHT,REAR END,FOUR WAY,STRAIGHT AND LEVEL,DRY,NO DEFECTS,NOT ON SCENE (DESK REPORT),NO INJURY / DRIVE AWAY,Y,,"$501 - $1,500",04/01/2021 07:11:00 PM,FOLLOWING TOO CLOSELY,UNABLE TO DETERMINE,2398,W,FOSTER AVE,2012,2,NO INDICATION OF INJURY,0,0,0,0,0,3,0,18,5,4,41.97600184,-87.689092635,POINT (-87.689092634969 41.97600183997)
30,TRAFFIC SIGNAL,UNKNOWN,CLEAR,DAWN,TURNING,NOT DIVIDED,STRAIGHT AND LEVEL,DRY,UNKNOWN,ON SCENE,INJURY AND / OR TOW DUE TO CRASH,Y,,"OVER $1,500",08/18/2018 01:45:00 PM,DISREGARDING TRAFFIC SIGNALS,NOT APPLICABLE,8301,S,CICERO AVE,834,2,NONINCAPACITATING INJURY,1,0,0,1,0,1,0,13,7,8,41.741803599,-87.740953582,POINT (-87.740953581987 41.741803598989)
25,NO CONTROLS,NO CONTROLS,CLEAR,DAYLIGHT,PARKED MOTOR VEHICLE,FOUR WAY,STRAIGHT AND LEVEL,DRY,OTHER,NOT ON SCENE (DESK REPORT),NO INJURY / DRIVE AWAY,,Y,"OVER $1,500",09/20/2020 05:10:00 PM,UNABLE TO DETERMINE,NOT APPLICABLE,800,E,75TH ST,323,2,NO INDICATION OF INJURY,0,0,0,0,0,2,0,16,1,9,41.75869138,-87.60533417,POINT (-87.605334170015 41.75869137995)
30,NO CONTROLS,NO CONTROLS,CLOUDY/OVERCAST,DAYLIGHT,FIXED OBJECT,ONE-WAY,"CURVE, LEVEL",WET,NO DEFECTS,ON SCENE,NO INJURY / DRIVE AWAY,,,"$501 - $1,500",10/25/2021 03:00:00 PM,WEATHER,NOT APPLICABLE,700,W,OHARE ST,1654,1,NO INDICATION OF INJURY,0,0,0,0,0,1,0,14,2,10,,,
45,TRAFFIC SIGNAL,FUNCTIONING PROPERLY,CLEAR,"DARKNESS, LIGHTED ROAD",TURNING,FOUR WAY,STRAIGHT AND LEVEL,DRY,NO DEFECTS,ON SCENE,INJURY AND / OR TOW DUE TO CRASH,Y,,"OVER $1,500",09/27/2021 01:30:00 AM,DISREGARDING OTHER TRAFFIC SIGNS,NOT APPLICABLE,6299,S,LAKE SHORE DR,331,2,"REPORTED, NOT EVIDENT",2,0,0,0,2,1,0,1,2,9,,,
30,TRAFFIC SIGNAL,FUNCTIONING PROPERLY,CLEAR,DAYLIGHT,REAR END,DIVIDED - W/MEDIAN (NOT RAISED),STRAIGHT AND LEVEL,DRY,NO DEFECTS,NOT ON SCENE (DESK REPORT),NO INJURY / DRIVE AWAY,,,"$501 - $1,500",10/13/2017 03:40:00 PM,FOLLOWING TOO CLOSELY,NOT APPLICABLE,134,W,CHICAGO AVE,1832,2,NO INDICATION OF INJURY,0,0,0,0,0,2,0,15,6,10,41.896725233,-87.632566357,POINT (-87.632566357044 41.896725233027)
15,NO CONTROLS,NO CONTROLS,CLEAR,DAYLIGHT,PARKED MOTOR VEHICLE,DRIVEWAY,STRAIGHT AND LEVEL,DRY,NO DEFECTS,ON SCENE,NO INJURY / DRIVE AWAY,,,"OVER $1,500",10/06/2019 01:35:00 PM,UNABLE TO DETERMINE,NOT APPLICABLE,514,W,OHARE ST,1654,2,NO INDICATION OF INJURY,0,0,0,0,0,1,0,13,1,10,,,
30,NO CONTROLS,NO CONTROLS,CLEAR,DAYLIGHT,FIXED OBJECT,UNKNOWN,STRAIGHT AND LEVEL,DRY,NO DEFECTS,NOT ON SCENE (DESK REPORT),NO INJURY / DRIVE AWAY,,,"$501 - $1,500",05/22/2017 11:50:00 AM,UNABLE TO DETERMINE,UNABLE TO DETERMINE,441,W,37TH PL,915,1,NO INDICATION OF INJURY,0,0,0,0,0,1,0,9,5,5,41.826190605,-87.637879262,POINT (-87.637879262009 41.826190604974)
15,NO CONTROLS,NO CONTROLS,CLEAR,DAYLIGHT,PARKED MOTOR VEHICLE,PARKING LOT,STRAIGHT ON HILLCREST,SNOW OR SLUSH,NO DEFECTS,ON SCENE,NO INJURY / DRIVE AWAY,,,"$501 - $1,500",02/04/2022 12:20:00 PM,"VISION OBSCURED (SIGNS, TREE LIMBS, BUILDINGS, ETC.)",WEATHER,1,W,PARKING LOT A ST,1654,2,NO INDICATION OF INJURY,0,0,0,0,0,1,0,10,6,2,,,
30,NO CONTROLS,NO CONTROLS,RAIN,DAYLIGHT,PARKED MOTOR VEHICLE,ONE-WAY,STRAIGHT AND LEVEL,WET,NO DEFECTS,NOT ON SCENE (DESK REPORT),NO INJURY / DRIVE AWAY,,Y,"OVER $1,500",03/19/2022 03:50:00 PM,UNABLE TO DETERMINE,UNABLE TO DETERMINE,3800,W,60TH ST,822,2,NO INDICATION OF INJURY,0,0,0,0,0,1,0,6,7,3,41.784300519,-87.718132983,POINT (-87.718132983043 41.784300518971)
20,NO CONTROLS,NO CONTROLS,CLEAR,DAYLIGHT,OTHER OBJECT,ONE-WAY,STRAIGHT AND LEVEL,SNOW OR SLUSH,NO DEFECTS,ON SCENE,NO INJURY / DRIVE AWAY,,,$500 OR LESS,02/06/2018 08:45:00 AM,DRIVING SKILLS/KNOWLEDGE/EXPERIENCE,DRIVING SKILLS/KNOWLEDGE/EXPERIENCE,4525,N,HAMILTON AVE,1911,2,NO INDICATION OF INJURY,0,0,0,0,0,1,0,8,3,2,41.963977765,-87.682137764,POINT (-87.682137764032 41.96397776501)
30,TRAFFIC SIGNAL,FUNCTIONING PROPERLY,CLEAR,DAYLIGHT,ANGLE,NOT DIVIDED,STRAIGHT AND LEVEL,DRY,UNKNOWN,NOT ON SCENE (DESK REPORT),NO INJURY / DRIVE AWAY,,Y,"$501 - $1,500",05/17/2021 09:55:00 AM,UNABLE TO DETERMINE,UNABLE TO DETERMINE,2098,S,MILLARD AVE,1014,2,NO INDICATION OF INJURY,0,0,0,0,0,7,0,11,5,5,,,
30,NO CONTROLS,NO CONTROLS,CLEAR,DAYLIGHT,REAR TO SIDE,PARKING LOT,STRAIGHT AND LEVEL,DRY,NO DEFECTS,NOT ON SCENE (DESK REPORT),NO INJURY / DRIVE AWAY,,,"$501 - $1,500",02/21/2020 03:15:00 PM,IMPROPER BACKING,NOT APPLICABLE,6014,S,COTTAGE GROVE AVE,313,2,NO INDICATION OF INJURY,0,0,0,0,0,2,0,15,6,2,41.785387445,-87.606183761,POINT (-87.606183761008 41.785387444959)
30,NO CONTROLS,NO CONTROLS,CLEAR,DAYLIGHT,REAR END,NOT DIVIDED,STRAIGHT AND LEVEL,DRY,NO DEFECTS,NOT ON SCENE (DESK REPORT),NO INJURY / DRIVE AWAY,,,"OVER $1,500",09/17/2020 01:30:00 PM,FOLLOWING TOO CLOSELY,NOT APPLICABLE,1038,W,BRYN MAWR AVE,2022,2,NO INDICATION OF INJURY,0,0,0,0,0,2,0,6,5,9,41.983790707,-87.656760371,POINT (-87.656760371006 41.983790707046)