POSTED_SPEED_LIMIT,TRAFFIC_CONTROL_DEVICE,DEVICE_CONDITION,WEATHER_CONDITION,LIGHTING_CONDITION,FIRST_CRASH_TYPE,TRAFFICWAY_TYPE,ALIGNMENT,ROADWAY_SURFACE_COND,ROAD_DEFECT,REPORT_TYPE,CRASH_TYPE,INTERSECTION_RELATED_I,HIT_AND_RUN_I,DAMAGE,DATE_POLICE_NOTIFIED,PRIM_CONTRIBUTORY_CAUSE,SEC_CONTRIBUTORY_CAUSE,STREET_NO,STREET_DIRECTION,STREET_NAME,BEAT_OF_OCCURRENCE,NUM_UNITS,MOST_SEVERE_INJURY,INJURIES_TOTAL,INJURIES_FATAL,INJURIES_INCAPACITATING,INJURIES_NON_INCAPACITATING,INJURIES_REPORTED_NOT_EVIDENT,INJURIES_NO_INDICATION,INJURIES_UNKNOWN,CRASH_HOUR,CRASH_DAY_OF_WEEK,CRASH_MONTH,LATITUDE,LONGITUDE,LOCATION
20,NO CONTROLS,NO CONTROLS,CLEAR,DAYLIGHT,REAR END,ONE-WAY,STRAIGHT AND LEVEL,DRY,NO DEFECTS,ON SCENE,NO INJURY / DRIVE AWAY,,,"OVER $1,500",03/29/2019 08:30:00 AM,IMPROPER BACKING,NOT APPLICABLE,1615,S,CHRISTIANA AVE,1021,2,NO INDICATION OF INJURY,0,0,0,0,0,2,0,8,6,3,41.858536536,-87.708949724,POINT (-87.708949724043 41.85853653595)
30,TRAFFIC SIGNAL,FUNCTIONING PROPERLY,CLEAR,DAYLIGHT,TURNING,FOUR WAY,STRAIGHT AND LEVEL,DRY,NO DEFECTS,,NO INJURY / DRIVE AWAY,Y,,"OVER $1,500",08/28/2022 04:42:00 PM,DRIVING SKILLS/KNOWLEDGE/EXPERIENCE,UNABLE TO DETERMINE,1332,W,DIVISION ST,1433,2,NO INDICATION OF INJURY,0,0,0,0,0,2,0,13,1,8,41.903536788,-87.661859583,POINT (-87.661859582959 41.903536788031)
30,STOP SIGN/FLASHER,FUNCTIONING PROPERLY,CLEAR,DAYLIGHT,TURNING,ONE-WAY,STRAIGHT AND LEVEL,DRY,NO DEFECTS,NOT ON SCENE (DESK REPORT),NO INJURY / DRIVE AWAY,Y,,"OVER $1,500",07/30/2020 05:00:00 PM,IMPROPER OVERTAKING/PASSING,IMPROPER LANE USAGE,1799,S,ST LOUIS AVE,1021,2,NO INDICATION OF INJURY,0,0,0,0,0,2,0,16,5,7,,,
30,NO CONTROLS,NO CONTROLS,UNKNOWN,UNKNOWN,PARKED MOTOR VEHICLE,DIVIDED - W/MEDIAN (NOT RAISED),STRAIGHT AND LEVEL,UNKNOWN,UNKNOWN,NOT ON SCENE (DESK REPORT),NO INJURY / DRIVE AWAY,,Y,"OVER $1,500",07/22/2017 01:30:00 PM,UNABLE TO DETERMINE,DRIVING SKILLS/KNOWLEDGE/EXPERIENCE,4547,N,KIMBALL AVE,1724,2,NO INDICATION OF INJURY,0,0,0,0,0,1,0,12,7,7,41.964341082,-87.713091948,POINT (-87.713091947983 41.964341081991)
25,TRAFFIC SIGNAL,FUNCTIONING PROPERLY,SNOW,DAYLIGHT,REAR END,OTHER,STRAIGHT AND LEVEL,WET,NO DEFECTS,ON SCENE,INJURY AND / OR TOW DUE TO CRASH,,,"OVER $1,500",02/25/2020 03:45:00 PM,UNABLE TO DETERMINE,NOT APPLICABLE,5466,S,WENTWORTH AVE,225,2,"REPORTED, NOT EVIDENT",1,0,0,0,1,1,0,15,3,2,,,
30,TRAFFIC SIGNAL,FUNCTIONING PROPERLY,SNOW,DUSK,TURNING,DIVIDED - W/MEDIAN (NOT RAISED),STRAIGHT AND LEVEL,SNOW OR SLUSH,UNKNOWN,ON SCENE,NO INJURY / DRIVE AWAY,,,"OVER $1,500",03/03/2023 05:11:00 PM,UNABLE TO DETERMINE,UNABLE TO DETERMINE,804,W,51ST ST,933,2,NO INDICATION OF INJURY,0,0,0,0,0,5,0,17,6,3,41.801690698,-87.645620028,POINT (-87.645620027991 41.80169069795)
45,TRAFFIC SIGNAL,FUNCTIONING PROPERLY,CLEAR,"DARKNESS, LIGHTED ROAD",REAR END,DIVIDED - W/MEDIAN BARRIER,STRAIGHT AND LEVEL,DRY,NO DEFECTS,NOT ON SCENE (DESK REPORT),NO INJURY / DRIVE AWAY,,,$500 OR LESS,01/24/2019 04:30:00 PM,FOLLOWING TOO CLOSELY,UNABLE TO DETERMINE,6299,S,LAKE SHORE DR,331,2,NO INDICATION OF INJURY,0,0,0,0,0,2,0,5,5,1,,,
40,STOP SIGN/FLASHER,FUNCTIONING PROPERLY,CLEAR,DAYLIGHT,TURNING,NOT DIVIDED,STRAIGHT AND LEVEL,DRY,NO DEFECTS,ON SCENE,INJURY AND / OR TOW DUE TO CRASH,,,"OVER $1,500",06/20/2022 02:43:00 PM,FAILING TO YIELD RIGHT-OF-WAY,NOT APPLICABLE,4827,W,47TH ST,814,2,NO INDICATION OF INJURY,0,0,0,0,0,5,0,14,2,6,41.807491756,-87.744319525,POINT (-87.744319524988 41.807491756027)
30,TRAFFIC SIGNAL,FUNCTIONING PROPERLY,RAIN,DAYLIGHT,SIDESWIPE SAME DIRECTION,NOT DIVIDED,STRAIGHT AND LEVEL,WET,NO DEFECTS,ON SCENE,NO INJURY / DRIVE AWAY,,,"OVER $1,500",06/08/2022 01:38:00 PM,UNABLE TO DETERMINE,UNABLE TO DETERMINE,3601,W,NORTH AVE,2535,2,NO INDICATION OF INJURY,0,0,0,0,0,2,0,13,4,6,41.909883748,-87.716751343,POINT (-87.716751343041 41.909883748015)
20,NO CONTROLS,NO CONTROLS,CLOUDY/OVERCAST,DAYLIGHT,PARKED MOTOR VEHICLE,OTHER,STRAIGHT AND LEVEL,DRY,NO DEFECTS,ON SCENE,NO INJURY / DRIVE AWAY,,,"OVER $1,500",12/15/2022 09:20:00 AM,DISTRACTION - FROM OUTSIDE VEHICLE,NOT APPLICABLE,1,W,TERMINAL ST,1651,2,NO INDICATION OF INJURY,0,0,0,0,0,3,0,9,5,12,,,
30,NO CONTROLS,NO CONTROLS,RAIN,"DARKNESS, LIGHTED ROAD",SIDESWIPE SAME DIRECTION,NOT DIVIDED,STRAIGHT AND LEVEL,WET,NO DEFECTS,NOT ON SCENE (DESK REPORT),NO INJURY / DRIVE AWAY,,,"OVER $1,500",08/25/2021 11:50:00 PM,UNABLE TO DETERMINE,UNABLE TO DETERMINE,2434,W,FULLERTON AVE,1431,2,NO INDICATION OF INJURY,0,0,0,0,0,2,0,23,4,8,41.924997008,-87.68905401,POINT (-87.689054009972 41.924997008049)
30,NO CONTROLS,NO CONTROLS,CLEAR,DAYLIGHT,PARKED MOTOR VEHICLE,NOT DIVIDED,STRAIGHT AND LEVEL,DRY,NO DEFECTS,NOT ON SCENE (DESK REPORT),NO INJURY / DRIVE AWAY,,,"$501 - $1,500",09/01/2021 04:30:00 PM,NOT APPLICABLE,NOT APPLICABLE,4120,W,57TH ST,813,2,NO INDICATION OF INJURY,0,0,0,0,0,3,0,13,4,9,41.789651746,-87.726395989,POINT (-87.726395988958 41.789651746021)
35,NO CONTROLS,NO CONTROLS,CLEAR,"DARKNESS, LIGHTED ROAD",SIDESWIPE SAME DIRECTION,DIVIDED - W/MEDIAN BARRIER,STRAIGHT AND LEVEL,DRY,NO DEFECTS,ON SCENE,INJURY AND / OR TOW DUE TO CRASH,,,"OVER $1,500",07/18/2020 10:47:00 PM,"OPERATING VEHICLE IN ERRATIC, RECKLESS, CARELESS, NEGLIGENT OR AGGRESSIVE MANNER",UNABLE TO DETERMINE,50,W,I190 EXPY,1654,2,NO INDICATION OF INJURY,0,0,0,0,0,2,0,22,7,7,,,
30,TRAFFIC SIGNAL,FUNCTIONING PROPERLY,CLEAR,DAYLIGHT,ANGLE,FOUR WAY,STRAIGHT AND LEVEL,DRY,NO DEFECTS,NOT ON SCENE (DESK REPORT),INJURY AND / OR TOW DUE TO CRASH,Y,,$500 OR LESS,08/11/2020 04:30:00 PM,DISREGARDING TRAFFIC SIGNALS,NOT APPLICABLE,4201,S,ASHLAND AVE,924,2,"REPORTED, NOT EVIDENT",1,0,0,0,1,1,0,10,2,8,41.817683733,-87.6650402,POINT (-87.665040200043 41.817683733038)
20,UNKNOWN,UNKNOWN,UNKNOWN,UNKNOWN,PARKED MOTOR VEHICLE,UNKNOWN,STRAIGHT AND LEVEL,UNKNOWN,UNKNOWN,NOT ON SCENE (DESK REPORT),NO INJURY / DRIVE AWAY,,Y,"$501 - $1,500",07/27/2016 05:00:00 PM,NOT APPLICABLE,NOT APPLICABLE,2500,E,71ST ST,334,2,NO INDICATION OF INJURY,0,0,0,0,0,1,0,5,4,7,,,
20,LANE USE MARKING,FUNCTIONING PROPERLY,CLEAR,DAYLIGHT,PARKED MOTOR VEHICLE,ONE-WAY,STRAIGHT AND LEVEL,DRY,NO DEFECTS,ON SCENE,NO INJURY / DRIVE AWAY,,,"OVER $1,500",09/14/2018 03:24:00 PM,NOT APPLICABLE,NOT APPLICABLE,1,W,TERMINAL ST,1651,2,NO INDICATION OF INJURY,0,0,0,0,0,1,0,15,6,9,,,
30,NO CONTROLS,NO CONTROLS,CLEAR,"DARKNESS, LIGHTED ROAD",PARKED MOTOR VEHICLE,ONE-WAY,STRAIGHT AND LEVEL,DRY,NO DEFECTS,ON SCENE,INJURY AND / OR TOW DUE TO CRASH,,Y,"OVER $1,500",08/28/2017 11:25:00 PM,UNDER THE INFLUENCE OF ALCOHOL/DRUGS (USE WHEN ARREST IS EFFECTED),NOT APPLICABLE,6351,S,CAMPBELL AVE,825,3,NO INDICATION OF INJURY,0,0,0,0,0,1,0,23,2,8,41.777723587,-87.685900639,POINT (-87.685900638983 41.777723587016)
30,NO CONTROLS,NO CONTROLS,CLEAR,DAYLIGHT,SIDESWIPE SAME DIRECTION,DIVIDED - W/MEDIAN (NOT RAISED),STRAIGHT AND LEVEL,DRY,UNKNOWN,NOT ON SCENE (DESK REPORT),NO INJURY / DRIVE AWAY,,,"OVER $1,500",07/19/2016 02:00:00 PM,UNABLE TO DETERMINE,UNABLE TO DETERMINE,4432,W,MONTROSE AVE,1722,2,NO INDICATION OF INJURY,0,0,0,0,0,2,0,16,5,7,41.960921874,-87.739753307,POINT (-87.739753307037 41.960921873996)
30,NO CONTROLS,NO CONTROLS,CLEAR,"DARKNESS, LIGHTED ROAD",PARKED MOTOR VEHICLE,DIVIDED - W/MEDIAN (NOT RAISED),STRAIGHT AND LEVEL,WET,NO DEFECTS,NOT ON SCENE (DESK REPORT),NO INJURY / DRIVE AWAY,,Y,"OVER $1,500",12/31/2019 10:50:00 PM,IMPROPER BACKING,NOT APPLICABLE,3821,W,ROOSEVELT RD,1011,2,NO INDICATION OF INJURY,0,0,0,0,0,1,0,22,3,12,41.866119494,-87.720927574,POINT (-87.720927573996 41.866119493974)
30,TRAFFIC SIGNAL,FUNCTIONING PROPERLY,CLEAR,DAYLIGHT,REAR END,FOUR WAY,STRAIGHT AND LEVEL,DRY,NO DEFECTS,NOT ON SCENE (DESK REPORT),NO INJURY / DRIVE AWAY,,Y,"OVER $1,500",12/02/2021 05:33:00 PM,FAILING TO YIELD RIGHT-OF-WAY,NOT APPLICABLE,6227,S,DR MARTIN LUTHER KING JR DR,313,2,NO INDICATION OF INJURY,0,0,0,0,0,2,0,16,5,12,41.781244043,-87.615503198,POINT (-87.615503197999 41.781244043048)
30,NO CONTROLS,NO CONTROLS,CLEAR,DAWN,OTHER NONCOLLISION,ALLEY,STRAIGHT AND LEVEL,UNKNOWN,UNKNOWN,NOT ON SCENE (DESK REPORT),NO INJURY / DRIVE AWAY,,,"$501 - $1,500",07/07/2023 07:15:00 PM,UNABLE TO DETERMINE,NOT APPLICABLE,4928,W,NELSON ST,2521,1,NO INDICATION OF INJURY,0,0,0,0,0,1,0,18,6,7,41.936157129,-87.750420968,POINT (-87.750420967991 41.936157129012)
30,TRAFFIC SIGNAL,FUNCTIONING PROPERLY,CLEAR,DAYLIGHT,TURNING,DIVIDED - W/MEDIAN (NOT RAISED),STRAIGHT AND LEVEL,DRY,NO DEFECTS,NOT ON SCENE (DESK REPORT),NO INJURY / DRIVE AWAY,,,"OVER $1,500",01/22/2022 01:15:00 PM,UNABLE TO DETERMINE,UNABLE TO DETERMINE,500,S,SACRAMENTO BLVD,1134,2,NO INDICATION OF INJURY,0,0,0,0,0,2,0,15,6,1,,,
35,TRAFFIC SIGNAL,FUNCTIONING PROPERLY,CLEAR,"DARKNESS, LIGHTED ROAD",ANGLE,"FIVE POINT, OR MORE",STRAIGHT AND LEVEL,DRY,NO DEFECTS,ON SCENE,INJURY AND / OR TOW DUE TO CRASH,Y,,"OVER $1,500",07/29/2021 05:28:00 AM,DISREGARDING TRAFFIC SIGNALS,FAILING TO REDUCE SPEED TO AVOID CRASH,800,W,GRAND AVE,1214,2,NONINCAPACITATING INJURY,3,0,0,2,1,0,0,5,5,7,41.891293713,-87.647680593,POINT (-87.647680593026 41.891293712961)
30,NO CONTROLS,NO CONTROLS,CLEAR,DAYLIGHT,PARKED MOTOR VEHICLE,OTHER,STRAIGHT AND LEVEL,DRY,NO DEFECTS,NOT ON SCENE (DESK REPORT),NO INJURY / DRIVE AWAY,,Y,"OVER $1,500",03/18/2019 06:30:00 PM,UNABLE TO DETERMINE,UNABLE TO DETERMINE,9426,S,YALE AVE,634,2,NO INDICATION OF INJURY,0,0,0,0,0,1,0,8,2,3,41.723144091,-87.630109983,POINT (-87.630109983 41.723144091011)
10,NO CONTROLS,NO CONTROLS,CLEAR,DARKNESS,ANGLE,ALLEY,STRAIGHT AND LEVEL,DRY,NO DEFECTS,NOT ON SCENE (DESK REPORT),NO INJURY / DRIVE AWAY,,,"OVER $1,500",07/05/2017 01:45:00 PM,IMPROPER BACKING,NOT APPLICABLE,1209,W,70TH ST,734,2,NO INDICATION OF INJURY,0,0,0,0,0,2,0,23,3,7,41.766756674,-87.654557957,POINT (-87.654557956956 41.766756673958)
30,STOP SIGN/FLASHER,FUNCTIONING PROPERLY,CLEAR,DAYLIGHT,REAR END,NOT DIVIDED,STRAIGHT AND LEVEL,UNKNOWN,UNKNOWN,NOT ON SCENE (DESK REPORT),INJURY AND / OR TOW DUE TO CRASH,Y,,"OVER $1,500",08/10/2022 06:11:00 PM,FOLLOWING TOO CLOSELY,UNABLE TO DETERMINE,3300,N,BROADWAY,1925,3,"REPORTED, NOT EVIDENT",1,0,0,0,1,2,0,17,4,8,41.941883022,-87.644605003,POINT (-87.644605003003 41.941883022027)
30,TRAFFIC SIGNAL,FUNCTIONING PROPERLY,SNOW,"DARKNESS, LIGHTED ROAD",SIDESWIPE SAME DIRECTION,DIVIDED - W/MEDIAN (NOT RAISED),STRAIGHT AND LEVEL,SNOW OR SLUSH,UNKNOWN,ON SCENE,NO INJURY / DRIVE AWAY,,Y,"OVER $1,500",01/16/2022 11:36:00 PM,UNABLE TO DETERMINE,NOT APPLICABLE,5454,S,WENTWORTH AVE,225,2,NO INDICATION OF INJURY,0,0,0,0,0,2,0,23,1,1,,,
20,NO CONTROLS,NO CONTROLS,CLEAR,DAYLIGHT,SIDESWIPE OPPOSITE DIRECTION,ALLEY,STRAIGHT AND LEVEL,DRY,UNKNOWN,NOT ON SCENE (DESK REPORT),NO INJURY / DRIVE AWAY,,,"OVER $1,500",11/03/2016 07:34:00 PM,UNABLE TO DETERMINE,UNABLE TO DETERMINE,4916,W,MONTROSE AVE,1623,2,NO INDICATION OF INJURY,0,0,0,0,0,3,0,16,3,10,41.960796183,-87.750630003,POINT (-87.75063000305 41.960796183046)
15,NO CONTROLS,NO CONTROLS,RAIN,DUSK,SIDESWIPE SAME DIRECTION,ONE-WAY,STRAIGHT ON GRADE,WET,NO DEFECTS,ON SCENE,NO INJURY / DRIVE AWAY,,,"$501 - $1,500",05/14/2023 07:35:00 PM,FAILING TO YIELD RIGHT-OF-WAY,IMPROPER OVERTAKING/PASSING,5,W,TERMINAL ST,1655,2,NO INDICATION OF INJURY,0,0,0,0,0,2,0,19,1,5,,,
30,NO CONTROLS,NO CONTROLS,UNKNOWN,"DARKNESS, LIGHTED ROAD",OTHER NONCOLLISION,NOT DIVIDED,STRAIGHT AND LEVEL,UNKNOWN,"RUT, HOLES",NOT ON SCENE (DESK REPORT),NO INJURY / DRIVE AWAY,,,"OVER $1,500",03/01/2018 02:23:00 PM,ROAD ENGINEERING/SURFACE/MARKING DEFECTS,NOT APPLICABLE,2600,W,IRVING PARK RD,1911,1,NO INDICATION OF INJURY,0,0,0,0,0,1,0,21,4,2,41.954105717,-87.693290369,POINT (-87.693290369008 41.954105716988)
45,NO CONTROLS,NO CONTROLS,BLOWING SNOW,"DARKNESS, LIGHTED ROAD",SIDESWIPE SAME DIRECTION,DIVIDED - W/MEDIAN (NOT RAISED),STRAIGHT AND LEVEL,SNOW OR SLUSH,NO DEFECTS,ON SCENE,NO INJURY / DRIVE AWAY,,,"OVER $1,500",12/23/2022 06:00:00 AM,WEATHER,WEATHER,12750,W,IRVING PARK RD,1654,2,NO INDICATION OF INJURY,0,0,0,0,0,2,0,5,6,12,,,
30,NO CONTROLS,NO CONTROLS,CLEAR,DAYLIGHT,ANGLE,OTHER,STRAIGHT AND LEVEL,DRY,NO DEFECTS,NOT ON SCENE (DESK REPORT),NO INJURY / DRIVE AWAY,,,"OVER $1,500",12/18/2020 12:20:00 PM,FAILING TO YIELD RIGHT-OF-WAY,NOT APPLICABLE,2027,W,AUGUSTA BLVD,1212,2,NO INDICATION OF INJURY,0,0,0,0,0,3,0,8,6,12,41.899422807,-87.678260554,POINT (-87.678260554048 41.899422807039)
30,NO CONTROLS,NO CONTROLS,UNKNOWN,UNKNOWN,SIDESWIPE SAME DIRECTION,NOT DIVIDED,STRAIGHT AND LEVEL,UNKNOWN,UNKNOWN,NOT ON SCENE (DESK REPORT),NO INJURY / DRIVE AWAY,Y,,"OVER $1,500",08/02/2021 11:50:00 AM,UNABLE TO DETERMINE,UNABLE TO DETERMINE,3832,W,47TH ST,821,2,NO INDICATION OF INJURY,0,0,0,0,0,2,0,9,2,8,41.808026055,-87.71995187,POINT (-87.719951869982 41.808026054987)
30,TRAFFIC SIGNAL,FUNCTIONING PROPERLY,CLEAR,DAYLIGHT,TURNING,DIVIDED - W/MEDIAN (NOT RAISED),STRAIGHT AND LEVEL,DRY,NO DEFECTS,,NO INJURY / DRIVE AWAY,Y,,"OVER $1,500",08/21/2020 10:16:00 AM,DRIVING SKILLS/KNOWLEDGE/EXPERIENCE,NOT APPLICABLE,1100,W,DIVISION ST,1822,2,NO INDICATION OF INJURY,0,0,0,0,0,2,0,10,6,8,41.903639931,-87.65554697,POINT (-87.655546970003 41.903639930952)
30,NO CONTROLS,NO CONTROLS,CLEAR,DAYLIGHT,SIDESWIPE SAME DIRECTION,OTHER,STRAIGHT AND LEVEL,DRY,NO DEFECTS,ON SCENE,NO INJURY / DRIVE AWAY,,,"OVER $1,500",07/02/2021 02:40:00 PM,UNABLE TO DETERMINE,UNABLE TO DETERMINE,2,W,TERMINAL ST,1652,2,NO INDICATION OF INJURY,0,0,0,0,0,2,0,13,6,7,,,
30,TRAFFIC SIGNAL,FUNCTIONING PROPERLY,CLEAR,DAYLIGHT,REAR TO FRONT,DIVIDED - W/MEDIAN BARRIER,STRAIGHT AND LEVEL,DRY,NO DEFECTS,NOT ON SCENE (DESK REPORT),NO INJURY / DRIVE AWAY,,Y,$500 OR LESS,09/05/2020 11:15:00 AM,IMPROPER BACKING,NOT APPLICABLE,1958,W,95TH ST,2221,2,NO INDICATION OF INJURY,0,0,0,0,0,2,0,14,6,9,41.721190704,-87.672008904,POINT (-87.67200890399 41.721190703986)
30,NO CONTROLS,NO CONTROLS,CLEAR,DAYLIGHT,TURNING,NOT DIVIDED,STRAIGHT AND LEVEL,DRY,NO DEFECTS,NOT ON SCENE (DESK REPORT),NO INJURY / DRIVE AWAY,,,"OVER $1,500",09/20/2017 08:34:00 AM,"VISION OBSCURED (SIGNS, TREE LIMBS, BUILDINGS, ETC.)",IMPROPER LANE USAGE,4800,N,CLARK ST,2032,2,NO INDICATION OF INJURY,0,0,0,0,0,2,0,8,4,9,41.969038442,-87.667662387,POINT (-87.667662387022 41.969038442049)
30,TRAFFIC SIGNAL,FUNCTIONING PROPERLY,CLEAR,"DARKNESS, LIGHTED ROAD",ANGLE,NOT DIVIDED,STRAIGHT AND LEVEL,WET,UNKNOWN,ON SCENE,INJURY AND / OR TOW DUE TO CRASH,Y,,"OVER $1,500",01/13/2022 11:04:00 PM,DISREGARDING TRAFFIC SIGNALS,NOT APPLICABLE,4807,N,ELSTON AVE,1712,2,NONINCAPACITATING INJURY,1,0,0,1,0,3,0,23,5,1,41.968343874,-87.740309686,POINT (-87.740309686003 41.968343873979)
35,TRAFFIC SIGNAL,FUNCTIONING PROPERLY,CLEAR,DUSK,FIXED OBJECT,DIVIDED - W/MEDIAN BARRIER,STRAIGHT AND LEVEL,DRY,NO DEFECTS,ON SCENE,INJURY AND / OR TOW DUE TO CRASH,Y,,"OVER $1,500",12/15/2017 05:05:00 PM,IMPROPER TURNING/NO SIGNAL,UNABLE TO DETERMINE,2333,E,87TH ST,412,1,NO INDICATION OF INJURY,0,0,0,0,0,1,0,17,6,12,41.73707143,-87.56687302,POINT (-87.566873020019 41.737071430045)
20,NO CONTROLS,NO CONTROLS,CLOUDY/OVERCAST,"DARKNESS, LIGHTED ROAD",REAR TO FRONT,ONE-WAY,STRAIGHT AND LEVEL,WET,NO DEFECTS,ON SCENE,NO INJURY / DRIVE AWAY,Y,Y,"$501 - $1,500",09/29/2019 10:26:00 PM,IMPROPER BACKING,NOT APPLICABLE,412,W,OHARE ST,1654,2,NO INDICATION OF INJURY,0,0,0,0,0,3,0,22,1,9,,,
30,NO CONTROLS,UNKNOWN,CLEAR,"DARKNESS, LIGHTED ROAD",ANGLE,NOT DIVIDED,STRAIGHT AND LEVEL,DRY,UNKNOWN,NOT ON SCENE (DESK REPORT),NO INJURY / DRIVE AWAY,,,"$501 - $1,500",06/15/2019 10:20:00 PM,FAILING TO REDUCE SPEED TO AVOID CRASH,NOT APPLICABLE,11,S,AUSTIN BLVD,1513,2,NO INDICATION OF INJURY,0,0,0,0,0,2,0,22,7,6,41.879714362,-87.774496221,POINT (-87.774496220954 41.879714361958)
30,TRAFFIC SIGNAL,FUNCTIONING PROPERLY,CLEAR,"DARKNESS, LIGHTED ROAD",TURNING,NOT DIVIDED,STRAIGHT AND LEVEL,DRY,NO DEFECTS,ON SCENE,INJURY AND / OR TOW DUE TO CRASH,,,"OVER $1,500",11/18/2017 05:40:00 PM,FAILING TO YIELD RIGHT-OF-WAY,NOT APPLICABLE,6427,N,HARLEM AVE,1611,2,NONINCAPACITATING INJURY,1,0,0,1,0,1,0,17,7,11,41.997730287,-87.806645117,POINT (-87.806645117018 41.997730287008)
30,TRAFFIC SIGNAL,FUNCTIONING PROPERLY,CLOUDY/OVERCAST,DAYLIGHT,REAR END,NOT DIVIDED,STRAIGHT AND LEVEL,DRY,NO DEFECTS,NOT ON SCENE (DESK REPORT),INJURY AND / OR TOW DUE TO CRASH,,,"$501 - $1,500",02/24/2018 12:10:00 PM,UNABLE TO DETERMINE,UNABLE TO DETERMINE,600,E,47TH ST,221,2,"REPORTED, NOT EVIDENT",1,0,0,0,1,1,0,9,7,2,41.809572517,-87.611394621,POINT (-87.611394620986 41.809572516992)
30,STOP SIGN/FLASHER,FUNCTIONING PROPERLY,RAIN,"DARKNESS, LIGHTED ROAD",PEDALCYCLIST,ONE-WAY,STRAIGHT AND LEVEL,WET,NO DEFECTS,ON SCENE,INJURY AND / OR TOW DUE TO CRASH,Y,,$500 OR LESS,08/31/2019 10:07:00 PM,FAILING TO REDUCE SPEED TO AVOID CRASH,FAILING TO YIELD RIGHT-OF-WAY,4100,N,RIDGEWAY AVE,1723,2,NONINCAPACITATING INJURY,1,0,0,1,0,1,0,22,7,8,41.955648575,-87.721689894,POINT (-87.721689893972 41.955648575033)
25,NO CONTROLS,NO CONTROLS,CLEAR,DAYLIGHT,PARKED MOTOR VEHICLE,OTHER,STRAIGHT AND LEVEL,DRY,NO DEFECTS,ON SCENE,NO INJURY / DRIVE AWAY,,,$500 OR LESS,09/30/2022 07:40:00 AM,UNABLE TO DETERMINE,NOT APPLICABLE,1,W,OHARE ST,1651,2,NO INDICATION OF INJURY,0,0,0,0,0,1,0,7,6,9,,,
20,NO CONTROLS,NO CONTROLS,SNOW,DAYLIGHT,SIDESWIPE SAME DIRECTION,ONE-WAY,STRAIGHT AND LEVEL,SNOW OR SLUSH,NO DEFECTS,NOT ON SCENE (DESK REPORT),NO INJURY / DRIVE AWAY,,,"OVER $1,500",02/07/2018 09:20:00 AM,UNABLE TO DETERMINE,UNABLE TO DETERMINE,4046,N,LEAVITT ST,1911,2,NO INDICATION OF INJURY,0,0,0,0,0,2,0,7,4,2,41.955549054,-87.683801946,POINT (-87.683801945993 41.955549054004)
30,NO CONTROLS,NO CONTROLS,CLEAR,DAYLIGHT,PEDALCYCLIST,NOT DIVIDED,STRAIGHT AND LEVEL,DRY,NO DEFECTS,ON SCENE,INJURY AND / OR TOW DUE TO CRASH,,,$500 OR LESS,10/01/2021 08:34:00 AM,DISTRACTION - FROM OUTSIDE VEHICLE,UNABLE TO DETERMINE,2828,N,PULASKI RD,2523,2,"REPORTED, NOT EVIDENT",1,0,0,0,1,1,0,8,6,10,41.932604222,-87.727148226,POINT (-87.727148226037 41.932604221966)
55,NO CONTROLS,NO CONTROLS,CLEAR,DAYLIGHT,SIDESWIPE SAME DIRECTION,DIVIDED - W/MEDIAN BARRIER,STRAIGHT AND LEVEL,DRY,NO DEFECTS,ON SCENE,NO INJURY / DRIVE AWAY,,,"OVER $1,500",03/22/2022 02:40:00 PM,UNABLE TO DETERMINE,UNABLE TO DETERMINE,9759,W,KENNEDY EXPY OB,1654,2,NO INDICATION OF INJURY,0,0,0,0,0,2,0,14,3,3,,,
55,NO CONTROLS,NO CONTROLS,SNOW,DAYLIGHT,FIXED OBJECT,DIVIDED - W/MEDIAN BARRIER,STRAIGHT AND LEVEL,WET,NO DEFECTS,ON SCENE,INJURY AND / OR TOW DUE TO CRASH,,,"OVER $1,500",04/17/2020 07:55:00 AM,DRIVING SKILLS/KNOWLEDGE/EXPERIENCE,DRIVING SKILLS/KNOWLEDGE/EXPERIENCE,8000,S,CHICAGO SKYWAY OB,411,1,NO INDICATION OF INJURY,0,0,0,0,0,1,0,7,6,4,,,
45,NO CONTROLS,NO CONTROLS,CLEAR,DAYLIGHT,REAR END,DIVIDED - W/MEDIAN BARRIER,STRAIGHT AND LEVEL,DRY,NO DEFECTS,NOT ON SCENE (DESK REPORT),NO INJURY / DRIVE AWAY,,,"OVER $1,500",11/21/2017 05:00:00 PM,FOLLOWING TOO CLOSELY,NOT APPLICABLE,8900,S,CHICAGO SKYWAY OB,423,2,NO INDICATION OF INJURY,0,0,0,0,0,3,0,16,3,11,,,
60,NO CONTROLS,NO CONTROLS,CLEAR,DAWN,FIXED OBJECT,DIVIDED - W/MEDIAN BARRIER,STRAIGHT AND LEVEL,DRY,NO DEFECTS,ON SCENE,INJURY AND / OR TOW DUE TO CRASH,,Y,"OVER $1,500",05/23/2021 04:32:00 AM,UNABLE TO DETERMINE,NOT APPLICABLE,9050,S,CHICAGO SKYWAY OB,423,1,NO INDICATION OF INJURY,0,0,0,0,0,1,0,4,1,5,,,