POSTED_SPEED_LIMIT,TRAFFIC_CONTROL_DEVICE,DEVICE_CONDITION,WEATHER_CONDITION,LIGHTING_CONDITION,FIRST_CRASH_TYPE,TRAFFICWAY_TYPE,ALIGNMENT,ROADWAY_SURFACE_COND,ROAD_DEFECT,REPORT_TYPE,CRASH_TYPE,INTERSECTION_RELATED_I,HIT_AND_RUN_I,DAMAGE,DATE_POLICE_NOTIFIED,PRIM_CONTRIBUTORY_CAUSE,SEC_CONTRIBUTORY_CAUSE,STREET_NO,STREET_DIRECTION,STREET_NAME,BEAT_OF_OCCURRENCE,NUM_UNITS,MOST_SEVERE_INJURY,INJURIES_TOTAL,INJURIES_FATAL,INJURIES_INCAPACITATING,INJURIES_NON_INCAPACITATING,INJURIES_REPORTED_NOT_EVIDENT,INJURIES_NO_INDICATION,INJURIES_UNKNOWN,CRASH_HOUR,CRASH_DAY_OF_WEEK,CRASH_MONTH,LATITUDE,LONGITUDE,LOCATION
30,NO CONTROLS,NO CONTROLS,CLEAR,"DARKNESS, LIGHTED ROAD",PARKED MOTOR VEHICLE,ONE-WAY,STRAIGHT AND LEVEL,DRY,NO DEFECTS,ON SCENE,INJURY AND / OR TOW DUE TO CRASH,,Y,"OVER $1,500",03/12/2022 02:17:00 AM,UNABLE TO DETERMINE,UNABLE TO DETERMINE,3244,W,WARREN BLVD,1123,2,NO INDICATION OF INJURY,0,0,0,0,0,1,0,2,7,3,41.881964491,-87.707842516,POINT (-87.707842516022 41.881964491023)
30,NO CONTROLS,NO CONTROLS,CLEAR,DAYLIGHT,PARKED MOTOR VEHICLE,NOT DIVIDED,STRAIGHT AND LEVEL,DRY,NO DEFECTS,NOT ON SCENE (DESK REPORT),NO INJURY / DRIVE AWAY,,Y,"$501 - $1,500",11/06/2019 05:20:00 PM,UNABLE TO DETERMINE,NOT APPLICABLE,1541,W,KINZIE ST,1215,2,NO INDICATION OF INJURY,0,0,0,0,0,1,0,15,4,11,,,
30,TRAFFIC SIGNAL,FUNCTIONING PROPERLY,CLEAR,DAYLIGHT,TURNING,ONE-WAY,STRAIGHT AND LEVEL,DRY,UNKNOWN,ON SCENE,NO INJURY / DRIVE AWAY,,Y,"$501 - $1,500",09/27/2020 11:37:00 AM,IMPROPER LANE USAGE,NOT APPLICABLE,127,E,GRAND AVE,1834,2,NO INDICATION OF INJURY,0,0,0,0,0,2,0,11,1,9,41.891621161,-87.624253929,POINT (-87.624253929022 41.891621161011)
30,NO CONTROLS,NO CONTROLS,CLEAR,DAYLIGHT,REAR END,DIVIDED - W/MEDIAN BARRIER,STRAIGHT AND LEVEL,DRY,NO DEFECTS,ON SCENE,INJURY AND / OR TOW DUE TO CRASH,Y,,"OVER $1,500",11/02/2018 03:25:00 PM,FAILING TO REDUCE SPEED TO AVOID CRASH,NOT APPLICABLE,1713,N,KEDZIE AVE,1421,2,NO INDICATION OF INJURY,0,0,0,0,0,2,0,15,6,11,41.912363131,-87.706664942,POINT (-87.706664941972 41.912363131046)
20,NO CONTROLS,NO CONTROLS,CLEAR,DAYLIGHT,PARKED MOTOR VEHICLE,PARKING LOT,STRAIGHT AND LEVEL,DRY,NO DEFECTS,ON SCENE,NO INJURY / DRIVE AWAY,,Y,"OVER $1,500",04/10/2019 10:24:00 AM,UNABLE TO DETERMINE,UNABLE TO DETERMINE,502,W,OHARE ST,1653,2,NO INDICATION OF INJURY,0,0,0,0,0,1,0,10,4,4,,,
35,TRAFFIC SIGNAL,FUNCTIONING PROPERLY,CLOUDY/OVERCAST,DAYLIGHT,ANGLE,NOT DIVIDED,STRAIGHT AND LEVEL,WET,NO DEFECTS,ON SCENE,INJURY AND / OR TOW DUE TO CRASH,Y,,"$501 - $1,500",08/26/2019 05:18:00 PM,UNABLE TO DETERMINE,UNABLE TO DETERMINE,5500,S,WENTWORTH AVE,225,2,NO INDICATION OF INJURY,0,0,0,0,0,2,0,17,2,8,,,
30,NO CONTROLS,NO CONTROLS,CLEAR,DUSK,PARKED MOTOR VEHICLE,PARKING LOT,STRAIGHT AND LEVEL,DRY,NO DEFECTS,NOT ON SCENE (DESK REPORT),NO INJURY / DRIVE AWAY,,N,"OVER $1,500",03/22/2018 09:32:00 PM,IMPROPER BACKING,IMPROPER BACKING,2199,E,HAYES DR,331,2,NO INDICATION OF INJURY,0,0,0,0,0,1,0,19,5,3,,,
30,NO CONTROLS,NO CONTROLS,CLEAR,DAWN,OTHER NONCOLLISION,NOT DIVIDED,STRAIGHT AND LEVEL,DRY,NO DEFECTS,ON SCENE,INJURY AND / OR TOW DUE TO CRASH,Y,Y,"$501 - $1,500",07/14/2021 09:10:00 AM,FAILING TO YIELD RIGHT-OF-WAY,UNABLE TO DETERMINE,6916,S,SOUTH SHORE DR,331,2,NO INDICATION OF INJURY,0,0,0,0,0,2,0,4,4,7,41.769358162,-87.566680943,POINT (-87.566680942979 41.769358162021)
30,NO CONTROLS,NO CONTROLS,CLEAR,"DARKNESS, LIGHTED ROAD",PARKED MOTOR VEHICLE,DIVIDED - W/MEDIAN (NOT RAISED),STRAIGHT AND LEVEL,DRY,NO DEFECTS,NOT ON SCENE (DESK REPORT),INJURY AND / OR TOW DUE TO CRASH,,,"OVER $1,500",03/08/2020 05:11:00 AM,FAILING TO REDUCE SPEED TO AVOID CRASH,UNABLE TO DETERMINE,3716,W,BELMONT AVE,1732,3,NO INDICATION OF INJURY,0,0,0,0,0,1,0,5,1,3,41.939285933,-87.720570209,POINT (-87.72057020903 41.939285933)
0,NO CONTROLS,NO CONTROLS,CLEAR,DAYLIGHT,PARKED MOTOR VEHICLE,PARKING LOT,STRAIGHT AND LEVEL,DRY,NO DEFECTS,NOT ON SCENE (DESK REPORT),NO INJURY / DRIVE AWAY,,Y,"OVER $1,500",10/17/2021 09:45:00 AM,UNABLE TO DETERMINE,NOT APPLICABLE,6014,S,COTTAGE GROVE AVE,313,2,NO INDICATION OF INJURY,0,0,0,0,0,1,0,11,6,10,41.785387445,-87.606183761,POINT (-87.606183761008 41.785387444959)
30,NO CONTROLS,NO CONTROLS,CLEAR,DAYLIGHT,SIDESWIPE SAME DIRECTION,ONE-WAY,STRAIGHT AND LEVEL,DRY,UNKNOWN,ON SCENE,NO INJURY / DRIVE AWAY,,,"OVER $1,500",09/08/2021 04:25:00 PM,IMPROPER LANE USAGE,FAILING TO YIELD RIGHT-OF-WAY,1,N,BESSIE COLEMAN DR,1654,2,NO INDICATION OF INJURY,0,0,0,0,0,3,0,16,4,9,,,
30,TRAFFIC SIGNAL,FUNCTIONING PROPERLY,CLEAR,DARKNESS,ANGLE,FOUR WAY,STRAIGHT AND LEVEL,DRY,NO DEFECTS,NOT ON SCENE (DESK REPORT),INJURY AND / OR TOW DUE TO CRASH,Y,,"OVER $1,500",06/06/2021 12:50:00 PM,UNABLE TO DETERMINE,UNABLE TO DETERMINE,8300,S,STONY ISLAND AVE,412,2,NO INDICATION OF INJURY,0,0,0,0,0,3,0,23,7,6,41.744151639,-87.585945067,POINT (-87.585945066953 41.744151639042)
35,NO CONTROLS,NO CONTROLS,RAIN,"DARKNESS, LIGHTED ROAD",PEDESTRIAN,ONE-WAY,STRAIGHT AND LEVEL,WET,UNKNOWN,ON SCENE,NO INJURY / DRIVE AWAY,,Y,$500 OR LESS,11/12/2018 07:14:00 PM,FAILING TO YIELD RIGHT-OF-WAY,NOT APPLICABLE,399,W,EVERGREEN AVE,1821,2,NO INDICATION OF INJURY,0,0,0,0,0,2,0,19,2,11,41.906525513,-87.638386531,POINT (-87.638386530982 41.906525512982)
30,NO CONTROLS,NO CONTROLS,CLEAR,"DARKNESS, LIGHTED ROAD",FIXED OBJECT,ONE-WAY,STRAIGHT AND LEVEL,DRY,NO DEFECTS,ON SCENE,INJURY AND / OR TOW DUE TO CRASH,,,"OVER $1,500",09/30/2019 09:19:00 PM,UNABLE TO DETERMINE,UNABLE TO DETERMINE,5158,W,WASHINGTON BLVD,1532,1,NO INDICATION OF INJURY,0,0,0,0,0,2,0,20,2,9,41.88246084,-87.755024227,POINT (-87.755024227025 41.882460839962)
25,NO CONTROLS,NO CONTROLS,CLEAR,DAYLIGHT,SIDESWIPE SAME DIRECTION,ONE-WAY,STRAIGHT AND LEVEL,DRY,NO DEFECTS,ON SCENE,NO INJURY / DRIVE AWAY,,,"OVER $1,500",06/18/2022 08:19:00 AM,IMPROPER LANE USAGE,DRIVING SKILLS/KNOWLEDGE/EXPERIENCE,3,W,TERMINAL ST,1653,2,NO INDICATION OF INJURY,0,0,0,0,0,2,0,8,7,6,,,
20,STOP SIGN/FLASHER,FUNCTIONING PROPERLY,CLEAR,"DARKNESS, LIGHTED ROAD",SIDESWIPE SAME DIRECTION,ONE-WAY,STRAIGHT AND LEVEL,DRY,NO DEFECTS,ON SCENE,NO INJURY / DRIVE AWAY,,,"OVER $1,500",05/04/2019 09:10:00 PM,IMPROPER OVERTAKING/PASSING,FAILING TO YIELD RIGHT-OF-WAY,13,W,I190 EXPY,1654,2,NO INDICATION OF INJURY,0,0,0,0,0,2,0,21,7,5,,,
10,NO CONTROLS,NO CONTROLS,CLEAR,DAYLIGHT,FIXED OBJECT,PARKING LOT,STRAIGHT AND LEVEL,DRY,NO DEFECTS,ON SCENE,INJURY AND / OR TOW DUE TO CRASH,,,"OVER $1,500",06/20/2020 04:25:00 PM,DRIVING SKILLS/KNOWLEDGE/EXPERIENCE,UNABLE TO DETERMINE,1,W,PARKING LOT A ST,1654,1,NO INDICATION OF INJURY,0,0,0,0,0,1,0,16,7,6,,,
30,NO CONTROLS,NO CONTROLS,CLEAR,"DARKNESS, LIGHTED ROAD",PARKED MOTOR VEHICLE,NOT DIVIDED,STRAIGHT AND LEVEL,DRY,NO DEFECTS,ON SCENE,INJURY AND / OR TOW DUE TO CRASH,,,"OVER $1,500",10/01/2017 06:30:00 AM,EXCEEDING AUTHORIZED SPEED LIMIT,NOT APPLICABLE,5629,S,CALIFORNIA AVE,824,4,NONINCAPACITATING INJURY,1,0,0,1,0,0,0,6,1,10,41.790990025,-87.693576435,POINT (-87.693576435043 41.790990024997)
30,NO CONTROLS,NO CONTROLS,CLEAR,"DARKNESS, LIGHTED ROAD",FIXED OBJECT,NOT DIVIDED,STRAIGHT AND LEVEL,DRY,NO DEFECTS,ON SCENE,INJURY AND / OR TOW DUE TO CRASH,,,"OVER $1,500",05/27/2017 04:25:00 AM,PHYSICAL CONDITION OF DRIVER,EXCEEDING SAFE SPEED FOR CONDITIONS,2607,S,CALIFORNIA AVE,1034,1,NO INDICATION OF INJURY,0,0,0,0,0,1,0,4,7,5,,,
30,NO CONTROLS,NO CONTROLS,UNKNOWN,UNKNOWN,PARKED MOTOR VEHICLE,NOT DIVIDED,STRAIGHT AND LEVEL,UNKNOWN,UNKNOWN,NOT ON SCENE (DESK REPORT),NO INJURY / DRIVE AWAY,,Y,"$501 - $1,500",10/26/2022 07:32:00 PM,UNABLE TO DETERMINE,UNABLE TO DETERMINE,3413,N,BROADWAY,1925,2,NO INDICATION OF INJURY,0,0,0,0,0,1,0,9,4,10,41.94375169,-87.644915824,POINT (-87.644915824017 41.943751690028)
20,NO CONTROLS,NO CONTROLS,CLEAR,DAYLIGHT,SIDESWIPE SAME DIRECTION,OTHER,CURVE ON GRADE,UNKNOWN,NO DEFECTS,ON SCENE,NO INJURY / DRIVE AWAY,,Y,"$501 - $1,500",04/21/2022 11:00:00 AM,IMPROPER LANE USAGE,NOT APPLICABLE,3,W,TERMINAL ST,1653,2,NO INDICATION OF INJURY,0,0,0,0,0,2,0,7,5,4,,,
30,STOP SIGN/FLASHER,FUNCTIONING PROPERLY,CLEAR,DAYLIGHT,PEDESTRIAN,NOT DIVIDED,STRAIGHT AND LEVEL,DRY,NO DEFECTS,ON SCENE,INJURY AND / OR TOW DUE TO CRASH,,,$500 OR LESS,10/03/2017 04:59:00 PM,UNABLE TO DETERMINE,DISTRACTION - FROM OUTSIDE VEHICLE,1232,W,GUNNISON ST,2033,2,NONINCAPACITATING INJURY,1,0,0,1,0,1,0,16,3,10,,,
30,NO CONTROLS,NO CONTROLS,CLEAR,DAYLIGHT,PARKED MOTOR VEHICLE,NOT DIVIDED,STRAIGHT AND LEVEL,DRY,NO DEFECTS,ON SCENE,NO INJURY / DRIVE AWAY,,Y,"OVER $1,500",05/12/2022 03:00:00 PM,UNABLE TO DETERMINE,NOT APPLICABLE,5634,W,53RD ST,811,2,NO INDICATION OF INJURY,0,0,0,0,0,1,0,14,5,5,41.796514387,-87.763786776,POINT (-87.763786775965 41.796514387047)
35,TRAFFIC SIGNAL,UNKNOWN,CLEAR,DAYLIGHT,ANGLE,NOT DIVIDED,STRAIGHT AND LEVEL,UNKNOWN,UNKNOWN,NOT ON SCENE (DESK REPORT),NO INJURY / DRIVE AWAY,,Y,"OVER $1,500",09/16/2022 09:30:00 PM,UNABLE TO DETERMINE,UNABLE TO DETERMINE,2800,N,KIMBALL AVE,1412,2,NO INDICATION OF INJURY,0,0,0,0,0,2,0,18,6,9,,,
20,NO CONTROLS,NO CONTROLS,CLEAR,DAYLIGHT,SIDESWIPE SAME DIRECTION,ONE-WAY,STRAIGHT AND LEVEL,DRY,NO DEFECTS,ON SCENE,NO INJURY / DRIVE AWAY,,,"$501 - $1,500",09/03/2022 05:30:00 PM,IMPROPER LANE USAGE,IMPROPER LANE USAGE,1,W,TERMINAL ST,1651,2,NO INDICATION OF INJURY,0,0,0,0,0,2,0,17,7,9,,,
30,NO CONTROLS,NO CONTROLS,CLEAR,DARKNESS,FIXED OBJECT,DIVIDED - W/MEDIAN BARRIER,STRAIGHT AND LEVEL,DRY,NO DEFECTS,ON SCENE,INJURY AND / OR TOW DUE TO CRASH,,Y,"OVER $1,500",08/22/2020 07:30:00 PM,UNABLE TO DETERMINE,NOT APPLICABLE,3990,N,ASHLAND AVE,1922,1,NO INDICATION OF INJURY,0,0,0,0,0,5,0,19,7,8,41.954196229,-87.66919262,POINT (-87.669192620028 41.954196228965)
30,TRAFFIC SIGNAL,FUNCTIONING PROPERLY,RAIN,"DARKNESS, LIGHTED ROAD",TURNING,DIVIDED - W/MEDIAN (NOT RAISED),STRAIGHT AND LEVEL,WET,NO DEFECTS,NOT ON SCENE (DESK REPORT),NO INJURY / DRIVE AWAY,Y,,"OVER $1,500",10/05/2020 04:20:00 PM,UNABLE TO DETERMINE,NOT APPLICABLE,801,S,AUSTIN BLVD,1513,2,NO INDICATION OF INJURY,0,0,0,0,0,2,0,23,7,10,,,
30,NO CONTROLS,NO CONTROLS,CLEAR,"DARKNESS, LIGHTED ROAD",PARKED MOTOR VEHICLE,NOT DIVIDED,STRAIGHT AND LEVEL,DRY,NO DEFECTS,NOT ON SCENE (DESK REPORT),NO INJURY / DRIVE AWAY,,Y,"$501 - $1,500",12/22/2016 08:30:00 AM,UNABLE TO DETERMINE,NOT APPLICABLE,2646,W,MONROE ST,1125,2,NO INDICATION OF INJURY,0,0,0,0,0,1,0,3,3,12,41.880305218,-87.693247428,POINT (-87.69324742795 41.880305217959)
35,TRAFFIC SIGNAL,FUNCTIONING PROPERLY,CLEAR,DAYLIGHT,OVERTURNED,ONE-WAY,STRAIGHT AND LEVEL,DRY,NO DEFECTS,ON SCENE,INJURY AND / OR TOW DUE TO CRASH,,Y,"OVER $1,500",05/23/2017 06:18:00 AM,EXCEEDING AUTHORIZED SPEED LIMIT,FOLLOWING TOO CLOSELY,5904,S,WENTWORTH AVE,232,3,NONINCAPACITATING INJURY,1,0,0,1,0,2,0,6,3,5,,,
10,NO CONTROLS,NO CONTROLS,CLEAR,DAYLIGHT,REAR END,PARKING LOT,STRAIGHT AND LEVEL,DRY,NO DEFECTS,NOT ON SCENE (DESK REPORT),NO INJURY / DRIVE AWAY,,,"OVER $1,500",06/30/2019 11:31:00 AM,IMPROPER BACKING,UNABLE TO DETERMINE,11601,S,WESTERN AVE,2212,2,NO INDICATION OF INJURY,0,0,0,0,0,4,0,11,1,6,41.682671696,-87.680726085,POINT (-87.680726085045 41.682671696043)
30,TRAFFIC SIGNAL,FUNCTIONING PROPERLY,CLEAR,"DARKNESS, LIGHTED ROAD",TURNING,TRAFFIC ROUTE,STRAIGHT AND LEVEL,DRY,NO DEFECTS,NOT ON SCENE (DESK REPORT),NO INJURY / DRIVE AWAY,,,"OVER $1,500",12/08/2019 11:00:00 PM,IMPROPER TURNING/NO SIGNAL,NOT APPLICABLE,5500,N,HARLEM AVE,1613,2,NO INDICATION OF INJURY,0,0,0,0,0,2,0,21,1,12,,,
30,NO CONTROLS,NO CONTROLS,CLEAR,"DARKNESS, LIGHTED ROAD",REAR END,NOT DIVIDED,STRAIGHT AND LEVEL,DRY,NO DEFECTS,ON SCENE,INJURY AND / OR TOW DUE TO CRASH,,Y,"OVER $1,500",03/07/2021 01:43:00 AM,UNABLE TO DETERMINE,NOT APPLICABLE,4126,W,JACKSON BLVD,1115,4,NO INDICATION OF INJURY,0,0,0,0,0,2,0,1,1,3,41.877152911,-87.729111894,POINT (-87.729111893958 41.877152910988)
30,NO CONTROLS,NO CONTROLS,CLOUDY/OVERCAST,DAYLIGHT,FIXED OBJECT,DIVIDED - W/MEDIAN (NOT RAISED),STRAIGHT AND LEVEL,DRY,NO DEFECTS,NOT ON SCENE (DESK REPORT),NO INJURY / DRIVE AWAY,,,$500 OR LESS,03/24/2022 02:30:00 PM,UNABLE TO DETERMINE,NOT APPLICABLE,851,S,AUSTIN BLVD,1513,1,NO INDICATION OF INJURY,0,0,0,0,0,1,0,14,5,3,,,
30,OTHER,FUNCTIONING PROPERLY,SNOW,"DARKNESS, LIGHTED ROAD",SIDESWIPE SAME DIRECTION,NOT DIVIDED,STRAIGHT AND LEVEL,WET,NO DEFECTS,ON SCENE,NO INJURY / DRIVE AWAY,,,"OVER $1,500",01/25/2019 09:16:00 PM,IMPROPER OVERTAKING/PASSING,NOT APPLICABLE,1629,E,67TH ST,332,2,NO INDICATION OF INJURY,0,0,0,0,0,2,0,21,6,1,41.77323448,-87.585162528,POINT (-87.585162527989 41.773234480031)
15,NO CONTROLS,NO CONTROLS,CLEAR,DAYLIGHT,FIXED OBJECT,ONE-WAY,STRAIGHT AND LEVEL,DRY,NO DEFECTS,,INJURY AND / OR TOW DUE TO CRASH,,,"OVER $1,500",10/04/2020 08:50:00 AM,UNABLE TO DETERMINE,UNABLE TO DETERMINE,3,W,TERMINAL ST,1653,2,NONINCAPACITATING INJURY,1,0,0,1,0,1,0,8,1,10,,,
30,TRAFFIC SIGNAL,FUNCTIONING PROPERLY,CLEAR,DAYLIGHT,TURNING,DIVIDED - W/MEDIAN BARRIER,STRAIGHT AND LEVEL,DRY,NO DEFECTS,NOT ON SCENE (DESK REPORT),INJURY AND / OR TOW DUE TO CRASH,Y,,"OVER $1,500",05/31/2023 12:25:00 PM,FAILING TO YIELD RIGHT-OF-WAY,NOT APPLICABLE,1206,W,GARFIELD BLVD,934,2,NONINCAPACITATING INJURY,1,0,0,1,0,1,0,12,4,5,41.794281165,-87.655224849,POINT (-87.655224848986 41.794281164986)
30,TRAFFIC SIGNAL,FUNCTIONING PROPERLY,CLEAR,DAYLIGHT,TURNING,DIVIDED - W/MEDIAN BARRIER,STRAIGHT AND LEVEL,DRY,NO DEFECTS,ON SCENE,NO INJURY / DRIVE AWAY,,,"OVER $1,500",03/20/2018 07:50:00 AM,IMPROPER LANE USAGE,IMPROPER TURNING/NO SIGNAL,115,W,CERMAK RD,131,2,NO INDICATION OF INJURY,0,0,0,0,0,3,0,7,3,3,41.85276755,-87.630024824,POINT (-87.630024824031 41.852767550035)
45,NO CONTROLS,NO CONTROLS,CLEAR,"DARKNESS, LIGHTED ROAD",SIDESWIPE SAME DIRECTION,DIVIDED - W/MEDIAN (NOT RAISED),STRAIGHT ON HILLCREST,DRY,NO DEFECTS,NOT ON SCENE (DESK REPORT),INJURY AND / OR TOW DUE TO CRASH,,,"OVER $1,500",01/09/2021 06:53:00 PM,IMPROPER LANE USAGE,FAILING TO YIELD RIGHT-OF-WAY,6600,S,CHICAGO SKYWAY OB,312,2,NONINCAPACITATING INJURY,3,0,0,2,1,0,0,18,7,1,,,
15,NO CONTROLS,NO CONTROLS,CLEAR,"DARKNESS, LIGHTED ROAD",OTHER OBJECT,PARKING LOT,STRAIGHT AND LEVEL,DRY,NO DEFECTS,NOT ON SCENE (DESK REPORT),NO INJURY / DRIVE AWAY,,,"OVER $1,500",12/12/2022 02:00:00 PM,UNABLE TO DETERMINE,NOT APPLICABLE,1,W,PARKING LOT A ST,1654,1,NO INDICATION OF INJURY,0,0,0,0,0,1,0,17,6,12,,,
30,TRAFFIC SIGNAL,FUNCTIONING PROPERLY,UNKNOWN,DARKNESS,REAR END,DIVIDED - W/MEDIAN (NOT RAISED),STRAIGHT AND LEVEL,SNOW OR SLUSH,UNKNOWN,NOT ON SCENE (DESK REPORT),NO INJURY / DRIVE AWAY,,,"OVER $1,500",12/31/2015 08:00:00 PM,FOLLOWING TOO CLOSELY,NOT APPLICABLE,5,W,ROOSEVELT RD,131,3,NO INDICATION OF INJURY,0,0,0,0,0,6,0,19,5,12,41.867300171,-87.627683894,POINT (-87.62768389401 41.867300170955)
30,UNKNOWN,UNKNOWN,CLOUDY/OVERCAST,DAYLIGHT,REAR END,NOT DIVIDED,STRAIGHT AND LEVEL,UNKNOWN,UNKNOWN,NOT ON SCENE (DESK REPORT),NO INJURY / DRIVE AWAY,,,"OVER $1,500",05/19/2023 04:20:00 PM,NOT APPLICABLE,NOT APPLICABLE,2511,W,DIVERSEY AVE,1411,2,NO INDICATION OF INJURY,0,0,0,0,0,2,0,15,6,5,41.93203524,-87.690864011,POINT (-87.69086401095 41.932035239995)
15,NO CONTROLS,NO CONTROLS,CLEAR,DAYLIGHT,SIDESWIPE SAME DIRECTION,OTHER,STRAIGHT AND LEVEL,DRY,NO DEFECTS,ON SCENE,NO INJURY / DRIVE AWAY,,,"OVER $1,500",06/20/2022 06:25:00 AM,UNABLE TO DETERMINE,NOT APPLICABLE,3,W,TERMINAL ST,1653,2,NO INDICATION OF INJURY,0,0,0,0,0,2,0,6,2,6,,,
30,UNKNOWN,UNKNOWN,UNKNOWN,DAWN,TURNING,DIVIDED - W/MEDIAN (NOT RAISED),STRAIGHT AND LEVEL,WET,UNKNOWN,NOT ON SCENE (DESK REPORT),NO INJURY / DRIVE AWAY,N,,"OVER $1,500",09/23/2019 12:45:00 AM,IMPROPER TURNING/NO SIGNAL,IMPROPER TURNING/NO SIGNAL,8000,S,COTTAGE GROVE AVE,631,2,NO INDICATION OF INJURY,0,0,0,0,0,2,0,23,1,9,41.749362768,-87.605332981,POINT (-87.605332981011 41.749362768013)
30,STOP SIGN/FLASHER,FUNCTIONING PROPERLY,CLEAR,DAYLIGHT,REAR END,DIVIDED - W/MEDIAN (NOT RAISED),STRAIGHT AND LEVEL,DRY,NO DEFECTS,NOT ON SCENE (DESK REPORT),INJURY AND / OR TOW DUE TO CRASH,,,"OVER $1,500",12/10/2017 09:29:00 AM,FOLLOWING TOO CLOSELY,UNABLE TO DETERMINE,2659,N,AUSTIN AVE,2514,2,"REPORTED, NOT EVIDENT",1,0,0,0,1,1,0,8,1,12,41.929244351,-87.775753482,POINT (-87.775753481997 41.929244350993)
30,NO CONTROLS,NO CONTROLS,CLEAR,DAYLIGHT,SIDESWIPE SAME DIRECTION,NOT DIVIDED,STRAIGHT AND LEVEL,DRY,NO DEFECTS,NOT ON SCENE (DESK REPORT),NO INJURY / DRIVE AWAY,,,"OVER $1,500",02/24/2018 02:40:00 PM,UNABLE TO DETERMINE,NOT APPLICABLE,99,E,BANKS ST,1824,2,NO INDICATION OF INJURY,0,0,0,0,0,2,0,16,6,2,,,
30,NO CONTROLS,NO CONTROLS,CLEAR,DAYLIGHT,REAR END,RAMP,STRAIGHT AND LEVEL,DRY,NO DEFECTS,ON SCENE,INJURY AND / OR TOW DUE TO CRASH,,,$500 OR LESS,07/28/2023 04:15:00 PM,FOLLOWING TOO CLOSELY,NOT APPLICABLE,5,W,TERMINAL ST,1655,2,"REPORTED, NOT EVIDENT",1,0,0,0,1,2,0,16,6,7,,,
30,NO CONTROLS,NO CONTROLS,CLEAR,"DARKNESS, LIGHTED ROAD",PARKED MOTOR VEHICLE,DIVIDED - W/MEDIAN (NOT RAISED),STRAIGHT AND LEVEL,DRY,NO DEFECTS,NOT ON SCENE (DESK REPORT),NO INJURY / DRIVE AWAY,,Y,"OVER $1,500",07/17/2022 10:15:00 PM,UNABLE TO DETERMINE,UNABLE TO DETERMINE,10909,S,AVENUE O,432,2,NO INDICATION OF INJURY,0,0,0,0,0,1,0,22,1,7,41.696996939,-87.539934341,POINT (-87.539934340969 41.696996938998)
30,TRAFFIC SIGNAL,FUNCTIONING PROPERLY,CLEAR,DAYLIGHT,REAR END,DIVIDED - W/MEDIAN BARRIER,STRAIGHT AND LEVEL,DRY,NO DEFECTS,ON SCENE,INJURY AND / OR TOW DUE TO CRASH,,,"OVER $1,500",08/26/2020 01:29:00 PM,FOLLOWING TOO CLOSELY,FAILING TO REDUCE SPEED TO AVOID CRASH,9505,S,HALSTED ST,2223,2,"REPORTED, NOT EVIDENT",1,0,0,0,1,1,0,13,4,8,41.721256457,-87.643062482,POINT (-87.643062482016 41.72125645696)
30,NO CONTROLS,FUNCTIONING PROPERLY,CLEAR,DARKNESS,REAR END,NOT DIVIDED,STRAIGHT AND LEVEL,DRY,NO DEFECTS,NOT ON SCENE (DESK REPORT),NO INJURY / DRIVE AWAY,,Y,"OVER $1,500",04/18/2020 02:00:00 PM,FOLLOWING TOO CLOSELY,FOLLOWING TOO CLOSELY,13000,S,STONY ISLAND AVE,434,2,NO INDICATION OF INJURY,0,0,0,0,0,2,0,2,7,4,,,
30,UNKNOWN,UNKNOWN,CLEAR,DAYLIGHT,PEDESTRIAN,NOT DIVIDED,STRAIGHT AND LEVEL,DRY,UNKNOWN,ON SCENE,INJURY AND / OR TOW DUE TO CRASH,Y,,"OVER $1,500",06/30/2016 10:39:00 AM,FAILING TO REDUCE SPEED TO AVOID CRASH,NOT APPLICABLE,71,S,JEFFERY BLVD,333,2,NONINCAPACITATING INJURY,1,0,0,1,0,1,0,10,5,6,,,
35,OTHER,NO CONTROLS,CLEAR,DAYLIGHT,SIDESWIPE SAME DIRECTION,OTHER,"CURVE, LEVEL",DRY,NO DEFECTS,ON SCENE,NO INJURY / DRIVE AWAY,,,"OVER $1,500",07/14/2022 08:26:00 AM,IMPROPER OVERTAKING/PASSING,NOT APPLICABLE,9744,W,KENNEDY EXPY OB,1654,2,NO INDICATION OF INJURY,0,0,0,0,0,3,0,8,5,7,,,
30,NO CONTROLS,NO CONTROLS,CLEAR,UNKNOWN,PARKED MOTOR VEHICLE,NOT DIVIDED,STRAIGHT AND LEVEL,DRY,UNKNOWN,NOT ON SCENE (DESK REPORT),NO INJURY / DRIVE AWAY,,Y,"$501 - $1,500",05/07/2022 10:45:00 AM,UNABLE TO DETERMINE,UNABLE TO DETERMINE,12059,S,MICHIGAN AVE,532,2,NO INDICATION OF INJURY,0,0,0,0,0,1,0,21,6,5,41.674426946,-87.620256535,POINT (-87.62025653503 41.674426946014)
30,TRAFFIC SIGNAL,FUNCTIONING PROPERLY,CLEAR,DAYLIGHT,TURNING,DIVIDED - W/MEDIAN (NOT RAISED),STRAIGHT AND LEVEL,DRY,NO DEFECTS,NOT ON SCENE (DESK REPORT),NO INJURY / DRIVE AWAY,Y,,"OVER $1,500",08/09/2019 10:30:00 AM,UNABLE TO DETERMINE,NOT APPLICABLE,2501,S,DR MARTIN LUTHER KING JR DR,133,2,NO INDICATION OF INJURY,0,0,0,0,0,3,0,9,6,8,41.847477765,-87.617218167,POINT (-87.617218166986 41.847477764972)