POSTED_SPEED_LIMIT,TRAFFIC_CONTROL_DEVICE,DEVICE_CONDITION,WEATHER_CONDITION,LIGHTING_CONDITION,FIRST_CRASH_TYPE,TRAFFICWAY_TYPE,ALIGNMENT,ROADWAY_SURFACE_COND,ROAD_DEFECT,REPORT_TYPE,CRASH_TYPE,INTERSECTION_RELATED_I,HIT_AND_RUN_I,DAMAGE,DATE_POLICE_NOTIFIED,PRIM_CONTRIBUTORY_CAUSE,SEC_CONTRIBUTORY_CAUSE,STREET_NO,STREET_DIRECTION,STREET_NAME,BEAT_OF_OCCURRENCE,NUM_UNITS,MOST_SEVERE_INJURY,INJURIES_TOTAL,INJURIES_FATAL,INJURIES_INCAPACITATING,INJURIES_NON_INCAPACITATING,INJURIES_REPORTED_NOT_EVIDENT,INJURIES_NO_INDICATION,INJURIES_UNKNOWN,CRASH_HOUR,CRASH_DAY_OF_WEEK,CRASH_MONTH,LATITUDE,LONGITUDE,LOCATION
10,NO CONTROLS,NO CONTROLS,CLEAR,DAYLIGHT,PARKED MOTOR VEHICLE,PARKING LOT,STRAIGHT AND LEVEL,DRY,NO DEFECTS,ON SCENE,NO INJURY / DRIVE AWAY,,,"OVER $1,500",08/10/2022 10:21:00 AM,UNABLE TO DETERMINE,UNABLE TO DETERMINE,895,W,OHARE ST,1654,2,NO INDICATION OF INJURY,0,0,0,0,0,1,0,10,4,8,,,
20,NO CONTROLS,NO CONTROLS,CLEAR,DAYLIGHT,SIDESWIPE SAME DIRECTION,OTHER,STRAIGHT AND LEVEL,DRY,NO DEFECTS,ON SCENE,NO INJURY / DRIVE AWAY,,,"$501 - $1,500",11/23/2019 02:11:00 PM,NOT APPLICABLE,NOT APPLICABLE,5,W,TERMINAL ST,1655,2,NO INDICATION OF INJURY,0,0,0,0,0,2,0,14,7,11,,,
35,NO CONTROLS,NO CONTROLS,CLEAR,DAYLIGHT,TURNING,NOT DIVIDED,STRAIGHT AND LEVEL,DRY,NO DEFECTS,ON SCENE,INJURY AND / OR TOW DUE TO CRASH,Y,,"OVER $1,500",11/24/2019 08:42:00 AM,FAILING TO YIELD RIGHT-OF-WAY,NOT APPLICABLE,5400,S,COTTAGE GROVE AVE,233,2,NO INDICATION OF INJURY,0,0,0,0,0,2,0,8,1,11,41.796705111,-87.606421756,POINT (-87.606421756047 41.796705111008)
30,TRAFFIC SIGNAL,UNKNOWN,CLEAR,"DARKNESS, LIGHTED ROAD",REAR END,T-INTERSECTION,STRAIGHT AND LEVEL,UNKNOWN,UNKNOWN,NOT ON SCENE (DESK REPORT),NO INJURY / DRIVE AWAY,Y,,"OVER $1,500",01/03/2022 05:45:00 PM,UNABLE TO DETERMINE,NOT APPLICABLE,4729,W,59TH ST,813,2,NO INDICATION OF INJURY,0,0,0,0,0,3,0,17,7,1,41.78419815,-87.741365268,POINT (-87.741365267996 41.784198149971)
30,NO CONTROLS,NO CONTROLS,CLEAR,DAYLIGHT,PARKED MOTOR VEHICLE,NOT DIVIDED,STRAIGHT AND LEVEL,DRY,NO DEFECTS,NOT ON SCENE (DESK REPORT),NO INJURY / DRIVE AWAY,,,"OVER $1,500",11/07/2021 01:25:00 PM,UNABLE TO DETERMINE,UNABLE TO DETERMINE,941,W,BELMONT AVE,1933,2,NO INDICATION OF INJURY,0,0,0,0,0,2,0,12,1,11,41.939811592,-87.653163914,POINT (-87.653163914043 41.939811592022)
40,NO CONTROLS,NO CONTROLS,CLEAR,DAYLIGHT,OTHER OBJECT,DIVIDED - W/MEDIAN BARRIER,STRAIGHT ON GRADE,DRY,OTHER,ON SCENE,NO INJURY / DRIVE AWAY,,,"OVER $1,500",09/21/2022 08:58:00 AM,ROAD CONSTRUCTION/MAINTENANCE,NOT APPLICABLE,475,N,LOWER LAKE SHORE DR,1834,1,NO INDICATION OF INJURY,0,0,0,0,0,1,0,8,4,9,,,
20,NO CONTROLS,NO CONTROLS,CLEAR,"DARKNESS, LIGHTED ROAD",ANGLE,PARKING LOT,STRAIGHT AND LEVEL,DRY,NO DEFECTS,ON SCENE,NO INJURY / DRIVE AWAY,,,"$501 - $1,500",06/22/2022 10:20:00 PM,FAILING TO YIELD RIGHT-OF-WAY,NOT APPLICABLE,1,W,PARKING LOT D ST,1654,2,NO INDICATION OF INJURY,0,0,0,0,0,2,0,22,4,6,,,
0,NO CONTROLS,NO CONTROLS,CLEAR,DAYLIGHT,PARKED MOTOR VEHICLE,PARKING LOT,STRAIGHT AND LEVEL,DRY,NO DEFECTS,NOT ON SCENE (DESK REPORT),NO INJURY / DRIVE AWAY,,,$500 OR LESS,08/01/2020 01:55:00 PM,UNABLE TO DETERMINE,NOT APPLICABLE,6540,S,PULASKI RD,833,2,NO INDICATION OF INJURY,0,0,0,0,0,1,0,12,7,8,41.773765662,-87.722781154,POINT (-87.72278115402 41.773765661984)
30,STOP SIGN/FLASHER,NO CONTROLS,CLEAR,DAYLIGHT,OTHER NONCOLLISION,DIVIDED - W/MEDIAN (NOT RAISED),STRAIGHT AND LEVEL,DRY,NO DEFECTS,NOT ON SCENE (DESK REPORT),INJURY AND / OR TOW DUE TO CRASH,,,$500 OR LESS,02/25/2019 03:56:00 PM,UNABLE TO DETERMINE,UNABLE TO DETERMINE,1756,E,67TH ST,331,1,"REPORTED, NOT EVIDENT",1,0,0,0,1,1,0,15,2,2,41.773498605,-87.581563889,POINT (-87.581563889019 41.773498604953)
30,NO CONTROLS,NO CONTROLS,CLEAR,DAYLIGHT,SIDESWIPE SAME DIRECTION,NOT DIVIDED,STRAIGHT AND LEVEL,DRY,NO DEFECTS,NOT ON SCENE (DESK REPORT),NO INJURY / DRIVE AWAY,,,"$501 - $1,500",03/19/2018 06:29:00 PM,UNABLE TO DETERMINE,UNABLE TO DETERMINE,645,N,MICHIGAN AVE,1834,2,NO INDICATION OF INJURY,0,0,0,0,0,2,0,18,2,3,41.893918609,-87.624085833,POINT (-87.624085832985 41.893918609004)
25,TRAFFIC SIGNAL,FUNCTIONING PROPERLY,CLEAR,DAYLIGHT,REAR END,FOUR WAY,STRAIGHT AND LEVEL,DRY,NO DEFECTS,ON SCENE,NO INJURY / DRIVE AWAY,Y,,"$501 - $1,500",07/31/2021 04:50:00 PM,FOLLOWING TOO CLOSELY,NOT APPLICABLE,5,W,TERMINAL ST,1655,2,NO INDICATION OF INJURY,0,0,0,0,0,5,0,16,7,7,,,
30,NO CONTROLS,NO CONTROLS,CLEAR,"DARKNESS, LIGHTED ROAD",REAR END,NOT DIVIDED,STRAIGHT AND LEVEL,DRY,UNKNOWN,ON SCENE,NO INJURY / DRIVE AWAY,,Y,"OVER $1,500",04/12/2022 12:12:00 AM,IMPROPER BACKING,IMPROPER BACKING,1629,E,67TH ST,332,2,NO INDICATION OF INJURY,0,0,0,0,0,2,0,22,2,4,41.77323448,-87.585162528,POINT (-87.585162527989 41.773234480031)
30,TRAFFIC SIGNAL,FUNCTIONING PROPERLY,CLEAR,DAYLIGHT,ANGLE,NOT DIVIDED,STRAIGHT AND LEVEL,WET,NO DEFECTS,ON SCENE,INJURY AND / OR TOW DUE TO CRASH,Y,Y,"OVER $1,500",12/24/2022 11:20:00 AM,UNABLE TO DETERMINE,NOT APPLICABLE,5901,S,YALE AVE,711,2,NONINCAPACITATING INJURY,1,0,0,1,0,1,0,11,7,12,,,
30,TRAFFIC SIGNAL,FUNCTIONING PROPERLY,CLEAR,DAYLIGHT,SIDESWIPE SAME DIRECTION,NOT DIVIDED,STRAIGHT AND LEVEL,WET,NO DEFECTS,,NO INJURY / DRIVE AWAY,Y,Y,"$501 - $1,500",02/11/2022 07:15:00 AM,IMPROPER OVERTAKING/PASSING,NOT APPLICABLE,6401,W,ADDISON ST,1632,2,NO INDICATION OF INJURY,0,0,0,0,0,3,0,6,6,2,41.945552923,-87.786368212,POINT (-87.786368212009 41.945552922959)
10,NO CONTROLS,NO CONTROLS,CLEAR,DAYLIGHT,PARKED MOTOR VEHICLE,ONE-WAY,STRAIGHT AND LEVEL,DRY,NO DEFECTS,ON SCENE,NO INJURY / DRIVE AWAY,,Y,"$501 - $1,500",05/27/2023 05:52:00 PM,IMPROPER OVERTAKING/PASSING,NOT APPLICABLE,5,W,TERMINAL ST,1655,2,NO INDICATION OF INJURY,0,0,0,0,0,1,0,16,7,5,,,
30,STOP SIGN/FLASHER,FUNCTIONING PROPERLY,CLEAR,DAYLIGHT,PARKED MOTOR VEHICLE,NOT DIVIDED,STRAIGHT AND LEVEL,DRY,NO DEFECTS,NOT ON SCENE (DESK REPORT),NO INJURY / DRIVE AWAY,,,$500 OR LESS,09/11/2018 04:40:00 PM,UNABLE TO DETERMINE,UNABLE TO DETERMINE,2924,N,SHEFFIELD AVE,1933,2,NO INDICATION OF INJURY,0,0,0,0,0,2,0,15,3,9,41.935247564,-87.654094757,POINT (-87.654094757043 41.935247564016)
35,STOP SIGN/FLASHER,FUNCTIONING PROPERLY,RAIN,DAYLIGHT,REAR END,NOT DIVIDED,STRAIGHT AND LEVEL,WET,NO DEFECTS,NOT ON SCENE (DESK REPORT),INJURY AND / OR TOW DUE TO CRASH,,Y,"OVER $1,500",09/08/2020 11:45:00 AM,NOT APPLICABLE,NOT APPLICABLE,3716,W,CERMAK RD,1014,2,NONINCAPACITATING INJURY,3,0,0,3,0,1,0,11,3,9,41.8517369,-87.718227916,POINT (-87.718227916 41.851736900017)
20,NO CONTROLS,NO CONTROLS,CLEAR,DAYLIGHT,PARKED MOTOR VEHICLE,PARKING LOT,STRAIGHT AND LEVEL,DRY,NO DEFECTS,ON SCENE,NO INJURY / DRIVE AWAY,,Y,"OVER $1,500",04/11/2022 12:03:00 PM,IMPROPER TURNING/NO SIGNAL,DRIVING SKILLS/KNOWLEDGE/EXPERIENCE,741,W,OHARE ST,1654,2,NO INDICATION OF INJURY,0,0,0,0,0,1,0,12,2,4,,,
20,NO CONTROLS,NO CONTROLS,CLEAR,DAYLIGHT,ANGLE,ONE-WAY,STRAIGHT AND LEVEL,DRY,NO DEFECTS,ON SCENE,INJURY AND / OR TOW DUE TO CRASH,,,"OVER $1,500",04/28/2023 10:40:00 AM,UNABLE TO DETERMINE,UNABLE TO DETERMINE,5,W,TERMINAL ST,1655,2,NO INDICATION OF INJURY,0,0,0,0,0,2,0,10,6,4,,,
30,TRAFFIC SIGNAL,FUNCTIONING PROPERLY,SNOW,DAYLIGHT,REAR END,DIVIDED - W/MEDIAN (NOT RAISED),STRAIGHT AND LEVEL,SNOW OR SLUSH,NO DEFECTS,NOT ON SCENE (DESK REPORT),NO INJURY / DRIVE AWAY,,,"OVER $1,500",02/01/2021 01:30:00 PM,FOLLOWING TOO CLOSELY,UNABLE TO DETERMINE,300,W,75TH ST,731,2,NO INDICATION OF INJURY,0,0,0,0,0,2,0,16,1,1,41.758225854,-87.632096455,POINT (-87.632096454977 41.758225854005)
30,TRAFFIC SIGNAL,FUNCTIONING PROPERLY,CLEAR,DAYLIGHT,REAR END,NOT DIVIDED,STRAIGHT AND LEVEL,DRY,NO DEFECTS,NOT ON SCENE (DESK REPORT),INJURY AND / OR TOW DUE TO CRASH,,,"$501 - $1,500",09/02/2022 09:02:00 AM,UNABLE TO DETERMINE,UNABLE TO DETERMINE,6558,S,COTTAGE GROVE AVE,321,2,"REPORTED, NOT EVIDENT",1,0,0,0,1,1,0,20,5,9,41.775048833,-87.60595789,POINT (-87.605957890049 41.775048833022)
30,UNKNOWN,UNKNOWN,UNKNOWN,UNKNOWN,REAR END,NOT DIVIDED,STRAIGHT AND LEVEL,UNKNOWN,UNKNOWN,NOT ON SCENE (DESK REPORT),NO INJURY / DRIVE AWAY,,,"$501 - $1,500",09/19/2021 06:30:00 PM,UNABLE TO DETERMINE,UNABLE TO DETERMINE,6257,S,LAKE SHORE DR,331,2,NO INDICATION OF INJURY,0,0,0,0,0,2,0,16,1,9,,,
30,NO CONTROLS,NO CONTROLS,CLEAR,DAYLIGHT,REAR END,ONE-WAY,STRAIGHT AND LEVEL,DRY,NO DEFECTS,,NO INJURY / DRIVE AWAY,,,"$501 - $1,500",06/04/2023 07:58:00 PM,FOLLOWING TOO CLOSELY,UNABLE TO DETERMINE,3,W,TERMINAL ST,1653,2,NO INDICATION OF INJURY,0,0,0,0,0,2,0,19,1,6,,,
30,TRAFFIC SIGNAL,FUNCTIONING PROPERLY,CLEAR,"DARKNESS, LIGHTED ROAD",TURNING,ONE-WAY,STRAIGHT ON GRADE,DRY,NO DEFECTS,ON SCENE,INJURY AND / OR TOW DUE TO CRASH,,,"OVER $1,500",03/04/2018 12:30:00 AM,DRIVING SKILLS/KNOWLEDGE/EXPERIENCE,IMPROPER LANE USAGE,127,E,GRAND AVE,1834,2,NO INDICATION OF INJURY,0,0,0,0,0,3,0,0,1,3,41.891621161,-87.624253929,POINT (-87.624253929022 41.891621161011)
20,NO CONTROLS,NO CONTROLS,RAIN,DAYLIGHT,TURNING,NOT DIVIDED,STRAIGHT AND LEVEL,WET,UNKNOWN,NOT ON SCENE (DESK REPORT),NO INJURY / DRIVE AWAY,,,"$501 - $1,500",04/15/2022 11:00:00 AM,UNABLE TO DETERMINE,UNABLE TO DETERMINE,8598,S,BALTIMORE AVE,424,2,NO INDICATION OF INJURY,0,0,0,0,0,2,0,11,5,4,41.73927603,-87.549486967,POINT (-87.549486966963 41.73927603)
30,TRAFFIC SIGNAL,FUNCTIONING PROPERLY,CLEAR,DARKNESS,TURNING,NOT DIVIDED,STRAIGHT AND LEVEL,WET,UNKNOWN,ON SCENE,INJURY AND / OR TOW DUE TO CRASH,,,"OVER $1,500",01/31/2023 09:43:00 PM,EQUIPMENT - VEHICLE CONDITION,NOT APPLICABLE,8300,S,STONY ISLAND AVE,412,2,NONINCAPACITATING INJURY,1,0,0,1,0,1,0,21,3,1,41.744151639,-87.585945067,POINT (-87.585945066953 41.744151639042)
30,UNKNOWN,UNKNOWN,UNKNOWN,UNKNOWN,REAR END,DIVIDED - W/MEDIAN (NOT RAISED),STRAIGHT AND LEVEL,UNKNOWN,UNKNOWN,NOT ON SCENE (DESK REPORT),NO INJURY / DRIVE AWAY,Y,Y,"OVER $1,500",03/01/2019 10:45:00 PM,UNABLE TO DETERMINE,NOT APPLICABLE,2600,S,TRUMBULL AVE,1032,2,NO INDICATION OF INJURY,0,0,0,0,0,2,0,22,6,3,41.84434083,-87.711276265,POINT (-87.711276264979 41.84434082995)
30,NO CONTROLS,NO CONTROLS,CLEAR,"DARKNESS, LIGHTED ROAD",REAR END,DIVIDED - W/MEDIAN (NOT RAISED),STRAIGHT AND LEVEL,DRY,NO DEFECTS,ON SCENE,NO INJURY / DRIVE AWAY,,,"$501 - $1,500",02/19/2023 05:42:00 PM,FOLLOWING TOO CLOSELY,NOT APPLICABLE,3228,N,PULASKI RD,1731,2,NO INDICATION OF INJURY,0,0,0,0,0,2,0,17,1,2,41.939957876,-87.727354741,POINT (-87.727354740978 41.939957876044)
30,UNKNOWN,UNKNOWN,CLEAR,DAYLIGHT,TURNING,NOT DIVIDED,STRAIGHT AND LEVEL,DRY,UNKNOWN,ON SCENE,NO INJURY / DRIVE AWAY,,,"OVER $1,500",09/11/2019 03:51:00 PM,IMPROPER OVERTAKING/PASSING,NOT APPLICABLE,800,W,74TH ST,733,2,NO INDICATION OF INJURY,0,0,0,0,0,4,0,15,4,9,41.759853407,-87.644338447,POINT (-87.644338447024 41.759853407033)
30,NO CONTROLS,NO CONTROLS,CLEAR,DAYLIGHT,SIDESWIPE OPPOSITE DIRECTION,DIVIDED - W/MEDIAN (NOT RAISED),STRAIGHT AND LEVEL,DRY,NO DEFECTS,NOT ON SCENE (DESK REPORT),NO INJURY / DRIVE AWAY,,,"$501 - $1,500",07/25/2019 03:50:00 PM,UNABLE TO DETERMINE,NOT APPLICABLE,2700,W,WABANSIA AVE,1421,2,NO INDICATION OF INJURY,0,0,0,0,0,4,0,13,7,7,41.912181159,-87.694657267,POINT (-87.69465726698 41.912181158989)
30,TRAFFIC SIGNAL,FUNCTIONING PROPERLY,CLEAR,DAYLIGHT,REAR END,NOT DIVIDED,STRAIGHT AND LEVEL,UNKNOWN,UNKNOWN,NOT ON SCENE (DESK REPORT),INJURY AND / OR TOW DUE TO CRASH,Y,,"OVER $1,500",06/20/2023 05:45:00 PM,UNABLE TO DETERMINE,UNABLE TO DETERMINE,515,S,SACRAMENTO BLVD,1135,2,"REPORTED, NOT EVIDENT",2,0,0,0,2,1,0,15,1,6,,,
15,UNKNOWN,UNKNOWN,CLEAR,UNKNOWN,FIXED OBJECT,PARKING LOT,STRAIGHT AND LEVEL,DRY,NO DEFECTS,NOT ON SCENE (DESK REPORT),NO INJURY / DRIVE AWAY,,,"$501 - $1,500",08/03/2018 08:50:00 PM,NOT APPLICABLE,NOT APPLICABLE,4546,S,ARCHER AVE,821,2,NO INDICATION OF INJURY,0,0,0,0,0,1,0,20,6,8,41.810440446,-87.710418852,POINT (-87.710418851956 41.810440445956)
20,NO CONTROLS,NO CONTROLS,UNKNOWN,UNKNOWN,PARKED MOTOR VEHICLE,PARKING LOT,STRAIGHT AND LEVEL,UNKNOWN,UNKNOWN,ON SCENE,NO INJURY / DRIVE AWAY,,Y,"$501 - $1,500",07/15/2019 06:45:00 PM,UNABLE TO DETERMINE,NOT APPLICABLE,450,W,OHARE ST,1654,2,NO INDICATION OF INJURY,0,0,0,0,0,1,0,13,1,7,,,
30,UNKNOWN,UNKNOWN,UNKNOWN,UNKNOWN,PARKED MOTOR VEHICLE,ONE-WAY,STRAIGHT AND LEVEL,UNKNOWN,UNKNOWN,NOT ON SCENE (DESK REPORT),NO INJURY / DRIVE AWAY,,Y,"OVER $1,500",01/31/2020 04:50:00 PM,UNABLE TO DETERMINE,UNABLE TO DETERMINE,11036,S,TROY ST,2211,2,NO INDICATION OF INJURY,0,0,0,0,0,1,0,17,5,1,41.692257224,-87.699781039,POINT (-87.699781038957 41.692257224032)
25,NO CONTROLS,NO CONTROLS,CLEAR,DAYLIGHT,ANGLE,OTHER,CURVE ON GRADE,DRY,NO DEFECTS,ON SCENE,NO INJURY / DRIVE AWAY,,,$500 OR LESS,09/27/2021 12:35:00 PM,UNABLE TO DETERMINE,UNABLE TO DETERMINE,5,W,TERMINAL ST,1655,2,NO INDICATION OF INJURY,0,0,0,0,0,2,0,12,2,9,,,
30,NO CONTROLS,NO CONTROLS,CLEAR,DAYLIGHT,FIXED OBJECT,NOT DIVIDED,STRAIGHT AND LEVEL,DRY,NO DEFECTS,NOT ON SCENE (DESK REPORT),NO INJURY / DRIVE AWAY,,,$500 OR LESS,10/09/2018 01:15:00 PM,UNABLE TO DETERMINE,UNABLE TO DETERMINE,2123,S,KEDZIE AVE,1022,1,NO INDICATION OF INJURY,0,0,0,0,0,1,0,12,3,10,41.852970437,-87.705143484,POINT (-87.705143483993 41.852970437023)
30,TRAFFIC SIGNAL,FUNCTIONING PROPERLY,CLEAR,DAYLIGHT,PEDALCYCLIST,NOT DIVIDED,STRAIGHT AND LEVEL,DRY,NO DEFECTS,,INJURY AND / OR TOW DUE TO CRASH,,,"$501 - $1,500",07/06/2021 03:40:00 PM,UNABLE TO DETERMINE,UNABLE TO DETERMINE,8900,S,COLFAX AVE,423,2,"REPORTED, NOT EVIDENT",1,0,0,0,1,1,0,15,3,7,,,
30,STOP SIGN/FLASHER,FUNCTIONING PROPERLY,CLEAR,DAYLIGHT,REAR END,NOT DIVIDED,STRAIGHT AND LEVEL,DRY,UNKNOWN,NOT ON SCENE (DESK REPORT),INJURY AND / OR TOW DUE TO CRASH,,,"OVER $1,500",03/12/2019 04:16:00 PM,FOLLOWING TOO CLOSELY,FAILING TO REDUCE SPEED TO AVOID CRASH,4452,W,JACKSON BLVD,1113,2,NO INDICATION OF INJURY,0,0,0,0,0,2,0,16,3,3,41.877050528,-87.737449964,POINT (-87.73744996399 41.877050528031)
30,UNKNOWN,UNKNOWN,CLEAR,DAYLIGHT,SIDESWIPE SAME DIRECTION,NOT DIVIDED,STRAIGHT AND LEVEL,DRY,NO DEFECTS,NOT ON SCENE (DESK REPORT),NO INJURY / DRIVE AWAY,,,$500 OR LESS,02/08/2023 01:06:00 PM,NOT APPLICABLE,NOT APPLICABLE,4220,S,KARLOV AVE,815,2,NO INDICATION OF INJURY,0,0,0,0,0,2,0,10,4,2,,,
30,NO CONTROLS,NO CONTROLS,CLEAR,DAYLIGHT,SIDESWIPE SAME DIRECTION,ONE-WAY,STRAIGHT AND LEVEL,DRY,NO DEFECTS,NOT ON SCENE (DESK REPORT),NO INJURY / DRIVE AWAY,,Y,"OVER $1,500",02/03/2018 03:00:00 PM,FAILING TO YIELD RIGHT-OF-WAY,UNABLE TO DETERMINE,310,W,BRIAR PL,1934,2,NO INDICATION OF INJURY,0,0,0,0,0,5,0,14,7,2,,,
45,NO CONTROLS,NO CONTROLS,CLEAR,"DARKNESS, LIGHTED ROAD",SIDESWIPE SAME DIRECTION,ONE-WAY,STRAIGHT AND LEVEL,DRY,NO DEFECTS,ON SCENE,NO INJURY / DRIVE AWAY,,,"OVER $1,500",08/22/2021 08:55:00 PM,DRIVING SKILLS/KNOWLEDGE/EXPERIENCE,NOT APPLICABLE,70,W,I190 EXPY,1654,2,NO INDICATION OF INJURY,0,0,0,0,0,2,0,20,1,8,,,
30,STOP SIGN/FLASHER,FUNCTIONING PROPERLY,CLEAR,DAYLIGHT,ANGLE,NOT DIVIDED,STRAIGHT AND LEVEL,DRY,NO DEFECTS,NOT ON SCENE (DESK REPORT),NO INJURY / DRIVE AWAY,,,"OVER $1,500",09/07/2017 05:30:00 PM,DISREGARDING STOP SIGN,DISREGARDING STOP SIGN,4600,S,DR MARTIN LUTHER KING JR SD,215,2,NO INDICATION OF INJURY,0,0,0,0,0,2,0,15,5,9,,,
25,TRAFFIC SIGNAL,FUNCTIONING PROPERLY,CLEAR,DAYLIGHT,TURNING,NOT DIVIDED,STRAIGHT ON HILLCREST,DRY,NO DEFECTS,NOT ON SCENE (DESK REPORT),NO INJURY / DRIVE AWAY,,,"OVER $1,500",07/24/2016 09:40:00 AM,IMPROPER LANE USAGE,NOT APPLICABLE,500,S,SACRAMENTO BLVD,1134,2,NO INDICATION OF INJURY,0,0,0,0,0,3,0,9,1,7,,,
25,NO CONTROLS,NO CONTROLS,RAIN,DAYLIGHT,REAR END,DIVIDED - W/MEDIAN BARRIER,STRAIGHT AND LEVEL,WET,NO DEFECTS,NOT ON SCENE (DESK REPORT),NO INJURY / DRIVE AWAY,,,"$501 - $1,500",11/25/2018 01:14:00 PM,FOLLOWING TOO CLOSELY,UNABLE TO DETERMINE,172,N,BESSIE COLEMAN DR,1654,2,NO INDICATION OF INJURY,0,0,0,0,0,2,0,12,1,11,,,
20,NO CONTROLS,NO CONTROLS,CLEAR,DAYLIGHT,PARKED MOTOR VEHICLE,ONE-WAY,STRAIGHT AND LEVEL,DRY,NO DEFECTS,ON SCENE,NO INJURY / DRIVE AWAY,,,"OVER $1,500",06/17/2021 07:49:00 AM,FAILING TO YIELD RIGHT-OF-WAY,DRIVING SKILLS/KNOWLEDGE/EXPERIENCE,1,W,TERMINAL ST,1651,2,NO INDICATION OF INJURY,0,0,0,0,0,1,0,7,5,6,,,
30,TRAFFIC SIGNAL,FUNCTIONING PROPERLY,CLEAR,DAYLIGHT,PEDESTRIAN,FOUR WAY,STRAIGHT AND LEVEL,DRY,NO DEFECTS,NOT ON SCENE (DESK REPORT),INJURY AND / OR TOW DUE TO CRASH,Y,,$500 OR LESS,05/12/2022 03:36:00 PM,UNABLE TO DETERMINE,NOT APPLICABLE,801,W,JACKSON BLVD,1232,2,NONINCAPACITATING INJURY,1,0,0,1,0,1,0,11,5,5,41.877836738,-87.64729714,POINT (-87.647297139953 41.87783673803)
30,NO CONTROLS,FUNCTIONING PROPERLY,RAIN,DARKNESS,PARKED MOTOR VEHICLE,DIVIDED - W/MEDIAN (NOT RAISED),STRAIGHT AND LEVEL,WET,NO DEFECTS,,INJURY AND / OR TOW DUE TO CRASH,,,"$501 - $1,500",04/03/2018 11:30:00 PM,UNABLE TO DETERMINE,UNABLE TO DETERMINE,5618,W,BELMONT AVE,1633,2,NO INDICATION OF INJURY,0,0,0,0,0,1,0,23,3,4,41.938675754,-87.767264242,POINT (-87.767264242029 41.938675753962)
30,TRAFFIC SIGNAL,NO CONTROLS,CLEAR,DAYLIGHT,REAR END,ONE-WAY,STRAIGHT AND LEVEL,DRY,NO DEFECTS,NOT ON SCENE (DESK REPORT),NO INJURY / DRIVE AWAY,Y,Y,"OVER $1,500",05/26/2022 02:00:00 PM,FOLLOWING TOO CLOSELY,FOLLOWING TOO CLOSELY,5500,S,WENTWORTH AVE,225,2,NO INDICATION OF INJURY,0,0,0,0,0,2,0,11,5,5,,,
35,TRAFFIC SIGNAL,FUNCTIONING PROPERLY,CLEAR,DAYLIGHT,REAR END,NOT DIVIDED,STRAIGHT AND LEVEL,SNOW OR SLUSH,NO DEFECTS,ON SCENE,INJURY AND / OR TOW DUE TO CRASH,,,"OVER $1,500",03/18/2023 02:31:00 PM,FOLLOWING TOO CLOSELY,UNABLE TO DETERMINE,11299,S,HAMLET AVE,2234,2,NO INDICATION OF INJURY,0,0,0,0,0,4,0,14,7,3,,,
30,NO CONTROLS,NO CONTROLS,CLEAR,"DARKNESS, LIGHTED ROAD",PEDALCYCLIST,NOT DIVIDED,STRAIGHT AND LEVEL,DRY,NO DEFECTS,ON SCENE,NO INJURY / DRIVE AWAY,,,$500 OR LESS,09/06/2019 11:04:00 PM,DRIVING SKILLS/KNOWLEDGE/EXPERIENCE,NOT APPLICABLE,1125,W,THORNDALE AVE,2022,2,NO INDICATION OF INJURY,0,0,0,0,0,2,0,23,6,9,41.989927122,-87.659278936,POINT (-87.659278935965 41.989927122034)
30,NO CONTROLS,NO CONTROLS,CLEAR,"DARKNESS, LIGHTED ROAD",PEDALCYCLIST,ONE-WAY,STRAIGHT AND LEVEL,DRY,NO DEFECTS,ON SCENE,INJURY AND / OR TOW DUE TO CRASH,,,"OVER $1,500",07/13/2021 10:30:00 PM,NOT APPLICABLE,NOT APPLICABLE,217,E,GRAND AVE,1834,2,NONINCAPACITATING INJURY,1,0,0,1,0,3,0,22,3,7,41.891663091,-87.621964903,POINT (-87.621964902962 41.891663091017)
30,TRAFFIC SIGNAL,FUNCTIONING PROPERLY,CLEAR,DAYLIGHT,TURNING,NOT DIVIDED,STRAIGHT AND LEVEL,DRY,NO DEFECTS,ON SCENE,NO INJURY / DRIVE AWAY,,,$500 OR LESS,01/07/2023 09:06:00 AM,TURNING RIGHT ON RED,UNABLE TO DETERMINE,3957,W,CHICAGO AVE,1112,2,NO INDICATION OF INJURY,0,0,0,0,0,3,0,9,7,1,41.895259507,-87.72592622,POINT (-87.725926219958 41.895259506969)
30,TRAFFIC SIGNAL,UNKNOWN,CLEAR,DUSK,TURNING,NOT DIVIDED,STRAIGHT AND LEVEL,UNKNOWN,UNKNOWN,NOT ON SCENE (DESK REPORT),NO INJURY / DRIVE AWAY,Y,,"$501 - $1,500",10/11/2019 10:00:00 AM,IMPROPER TURNING/NO SIGNAL,NOT APPLICABLE,10700,W,HIGGINS RD,1654,2,NO INDICATION OF INJURY,0,0,0,0,0,2,0,18,5,10,,,
35,OTHER,FUNCTIONING PROPERLY,CLEAR,DAYLIGHT,REAR TO FRONT,DIVIDED - W/MEDIAN BARRIER,STRAIGHT AND LEVEL,DRY,NO DEFECTS,ON SCENE,NO INJURY / DRIVE AWAY,,,"OVER $1,500",10/10/2019 11:53:00 AM,IMPROPER BACKING,UNABLE TO DETERMINE,9900,S,CHICAGO SKYWAY OB,432,2,NO INDICATION OF INJURY,0,0,0,0,0,2,0,11,5,10,,,