POSTED_SPEED_LIMIT,TRAFFIC_CONTROL_DEVICE,DEVICE_CONDITION,WEATHER_CONDITION,LIGHTING_CONDITION,FIRST_CRASH_TYPE,TRAFFICWAY_TYPE,ALIGNMENT,ROADWAY_SURFACE_COND,ROAD_DEFECT,REPORT_TYPE,CRASH_TYPE,INTERSECTION_RELATED_I,HIT_AND_RUN_I,DAMAGE,DATE_POLICE_NOTIFIED,PRIM_CONTRIBUTORY_CAUSE,SEC_CONTRIBUTORY_CAUSE,STREET_NO,STREET_DIRECTION,STREET_NAME,BEAT_OF_OCCURRENCE,NUM_UNITS,MOST_SEVERE_INJURY,INJURIES_TOTAL,INJURIES_FATAL,INJURIES_INCAPACITATING,INJURIES_NON_INCAPACITATING,INJURIES_REPORTED_NOT_EVIDENT,INJURIES_NO_INDICATION,INJURIES_UNKNOWN,CRASH_HOUR,CRASH_DAY_OF_WEEK,CRASH_MONTH,LATITUDE,LONGITUDE,LOCATION
35,TRAFFIC SIGNAL,FUNCTIONING PROPERLY,CLEAR,DAYLIGHT,TURNING,DIVIDED - W/MEDIAN BARRIER,STRAIGHT AND LEVEL,DRY,NO DEFECTS,ON SCENE,INJURY AND / OR TOW DUE TO CRASH,Y,,"OVER $1,500",07/19/2018 08:55:00 AM,FAILING TO REDUCE SPEED TO AVOID CRASH,UNABLE TO DETERMINE,8300,S,STONY ISLAND AVE,412,2,NO INDICATION OF INJURY,0,0,0,0,0,2,0,8,5,7,41.744151639,-87.585945067,POINT (-87.585945066953 41.744151639042)
35,YIELD,FUNCTIONING IMPROPERLY,CLEAR,"DARKNESS, LIGHTED ROAD",ANGLE,ONE-WAY,STRAIGHT AND LEVEL,DRY,NO DEFECTS,ON SCENE,INJURY AND / OR TOW DUE TO CRASH,Y,,"OVER $1,500",06/13/2018 12:30:00 AM,DISREGARDING TRAFFIC SIGNALS,NOT APPLICABLE,5500,S,WENTWORTH AVE,225,2,NO INDICATION OF INJURY,0,0,0,0,0,8,0,0,4,6,,,
30,UNKNOWN,UNKNOWN,UNKNOWN,UNKNOWN,REAR END,UNKNOWN,STRAIGHT AND LEVEL,UNKNOWN,UNKNOWN,NOT ON SCENE (DESK REPORT),NO INJURY / DRIVE AWAY,,,"OVER $1,500",03/18/2022 06:15:00 PM,UNABLE TO DETERMINE,UNABLE TO DETERMINE,6299,S,LAKE SHORE DR,331,2,NO INDICATION OF INJURY,0,0,0,0,0,2,0,14,6,3,,,
35,NO CONTROLS,OTHER,CLEAR,"DARKNESS, LIGHTED ROAD",REAR END,DIVIDED - W/MEDIAN BARRIER,STRAIGHT AND LEVEL,DRY,NO DEFECTS,ON SCENE,NO INJURY / DRIVE AWAY,,Y,"OVER $1,500",09/12/2019 09:02:00 PM,UNABLE TO DETERMINE,NOT APPLICABLE,13,W,I190 EXPY,1654,2,NO INDICATION OF INJURY,0,0,0,0,0,4,0,21,5,9,,,
30,NO CONTROLS,NO CONTROLS,CLEAR,DAYLIGHT,PARKED MOTOR VEHICLE,ONE-WAY,STRAIGHT AND LEVEL,DRY,NO DEFECTS,NOT ON SCENE (DESK REPORT),NO INJURY / DRIVE AWAY,,Y,$500 OR LESS,11/16/2020 10:00:00 AM,UNABLE TO DETERMINE,UNABLE TO DETERMINE,1507,E,86TH ST,412,2,NO INDICATION OF INJURY,0,0,0,0,0,1,0,9,2,11,41.738597825,-87.587556916,POINT (-87.587556916012 41.738597824985)
10,NO CONTROLS,NO CONTROLS,SNOW,DAYLIGHT,REAR END,OTHER,STRAIGHT AND LEVEL,WET,NO DEFECTS,ON SCENE,NO INJURY / DRIVE AWAY,,,"OVER $1,500",03/10/2023 11:05:00 AM,UNABLE TO DETERMINE,NOT APPLICABLE,1,W,TERMINAL ST,1651,2,NO INDICATION OF INJURY,0,0,0,0,0,2,0,11,6,3,,,
15,NO CONTROLS,NO CONTROLS,CLEAR,DAYLIGHT,SIDESWIPE SAME DIRECTION,OTHER,STRAIGHT AND LEVEL,DRY,NO DEFECTS,ON SCENE,NO INJURY / DRIVE AWAY,,,"$501 - $1,500",05/22/2023 07:12:00 PM,FAILING TO YIELD RIGHT-OF-WAY,NOT APPLICABLE,1,W,TERMINAL ST,1651,2,NO INDICATION OF INJURY,0,0,0,0,0,2,0,19,2,5,,,
30,STOP SIGN/FLASHER,FUNCTIONING PROPERLY,CLEAR,DAYLIGHT,REAR END,NOT DIVIDED,STRAIGHT AND LEVEL,DRY,NO DEFECTS,NOT ON SCENE (DESK REPORT),NO INJURY / DRIVE AWAY,,,"OVER $1,500",12/01/2022 06:15:00 PM,DRIVING SKILLS/KNOWLEDGE/EXPERIENCE,NOT APPLICABLE,4015,W,MARQUETTE RD,833,3,NO INDICATION OF INJURY,0,0,0,0,0,3,0,16,5,12,41.77125351,-87.723272314,POINT (-87.723272313996 41.771253509998)
30,STOP SIGN/FLASHER,FUNCTIONING PROPERLY,CLEAR,DAYLIGHT,ANGLE,DIVIDED - W/MEDIAN BARRIER,STRAIGHT AND LEVEL,DRY,NO DEFECTS,ON SCENE,INJURY AND / OR TOW DUE TO CRASH,Y,,"OVER $1,500",08/23/2018 01:32:00 PM,FAILING TO YIELD RIGHT-OF-WAY,UNABLE TO DETERMINE,3400,W,79TH ST,835,2,NONINCAPACITATING INJURY,2,0,0,2,0,1,0,13,5,8,41.749903242,-87.707348392,POINT (-87.707348392008 41.749903241984)
30,TRAFFIC SIGNAL,UNKNOWN,RAIN,UNKNOWN,PEDALCYCLIST,UNKNOWN INTERSECTION TYPE,STRAIGHT AND LEVEL,UNKNOWN,UNKNOWN,NOT ON SCENE (DESK REPORT),INJURY AND / OR TOW DUE TO CRASH,Y,,"OVER $1,500",06/13/2023 08:05:00 PM,UNABLE TO DETERMINE,UNABLE TO DETERMINE,3100,N,CLARK ST,1934,2,NONINCAPACITATING INJURY,1,0,0,1,0,1,0,14,3,6,,,
30,OTHER,OTHER,CLEAR,DAYLIGHT,SIDESWIPE SAME DIRECTION,ONE-WAY,STRAIGHT AND LEVEL,DRY,NO DEFECTS,ON SCENE,NO INJURY / DRIVE AWAY,,,"$501 - $1,500",07/08/2018 06:25:00 PM,NOT APPLICABLE,DISTRACTION - FROM INSIDE VEHICLE,788,W,RANDOLPH ST,1224,2,NO INDICATION OF INJURY,0,0,0,0,0,4,0,18,1,7,41.884516857,-87.647390682,POINT (-87.647390681951 41.884516857046)
10,NO CONTROLS,NO CONTROLS,CLEAR,"DARKNESS, LIGHTED ROAD",PARKED MOTOR VEHICLE,PARKING LOT,STRAIGHT AND LEVEL,DRY,NO DEFECTS,ON SCENE,NO INJURY / DRIVE AWAY,,,"OVER $1,500",02/20/2020 11:00:00 PM,NOT APPLICABLE,NOT APPLICABLE,895,W,OHARE ST,1654,2,NO INDICATION OF INJURY,0,0,0,0,0,1,0,23,5,2,,,
35,NO CONTROLS,NO CONTROLS,CLEAR,DAYLIGHT,SIDESWIPE SAME DIRECTION,NOT DIVIDED,STRAIGHT AND LEVEL,DRY,NO DEFECTS,ON SCENE,NO INJURY / DRIVE AWAY,,,"OVER $1,500",04/24/2019 07:50:00 AM,UNABLE TO DETERMINE,NOT APPLICABLE,1901,S,CANAL ST,1235,2,NO INDICATION OF INJURY,0,0,0,0,0,4,0,7,4,4,,,
25,NO CONTROLS,NO CONTROLS,CLEAR,DAYLIGHT,PEDESTRIAN,OTHER,STRAIGHT AND LEVEL,DRY,NO DEFECTS,ON SCENE,INJURY AND / OR TOW DUE TO CRASH,,Y,$500 OR LESS,06/04/2023 02:00:00 PM,FAILING TO YIELD RIGHT-OF-WAY,UNABLE TO DETERMINE,3,W,TERMINAL ST,1653,2,"REPORTED, NOT EVIDENT",1,0,0,0,1,1,0,13,1,6,,,
20,NO CONTROLS,NO CONTROLS,RAIN,DAYLIGHT,SIDESWIPE SAME DIRECTION,ONE-WAY,STRAIGHT AND LEVEL,WET,NO DEFECTS,ON SCENE,NO INJURY / DRIVE AWAY,,,"$501 - $1,500",03/09/2020 07:30:00 AM,FAILING TO YIELD RIGHT-OF-WAY,NOT APPLICABLE,3,W,TERMINAL ST,1653,2,NO INDICATION OF INJURY,0,0,0,0,0,2,0,7,2,3,,,
30,NO CONTROLS,NO CONTROLS,CLEAR,DAYLIGHT,SIDESWIPE SAME DIRECTION,DIVIDED - W/MEDIAN (NOT RAISED),STRAIGHT AND LEVEL,DRY,NO DEFECTS,NOT ON SCENE (DESK REPORT),NO INJURY / DRIVE AWAY,,,"OVER $1,500",06/18/2023 09:37:00 AM,IMPROPER LANE USAGE,NOT APPLICABLE,205,N,COLUMBUS DR,114,2,NO INDICATION OF INJURY,0,0,0,0,0,3,0,18,6,6,41.886070174,-87.620536589,POINT (-87.620536589034 41.88607017398)
3,TRAFFIC SIGNAL,NOT FUNCTIONING,CLEAR,DAYLIGHT,TURNING,TRAFFIC ROUTE,STRAIGHT AND LEVEL,DRY,NO DEFECTS,NOT ON SCENE (DESK REPORT),NO INJURY / DRIVE AWAY,Y,,"OVER $1,500",04/02/2021 02:50:00 PM,UNABLE TO DETERMINE,UNABLE TO DETERMINE,5900,S,WENTWORTH AVE,232,2,NO INDICATION OF INJURY,0,0,0,0,0,5,0,12,6,4,,,
5,NO CONTROLS,NO CONTROLS,CLEAR,DAYLIGHT,ANGLE,PARKING LOT,STRAIGHT AND LEVEL,DRY,NO DEFECTS,NOT ON SCENE (DESK REPORT),NO INJURY / DRIVE AWAY,,,"$501 - $1,500",06/17/2016 01:20:00 PM,DRIVING SKILLS/KNOWLEDGE/EXPERIENCE,FAILING TO YIELD RIGHT-OF-WAY,3225,W,ADAMS ST,1124,2,NO INDICATION OF INJURY,0,0,0,0,0,2,0,13,6,6,41.878271982,-87.706482964,POINT (-87.706482964011 41.878271982039)
45,TRAFFIC SIGNAL,FUNCTIONING PROPERLY,CLEAR,"DARKNESS, LIGHTED ROAD",OTHER NONCOLLISION,DIVIDED - W/MEDIAN BARRIER,"CURVE, LEVEL",DRY,NO DEFECTS,ON SCENE,INJURY AND / OR TOW DUE TO CRASH,,,"OVER $1,500",11/11/2020 07:35:00 PM,NOT APPLICABLE,NOT APPLICABLE,6299,S,LAKE SHORE DR,331,1,"REPORTED, NOT EVIDENT",1,0,0,0,1,0,0,19,4,11,,,
15,NO CONTROLS,NO CONTROLS,CLEAR,DAYLIGHT,REAR END,ALLEY,STRAIGHT AND LEVEL,DRY,NO DEFECTS,ON SCENE,NO INJURY / DRIVE AWAY,,Y,$500 OR LESS,10/11/2020 01:55:00 PM,FOLLOWING TOO CLOSELY,NOT APPLICABLE,7210,W,BELMONT AVE,1631,2,NO INDICATION OF INJURY,0,0,0,0,0,2,0,13,1,10,41.938102576,-87.80722885,POINT (-87.807228850045 41.938102575978)
20,NO CONTROLS,NO CONTROLS,CLEAR,DAYLIGHT,SIDESWIPE SAME DIRECTION,PARKING LOT,STRAIGHT AND LEVEL,DRY,NO DEFECTS,NOT ON SCENE (DESK REPORT),NO INJURY / DRIVE AWAY,,,"OVER $1,500",02/22/2019 05:25:00 PM,FAILING TO YIELD RIGHT-OF-WAY,NOT APPLICABLE,5456,W,BELMONT AVE,1633,2,NO INDICATION OF INJURY,0,0,0,0,0,2,0,17,6,2,41.938718652,-87.763911545,POINT (-87.76391154503 41.938718651976)
35,NO CONTROLS,NO CONTROLS,CLEAR,DAYLIGHT,REAR END,NOT DIVIDED,STRAIGHT AND LEVEL,DRY,NO DEFECTS,ON SCENE,NO INJURY / DRIVE AWAY,,Y,"OVER $1,500",06/18/2018 06:09:00 PM,UNABLE TO DETERMINE,UNABLE TO DETERMINE,1629,E,67TH ST,332,2,NO INDICATION OF INJURY,0,0,0,0,0,2,0,18,2,6,41.77323448,-87.585162528,POINT (-87.585162527989 41.773234480031)
30,NO CONTROLS,NO CONTROLS,CLEAR,DARKNESS,ANGLE,NOT DIVIDED,STRAIGHT AND LEVEL,DRY,NO DEFECTS,NOT ON SCENE (DESK REPORT),NO INJURY / DRIVE AWAY,Y,,"$501 - $1,500",07/08/2021 01:46:00 PM,UNABLE TO DETERMINE,UNABLE TO DETERMINE,6299,S,LAKE SHORE DR,331,2,NO INDICATION OF INJURY,0,0,0,0,0,2,0,22,3,7,,,
30,STOP SIGN/FLASHER,FUNCTIONING PROPERLY,CLEAR,"DARKNESS, LIGHTED ROAD",ANGLE,DIVIDED - W/MEDIAN (NOT RAISED),STRAIGHT AND LEVEL,DRY,NO DEFECTS,NOT ON SCENE (DESK REPORT),NO INJURY / DRIVE AWAY,,,"OVER $1,500",02/19/2017 07:40:00 PM,IMPROPER TURNING/NO SIGNAL,IMPROPER TURNING/NO SIGNAL,7061,N,KEDZIE AVE,2411,2,NO INDICATION OF INJURY,0,0,0,0,0,2,0,19,1,2,42.010018661,-87.709056552,POINT (-87.709056551967 42.010018660983)
30,TRAFFIC SIGNAL,FUNCTIONING PROPERLY,CLEAR,DAYLIGHT,TURNING,DIVIDED - W/MEDIAN (NOT RAISED),STRAIGHT AND LEVEL,DRY,UNKNOWN,NOT ON SCENE (DESK REPORT),NO INJURY / DRIVE AWAY,,,"$501 - $1,500",04/28/2017 12:24:00 PM,UNABLE TO DETERMINE,NOT APPLICABLE,3200,W,OGDEN SD,1022,2,NO INDICATION OF INJURY,0,0,0,0,0,2,0,12,6,4,,,
25,NO CONTROLS,NO CONTROLS,CLEAR,DARKNESS,PARKED MOTOR VEHICLE,NOT DIVIDED,STRAIGHT AND LEVEL,DRY,NO DEFECTS,NOT ON SCENE (DESK REPORT),NO INJURY / DRIVE AWAY,,Y,"$501 - $1,500",12/15/2019 11:35:00 AM,UNABLE TO DETERMINE,UNABLE TO DETERMINE,3565,W,26TH ST,1032,2,NO INDICATION OF INJURY,0,0,0,0,0,1,0,20,7,12,41.844276406,-87.7147225,POINT (-87.714722500033 41.844276406013)
30,NO CONTROLS,NO CONTROLS,CLEAR,DAYLIGHT,PARKED MOTOR VEHICLE,NOT DIVIDED,STRAIGHT AND LEVEL,DRY,NO DEFECTS,NOT ON SCENE (DESK REPORT),NO INJURY / DRIVE AWAY,,Y,"OVER $1,500",04/10/2017 03:00:00 PM,UNABLE TO DETERMINE,UNABLE TO DETERMINE,6236,S,HONORE ST,714,2,NO INDICATION OF INJURY,0,0,0,0,0,1,0,14,2,4,41.780085494,-87.670433661,POINT (-87.670433660973 41.780085494017)
10,NO CONTROLS,NO CONTROLS,CLEAR,DARKNESS,FIXED OBJECT,PARKING LOT,STRAIGHT AND LEVEL,DRY,NO DEFECTS,,INJURY AND / OR TOW DUE TO CRASH,,,"$501 - $1,500",12/24/2021 02:18:00 PM,"VISION OBSCURED (SIGNS, TREE LIMBS, BUILDINGS, ETC.)",UNABLE TO DETERMINE,5430,W,CHICAGO AVE,1524,1,NO INDICATION OF INJURY,0,0,0,0,0,1,0,17,5,12,41.894989505,-87.761902885,POINT (-87.761902884992 41.894989504972)
30,NO CONTROLS,NO CONTROLS,CLEAR,DAYLIGHT,SIDESWIPE SAME DIRECTION,NOT DIVIDED,STRAIGHT AND LEVEL,WET,NO DEFECTS,NOT ON SCENE (DESK REPORT),NO INJURY / DRIVE AWAY,,,"$501 - $1,500",03/14/2019 03:47:00 PM,IMPROPER OVERTAKING/PASSING,FAILING TO REDUCE SPEED TO AVOID CRASH,5056,W,GRAND AVE,2533,2,NO INDICATION OF INJURY,0,0,0,0,0,2,0,14,5,3,41.916714588,-87.752753452,POINT (-87.752753452033 41.916714588024)
30,NO CONTROLS,NO CONTROLS,CLEAR,DAWN,REAR END,OTHER,STRAIGHT AND LEVEL,DRY,WORN SURFACE,ON SCENE,INJURY AND / OR TOW DUE TO CRASH,,,"OVER $1,500",08/28/2022 06:04:00 AM,FAILING TO REDUCE SPEED TO AVOID CRASH,FOLLOWING TOO CLOSELY,6231,S,YALE AVE,711,2,NO INDICATION OF INJURY,0,0,0,0,0,2,0,5,1,8,,,
30,NO CONTROLS,NO CONTROLS,CLEAR,DAYLIGHT,PARKED MOTOR VEHICLE,NOT DIVIDED,STRAIGHT AND LEVEL,DRY,NO DEFECTS,ON SCENE,NO INJURY / DRIVE AWAY,,Y,"OVER $1,500",08/24/2017 02:39:00 PM,IMPROPER BACKING,UNABLE TO DETERMINE,515,W,125TH ST,523,2,NO INDICATION OF INJURY,0,0,0,0,0,4,0,13,5,8,41.666869567,-87.634921919,POINT (-87.634921919012 41.666869566973)
30,TRAFFIC SIGNAL,FUNCTIONING PROPERLY,CLEAR,DAYLIGHT,REAR END,NOT DIVIDED,STRAIGHT AND LEVEL,DRY,NO DEFECTS,NOT ON SCENE (DESK REPORT),NO INJURY / DRIVE AWAY,Y,,"OVER $1,500",06/01/2017 09:59:00 AM,FOLLOWING TOO CLOSELY,FOLLOWING TOO CLOSELY,2323,N,SHEFFIELD AVE,1812,2,NO INDICATION OF INJURY,0,0,0,0,0,4,0,16,3,5,41.924270719,-87.653422522,POINT (-87.653422522035 41.924270719011)
30,NO CONTROLS,NO CONTROLS,CLEAR,DAYLIGHT,ANGLE,FOUR WAY,STRAIGHT AND LEVEL,DRY,NO DEFECTS,ON SCENE,INJURY AND / OR TOW DUE TO CRASH,Y,Y,"OVER $1,500",06/26/2023 03:20:00 PM,"OPERATING VEHICLE IN ERRATIC, RECKLESS, CARELESS, NEGLIGENT OR AGGRESSIVE MANNER",PHYSICAL CONDITION OF DRIVER,7200,S,MICHIGAN AVE,323,2,NONINCAPACITATING INJURY,1,0,0,1,0,1,0,15,2,6,41.763665021,-87.621796302,POINT (-87.621796301972 41.763665021044)
20,STOP SIGN/FLASHER,FUNCTIONING PROPERLY,CLEAR,DAYLIGHT,TURNING,PARKING LOT,STRAIGHT AND LEVEL,DRY,NO DEFECTS,ON SCENE,NO INJURY / DRIVE AWAY,,,"OVER $1,500",06/24/2023 10:35:00 AM,FAILING TO YIELD RIGHT-OF-WAY,NOT APPLICABLE,727,W,OHARE ST,1654,2,NO INDICATION OF INJURY,0,0,0,0,0,2,0,10,7,6,,,
20,NO CONTROLS,NO CONTROLS,CLEAR,DAYLIGHT,SIDESWIPE SAME DIRECTION,OTHER,STRAIGHT AND LEVEL,DRY,NO DEFECTS,ON SCENE,NO INJURY / DRIVE AWAY,,,"$501 - $1,500",06/20/2022 05:07:00 PM,FAILING TO YIELD RIGHT-OF-WAY,NOT APPLICABLE,2,W,TERMINAL ST,1652,2,NO INDICATION OF INJURY,0,0,0,0,0,4,0,17,2,6,,,
30,TRAFFIC SIGNAL,FUNCTIONING PROPERLY,CLEAR,DAYLIGHT,TURNING,DIVIDED - W/MEDIAN BARRIER,STRAIGHT AND LEVEL,DRY,NO DEFECTS,ON SCENE,NO INJURY / DRIVE AWAY,,,"OVER $1,500",10/20/2021 11:50:00 AM,IMPROPER TURNING/NO SIGNAL,NOT APPLICABLE,162,N,BESSIE COLEMAN DR,1654,2,NO INDICATION OF INJURY,0,0,0,0,0,2,0,11,4,10,,,
30,TRAFFIC SIGNAL,FUNCTIONING PROPERLY,CLEAR,DAYLIGHT,TURNING,DIVIDED - W/MEDIAN (NOT RAISED),STRAIGHT AND LEVEL,DRY,NO DEFECTS,ON SCENE,NO INJURY / DRIVE AWAY,Y,,"OVER $1,500",04/12/2019 10:06:00 AM,UNABLE TO DETERMINE,UNABLE TO DETERMINE,4700,W,59TH ST,813,2,NO INDICATION OF INJURY,0,0,0,0,0,3,0,10,6,4,41.784385694,-87.740065946,POINT (-87.740065945952 41.784385693962)
30,NO CONTROLS,NO CONTROLS,RAIN,"DARKNESS, LIGHTED ROAD",PARKED MOTOR VEHICLE,ONE-WAY,STRAIGHT AND LEVEL,WET,UNKNOWN,NOT ON SCENE (DESK REPORT),NO INJURY / DRIVE AWAY,,,"OVER $1,500",09/28/2019 11:42:00 AM,UNABLE TO DETERMINE,UNABLE TO DETERMINE,8429,S,PHILLIPS AVE,423,2,NO INDICATION OF INJURY,0,0,0,0,0,1,0,21,6,9,41.741780699,-87.564722383,POINT (-87.564722382973 41.741780699022)
30,UNKNOWN,UNKNOWN,CLEAR,UNKNOWN,TURNING,UNKNOWN INTERSECTION TYPE,STRAIGHT AND LEVEL,UNKNOWN,UNKNOWN,ON SCENE,NO INJURY / DRIVE AWAY,,,"OVER $1,500",11/22/2019 08:55:00 AM,IMPROPER TURNING/NO SIGNAL,NOT APPLICABLE,5159,N,MARINE DR,2024,2,NO INDICATION OF INJURY,0,0,0,0,0,3,0,8,6,11,,,
30,NO CONTROLS,NO CONTROLS,CLEAR,DAYLIGHT,PARKED MOTOR VEHICLE,NOT DIVIDED,STRAIGHT AND LEVEL,DRY,NO DEFECTS,ON SCENE,INJURY AND / OR TOW DUE TO CRASH,,,"OVER $1,500",04/08/2018 08:20:00 AM,UNABLE TO DETERMINE,WEATHER,45,E,94TH ST,634,2,NONINCAPACITATING INJURY,1,0,0,1,0,0,0,8,1,4,41.72347544,-87.622083725,POINT (-87.622083724976 41.723475440005)
30,NO CONTROLS,NO CONTROLS,RAIN,DAYLIGHT,PARKED MOTOR VEHICLE,ONE-WAY,STRAIGHT AND LEVEL,WET,UNKNOWN,ON SCENE,NO INJURY / DRIVE AWAY,,,"OVER $1,500",10/11/2021 02:00:00 PM,UNABLE TO DETERMINE,UNABLE TO DETERMINE,2,W,TERMINAL ST,1652,2,NO INDICATION OF INJURY,0,0,0,0,0,1,0,14,2,10,,,
30,SCHOOL ZONE,NO CONTROLS,CLEAR,DAYLIGHT,PEDESTRIAN,PARKING LOT,STRAIGHT AND LEVEL,DRY,UNKNOWN,NOT ON SCENE (DESK REPORT),NO INJURY / DRIVE AWAY,,Y,$500 OR LESS,12/13/2017 03:40:00 PM,UNABLE TO DETERMINE,NOT APPLICABLE,4831,N,LINCOLN AVE,2031,2,NO INDICATION OF INJURY,0,0,0,0,0,2,0,14,4,12,,,
30,NO CONTROLS,NO CONTROLS,CLEAR,DAYLIGHT,TURNING,NOT DIVIDED,STRAIGHT AND LEVEL,DRY,NO DEFECTS,NOT ON SCENE (DESK REPORT),NO INJURY / DRIVE AWAY,,,"OVER $1,500",11/07/2017 04:50:00 PM,FAILING TO YIELD RIGHT-OF-WAY,EXCEEDING AUTHORIZED SPEED LIMIT,5800,N,NAGLE AVE,1611,2,NO INDICATION OF INJURY,0,0,0,0,0,2,0,15,3,11,41.985976968,-87.78782345,POINT (-87.787823450015 41.985976968036)
30,NO CONTROLS,FUNCTIONING PROPERLY,CLEAR,DAYLIGHT,PARKED MOTOR VEHICLE,DIVIDED - W/MEDIAN (NOT RAISED),STRAIGHT AND LEVEL,WET,NO DEFECTS,ON SCENE,INJURY AND / OR TOW DUE TO CRASH,,Y,"OVER $1,500",02/14/2018 12:56:00 PM,UNABLE TO DETERMINE,NOT APPLICABLE,3607,W,FULLERTON AVE,2525,2,NO INDICATION OF INJURY,0,0,0,0,0,1,0,12,4,2,41.924490094,-87.717288131,POINT (-87.717288130979 41.924490093998)
20,OTHER,FUNCTIONING PROPERLY,CLEAR,DAYLIGHT,FIXED OBJECT,PARKING LOT,STRAIGHT AND LEVEL,DRY,NO DEFECTS,ON SCENE,NO INJURY / DRIVE AWAY,,,$500 OR LESS,06/06/2023 07:15:00 AM,UNABLE TO DETERMINE,NOT APPLICABLE,850,W,OHARE ST,1654,1,NO INDICATION OF INJURY,0,0,0,0,0,1,0,5,3,6,,,
15,NO CONTROLS,NO CONTROLS,CLEAR,DAYLIGHT,PARKED MOTOR VEHICLE,ALLEY,STRAIGHT AND LEVEL,DRY,UNKNOWN,NOT ON SCENE (DESK REPORT),NO INJURY / DRIVE AWAY,,,"OVER $1,500",06/30/2018 01:05:00 PM,DRIVING SKILLS/KNOWLEDGE/EXPERIENCE,UNABLE TO DETERMINE,3035,S,HAYNES CT,913,2,NO INDICATION OF INJURY,0,0,0,0,0,2,0,12,7,6,41.838472441,-87.655974359,POINT (-87.655974358952 41.838472440986)
30,TRAFFIC SIGNAL,FUNCTIONING PROPERLY,CLEAR,"DARKNESS, LIGHTED ROAD",TURNING,NOT DIVIDED,STRAIGHT AND LEVEL,DRY,NO DEFECTS,ON SCENE,NO INJURY / DRIVE AWAY,N,,"$501 - $1,500",05/08/2022 10:50:00 PM,IMPROPER LANE USAGE,NOT APPLICABLE,93,N,BESSIE COLEMAN DR,1654,2,NO INDICATION OF INJURY,0,0,0,0,0,2,0,22,1,5,,,
30,NO CONTROLS,NO CONTROLS,RAIN,DAYLIGHT,SIDESWIPE OPPOSITE DIRECTION,DIVIDED - W/MEDIAN (NOT RAISED),"CURVE, LEVEL",WET,NO DEFECTS,ON SCENE,INJURY AND / OR TOW DUE TO CRASH,,,"OVER $1,500",10/07/2021 09:45:00 AM,UNABLE TO DETERMINE,WEATHER,3058,S,CALIFORNIA BLVD,1034,2,NO INDICATION OF INJURY,0,0,0,0,0,3,0,9,5,10,,,
30,NO CONTROLS,NO CONTROLS,CLEAR,DARKNESS,OTHER OBJECT,OTHER,STRAIGHT AND LEVEL,DRY,NO DEFECTS,,INJURY AND / OR TOW DUE TO CRASH,,,"$501 - $1,500",11/09/2020 02:01:00 AM,PHYSICAL CONDITION OF DRIVER,NOT APPLICABLE,4700,W,59TH ST,813,1,NONINCAPACITATING INJURY,1,0,0,1,0,0,0,2,2,11,41.784385694,-87.740065946,POINT (-87.740065945952 41.784385693962)
5,NO CONTROLS,NO CONTROLS,CLEAR,DAYLIGHT,FIXED OBJECT,ONE-WAY,STRAIGHT AND LEVEL,DRY,UNKNOWN,NOT ON SCENE (DESK REPORT),NO INJURY / DRIVE AWAY,,,"OVER $1,500",03/13/2022 06:55:00 PM,UNABLE TO DETERMINE,UNABLE TO DETERMINE,524,W,OHARE ST,1654,1,NO INDICATION OF INJURY,0,0,0,0,0,1,0,18,1,3,,,
30,NO CONTROLS,NO CONTROLS,CLEAR,DAYLIGHT,PARKED MOTOR VEHICLE,NOT DIVIDED,STRAIGHT AND LEVEL,DRY,NO DEFECTS,ON SCENE,INJURY AND / OR TOW DUE TO CRASH,,Y,"OVER $1,500",01/14/2021 02:54:00 PM,UNABLE TO DETERMINE,DRIVING SKILLS/KNOWLEDGE/EXPERIENCE,4021,N,LOCKWOOD AVE,1624,2,NO INDICATION OF INJURY,0,0,0,0,0,1,0,14,5,1,41.953905539,-87.759486042,POINT (-87.759486042028 41.953905538966)
30,NO CONTROLS,NO CONTROLS,CLEAR,"DARKNESS, LIGHTED ROAD",PARKED MOTOR VEHICLE,DIVIDED - W/MEDIAN (NOT RAISED),STRAIGHT AND LEVEL,WET,NO DEFECTS,,INJURY AND / OR TOW DUE TO CRASH,,Y,"OVER $1,500",01/20/2018 04:55:00 AM,FOLLOWING TOO CLOSELY,UNABLE TO DETERMINE,3251,W,47TH ST,821,3,NO INDICATION OF INJURY,0,0,0,0,0,2,0,4,7,1,41.807985147,-87.706037416,POINT (-87.706037415983 41.80798514695)
30,TRAFFIC SIGNAL,FUNCTIONING PROPERLY,CLEAR,DAYLIGHT,REAR END,NOT DIVIDED,STRAIGHT AND LEVEL,UNKNOWN,UNKNOWN,NOT ON SCENE (DESK REPORT),INJURY AND / OR TOW DUE TO CRASH,Y,,"OVER $1,500",06/10/2019 02:45:00 PM,UNABLE TO DETERMINE,NOT APPLICABLE,1812,S,LOOMIS ST,1233,3,NONINCAPACITATING INJURY,2,0,0,2,0,2,0,14,7,6,41.857455079,-87.661452604,POINT (-87.661452603995 41.857455079036)
25,TRAFFIC SIGNAL,NO CONTROLS,CLEAR,DAYLIGHT,REAR END,NOT DIVIDED,STRAIGHT AND LEVEL,DRY,NO DEFECTS,NOT ON SCENE (DESK REPORT),NO INJURY / DRIVE AWAY,Y,,"OVER $1,500",10/21/2015 03:26:00 PM,FOLLOWING TOO CLOSELY,DRIVING SKILLS/KNOWLEDGE/EXPERIENCE,645,N,MICHIGAN AVE,1834,2,NO INDICATION OF INJURY,0,0,0,0,0,2,0,14,4,10,41.893918609,-87.624085833,POINT (-87.624085832985 41.893918609004)