POSTED_SPEED_LIMIT,TRAFFIC_CONTROL_DEVICE,DEVICE_CONDITION,WEATHER_CONDITION,LIGHTING_CONDITION,FIRST_CRASH_TYPE,TRAFFICWAY_TYPE,ALIGNMENT,ROADWAY_SURFACE_COND,ROAD_DEFECT,REPORT_TYPE,CRASH_TYPE,INTERSECTION_RELATED_I,HIT_AND_RUN_I,DAMAGE,DATE_POLICE_NOTIFIED,PRIM_CONTRIBUTORY_CAUSE,SEC_CONTRIBUTORY_CAUSE,STREET_NO,STREET_DIRECTION,STREET_NAME,BEAT_OF_OCCURRENCE,NUM_UNITS,MOST_SEVERE_INJURY,INJURIES_TOTAL,INJURIES_FATAL,INJURIES_INCAPACITATING,INJURIES_NON_INCAPACITATING,INJURIES_REPORTED_NOT_EVIDENT,INJURIES_NO_INDICATION,INJURIES_UNKNOWN,CRASH_HOUR,CRASH_DAY_OF_WEEK,CRASH_MONTH,LATITUDE,LONGITUDE,LOCATION
30,NO CONTROLS,UNKNOWN,RAIN,"DARKNESS, LIGHTED ROAD",FIXED OBJECT,FOUR WAY,STRAIGHT AND LEVEL,WET,NO DEFECTS,ON SCENE,INJURY AND / OR TOW DUE TO CRASH,,Y,"OVER $1,500",07/02/2023 03:06:00 AM,NOT APPLICABLE,NOT APPLICABLE,2243,S,BLUE ISLAND AVE,1034,1,NO INDICATION OF INJURY,0,0,0,0,0,2,0,3,1,7,41.851330916,-87.66817994,POINT (-87.66817994 41.851330916015)
30,STOP SIGN/FLASHER,FUNCTIONING PROPERLY,CLEAR,"DARKNESS, LIGHTED ROAD",PARKED MOTOR VEHICLE,ONE-WAY,STRAIGHT AND LEVEL,DRY,NO DEFECTS,NOT ON SCENE (DESK REPORT),NO INJURY / DRIVE AWAY,,Y,"$501 - $1,500",10/21/2017 03:20:00 PM,NOT APPLICABLE,NOT APPLICABLE,917,S,CAMPBELL AVE,1135,2,NO INDICATION OF INJURY,0,0,0,0,0,1,0,1,7,10,41.869636706,-87.688408402,POINT (-87.68840840198 41.869636705974)
15,NO CONTROLS,NO CONTROLS,CLEAR,DAYLIGHT,PARKED MOTOR VEHICLE,PARKING LOT,STRAIGHT AND LEVEL,DRY,NO DEFECTS,NOT ON SCENE (DESK REPORT),NO INJURY / DRIVE AWAY,,,$500 OR LESS,07/24/2019 02:08:00 PM,IMPROPER BACKING,DRIVING SKILLS/KNOWLEDGE/EXPERIENCE,222,N,COLUMBUS DR,114,2,NO INDICATION OF INJURY,0,0,0,0,0,1,0,13,4,7,41.886339416,-87.62083615,POINT (-87.620836149956 41.886339416011)
30,STOP SIGN/FLASHER,FUNCTIONING PROPERLY,CLEAR,DAYLIGHT,REAR END,NOT DIVIDED,STRAIGHT AND LEVEL,ICE,NO DEFECTS,NOT ON SCENE (DESK REPORT),NO INJURY / DRIVE AWAY,,,"$501 - $1,500",02/06/2021 03:12:00 PM,WEATHER,FAILING TO REDUCE SPEED TO AVOID CRASH,5700,W,WELLINGTON AVE,2514,2,NO INDICATION OF INJURY,0,0,0,0,0,2,0,14,7,2,41.93500366,-87.768864724,POINT (-87.768864724035 41.935003659953)
30,STOP SIGN/FLASHER,FUNCTIONING PROPERLY,CLEAR,DAYLIGHT,TURNING,NOT DIVIDED,STRAIGHT AND LEVEL,DRY,NO DEFECTS,ON SCENE,NO INJURY / DRIVE AWAY,Y,,"OVER $1,500",09/20/2018 05:15:00 PM,FAILING TO YIELD RIGHT-OF-WAY,NOT APPLICABLE,5400,S,COTTAGE GROVE AVE,233,2,NO INDICATION OF INJURY,0,0,0,0,0,2,0,17,5,9,41.796705111,-87.606421756,POINT (-87.606421756047 41.796705111008)
30,NO CONTROLS,NO CONTROLS,CLEAR,DAYLIGHT,PARKED MOTOR VEHICLE,NOT DIVIDED,STRAIGHT AND LEVEL,DRY,NO DEFECTS,NOT ON SCENE (DESK REPORT),NO INJURY / DRIVE AWAY,,,"OVER $1,500",02/09/2017 11:10:00 AM,UNABLE TO DETERMINE,NOT APPLICABLE,5133,W,IRVING PARK RD,1634,2,NO INDICATION OF INJURY,0,0,0,0,0,1,0,10,5,2,41.953203301,-87.756048735,POINT (-87.756048735038 41.953203300975)
30,NO CONTROLS,NO CONTROLS,CLEAR,DAYLIGHT,TURNING,CENTER TURN LANE,STRAIGHT AND LEVEL,DRY,NO DEFECTS,ON SCENE,INJURY AND / OR TOW DUE TO CRASH,Y,,"OVER $1,500",07/07/2019 06:24:00 PM,FAILING TO YIELD RIGHT-OF-WAY,NOT APPLICABLE,25,N,BESSIE COLEMAN DR,1654,2,"REPORTED, NOT EVIDENT",2,0,0,0,2,0,0,18,1,7,,,
30,TRAFFIC SIGNAL,FUNCTIONING PROPERLY,CLEAR,DAYLIGHT,REAR END,NOT DIVIDED,STRAIGHT AND LEVEL,DRY,NO DEFECTS,NOT ON SCENE (DESK REPORT),NO INJURY / DRIVE AWAY,Y,,"OVER $1,500",06/10/2019 02:47:00 PM,UNABLE TO DETERMINE,UNABLE TO DETERMINE,800,W,LAWRENCE AVE,2024,2,NO INDICATION OF INJURY,0,0,0,0,0,2,0,13,2,6,41.969261067,-87.650422729,POINT (-87.650422728959 41.969261066974)
20,NO CONTROLS,NO CONTROLS,RAIN,DAYLIGHT,REAR END,OTHER,STRAIGHT AND LEVEL,WET,NO DEFECTS,ON SCENE,NO INJURY / DRIVE AWAY,,,$500 OR LESS,11/19/2019 01:57:00 PM,UNABLE TO DETERMINE,NOT APPLICABLE,524,W,OHARE ST,1654,2,NO INDICATION OF INJURY,0,0,0,0,0,2,0,13,3,11,,,
35,UNKNOWN,OTHER,UNKNOWN,DAYLIGHT,PARKED MOTOR VEHICLE,ONE-WAY,STRAIGHT AND LEVEL,OTHER,UNKNOWN,NOT ON SCENE (DESK REPORT),NO INJURY / DRIVE AWAY,,,"$501 - $1,500",05/06/2018 05:45:00 PM,UNABLE TO DETERMINE,UNABLE TO DETERMINE,11630,S,NORMAL AVE,524,2,NO INDICATION OF INJURY,0,0,0,0,0,1,0,6,7,5,41.682409773,-87.634959873,POINT (-87.63495987299 41.682409772961)
15,NO CONTROLS,NO CONTROLS,CLEAR,DAYLIGHT,REAR TO REAR,PARKING LOT,STRAIGHT AND LEVEL,DRY,NO DEFECTS,NOT ON SCENE (DESK REPORT),NO INJURY / DRIVE AWAY,,,"$501 - $1,500",09/30/2021 03:52:00 PM,IMPROPER BACKING,FAILING TO REDUCE SPEED TO AVOID CRASH,5109,W,FULLERTON AVE,2522,2,NO INDICATION OF INJURY,0,0,0,0,0,2,0,13,4,9,41.924025937,-87.754108923,POINT (-87.754108923036 41.924025936998)
30,NO CONTROLS,NO CONTROLS,CLEAR,DAYLIGHT,PEDESTRIAN,DIVIDED - W/MEDIAN BARRIER,STRAIGHT AND LEVEL,DRY,UNKNOWN,ON SCENE,INJURY AND / OR TOW DUE TO CRASH,,Y,$500 OR LESS,05/14/2018 03:20:00 PM,UNABLE TO DETERMINE,UNABLE TO DETERMINE,243,W,63RD ST,722,2,NONINCAPACITATING INJURY,1,0,0,1,0,1,0,15,2,5,41.779853803,-87.631809648,POINT (-87.631809647996 41.779853802992)
30,NO CONTROLS,NO CONTROLS,CLEAR,"DARKNESS, LIGHTED ROAD",REAR END,NOT DIVIDED,STRAIGHT AND LEVEL,DRY,NO DEFECTS,NOT ON SCENE (DESK REPORT),INJURY AND / OR TOW DUE TO CRASH,,Y,"OVER $1,500",03/22/2018 10:15:00 PM,FOLLOWING TOO CLOSELY,UNABLE TO DETERMINE,5755,W,IRVING PARK RD,1633,2,NO INDICATION OF INJURY,0,0,0,0,0,2,0,23,4,3,41.953016392,-87.771666729,POINT (-87.771666729041 41.953016391973)
35,NO CONTROLS,NO CONTROLS,RAIN,DAYLIGHT,ANGLE,DIVIDED - W/MEDIAN (NOT RAISED),STRAIGHT AND LEVEL,WET,NO DEFECTS,NOT ON SCENE (DESK REPORT),INJURY AND / OR TOW DUE TO CRASH,,,"OVER $1,500",03/23/2016 11:49:00 PM,EXCEEDING SAFE SPEED FOR CONDITIONS,DRIVING SKILLS/KNOWLEDGE/EXPERIENCE,805,N,KEDZIE AVE,1211,2,INCAPACITATING INJURY,1,0,1,0,0,1,0,16,4,3,41.895766038,-87.706416355,POINT (-87.706416354996 41.895766038015)
35,NO CONTROLS,NO CONTROLS,CLEAR,DARKNESS,OTHER OBJECT,DIVIDED - W/MEDIAN (NOT RAISED),"CURVE, LEVEL",ICE,UNKNOWN,NOT ON SCENE (DESK REPORT),INJURY AND / OR TOW DUE TO CRASH,,,"OVER $1,500",02/14/2022 04:30:00 PM,UNABLE TO DETERMINE,FAILING TO REDUCE SPEED TO AVOID CRASH,1800,W,MARKETPLACE ACCESS RD,912,1,NONINCAPACITATING INJURY,1,0,0,1,0,0,0,19,6,2,,,
30,NO CONTROLS,NO CONTROLS,CLEAR,DAYLIGHT,SIDESWIPE SAME DIRECTION,DIVIDED - W/MEDIAN BARRIER,STRAIGHT AND LEVEL,DRY,UNKNOWN,NOT ON SCENE (DESK REPORT),NO INJURY / DRIVE AWAY,N,,"OVER $1,500",07/26/2018 02:40:00 PM,IMPROPER LANE USAGE,NOT APPLICABLE,360,N,LOWER COLUMBUS DR,114,2,NO INDICATION OF INJURY,0,0,0,0,0,2,0,13,5,7,,,
35,NO CONTROLS,NO CONTROLS,CLEAR,DAYLIGHT,PARKED MOTOR VEHICLE,ONE-WAY,STRAIGHT AND LEVEL,DRY,NO DEFECTS,NOT ON SCENE (DESK REPORT),NO INJURY / DRIVE AWAY,,,"$501 - $1,500",04/09/2019 05:00:00 PM,IMPROPER OVERTAKING/PASSING,UNABLE TO DETERMINE,7315,S,MERRILL AVE,333,2,NO INDICATION OF INJURY,0,0,0,0,0,1,0,14,3,4,41.762071278,-87.57235885,POINT (-87.572358849997 41.762071277983)
30,NO CONTROLS,NO CONTROLS,CLEAR,"DARKNESS, LIGHTED ROAD",FIXED OBJECT,DIVIDED - W/MEDIAN BARRIER,STRAIGHT AND LEVEL,DRY,NO DEFECTS,ON SCENE,INJURY AND / OR TOW DUE TO CRASH,Y,,"OVER $1,500",03/19/2023 09:45:00 PM,UNABLE TO DETERMINE,UNABLE TO DETERMINE,5401,S,CICERO AVE,815,1,NO INDICATION OF INJURY,0,0,0,0,0,1,0,21,1,3,41.794602529,-87.742607215,POINT (-87.742607214988 41.794602528951)
10,NO CONTROLS,NO CONTROLS,CLEAR,"DARKNESS, LIGHTED ROAD",OTHER OBJECT,OTHER,STRAIGHT AND LEVEL,DRY,NO DEFECTS,ON SCENE,NO INJURY / DRIVE AWAY,,,"$501 - $1,500",06/22/2022 04:37:00 AM,DRIVING SKILLS/KNOWLEDGE/EXPERIENCE,NOT APPLICABLE,614,W,OHARE ST,1654,1,NO INDICATION OF INJURY,0,0,0,0,0,1,0,4,4,6,,,
30,STOP SIGN/FLASHER,FUNCTIONING PROPERLY,CLEAR,DAYLIGHT,TURNING,DIVIDED - W/MEDIAN (NOT RAISED),STRAIGHT AND LEVEL,DRY,NO DEFECTS,ON SCENE,NO INJURY / DRIVE AWAY,Y,,"OVER $1,500",04/11/2018 11:38:00 AM,FAILING TO YIELD RIGHT-OF-WAY,FAILING TO REDUCE SPEED TO AVOID CRASH,2329,W,HARRISON ST,1225,2,NO INDICATION OF INJURY,0,0,0,0,0,3,0,11,4,4,41.873796884,-87.685064376,POINT (-87.685064375975 41.873796883969)
30,TRAFFIC SIGNAL,FUNCTIONING PROPERLY,CLEAR,DAYLIGHT,ANGLE,DIVIDED - W/MEDIAN BARRIER,STRAIGHT AND LEVEL,DRY,NO DEFECTS,ON SCENE,INJURY AND / OR TOW DUE TO CRASH,Y,,"OVER $1,500",03/29/2021 02:27:00 PM,UNABLE TO DETERMINE,UNABLE TO DETERMINE,360,W,MADISON ST,122,2,"REPORTED, NOT EVIDENT",2,0,0,0,2,2,0,14,2,3,41.8820229,-87.637081412,POINT (-87.637081411989 41.88202289998)
30,NO CONTROLS,FUNCTIONING PROPERLY,CLEAR,DAYLIGHT,TURNING,DIVIDED - W/MEDIAN (NOT RAISED),STRAIGHT AND LEVEL,DRY,NO DEFECTS,ON SCENE,INJURY AND / OR TOW DUE TO CRASH,Y,,"OVER $1,500",06/22/2018 05:14:00 PM,"VISION OBSCURED (SIGNS, TREE LIMBS, BUILDINGS, ETC.)",UNABLE TO DETERMINE,6100,S,CENTRAL AVE,812,2,NO INDICATION OF INJURY,0,0,0,0,0,2,0,17,6,6,41.781626709,-87.762015567,POINT (-87.762015567 41.781626708966)
0,NO CONTROLS,NO CONTROLS,CLEAR,DAYLIGHT,PARKED MOTOR VEHICLE,PARKING LOT,STRAIGHT AND LEVEL,UNKNOWN,UNKNOWN,,NO INJURY / DRIVE AWAY,,Y,"$501 - $1,500",08/03/2019 08:10:00 PM,UNABLE TO DETERMINE,NOT APPLICABLE,2600,S,TRUMBULL AVE,1032,2,NO INDICATION OF INJURY,0,0,0,0,0,1,0,12,7,8,41.84434083,-87.711276265,POINT (-87.711276264979 41.84434082995)
30,NO CONTROLS,NO CONTROLS,CLEAR,DARKNESS,TURNING,NOT DIVIDED,STRAIGHT AND LEVEL,DRY,NO DEFECTS,NOT ON SCENE (DESK REPORT),INJURY AND / OR TOW DUE TO CRASH,,,"$501 - $1,500",12/05/2022 07:30:00 PM,IMPROPER OVERTAKING/PASSING,NOT APPLICABLE,3998,W,COLUMBUS AVE,834,2,NONINCAPACITATING INJURY,2,0,0,2,0,2,0,19,1,12,41.735733511,-87.721498188,POINT (-87.721498188022 41.73573351095)
20,NO CONTROLS,NO CONTROLS,CLEAR,DAYLIGHT,ANGLE,DRIVEWAY,STRAIGHT AND LEVEL,DRY,NO DEFECTS,ON SCENE,NO INJURY / DRIVE AWAY,,Y,"OVER $1,500",05/11/2020 01:45:00 PM,IMPROPER BACKING,UNABLE TO DETERMINE,804,W,OHARE ST,1654,2,NO INDICATION OF INJURY,0,0,0,0,0,2,0,13,2,5,,,
30,NO CONTROLS,NO CONTROLS,CLEAR,"DARKNESS, LIGHTED ROAD",SIDESWIPE SAME DIRECTION,DIVIDED - W/MEDIAN BARRIER,STRAIGHT AND LEVEL,DRY,NO DEFECTS,ON SCENE,NO INJURY / DRIVE AWAY,,Y,$500 OR LESS,07/17/2019 11:22:00 PM,"OPERATING VEHICLE IN ERRATIC, RECKLESS, CARELESS, NEGLIGENT OR AGGRESSIVE MANNER",IMPROPER LANE USAGE,450,N,LOWER LAKE SHORE DR,1834,2,NO INDICATION OF INJURY,0,0,0,0,0,3,0,23,4,7,,,
30,TRAFFIC SIGNAL,FUNCTIONING PROPERLY,CLEAR,DAYLIGHT,SIDESWIPE SAME DIRECTION,NOT DIVIDED,STRAIGHT AND LEVEL,DRY,NO DEFECTS,ON SCENE,INJURY AND / OR TOW DUE TO CRASH,,,"OVER $1,500",05/30/2023 08:35:00 AM,IMPROPER LANE USAGE,IMPROPER OVERTAKING/PASSING,1100,W,DIVISION ST,1822,2,"REPORTED, NOT EVIDENT",1,0,0,0,1,1,0,7,3,5,41.903639931,-87.65554697,POINT (-87.655546970003 41.903639930952)
30,TRAFFIC SIGNAL,FUNCTIONING PROPERLY,CLOUDY/OVERCAST,DAYLIGHT,ANGLE,NOT DIVIDED,STRAIGHT AND LEVEL,DRY,NO DEFECTS,ON SCENE,INJURY AND / OR TOW DUE TO CRASH,Y,,"OVER $1,500",02/03/2019 07:56:00 AM,DISREGARDING TRAFFIC SIGNALS,NOT APPLICABLE,5500,S,WENTWORTH AVE,225,2,NONINCAPACITATING INJURY,2,0,0,2,0,0,0,7,1,2,,,
20,NO CONTROLS,NO CONTROLS,RAIN,DAYLIGHT,SIDESWIPE SAME DIRECTION,ONE-WAY,STRAIGHT AND LEVEL,WET,NO DEFECTS,NOT ON SCENE (DESK REPORT),NO INJURY / DRIVE AWAY,,,"$501 - $1,500",09/03/2019 08:45:00 AM,NOT APPLICABLE,NOT APPLICABLE,3,W,TERMINAL ST,1653,2,NO INDICATION OF INJURY,0,0,0,0,0,2,0,8,3,9,,,
30,NO CONTROLS,NO CONTROLS,CLEAR,DAYLIGHT,SIDESWIPE SAME DIRECTION,NOT DIVIDED,STRAIGHT AND LEVEL,DRY,NO DEFECTS,NOT ON SCENE (DESK REPORT),NO INJURY / DRIVE AWAY,,,"OVER $1,500",09/03/2022 04:55:00 PM,UNABLE TO DETERMINE,NOT APPLICABLE,8301,S,CICERO AVE,834,2,NO INDICATION OF INJURY,0,0,0,0,0,3,0,15,7,9,41.741803599,-87.740953582,POINT (-87.740953581987 41.741803598989)
30,NO CONTROLS,NO CONTROLS,CLOUDY/OVERCAST,DAYLIGHT,PARKED MOTOR VEHICLE,ONE-WAY,STRAIGHT AND LEVEL,WET,NO DEFECTS,NOT ON SCENE (DESK REPORT),NO INJURY / DRIVE AWAY,,,"$501 - $1,500",12/18/2017 01:00:00 PM,EQUIPMENT - VEHICLE CONDITION,NOT APPLICABLE,7799,N,HERMITAGE AVE,2422,2,NO INDICATION OF INJURY,0,0,0,0,0,2,0,9,2,12,,,
30,NO CONTROLS,NO CONTROLS,CLEAR,DAYLIGHT,TURNING,NOT DIVIDED,STRAIGHT AND LEVEL,DRY,NO DEFECTS,NOT ON SCENE (DESK REPORT),NO INJURY / DRIVE AWAY,,,"OVER $1,500",11/04/2022 02:10:00 PM,IMPROPER OVERTAKING/PASSING,DRIVING ON WRONG SIDE/WRONG WAY,110,E,79TH ST,623,2,NO INDICATION OF INJURY,0,0,0,0,0,2,0,12,3,10,41.751124945,-87.620853242,POINT (-87.620853241961 41.751124944981)
30,TRAFFIC SIGNAL,FUNCTIONING PROPERLY,CLEAR,DAYLIGHT,SIDESWIPE SAME DIRECTION,OTHER,"CURVE, LEVEL",DRY,NO DEFECTS,NOT ON SCENE (DESK REPORT),NO INJURY / DRIVE AWAY,,,"$501 - $1,500",04/23/2019 08:35:00 PM,IMPROPER LANE USAGE,NOT APPLICABLE,6255,S,YALE AVE,711,2,NO INDICATION OF INJURY,0,0,0,0,0,2,0,18,7,4,,,
35,TRAFFIC SIGNAL,FUNCTIONING PROPERLY,CLEAR,DAYLIGHT,ANGLE,FOUR WAY,STRAIGHT AND LEVEL,DRY,NO DEFECTS,ON SCENE,INJURY AND / OR TOW DUE TO CRASH,Y,,"OVER $1,500",12/28/2020 04:12:00 PM,DISREGARDING TRAFFIC SIGNALS,NOT APPLICABLE,8300,S,STONY ISLAND AVE,412,2,NO INDICATION OF INJURY,0,0,0,0,0,3,0,16,2,12,41.744151639,-87.585945067,POINT (-87.585945066953 41.744151639042)
30,STOP SIGN/FLASHER,NO CONTROLS,CLEAR,"DARKNESS, LIGHTED ROAD",ANGLE,FOUR WAY,STRAIGHT AND LEVEL,DRY,NO DEFECTS,ON SCENE,NO INJURY / DRIVE AWAY,Y,,"OVER $1,500",01/21/2020 06:25:00 PM,NOT APPLICABLE,NOT APPLICABLE,7300,S,EBERHART AVE,323,2,NO INDICATION OF INJURY,0,0,0,0,0,5,0,18,3,1,41.762009489,-87.612901284,POINT (-87.612901284021 41.76200948897)
20,NO CONTROLS,NO CONTROLS,CLEAR,"DARKNESS, LIGHTED ROAD",SIDESWIPE SAME DIRECTION,OTHER,"CURVE, LEVEL",DRY,NO DEFECTS,ON SCENE,NO INJURY / DRIVE AWAY,,,"$501 - $1,500",03/10/2020 08:35:00 PM,UNABLE TO DETERMINE,NOT APPLICABLE,1,W,TERMINAL ST,1651,2,NO INDICATION OF INJURY,0,0,0,0,0,2,0,20,3,3,,,
20,NO CONTROLS,NO CONTROLS,CLEAR,DAYLIGHT,SIDESWIPE SAME DIRECTION,OTHER,STRAIGHT ON GRADE,DRY,NO DEFECTS,ON SCENE,NO INJURY / DRIVE AWAY,,,"$501 - $1,500",06/07/2019 04:59:00 PM,IMPROPER LANE USAGE,NOT APPLICABLE,1,W,TERMINAL ST,1651,2,NO INDICATION OF INJURY,0,0,0,0,0,2,0,16,6,6,,,
30,TRAFFIC SIGNAL,FUNCTIONING PROPERLY,CLEAR,DAYLIGHT,REAR END,DIVIDED - W/MEDIAN (NOT RAISED),STRAIGHT AND LEVEL,DRY,NO DEFECTS,ON SCENE,NO INJURY / DRIVE AWAY,,,"OVER $1,500",05/16/2020 12:40:00 PM,FAILING TO REDUCE SPEED TO AVOID CRASH,FAILING TO REDUCE SPEED TO AVOID CRASH,799,W,POLK ST,1232,2,NO INDICATION OF INJURY,0,0,0,0,0,5,0,12,7,5,41.871820674,-87.64696578,POINT (-87.646965780011 41.871820674015)
30,NO CONTROLS,NO CONTROLS,CLEAR,DAYLIGHT,PARKED MOTOR VEHICLE,NOT DIVIDED,STRAIGHT AND LEVEL,DRY,UNKNOWN,NOT ON SCENE (DESK REPORT),NO INJURY / DRIVE AWAY,,Y,"OVER $1,500",03/15/2018 03:11:00 PM,"OPERATING VEHICLE IN ERRATIC, RECKLESS, CARELESS, NEGLIGENT OR AGGRESSIVE MANNER",NOT APPLICABLE,3120,N,AUSTIN AVE,2511,2,NO INDICATION OF INJURY,0,0,0,0,0,2,0,14,5,3,41.937252171,-87.776320528,POINT (-87.776320528037 41.937252170984)
15,NO CONTROLS,NO CONTROLS,CLEAR,DAYLIGHT,PARKED MOTOR VEHICLE,PARKING LOT,STRAIGHT AND LEVEL,DRY,NO DEFECTS,ON SCENE,NO INJURY / DRIVE AWAY,,,"$501 - $1,500",08/12/2020 12:10:00 PM,FAILING TO YIELD RIGHT-OF-WAY,NOT APPLICABLE,522,W,OHARE ST,1654,2,NO INDICATION OF INJURY,0,0,0,0,0,1,0,12,4,8,,,
30,TRAFFIC SIGNAL,FUNCTIONING PROPERLY,CLEAR,DUSK,REAR END,NOT DIVIDED,STRAIGHT AND LEVEL,DRY,UNKNOWN,ON SCENE,INJURY AND / OR TOW DUE TO CRASH,,Y,"OVER $1,500",10/30/2022 04:21:00 PM,FOLLOWING TOO CLOSELY,FOLLOWING TOO CLOSELY,810,N,HAMLIN AVE,1112,2,NO INDICATION OF INJURY,0,0,0,0,0,3,0,16,1,10,41.895784449,-87.721352746,POINT (-87.72135274599 41.895784448963)
10,NO CONTROLS,NO CONTROLS,CLEAR,DARKNESS,REAR TO FRONT,OTHER,STRAIGHT AND LEVEL,DRY,NO DEFECTS,ON SCENE,NO INJURY / DRIVE AWAY,,,"$501 - $1,500",01/26/2022 03:51:00 PM,IMPROPER BACKING,NOT APPLICABLE,412,W,OHARE ST,1654,2,NO INDICATION OF INJURY,0,0,0,0,0,2,0,15,4,1,,,
30,NO CONTROLS,NO CONTROLS,RAIN,"DARKNESS, LIGHTED ROAD",FIXED OBJECT,DIVIDED - W/MEDIAN BARRIER,STRAIGHT AND LEVEL,WET,NO DEFECTS,ON SCENE,INJURY AND / OR TOW DUE TO CRASH,,,"OVER $1,500",04/15/2018 04:58:00 AM,UNABLE TO DETERMINE,NOT APPLICABLE,2598,N,WESTERN AVE,1431,1,NO INDICATION OF INJURY,0,0,0,0,0,1,0,4,1,4,41.928615792,-87.687920247,POINT (-87.687920247039 41.928615792006)
30,NO CONTROLS,NO CONTROLS,CLEAR,DAYLIGHT,SIDESWIPE SAME DIRECTION,OTHER,STRAIGHT AND LEVEL,DRY,NO DEFECTS,NOT ON SCENE (DESK REPORT),NO INJURY / DRIVE AWAY,,,"$501 - $1,500",04/11/2023 04:06:00 PM,IMPROPER OVERTAKING/PASSING,IMPROPER OVERTAKING/PASSING,8300,S,STONY ISLAND AVE,412,2,NO INDICATION OF INJURY,0,0,0,0,0,2,0,15,3,4,41.744151639,-87.585945067,POINT (-87.585945066953 41.744151639042)
25,NO CONTROLS,NO CONTROLS,CLEAR,"DARKNESS, LIGHTED ROAD",REAR END,UNKNOWN,STRAIGHT AND LEVEL,DRY,NO DEFECTS,NOT ON SCENE (DESK REPORT),NO INJURY / DRIVE AWAY,,,"OVER $1,500",03/03/2016 09:50:00 PM,UNABLE TO DETERMINE,UNABLE TO DETERMINE,172,N,BESSIE COLEMAN DR,1654,2,NO INDICATION OF INJURY,0,0,0,0,0,2,0,20,5,3,,,
25,STOP SIGN/FLASHER,NO CONTROLS,CLEAR,DAYLIGHT,REAR END,NOT DIVIDED,STRAIGHT AND LEVEL,DRY,NO DEFECTS,ON SCENE,NO INJURY / DRIVE AWAY,,,"$501 - $1,500",06/29/2022 12:05:00 PM,FOLLOWING TOO CLOSELY,NOT APPLICABLE,804,W,OHARE ST,1654,2,NO INDICATION OF INJURY,0,0,0,0,0,2,0,11,4,6,,,
30,NO CONTROLS,NO CONTROLS,FREEZING RAIN/DRIZZLE,DAYLIGHT,ANGLE,NOT DIVIDED,STRAIGHT AND LEVEL,WET,UNKNOWN,NOT ON SCENE (DESK REPORT),NO INJURY / DRIVE AWAY,,,"$501 - $1,500",04/28/2019 07:30:00 PM,UNABLE TO DETERMINE,UNABLE TO DETERMINE,1416,E,85TH ST,412,2,NO INDICATION OF INJURY,0,0,0,0,0,2,0,16,7,4,41.740615655,-87.58962994,POINT (-87.589629940039 41.740615654964)
25,NO CONTROLS,NO CONTROLS,FREEZING RAIN/DRIZZLE,DAWN,SIDESWIPE SAME DIRECTION,ONE-WAY,STRAIGHT AND LEVEL,WET,NO DEFECTS,ON SCENE,NO INJURY / DRIVE AWAY,,,"OVER $1,500",10/30/2019 06:31:00 AM,FAILING TO YIELD RIGHT-OF-WAY,DRIVING SKILLS/KNOWLEDGE/EXPERIENCE,3,W,TERMINAL ST,1653,2,NO INDICATION OF INJURY,0,0,0,0,0,2,0,6,4,10,,,
0,NO CONTROLS,NO CONTROLS,CLEAR,"DARKNESS, LIGHTED ROAD",PARKED MOTOR VEHICLE,RAMP,STRAIGHT AND LEVEL,DRY,NO DEFECTS,ON SCENE,NO INJURY / DRIVE AWAY,,,"OVER $1,500",02/18/2022 08:30:00 PM,UNABLE TO DETERMINE,NOT APPLICABLE,516,W,OHARE ST,1654,2,NO INDICATION OF INJURY,0,0,0,0,0,1,0,20,6,2,,,
15,NO CONTROLS,NO CONTROLS,CLEAR,DAYLIGHT,ANGLE,OTHER,STRAIGHT AND LEVEL,WET,NO DEFECTS,NOT ON SCENE (DESK REPORT),NO INJURY / DRIVE AWAY,,,"$501 - $1,500",08/18/2020 02:43:00 PM,UNABLE TO DETERMINE,UNABLE TO DETERMINE,1220,S,WABASH AVE,131,2,NO INDICATION OF INJURY,0,0,0,0,0,2,0,13,3,8,41.86682801,-87.625963269,POINT (-87.62596326902 41.866828010004)
30,NO CONTROLS,NO CONTROLS,SNOW,"DARKNESS, LIGHTED ROAD",ANGLE,ONE-WAY,STRAIGHT AND LEVEL,WET,NO DEFECTS,ON SCENE,NO INJURY / DRIVE AWAY,,,"OVER $1,500",12/16/2022 07:15:00 PM,UNABLE TO DETERMINE,NOT APPLICABLE,3,W,TERMINAL ST,1653,2,NO INDICATION OF INJURY,0,0,0,0,0,3,0,19,6,12,,,
30,NO CONTROLS,NO CONTROLS,CLEAR,DAYLIGHT,TURNING,NOT DIVIDED,STRAIGHT AND LEVEL,ICE,NO DEFECTS,NOT ON SCENE (DESK REPORT),NO INJURY / DRIVE AWAY,,,"OVER $1,500",11/13/2019 10:50:00 AM,UNABLE TO DETERMINE,UNABLE TO DETERMINE,6300,N,RIDGE BLVD,2413,2,NO INDICATION OF INJURY,0,0,0,0,0,3,0,9,4,11,41.995579197,-87.675876884,POINT (-87.675876883986 41.995579196996)