POSTED_SPEED_LIMIT,TRAFFIC_CONTROL_DEVICE,DEVICE_CONDITION,WEATHER_CONDITION,LIGHTING_CONDITION,FIRST_CRASH_TYPE,TRAFFICWAY_TYPE,ALIGNMENT,ROADWAY_SURFACE_COND,ROAD_DEFECT,REPORT_TYPE,CRASH_TYPE,INTERSECTION_RELATED_I,HIT_AND_RUN_I,DAMAGE,DATE_POLICE_NOTIFIED,PRIM_CONTRIBUTORY_CAUSE,SEC_CONTRIBUTORY_CAUSE,STREET_NO,STREET_DIRECTION,STREET_NAME,BEAT_OF_OCCURRENCE,NUM_UNITS,MOST_SEVERE_INJURY,INJURIES_TOTAL,INJURIES_FATAL,INJURIES_INCAPACITATING,INJURIES_NON_INCAPACITATING,INJURIES_REPORTED_NOT_EVIDENT,INJURIES_NO_INDICATION,INJURIES_UNKNOWN,CRASH_HOUR,CRASH_DAY_OF_WEEK,CRASH_MONTH,LATITUDE,LONGITUDE,LOCATION
30,TRAFFIC SIGNAL,FUNCTIONING PROPERLY,CLEAR,"DARKNESS, LIGHTED ROAD",TURNING,FOUR WAY,STRAIGHT AND LEVEL,DRY,NO DEFECTS,ON SCENE,INJURY AND / OR TOW DUE TO CRASH,Y,,"OVER $1,500",10/20/2022 07:44:00 PM,UNABLE TO DETERMINE,UNABLE TO DETERMINE,999,S,CLINTON ST,124,3,NO INDICATION OF INJURY,0,0,0,0,0,3,0,19,5,10,41.869780623,-87.640655493,POINT (-87.640655493049 41.869780622992)
0,TRAFFIC SIGNAL,FUNCTIONING IMPROPERLY,CLEAR,DARKNESS,TURNING,ONE-WAY,STRAIGHT AND LEVEL,DRY,UNKNOWN,NOT ON SCENE (DESK REPORT),NO INJURY / DRIVE AWAY,,,$500 OR LESS,03/23/2018 10:40:00 PM,UNABLE TO DETERMINE,UNABLE TO DETERMINE,5500,S,WENTWORTH AVE,225,2,NO INDICATION OF INJURY,0,0,0,0,0,2,0,20,6,3,,,
30,TRAFFIC SIGNAL,FUNCTIONING PROPERLY,CLEAR,DAYLIGHT,TURNING,NOT DIVIDED,STRAIGHT AND LEVEL,DRY,NO DEFECTS,NOT ON SCENE (DESK REPORT),NO INJURY / DRIVE AWAY,Y,,"OVER $1,500",03/26/2016 03:15:00 PM,IMPROPER LANE USAGE,FAILING TO YIELD RIGHT-OF-WAY,800,W,GRAND AVE,1214,3,NO INDICATION OF INJURY,0,0,0,0,0,3,0,14,7,3,41.891293713,-87.647680593,POINT (-87.647680593026 41.891293712961)
30,TRAFFIC SIGNAL,FUNCTIONING PROPERLY,CLEAR,DAYLIGHT,SIDESWIPE SAME DIRECTION,DIVIDED - W/MEDIAN (NOT RAISED),STRAIGHT AND LEVEL,DRY,NO DEFECTS,ON SCENE,NO INJURY / DRIVE AWAY,Y,,"OVER $1,500",07/10/2019 10:49:00 AM,FAILING TO YIELD RIGHT-OF-WAY,UNABLE TO DETERMINE,810,N,HAMLIN AVE,1112,2,NO INDICATION OF INJURY,0,0,0,0,0,3,0,10,4,7,41.895784449,-87.721352746,POINT (-87.72135274599 41.895784448963)
30,NO CONTROLS,NO CONTROLS,CLEAR,DAYLIGHT,ANGLE,OTHER,STRAIGHT AND LEVEL,DRY,NO DEFECTS,ON SCENE,INJURY AND / OR TOW DUE TO CRASH,,,"$501 - $1,500",10/25/2018 05:15:00 PM,IMPROPER LANE USAGE,NOT APPLICABLE,5001,S,INDIANA AVE,224,2,NO INDICATION OF INJURY,0,0,0,0,0,2,0,16,5,10,41.803758706,-87.620923702,POINT (-87.620923702026 41.803758705987)
30,NO CONTROLS,NO CONTROLS,CLEAR,DAYLIGHT,REAR END,ONE-WAY,STRAIGHT AND LEVEL,DRY,NO DEFECTS,ON SCENE,INJURY AND / OR TOW DUE TO CRASH,,,"$501 - $1,500",07/16/2020 09:36:00 AM,FOLLOWING TOO CLOSELY,NOT APPLICABLE,1736,S,UNION AVE,1235,2,"REPORTED, NOT EVIDENT",1,0,0,0,1,1,0,9,5,7,41.858007607,-87.644942266,POINT (-87.644942265994 41.858007606958)
30,STOP SIGN/FLASHER,FUNCTIONING PROPERLY,CLEAR,DARKNESS,TURNING,NOT DIVIDED,STRAIGHT AND LEVEL,DRY,NO DEFECTS,NOT ON SCENE (DESK REPORT),NO INJURY / DRIVE AWAY,,,"$501 - $1,500",09/20/2017 10:15:00 PM,UNABLE TO DETERMINE,UNABLE TO DETERMINE,5998,W,JACKSON BLVD,1513,2,NO INDICATION OF INJURY,0,0,0,0,0,4,0,21,4,9,41.876523231,-87.77448555,POINT (-87.774485550028 41.876523231033)
30,NO CONTROLS,NO CONTROLS,CLEAR,DAYLIGHT,PARKED MOTOR VEHICLE,NOT DIVIDED,STRAIGHT AND LEVEL,DRY,NO DEFECTS,NOT ON SCENE (DESK REPORT),NO INJURY / DRIVE AWAY,,Y,"OVER $1,500",07/21/2017 05:10:00 PM,IMPROPER LANE USAGE,FAILING TO REDUCE SPEED TO AVOID CRASH,1750,S,CALIFORNIA AVE,1022,2,NO INDICATION OF INJURY,0,0,0,0,0,1,0,16,6,7,,,
30,NO CONTROLS,NO CONTROLS,CLEAR,DAYLIGHT,REAR END,DIVIDED - W/MEDIAN (NOT RAISED),STRAIGHT AND LEVEL,DRY,NO DEFECTS,ON SCENE,NO INJURY / DRIVE AWAY,,,"OVER $1,500",06/08/2018 05:02:00 PM,FOLLOWING TOO CLOSELY,NOT APPLICABLE,2238,W,FOSTER AVE,2012,2,NO INDICATION OF INJURY,0,0,0,0,0,3,0,17,6,6,41.97604903,-87.685854901,POINT (-87.685854901023 41.976049030028)
30,TRAFFIC SIGNAL,UNKNOWN,SNOW,DUSK,REAR END,NOT DIVIDED,STRAIGHT AND LEVEL,SNOW OR SLUSH,NO DEFECTS,ON SCENE,INJURY AND / OR TOW DUE TO CRASH,,,"OVER $1,500",11/15/2018 03:42:00 PM,FAILING TO REDUCE SPEED TO AVOID CRASH,UNABLE TO DETERMINE,2248,S,PULASKI RD,1013,4,NO INDICATION OF INJURY,0,0,0,0,0,4,0,15,5,11,41.850049165,-87.724865737,POINT (-87.724865737019 41.850049164978)
15,NO CONTROLS,NO CONTROLS,UNKNOWN,UNKNOWN,FIXED OBJECT,PARKING LOT,STRAIGHT AND LEVEL,UNKNOWN,UNKNOWN,NOT ON SCENE (DESK REPORT),NO INJURY / DRIVE AWAY,,,"OVER $1,500",01/04/2023 07:20:00 AM,UNABLE TO DETERMINE,UNABLE TO DETERMINE,3607,W,FULLERTON AVE,2525,1,NO INDICATION OF INJURY,0,0,0,0,0,1,0,16,2,1,41.924490094,-87.717288131,POINT (-87.717288130979 41.924490093998)
25,NO CONTROLS,NO CONTROLS,CLEAR,DAYLIGHT,SIDESWIPE SAME DIRECTION,ONE-WAY,STRAIGHT AND LEVEL,DRY,NO DEFECTS,ON SCENE,NO INJURY / DRIVE AWAY,,,"OVER $1,500",02/19/2020 12:56:00 PM,IMPROPER OVERTAKING/PASSING,NOT APPLICABLE,1,W,TERMINAL ST,1651,2,NO INDICATION OF INJURY,0,0,0,0,0,2,0,12,4,2,,,
30,NO CONTROLS,NO CONTROLS,RAIN,DAYLIGHT,TURNING,NOT DIVIDED,STRAIGHT AND LEVEL,WET,NO DEFECTS,NOT ON SCENE (DESK REPORT),NO INJURY / DRIVE AWAY,,,"OVER $1,500",08/25/2022 08:30:00 AM,FAILING TO YIELD RIGHT-OF-WAY,"VISION OBSCURED (SIGNS, TREE LIMBS, BUILDINGS, ETC.)",4909,W,DIVISION ST,1531,2,NO INDICATION OF INJURY,0,0,0,0,0,4,0,8,5,8,41.902212301,-87.74884541,POINT (-87.748845410034 41.90221230099)
5,OTHER REG. SIGN,FUNCTIONING PROPERLY,CLEAR,DAYLIGHT,REAR END,DIVIDED - W/MEDIAN BARRIER,STRAIGHT AND LEVEL,DRY,NO DEFECTS,ON SCENE,NO INJURY / DRIVE AWAY,,,"OVER $1,500",06/23/2018 01:13:00 PM,IMPROPER BACKING,NOT APPLICABLE,8800,S,CHICAGO SKYWAY OB,412,2,NO INDICATION OF INJURY,0,0,0,0,0,2,0,13,7,6,,,
30,TRAFFIC SIGNAL,FUNCTIONING PROPERLY,CLOUDY/OVERCAST,DAYLIGHT,ANGLE,DIVIDED - W/MEDIAN (NOT RAISED),STRAIGHT AND LEVEL,WET,NO DEFECTS,ON SCENE,NO INJURY / DRIVE AWAY,Y,,"OVER $1,500",05/14/2018 11:24:00 AM,FAILING TO YIELD RIGHT-OF-WAY,DISTRACTION - FROM OUTSIDE VEHICLE,501,N,ASHLAND AVE,1215,2,NO INDICATION OF INJURY,0,0,0,0,0,3,0,11,2,5,41.891011447,-87.666996498,POINT (-87.666996498025 41.891011446962)
30,TRAFFIC SIGNAL,FUNCTIONING PROPERLY,CLEAR,"DARKNESS, LIGHTED ROAD",SIDESWIPE SAME DIRECTION,NOT DIVIDED,STRAIGHT AND LEVEL,DRY,NO DEFECTS,ON SCENE,NO INJURY / DRIVE AWAY,,,"OVER $1,500",08/05/2017 10:58:00 PM,IMPROPER OVERTAKING/PASSING,UNABLE TO DETERMINE,3020,E,95TH ST,424,2,NO INDICATION OF INJURY,0,0,0,0,0,2,0,22,7,8,41.722884535,-87.550233388,POINT (-87.550233388046 41.722884535017)
30,NO CONTROLS,NO CONTROLS,CLEAR,DAYLIGHT,ANGLE,ALLEY,STRAIGHT AND LEVEL,DRY,NO DEFECTS,NOT ON SCENE (DESK REPORT),NO INJURY / DRIVE AWAY,,,"OVER $1,500",03/11/2016 03:29:00 PM,UNABLE TO DETERMINE,NOT APPLICABLE,818,N,CAMBRIDGE AVE,1823,2,NO INDICATION OF INJURY,0,0,0,0,0,6,0,15,6,3,41.897127426,-87.641914583,POINT (-87.641914582961 41.897127426022)
15,NO CONTROLS,NO CONTROLS,SNOW,"DARKNESS, LIGHTED ROAD",REAR END,NOT DIVIDED,STRAIGHT AND LEVEL,SNOW OR SLUSH,NO DEFECTS,ON SCENE,NO INJURY / DRIVE AWAY,,Y,"OVER $1,500",01/26/2023 06:50:00 PM,IMPROPER BACKING,UNABLE TO DETERMINE,4201,S,ASHLAND AVE,924,2,NO INDICATION OF INJURY,0,0,0,0,0,2,0,18,5,1,41.817683733,-87.6650402,POINT (-87.665040200043 41.817683733038)
30,TRAFFIC SIGNAL,FUNCTIONING PROPERLY,CLEAR,DARKNESS,PARKED MOTOR VEHICLE,NOT DIVIDED,STRAIGHT AND LEVEL,DRY,NO DEFECTS,ON SCENE,NO INJURY / DRIVE AWAY,,Y,"OVER $1,500",07/25/2021 09:00:00 AM,UNABLE TO DETERMINE,UNABLE TO DETERMINE,1006,N,PULASKI RD,1111,2,NO INDICATION OF INJURY,0,0,0,0,0,1,0,22,7,7,41.899278801,-87.726347979,POINT (-87.726347978977 41.899278800995)
30,NO CONTROLS,NO CONTROLS,RAIN,DARKNESS,SIDESWIPE SAME DIRECTION,NOT DIVIDED,STRAIGHT AND LEVEL,WET,NO DEFECTS,NOT ON SCENE (DESK REPORT),NO INJURY / DRIVE AWAY,,,"OVER $1,500",07/13/2016 09:00:00 PM,IMPROPER LANE USAGE,IMPROPER LANE USAGE,133,E,GRAND AVE,1834,2,NO INDICATION OF INJURY,0,0,0,0,0,2,0,20,4,7,41.891621161,-87.624253929,POINT (-87.624253929022 41.891621161011)
30,STOP SIGN/FLASHER,FUNCTIONING PROPERLY,CLEAR,DAYLIGHT,ANGLE,FOUR WAY,STRAIGHT AND LEVEL,DRY,NO DEFECTS,ON SCENE,INJURY AND / OR TOW DUE TO CRASH,Y,,"OVER $1,500",07/27/2022 04:58:00 PM,FAILING TO YIELD RIGHT-OF-WAY,NOT APPLICABLE,5600,N,ROCKWELL ST,2011,2,NONINCAPACITATING INJURY,4,0,0,4,0,1,0,16,4,7,41.983234951,-87.694452368,POINT (-87.69445236803 41.983234951043)
30,NO CONTROLS,NO CONTROLS,CLEAR,"DARKNESS, LIGHTED ROAD",PARKED MOTOR VEHICLE,DIVIDED - W/MEDIAN (NOT RAISED),STRAIGHT AND LEVEL,DRY,NO DEFECTS,ON SCENE,NO INJURY / DRIVE AWAY,,Y,"OVER $1,500",04/26/2019 11:29:00 PM,UNABLE TO DETERMINE,UNABLE TO DETERMINE,3831,W,55TH ST,822,2,NO INDICATION OF INJURY,0,0,0,0,0,1,0,20,6,4,41.793145531,-87.719541577,POINT (-87.719541576988 41.793145530974)
40,NO CONTROLS,NO CONTROLS,CLEAR,DAYLIGHT,REAR END,DIVIDED - W/MEDIAN BARRIER,STRAIGHT AND LEVEL,DRY,NO DEFECTS,ON SCENE,INJURY AND / OR TOW DUE TO CRASH,,,"OVER $1,500",07/20/2019 06:24:00 AM,FOLLOWING TOO CLOSELY,PHYSICAL CONDITION OF DRIVER,6258,S,LAKE SHORE DR,331,2,NONINCAPACITATING INJURY,1,0,0,1,0,1,0,6,7,7,,,
15,NO CONTROLS,FUNCTIONING PROPERLY,CLEAR,DAYLIGHT,PARKED MOTOR VEHICLE,NOT DIVIDED,STRAIGHT AND LEVEL,SNOW OR SLUSH,NO DEFECTS,ON SCENE,NO INJURY / DRIVE AWAY,,,"OVER $1,500",11/30/2018 03:54:00 PM,IMPROPER OVERTAKING/PASSING,NOT APPLICABLE,2251,W,BELLE PLAINE AVE,1911,2,NO INDICATION OF INJURY,0,0,0,0,0,1,0,15,6,11,41.95577458,-87.685694815,POINT (-87.685694815003 41.955774579985)
30,TRAFFIC SIGNAL,NO CONTROLS,CLEAR,DAYLIGHT,REAR END,DIVIDED - W/MEDIAN (NOT RAISED),STRAIGHT AND LEVEL,DRY,NO DEFECTS,NOT ON SCENE (DESK REPORT),NO INJURY / DRIVE AWAY,Y,,"$501 - $1,500",01/26/2022 08:15:00 AM,FOLLOWING TOO CLOSELY,FAILING TO REDUCE SPEED TO AVOID CRASH,5504,N,HARLEM AVE,1613,2,NO INDICATION OF INJURY,0,0,0,0,0,2,0,7,4,1,,,
55,NO CONTROLS,NO CONTROLS,CLEAR,DAYLIGHT,SIDESWIPE SAME DIRECTION,DIVIDED - W/MEDIAN BARRIER,STRAIGHT AND LEVEL,DRY,NO DEFECTS,ON SCENE,NO INJURY / DRIVE AWAY,,,"OVER $1,500",12/26/2017 10:10:00 AM,FAILING TO YIELD RIGHT-OF-WAY,DRIVING SKILLS/KNOWLEDGE/EXPERIENCE,7800,S,CHICAGO SKYWAY OB,411,2,NO INDICATION OF INJURY,0,0,0,0,0,2,0,10,3,12,,,
30,NO CONTROLS,UNKNOWN,UNKNOWN,UNKNOWN,REAR TO REAR,PARKING LOT,STRAIGHT AND LEVEL,UNKNOWN,UNKNOWN,NOT ON SCENE (DESK REPORT),NO INJURY / DRIVE AWAY,,,"OVER $1,500",05/11/2022 05:35:00 PM,IMPROPER BACKING,UNABLE TO DETERMINE,6014,S,COTTAGE GROVE AVE,313,2,NO INDICATION OF INJURY,0,0,0,0,0,3,0,15,4,5,41.785387445,-87.606183761,POINT (-87.606183761008 41.785387444959)
30,NO CONTROLS,NO CONTROLS,CLEAR,DAYLIGHT,PARKED MOTOR VEHICLE,PARKING LOT,STRAIGHT AND LEVEL,DRY,NO DEFECTS,NOT ON SCENE (DESK REPORT),NO INJURY / DRIVE AWAY,,Y,"$501 - $1,500",06/14/2018 06:25:00 PM,UNABLE TO DETERMINE,UNABLE TO DETERMINE,5500,S,MARYLAND AVE,235,2,NO INDICATION OF INJURY,0,0,0,0,0,1,0,8,4,6,,,
30,TRAFFIC SIGNAL,FUNCTIONING PROPERLY,CLEAR,DAYLIGHT,TURNING,DIVIDED - W/MEDIAN (NOT RAISED),STRAIGHT AND LEVEL,DRY,NO DEFECTS,ON SCENE,NO INJURY / DRIVE AWAY,Y,,"$501 - $1,500",08/07/2018 07:35:00 AM,IMPROPER TURNING/NO SIGNAL,NOT APPLICABLE,2800,N,KIMBALL AVE,1412,2,NO INDICATION OF INJURY,0,0,0,0,0,2,0,7,3,8,,,
30,TRAFFIC SIGNAL,FUNCTIONING PROPERLY,CLEAR,DAYLIGHT,TURNING,DIVIDED - W/MEDIAN (NOT RAISED),STRAIGHT AND LEVEL,DRY,NO DEFECTS,ON SCENE,INJURY AND / OR TOW DUE TO CRASH,Y,,"OVER $1,500",05/15/2018 07:56:00 AM,FAILING TO REDUCE SPEED TO AVOID CRASH,FOLLOWING TOO CLOSELY,3801,W,AUGUSTA BLVD,1112,2,"REPORTED, NOT EVIDENT",5,0,0,0,5,0,0,7,3,5,41.898953023,-87.721373141,POINT (-87.721373140994 41.898953023039)
10,NO CONTROLS,NO CONTROLS,RAIN,"DARKNESS, LIGHTED ROAD",FIXED OBJECT,PARKING LOT,STRAIGHT AND LEVEL,WET,NO DEFECTS,ON SCENE,NO INJURY / DRIVE AWAY,,,"OVER $1,500",04/20/2020 09:34:00 PM,WEATHER,NOT APPLICABLE,368,E,GARFIELD BLVD,231,1,NO INDICATION OF INJURY,0,0,0,0,0,2,0,21,2,4,41.794908912,-87.616471792,POINT (-87.61647179201 41.794908912028)
30,STOP SIGN/FLASHER,FUNCTIONING PROPERLY,CLOUDY/OVERCAST,DAYLIGHT,TURNING,FOUR WAY,STRAIGHT AND LEVEL,DRY,NO DEFECTS,NOT ON SCENE (DESK REPORT),NO INJURY / DRIVE AWAY,Y,Y,$500 OR LESS,03/31/2023 05:05:00 PM,"VISION OBSCURED (SIGNS, TREE LIMBS, BUILDINGS, ETC.)",IMPROPER OVERTAKING/PASSING,8700,S,HONORE ST,2221,2,NO INDICATION OF INJURY,0,0,0,0,0,2,0,16,6,3,41.735617589,-87.669285839,POINT (-87.669285839025 41.735617589025)
30,TRAFFIC SIGNAL,UNKNOWN,RAIN,"DARKNESS, LIGHTED ROAD",REAR END,DIVIDED - W/MEDIAN (NOT RAISED),STRAIGHT AND LEVEL,WET,UNKNOWN,ON SCENE,NO INJURY / DRIVE AWAY,,,"OVER $1,500",11/27/2022 03:41:00 AM,UNABLE TO DETERMINE,UNABLE TO DETERMINE,8300,S,STONY ISLAND AVE,412,2,NO INDICATION OF INJURY,0,0,0,0,0,3,0,3,1,11,41.744151639,-87.585945067,POINT (-87.585945066953 41.744151639042)
10,NO CONTROLS,NO CONTROLS,CLEAR,DAYLIGHT,FIXED OBJECT,PARKING LOT,STRAIGHT AND LEVEL,DRY,NO DEFECTS,NOT ON SCENE (DESK REPORT),NO INJURY / DRIVE AWAY,,,$500 OR LESS,10/07/2019 03:30:00 PM,NOT APPLICABLE,NOT APPLICABLE,4201,S,ASHLAND AVE,924,2,NO INDICATION OF INJURY,0,0,0,0,0,3,0,14,2,10,41.817683733,-87.6650402,POINT (-87.665040200043 41.817683733038)
20,NO CONTROLS,NO CONTROLS,UNKNOWN,"DARKNESS, LIGHTED ROAD",PARKED MOTOR VEHICLE,PARKING LOT,STRAIGHT AND LEVEL,UNKNOWN,UNKNOWN,ON SCENE,NO INJURY / DRIVE AWAY,,Y,"$501 - $1,500",04/30/2023 06:20:00 PM,UNABLE TO DETERMINE,NOT APPLICABLE,1,W,PARKING LOT B ST,1654,2,NO INDICATION OF INJURY,0,0,0,0,0,1,0,18,1,4,,,
30,NO CONTROLS,NO CONTROLS,RAIN,DAWN,PARKED MOTOR VEHICLE,NOT DIVIDED,STRAIGHT AND LEVEL,WET,UNKNOWN,NOT ON SCENE (DESK REPORT),NO INJURY / DRIVE AWAY,,Y,"$501 - $1,500",05/13/2019 10:22:00 AM,UNABLE TO DETERMINE,UNABLE TO DETERMINE,2421,E,84TH ST,423,2,NO INDICATION OF INJURY,0,0,0,0,0,1,0,6,2,5,41.742546491,-87.56519235,POINT (-87.565192350013 41.742546490995)
30,NO CONTROLS,NO CONTROLS,CLOUDY/OVERCAST,DAWN,SIDESWIPE SAME DIRECTION,DIVIDED - W/MEDIAN (NOT RAISED),STRAIGHT AND LEVEL,DRY,UNKNOWN,NOT ON SCENE (DESK REPORT),NO INJURY / DRIVE AWAY,,Y,"OVER $1,500",03/01/2017 08:00:00 AM,DRIVING ON WRONG SIDE/WRONG WAY,DRIVING SKILLS/KNOWLEDGE/EXPERIENCE,10030,S,VINCENNES AVE,2213,2,NO INDICATION OF INJURY,0,0,0,0,0,2,0,7,4,3,,,
55,NO CONTROLS,NO CONTROLS,CLEAR,DAYLIGHT,REAR END,ONE-WAY,STRAIGHT AND LEVEL,DRY,NO DEFECTS,ON SCENE,NO INJURY / DRIVE AWAY,,,"$501 - $1,500",03/24/2019 03:10:00 PM,FOLLOWING TOO CLOSELY,FAILING TO REDUCE SPEED TO AVOID CRASH,9700,W,KENNEDY EXPY IB,1654,2,NO INDICATION OF INJURY,0,0,0,0,0,2,0,15,1,3,,,
30,NO CONTROLS,NO CONTROLS,CLEAR,DAYLIGHT,PARKED MOTOR VEHICLE,NOT DIVIDED,STRAIGHT AND LEVEL,DRY,NO DEFECTS,NOT ON SCENE (DESK REPORT),NO INJURY / DRIVE AWAY,,Y,"OVER $1,500",02/07/2022 08:00:00 PM,UNABLE TO DETERMINE,UNABLE TO DETERMINE,2532,E,71ST ST,334,2,NO INDICATION OF INJURY,0,0,0,0,0,1,0,6,2,1,,,
5,NO CONTROLS,NO CONTROLS,CLEAR,DARKNESS,REAR END,DIVIDED - W/MEDIAN BARRIER,STRAIGHT AND LEVEL,DRY,NO DEFECTS,ON SCENE,NO INJURY / DRIVE AWAY,,,$500 OR LESS,08/08/2017 11:57:00 PM,IMPROPER BACKING,FOLLOWING TOO CLOSELY,8800,S,CHICAGO SKYWAY OB,412,2,NO INDICATION OF INJURY,0,0,0,0,0,2,0,23,3,8,,,
15,NO CONTROLS,NO CONTROLS,CLEAR,UNKNOWN,PARKED MOTOR VEHICLE,PARKING LOT,STRAIGHT AND LEVEL,DRY,NO DEFECTS,ON SCENE,NO INJURY / DRIVE AWAY,,Y,"OVER $1,500",07/19/2019 11:00:00 AM,UNABLE TO DETERMINE,UNABLE TO DETERMINE,1,W,PARKING LOT E ST,1654,3,NO INDICATION OF INJURY,0,0,0,0,0,1,0,11,6,7,,,
30,UNKNOWN,UNKNOWN,CLEAR,"DARKNESS, LIGHTED ROAD",FIXED OBJECT,NOT DIVIDED,STRAIGHT AND LEVEL,DRY,NO DEFECTS,ON SCENE,INJURY AND / OR TOW DUE TO CRASH,,,"OVER $1,500",05/26/2020 12:40:00 AM,TEXTING,NOT APPLICABLE,4528,W,JACKSON BLVD,1113,2,NO INDICATION OF INJURY,0,0,0,0,0,1,0,0,3,5,41.877031984,-87.738968902,POINT (-87.738968902008 41.877031984042)
30,TRAFFIC SIGNAL,FUNCTIONING PROPERLY,CLEAR,DAYLIGHT,TURNING,"FIVE POINT, OR MORE",STRAIGHT AND LEVEL,DRY,UNKNOWN,NOT ON SCENE (DESK REPORT),INJURY AND / OR TOW DUE TO CRASH,Y,,"OVER $1,500",01/24/2021 04:07:00 PM,UNABLE TO DETERMINE,UNABLE TO DETERMINE,3632,W,GRAND AVE,2535,2,NONINCAPACITATING INJURY,2,0,0,1,1,2,0,16,1,1,41.902815701,-87.717648644,POINT (-87.717648643968 41.902815700998)
35,TRAFFIC SIGNAL,FUNCTIONING PROPERLY,CLEAR,"DARKNESS, LIGHTED ROAD",ANGLE,DIVIDED - W/MEDIAN BARRIER,STRAIGHT AND LEVEL,DRY,NO DEFECTS,ON SCENE,INJURY AND / OR TOW DUE TO CRASH,Y,,"OVER $1,500",11/26/2017 08:59:00 PM,UNABLE TO DETERMINE,NOT APPLICABLE,5500,S,WENTWORTH AVE,225,2,"REPORTED, NOT EVIDENT",2,0,0,0,2,1,0,20,1,11,,,
30,NO CONTROLS,NO CONTROLS,CLEAR,"DARKNESS, LIGHTED ROAD",FIXED OBJECT,NOT DIVIDED,STRAIGHT AND LEVEL,DRY,NO DEFECTS,ON SCENE,INJURY AND / OR TOW DUE TO CRASH,,,"OVER $1,500",03/08/2023 08:06:00 PM,IMPROPER TURNING/NO SIGNAL,UNABLE TO DETERMINE,6598,W,GRAND AVE,2512,1,NO INDICATION OF INJURY,0,0,0,0,0,2,0,20,4,3,,,
30,NO CONTROLS,NO CONTROLS,UNKNOWN,UNKNOWN,PARKED MOTOR VEHICLE,ONE-WAY,STRAIGHT AND LEVEL,UNKNOWN,UNKNOWN,NOT ON SCENE (DESK REPORT),NO INJURY / DRIVE AWAY,,Y,"$501 - $1,500",09/08/2021 04:00:00 PM,UNABLE TO DETERMINE,UNABLE TO DETERMINE,4257,S,DR MARTIN LUTHER KING JR SD,214,2,NO INDICATION OF INJURY,0,0,0,0,0,1,0,12,3,9,,,
25,NO CONTROLS,NO CONTROLS,CLEAR,DAYLIGHT,REAR TO FRONT,ONE-WAY,STRAIGHT AND LEVEL,DRY,NO DEFECTS,ON SCENE,NO INJURY / DRIVE AWAY,,,"OVER $1,500",01/19/2022 08:23:00 AM,IMPROPER BACKING,NOT APPLICABLE,1547,N,PARKSIDE AVE,2531,2,NO INDICATION OF INJURY,0,0,0,0,0,3,0,8,4,1,41.908980328,-87.766961055,POINT (-87.766961054983 41.908980327972)
30,UNKNOWN,UNKNOWN,UNKNOWN,UNKNOWN,PARKED MOTOR VEHICLE,ONE-WAY,STRAIGHT AND LEVEL,UNKNOWN,UNKNOWN,NOT ON SCENE (DESK REPORT),NO INJURY / DRIVE AWAY,,Y,"$501 - $1,500",06/26/2023 01:26:00 PM,UNABLE TO DETERMINE,UNABLE TO DETERMINE,874,W,BUCKINGHAM PL,1924,2,NO INDICATION OF INJURY,0,0,0,0,0,1,0,8,2,6,41.942781331,-87.652070505,POINT (-87.652070505027 41.942781331047)
30,NO CONTROLS,NO CONTROLS,CLEAR,DAYLIGHT,PARKED MOTOR VEHICLE,OTHER,STRAIGHT AND LEVEL,DRY,NO DEFECTS,NOT ON SCENE (DESK REPORT),NO INJURY / DRIVE AWAY,,,"OVER $1,500",01/10/2022 06:53:00 PM,DRIVING SKILLS/KNOWLEDGE/EXPERIENCE,UNABLE TO DETERMINE,7218,S,CENTRAL PARK AVE,833,2,NO INDICATION OF INJURY,0,0,0,0,0,1,0,10,2,1,41.761817075,-87.712892944,POINT (-87.712892944039 41.761817074966)
30,NO CONTROLS,NO CONTROLS,CLEAR,DAYLIGHT,SIDESWIPE SAME DIRECTION,DIVIDED - W/MEDIAN (NOT RAISED),STRAIGHT AND LEVEL,DRY,NO DEFECTS,ON SCENE,INJURY AND / OR TOW DUE TO CRASH,,,"OVER $1,500",09/11/2019 03:41:00 PM,IMPROPER OVERTAKING/PASSING,NOT APPLICABLE,4101,W,DEVON AVE,1711,2,NO INDICATION OF INJURY,0,0,0,0,0,2,0,15,4,9,41.997131725,-87.731397698,POINT (-87.731397698024 41.997131724976)
15,NO CONTROLS,NO CONTROLS,CLEAR,DAYLIGHT,SIDESWIPE OPPOSITE DIRECTION,PARKING LOT,STRAIGHT AND LEVEL,DRY,NO DEFECTS,ON SCENE,NO INJURY / DRIVE AWAY,,,"OVER $1,500",06/16/2022 02:15:00 PM,UNABLE TO DETERMINE,UNABLE TO DETERMINE,800,W,OHARE ST,1654,2,NO INDICATION OF INJURY,0,0,0,0,0,2,0,14,5,6,,,
25,NO CONTROLS,NO CONTROLS,CLOUDY/OVERCAST,DAYLIGHT,PARKED MOTOR VEHICLE,ONE-WAY,STRAIGHT AND LEVEL,WET,NO DEFECTS,ON SCENE,NO INJURY / DRIVE AWAY,,,$500 OR LESS,03/27/2018 09:12:00 AM,UNABLE TO DETERMINE,NOT APPLICABLE,4331,S,DR MARTIN LUTHER KING JR SD,221,2,NO INDICATION OF INJURY,0,0,0,0,0,2,0,9,3,3,,,