POSTED_SPEED_LIMIT,TRAFFIC_CONTROL_DEVICE,DEVICE_CONDITION,WEATHER_CONDITION,LIGHTING_CONDITION,FIRST_CRASH_TYPE,TRAFFICWAY_TYPE,ALIGNMENT,ROADWAY_SURFACE_COND,ROAD_DEFECT,REPORT_TYPE,CRASH_TYPE,INTERSECTION_RELATED_I,HIT_AND_RUN_I,DAMAGE,DATE_POLICE_NOTIFIED,PRIM_CONTRIBUTORY_CAUSE,SEC_CONTRIBUTORY_CAUSE,STREET_NO,STREET_DIRECTION,STREET_NAME,BEAT_OF_OCCURRENCE,NUM_UNITS,MOST_SEVERE_INJURY,INJURIES_TOTAL,INJURIES_FATAL,INJURIES_INCAPACITATING,INJURIES_NON_INCAPACITATING,INJURIES_REPORTED_NOT_EVIDENT,INJURIES_NO_INDICATION,INJURIES_UNKNOWN,CRASH_HOUR,CRASH_DAY_OF_WEEK,CRASH_MONTH,LATITUDE,LONGITUDE,LOCATION
30,TRAFFIC SIGNAL,UNKNOWN,CLEAR,"DARKNESS, LIGHTED ROAD",REAR END,NOT DIVIDED,STRAIGHT AND LEVEL,DRY,UNKNOWN,NOT ON SCENE (DESK REPORT),NO INJURY / DRIVE AWAY,,Y,"OVER $1,500",07/10/2023 10:05:00 PM,UNABLE TO DETERMINE,UNABLE TO DETERMINE,1199,N,STATE ST,1824,2,NO INDICATION OF INJURY,0,0,0,0,0,2,0,21,2,7,41.903902732,-87.628531494,POINT (-87.628531494008 41.903902731961)
30,TRAFFIC SIGNAL,FUNCTIONING PROPERLY,CLEAR,DAYLIGHT,REAR END,NOT DIVIDED,STRAIGHT AND LEVEL,DRY,NO DEFECTS,ON SCENE,INJURY AND / OR TOW DUE TO CRASH,,,"OVER $1,500",08/21/2022 12:58:00 PM,FOLLOWING TOO CLOSELY,NOT APPLICABLE,5331,N,ELSTON AVE,1621,2,NO INDICATION OF INJURY,0,0,0,0,0,3,0,12,1,8,41.978263713,-87.756423992,POINT (-87.756423991973 41.978263713006)
30,STOP SIGN/FLASHER,FUNCTIONING PROPERLY,CLEAR,"DARKNESS, LIGHTED ROAD",ANGLE,NOT DIVIDED,STRAIGHT AND LEVEL,DRY,NO DEFECTS,NOT ON SCENE (DESK REPORT),NO INJURY / DRIVE AWAY,Y,,"$501 - $1,500",01/17/2020 06:45:00 AM,FAILING TO YIELD RIGHT-OF-WAY,NOT APPLICABLE,6000,W,GRAND AVE,2512,2,NO INDICATION OF INJURY,0,0,0,0,0,3,0,6,6,1,41.920676631,-87.775630269,POINT (-87.775630269041 41.920676630982)
30,STOP SIGN/FLASHER,FUNCTIONING PROPERLY,RAIN,DAYLIGHT,TURNING,NOT DIVIDED,STRAIGHT AND LEVEL,WET,NO DEFECTS,ON SCENE,INJURY AND / OR TOW DUE TO CRASH,Y,,"OVER $1,500",10/11/2019 11:49:00 AM,FOLLOWING TOO CLOSELY,FOLLOWING TOO CLOSELY,3700,N,CICERO AVE,1634,2,NO INDICATION OF INJURY,0,0,0,0,0,2,0,11,6,10,41.947988017,-87.747288494,POINT (-87.747288493953 41.947988016986)
10,NO CONTROLS,NO CONTROLS,SNOW,DAYLIGHT,FIXED OBJECT,ALLEY,STRAIGHT AND LEVEL,SNOW OR SLUSH,NO DEFECTS,ON SCENE,NO INJURY / DRIVE AWAY,,,"$501 - $1,500",02/13/2020 08:48:00 AM,WEATHER,NOT APPLICABLE,7845,S,ABERDEEN ST,612,1,NO INDICATION OF INJURY,0,0,0,0,0,1,0,8,5,2,41.751021306,-87.651180491,POINT (-87.651180490957 41.751021306041)
30,TRAFFIC SIGNAL,FUNCTIONING PROPERLY,RAIN,"DARKNESS, LIGHTED ROAD",TURNING,DIVIDED - W/MEDIAN (NOT RAISED),STRAIGHT AND LEVEL,WET,NO DEFECTS,ON SCENE,NO INJURY / DRIVE AWAY,,,"$501 - $1,500",11/02/2017 05:17:00 PM,IMPROPER TURNING/NO SIGNAL,FAILING TO YIELD RIGHT-OF-WAY,757,N,FAIRBANKS CT,1833,2,NO INDICATION OF INJURY,0,0,0,0,0,3,0,17,5,11,41.896737923,-87.620221354,POINT (-87.620221354034 41.896737923045)
20,NO CONTROLS,NO CONTROLS,CLEAR,DAYLIGHT,REAR END,ONE-WAY,STRAIGHT ON GRADE,DRY,NO DEFECTS,NOT ON SCENE (DESK REPORT),NO INJURY / DRIVE AWAY,,Y,"$501 - $1,500",02/05/2023 02:50:00 PM,IMPROPER OVERTAKING/PASSING,IMPROPER OVERTAKING/PASSING,3736,W,65TH PL,833,2,NO INDICATION OF INJURY,0,0,0,0,0,3,0,17,7,2,41.774303903,-87.716785853,POINT (-87.716785853015 41.774303902962)
30,NO CONTROLS,NO CONTROLS,CLEAR,DAYLIGHT,SIDESWIPE SAME DIRECTION,ONE-WAY,STRAIGHT ON GRADE,DRY,UNKNOWN,ON SCENE,NO INJURY / DRIVE AWAY,,,"$501 - $1,500",02/19/2021 03:21:00 PM,UNABLE TO DETERMINE,NOT APPLICABLE,4735,S,WENTWORTH AVE,224,2,NO INDICATION OF INJURY,0,0,0,0,0,2,0,15,6,2,41.808153347,-87.630729565,POINT (-87.630729564986 41.808153347008)
30,TRAFFIC SIGNAL,FUNCTIONING PROPERLY,CLEAR,"DARKNESS, LIGHTED ROAD",TURNING,NOT DIVIDED,STRAIGHT AND LEVEL,UNKNOWN,UNKNOWN,NOT ON SCENE (DESK REPORT),NO INJURY / DRIVE AWAY,Y,,"OVER $1,500",12/22/2015 08:30:00 PM,UNABLE TO DETERMINE,UNABLE TO DETERMINE,7199,W,ARCHER AVE,811,2,NO INDICATION OF INJURY,0,0,0,0,0,3,0,19,3,12,,,
30,TRAFFIC SIGNAL,FUNCTIONING PROPERLY,CLEAR,"DARKNESS, LIGHTED ROAD",REAR END,FOUR WAY,STRAIGHT AND LEVEL,DRY,NO DEFECTS,ON SCENE,NO INJURY / DRIVE AWAY,,Y,$500 OR LESS,01/22/2022 06:21:00 PM,UNABLE TO DETERMINE,UNABLE TO DETERMINE,8301,S,CICERO AVE,834,2,NO INDICATION OF INJURY,0,0,0,0,0,3,0,18,7,1,41.741803599,-87.740953582,POINT (-87.740953581987 41.741803598989)
30,NO CONTROLS,NO CONTROLS,SNOW,DAYLIGHT,REAR END,DIVIDED - W/MEDIAN (NOT RAISED),STRAIGHT AND LEVEL,SNOW OR SLUSH,NO DEFECTS,NOT ON SCENE (DESK REPORT),NO INJURY / DRIVE AWAY,,,"$501 - $1,500",12/16/2016 04:40:00 PM,UNABLE TO DETERMINE,NOT APPLICABLE,4909,W,DIVISION ST,1531,3,NO INDICATION OF INJURY,0,0,0,0,0,6,0,15,6,12,41.902212301,-87.74884541,POINT (-87.748845410034 41.90221230099)
30,TRAFFIC SIGNAL,FUNCTIONING PROPERLY,CLEAR,DAYLIGHT,SIDESWIPE SAME DIRECTION,DIVIDED - W/MEDIAN BARRIER,STRAIGHT AND LEVEL,DRY,NO DEFECTS,NOT ON SCENE (DESK REPORT),NO INJURY / DRIVE AWAY,,,$500 OR LESS,03/18/2016 10:20:00 AM,IMPROPER LANE USAGE,UNABLE TO DETERMINE,9505,S,HALSTED ST,2223,2,NO INDICATION OF INJURY,0,0,0,0,0,2,0,9,6,3,41.721256457,-87.643062482,POINT (-87.643062482016 41.72125645696)
30,NO CONTROLS,NO CONTROLS,CLEAR,DAYLIGHT,SIDESWIPE SAME DIRECTION,ONE-WAY,STRAIGHT AND LEVEL,DRY,UNKNOWN,NOT ON SCENE (DESK REPORT),NO INJURY / DRIVE AWAY,,,"OVER $1,500",07/02/2021 08:05:00 PM,IMPROPER LANE USAGE,UNABLE TO DETERMINE,517,W,OHARE ST,1654,2,NO INDICATION OF INJURY,0,0,0,0,0,2,0,20,6,7,,,
30,STOP SIGN/FLASHER,FUNCTIONING PROPERLY,OTHER,"DARKNESS, LIGHTED ROAD",FIXED OBJECT,ONE-WAY,STRAIGHT AND LEVEL,WET,WORN SURFACE,ON SCENE,INJURY AND / OR TOW DUE TO CRASH,Y,,"OVER $1,500",07/22/2018 01:25:00 AM,UNDER THE INFLUENCE OF ALCOHOL/DRUGS (USE WHEN ARREST IS EFFECTED),PHYSICAL CONDITION OF DRIVER,6001,S,YALE AVE,711,1,NO INDICATION OF INJURY,0,0,0,0,0,1,0,1,1,7,,,
30,NO CONTROLS,FUNCTIONING PROPERLY,CLEAR,"DARKNESS, LIGHTED ROAD",REAR END,NOT DIVIDED,STRAIGHT AND LEVEL,DRY,NO DEFECTS,NOT ON SCENE (DESK REPORT),NO INJURY / DRIVE AWAY,,Y,"$501 - $1,500",03/08/2022 11:25:00 PM,UNABLE TO DETERMINE,UNABLE TO DETERMINE,13000,S,STONY ISLAND AVE,434,3,NO INDICATION OF INJURY,0,0,0,0,0,3,0,22,3,3,,,
30,NO CONTROLS,NO CONTROLS,CLEAR,DAYLIGHT,ANGLE,NOT DIVIDED,STRAIGHT AND LEVEL,UNKNOWN,UNKNOWN,NOT ON SCENE (DESK REPORT),NO INJURY / DRIVE AWAY,,,"OVER $1,500",12/02/2019 01:30:00 PM,"VISION OBSCURED (SIGNS, TREE LIMBS, BUILDINGS, ETC.)",UNABLE TO DETERMINE,2305,W,47TH ST,931,2,NO INDICATION OF INJURY,0,0,0,0,0,2,0,12,2,12,41.808320647,-87.682240771,POINT (-87.68224077098 41.808320646996)
30,NO CONTROLS,NO CONTROLS,SNOW,DAYLIGHT,SIDESWIPE SAME DIRECTION,DIVIDED - W/MEDIAN (NOT RAISED),STRAIGHT AND LEVEL,SNOW OR SLUSH,NO DEFECTS,ON SCENE,INJURY AND / OR TOW DUE TO CRASH,N,Y,"OVER $1,500",01/24/2019 03:37:00 PM,UNABLE TO DETERMINE,WEATHER,10222,S,WESTERN AVE,2211,3,NO INDICATION OF INJURY,0,0,0,0,0,3,0,15,5,1,41.707483157,-87.681801977,POINT (-87.681801977018 41.707483157008)
35,NO CONTROLS,NO CONTROLS,CLEAR,DAYLIGHT,SIDESWIPE SAME DIRECTION,OTHER,STRAIGHT AND LEVEL,DRY,NO DEFECTS,ON SCENE,NO INJURY / DRIVE AWAY,,,"OVER $1,500",09/30/2019 01:23:00 PM,UNABLE TO DETERMINE,NOT APPLICABLE,1,W,TERMINAL ST,1651,3,NO INDICATION OF INJURY,0,0,0,0,0,2,0,13,2,9,,,
30,NO CONTROLS,NO CONTROLS,CLEAR,DAYLIGHT,SIDESWIPE SAME DIRECTION,NOT DIVIDED,STRAIGHT AND LEVEL,DRY,NO DEFECTS,ON SCENE,NO INJURY / DRIVE AWAY,,,"OVER $1,500",10/28/2020 03:06:00 PM,FAILING TO YIELD RIGHT-OF-WAY,NOT APPLICABLE,9320,S,SOUTH CHICAGO AVE,424,2,NO INDICATION OF INJURY,0,0,0,0,0,2,0,14,4,10,41.725902846,-87.550234673,POINT (-87.550234672966 41.72590284604)
30,OTHER,FUNCTIONING PROPERLY,SNOW,DAWN,REAR END,DRIVEWAY,STRAIGHT AND LEVEL,SNOW OR SLUSH,NO DEFECTS,ON SCENE,INJURY AND / OR TOW DUE TO CRASH,,,"OVER $1,500",12/11/2019 07:29:00 AM,UNABLE TO DETERMINE,UNABLE TO DETERMINE,1,W,PARKING LOT A ST,1654,2,NONINCAPACITATING INJURY,1,0,0,1,0,1,0,7,4,12,,,
30,NO CONTROLS,NO CONTROLS,CLEAR,DAYLIGHT,ANGLE,CENTER TURN LANE,STRAIGHT AND LEVEL,DRY,NO DEFECTS,NOT ON SCENE (DESK REPORT),NO INJURY / DRIVE AWAY,,,"$501 - $1,500",04/10/2018 09:45:00 AM,FAILING TO YIELD RIGHT-OF-WAY,"VISION OBSCURED (SIGNS, TREE LIMBS, BUILDINGS, ETC.)",2401,W,ROOSEVELT RD,1023,2,NO INDICATION OF INJURY,0,0,0,0,0,2,0,9,3,4,41.866501191,-87.686157599,POINT (-87.686157599021 41.866501191036)
30,UNKNOWN,FUNCTIONING PROPERLY,CLEAR,"DARKNESS, LIGHTED ROAD",PARKED MOTOR VEHICLE,NOT DIVIDED,STRAIGHT ON GRADE,DRY,NO DEFECTS,ON SCENE,NO INJURY / DRIVE AWAY,,Y,$500 OR LESS,08/20/2022 12:15:00 AM,UNABLE TO DETERMINE,NOT APPLICABLE,739,W,FULTON MARKET,1214,2,NO INDICATION OF INJURY,0,0,0,0,0,1,0,0,7,8,41.886687949,-87.647384132,POINT (-87.647384131967 41.886687949044)
30,NO CONTROLS,NO CONTROLS,UNKNOWN,DAYLIGHT,PARKED MOTOR VEHICLE,ONE-WAY,STRAIGHT AND LEVEL,UNKNOWN,UNKNOWN,NOT ON SCENE (DESK REPORT),NO INJURY / DRIVE AWAY,,Y,"$501 - $1,500",06/01/2018 06:40:00 AM,UNABLE TO DETERMINE,UNABLE TO DETERMINE,820,W,84TH ST,613,2,NO INDICATION OF INJURY,0,0,0,0,0,1,0,18,5,5,41.741626096,-87.644703324,POINT (-87.644703324031 41.741626096015)
15,NO CONTROLS,NO CONTROLS,CLEAR,DAYLIGHT,REAR END,ONE-WAY,STRAIGHT AND LEVEL,DRY,NO DEFECTS,NOT ON SCENE (DESK REPORT),NO INJURY / DRIVE AWAY,,Y,"OVER $1,500",05/10/2019 11:33:00 AM,FOLLOWING TOO CLOSELY,FOLLOWING TOO CLOSELY,3,W,TERMINAL ST,1653,2,NO INDICATION OF INJURY,0,0,0,0,0,2,0,6,6,5,,,
30,TRAFFIC SIGNAL,UNKNOWN,CLEAR,"DARKNESS, LIGHTED ROAD",REAR END,NOT DIVIDED,STRAIGHT AND LEVEL,DRY,UNKNOWN,NOT ON SCENE (DESK REPORT),NO INJURY / DRIVE AWAY,,Y,$500 OR LESS,05/17/2021 09:30:00 PM,UNABLE TO DETERMINE,UNABLE TO DETERMINE,2495,N,MILWAUKEE AVE,1414,2,NO INDICATION OF INJURY,0,0,0,0,0,2,0,21,2,5,41.926760067,-87.703402976,POINT (-87.703402976016 41.926760066958)
30,NO CONTROLS,NO CONTROLS,CLEAR,DAYLIGHT,SIDESWIPE SAME DIRECTION,ONE-WAY,STRAIGHT AND LEVEL,DRY,NO DEFECTS,ON SCENE,INJURY AND / OR TOW DUE TO CRASH,,Y,"OVER $1,500",02/01/2020 10:20:00 AM,FAILING TO YIELD RIGHT-OF-WAY,NOT APPLICABLE,10155,W,KENNEDY EXPY IB,1654,2,NO INDICATION OF INJURY,0,0,0,0,0,3,0,10,7,2,,,
15,NO CONTROLS,NO CONTROLS,CLEAR,DAYLIGHT,PARKED MOTOR VEHICLE,PARKING LOT,STRAIGHT AND LEVEL,DRY,NO DEFECTS,NOT ON SCENE (DESK REPORT),NO INJURY / DRIVE AWAY,,Y,"$501 - $1,500",07/20/2021 04:19:00 PM,UNABLE TO DETERMINE,UNABLE TO DETERMINE,6014,S,COTTAGE GROVE AVE,313,2,NO INDICATION OF INJURY,0,0,0,0,0,1,0,12,3,7,41.785387445,-87.606183761,POINT (-87.606183761008 41.785387444959)
30,NO CONTROLS,NO CONTROLS,SNOW,DARKNESS,PARKED MOTOR VEHICLE,ONE-WAY,STRAIGHT AND LEVEL,SNOW OR SLUSH,NO DEFECTS,ON SCENE,NO INJURY / DRIVE AWAY,Y,,$500 OR LESS,01/02/2022 07:56:00 PM,UNABLE TO DETERMINE,UNABLE TO DETERMINE,3599,W,44TH ST,821,2,NO INDICATION OF INJURY,0,0,0,0,0,1,0,19,1,1,,,
15,NO CONTROLS,NO CONTROLS,RAIN,DUSK,OTHER OBJECT,OTHER,STRAIGHT ON GRADE,WET,UNKNOWN,ON SCENE,INJURY AND / OR TOW DUE TO CRASH,,,"$501 - $1,500",03/16/2023 10:52:00 PM,UNABLE TO DETERMINE,UNABLE TO DETERMINE,11,W,OHARE ST,1654,1,NO INDICATION OF INJURY,0,0,0,0,0,1,0,22,5,3,,,
30,NO CONTROLS,NO CONTROLS,CLEAR,DAYLIGHT,SIDESWIPE SAME DIRECTION,DIVIDED - W/MEDIAN BARRIER,STRAIGHT AND LEVEL,DRY,NO DEFECTS,NOT ON SCENE (DESK REPORT),NO INJURY / DRIVE AWAY,,Y,$500 OR LESS,08/19/2016 10:20:00 AM,IMPROPER LANE USAGE,UNABLE TO DETERMINE,205,N,COLUMBUS DR,114,2,NO INDICATION OF INJURY,0,0,0,0,0,2,0,8,6,8,41.886070174,-87.620536589,POINT (-87.620536589034 41.88607017398)
15,NO CONTROLS,NO CONTROLS,CLEAR,DAYLIGHT,PARKED MOTOR VEHICLE,ONE-WAY,STRAIGHT AND LEVEL,DRY,NO DEFECTS,NOT ON SCENE (DESK REPORT),NO INJURY / DRIVE AWAY,,Y,"$501 - $1,500",04/27/2018 01:50:00 PM,UNABLE TO DETERMINE,NOT APPLICABLE,315,N,LOTUS AVE,1523,2,NO INDICATION OF INJURY,0,0,0,0,0,1,0,13,6,4,41.886257522,-87.761604114,POINT (-87.761604114009 41.886257521993)
30,TRAFFIC SIGNAL,FUNCTIONING PROPERLY,SNOW,DAYLIGHT,TURNING,T-INTERSECTION,STRAIGHT AND LEVEL,SNOW OR SLUSH,NO DEFECTS,ON SCENE,INJURY AND / OR TOW DUE TO CRASH,Y,,"OVER $1,500",01/24/2022 07:44:00 AM,DISTRACTION - FROM OUTSIDE VEHICLE,WEATHER,1502,S,CLARK ST,131,2,NONINCAPACITATING INJURY,1,0,0,1,0,3,0,7,2,1,41.861779653,-87.630395592,POINT (-87.630395591955 41.861779652985)
25,NO CONTROLS,NO CONTROLS,UNKNOWN,DAYLIGHT,PEDESTRIAN,NOT DIVIDED,STRAIGHT AND LEVEL,UNKNOWN,UNKNOWN,NOT ON SCENE (DESK REPORT),NO INJURY / DRIVE AWAY,,Y,"$501 - $1,500",05/20/2021 08:30:00 PM,FAILING TO YIELD RIGHT-OF-WAY,UNABLE TO DETERMINE,2941,E,88TH ST,423,2,NO INDICATION OF INJURY,0,0,0,0,0,2,0,10,3,5,41.735435102,-87.552536335,POINT (-87.552536334961 41.735435102046)
30,TRAFFIC SIGNAL,FUNCTIONING PROPERLY,CLEAR,DAYLIGHT,TURNING,DIVIDED - W/MEDIAN BARRIER,STRAIGHT AND LEVEL,DRY,NO DEFECTS,ON SCENE,INJURY AND / OR TOW DUE TO CRASH,Y,Y,"OVER $1,500",08/23/2021 01:14:00 PM,DISREGARDING TRAFFIC SIGNALS,FAILING TO REDUCE SPEED TO AVOID CRASH,343,N,LOWER COLUMBUS DR,114,2,NONINCAPACITATING INJURY,1,0,0,1,0,2,0,12,2,8,,,
20,STOP SIGN/FLASHER,FUNCTIONING PROPERLY,CLEAR,DARKNESS,OTHER OBJECT,ONE-WAY,STRAIGHT AND LEVEL,DRY,NO DEFECTS,ON SCENE,NO INJURY / DRIVE AWAY,,,"OVER $1,500",06/25/2020 02:35:00 AM,UNABLE TO DETERMINE,NOT APPLICABLE,601,W,OHARE ST,1651,1,NO INDICATION OF INJURY,0,0,0,0,0,1,0,2,5,6,,,
30,NO CONTROLS,NO CONTROLS,CLEAR,DAYLIGHT,FIXED OBJECT,NOT DIVIDED,STRAIGHT AND LEVEL,DRY,NO DEFECTS,NOT ON SCENE (DESK REPORT),NO INJURY / DRIVE AWAY,,,"$501 - $1,500",05/18/2018 09:15:00 AM,NOT APPLICABLE,NOT APPLICABLE,248,N,COLUMBUS DR,114,1,NO INDICATION OF INJURY,0,0,0,0,0,1,0,12,1,5,41.886733709,-87.620844034,POINT (-87.620844033959 41.886733708957)
20,LANE USE MARKING,FUNCTIONING PROPERLY,CLEAR,DAYLIGHT,SIDESWIPE SAME DIRECTION,OTHER,STRAIGHT AND LEVEL,DRY,NO DEFECTS,ON SCENE,NO INJURY / DRIVE AWAY,Y,,"OVER $1,500",11/18/2018 06:55:00 AM,IMPROPER LANE USAGE,DRIVING SKILLS/KNOWLEDGE/EXPERIENCE,3,W,TERMINAL ST,1653,2,NO INDICATION OF INJURY,0,0,0,0,0,2,0,6,1,11,,,
20,NO CONTROLS,NO CONTROLS,UNKNOWN,UNKNOWN,PARKED MOTOR VEHICLE,PARKING LOT,STRAIGHT AND LEVEL,UNKNOWN,UNKNOWN,ON SCENE,NO INJURY / DRIVE AWAY,,N,"$501 - $1,500",02/27/2020 08:25:00 PM,UNABLE TO DETERMINE,NOT APPLICABLE,1,W,PARKING LOT G ST,1654,2,NO INDICATION OF INJURY,0,0,0,0,0,1,0,20,5,2,,,
30,NO CONTROLS,NO CONTROLS,CLEAR,"DARKNESS, LIGHTED ROAD",PARKED MOTOR VEHICLE,NOT DIVIDED,STRAIGHT AND LEVEL,DRY,UNKNOWN,,INJURY AND / OR TOW DUE TO CRASH,,,"OVER $1,500",10/26/2019 03:55:00 AM,UNDER THE INFLUENCE OF ALCOHOL/DRUGS (USE WHEN ARREST IS EFFECTED),UNABLE TO DETERMINE,6040,W,FULLERTON AVE,2512,2,NO INDICATION OF INJURY,0,0,0,0,0,1,0,3,7,10,41.923910668,-87.777386127,POINT (-87.777386127036 41.923910667953)
30,NO CONTROLS,NO CONTROLS,CLEAR,"DARKNESS, LIGHTED ROAD",PARKED MOTOR VEHICLE,NOT DIVIDED,STRAIGHT AND LEVEL,DRY,NO DEFECTS,ON SCENE,NO INJURY / DRIVE AWAY,,Y,"$501 - $1,500",12/06/2018 08:30:00 PM,IMPROPER LANE USAGE,DRIVING SKILLS/KNOWLEDGE/EXPERIENCE,2511,W,DIVERSEY AVE,1411,2,NO INDICATION OF INJURY,0,0,0,0,0,1,0,19,5,12,41.93203524,-87.690864011,POINT (-87.69086401095 41.932035239995)
30,NO CONTROLS,NO CONTROLS,CLEAR,DUSK,SIDESWIPE SAME DIRECTION,DIVIDED - W/MEDIAN (NOT RAISED),STRAIGHT AND LEVEL,DRY,NO DEFECTS,NOT ON SCENE (DESK REPORT),NO INJURY / DRIVE AWAY,,,"OVER $1,500",02/26/2021 06:30:00 PM,UNABLE TO DETERMINE,UNABLE TO DETERMINE,1731,N,LARAMIE AVE,2533,2,NO INDICATION OF INJURY,0,0,0,0,0,2,0,17,6,2,41.912296396,-87.755615534,POINT (-87.755615533983 41.912296396036)
30,NO CONTROLS,NO CONTROLS,CLEAR,DARKNESS,REAR END,NOT DIVIDED,STRAIGHT AND LEVEL,UNKNOWN,UNKNOWN,NOT ON SCENE (DESK REPORT),NO INJURY / DRIVE AWAY,,Y,"$501 - $1,500",03/12/2016 09:15:00 PM,FOLLOWING TOO CLOSELY,UNABLE TO DETERMINE,754,W,79TH ST,621,2,NO INDICATION OF INJURY,0,0,0,0,0,2,0,20,7,3,41.750756265,-87.643816927,POINT (-87.643816927006 41.750756264977)
45,NO CONTROLS,NO CONTROLS,CLEAR,DARKNESS,SIDESWIPE SAME DIRECTION,ONE-WAY,STRAIGHT AND LEVEL,DRY,NO DEFECTS,ON SCENE,INJURY AND / OR TOW DUE TO CRASH,,,"OVER $1,500",03/22/2022 02:45:00 AM,UNABLE TO DETERMINE,UNABLE TO DETERMINE,9159,S,CHICAGO SKYWAY IB,423,2,"REPORTED, NOT EVIDENT",2,0,0,0,2,2,0,2,3,3,,,
30,TRAFFIC SIGNAL,FUNCTIONING PROPERLY,SNOW,"DARKNESS, LIGHTED ROAD",REAR END,DIVIDED - W/MEDIAN (NOT RAISED),STRAIGHT AND LEVEL,WET,NO DEFECTS,ON SCENE,NO INJURY / DRIVE AWAY,,Y,$500 OR LESS,02/01/2020 03:39:00 AM,UNABLE TO DETERMINE,NOT APPLICABLE,9503,S,BEVERLY AVE,2213,2,NO INDICATION OF INJURY,0,0,0,0,0,2,0,3,7,2,,,
30,TRAFFIC SIGNAL,FUNCTIONING PROPERLY,CLEAR,DAYLIGHT,ANGLE,OTHER,STRAIGHT AND LEVEL,DRY,NO DEFECTS,NOT ON SCENE (DESK REPORT),NO INJURY / DRIVE AWAY,,,"OVER $1,500",03/23/2016 02:20:00 PM,DISREGARDING OTHER TRAFFIC SIGNS,NOT APPLICABLE,4300,S,DR MARTIN LUTHER KING JR SD,215,2,NO INDICATION OF INJURY,0,0,0,0,0,2,0,13,4,3,,,
20,NO CONTROLS,NO CONTROLS,CLOUDY/OVERCAST,DAYLIGHT,SIDESWIPE SAME DIRECTION,ONE-WAY,STRAIGHT AND LEVEL,DRY,NO DEFECTS,ON SCENE,NO INJURY / DRIVE AWAY,,,"OVER $1,500",11/27/2022 12:06:00 PM,FAILING TO YIELD RIGHT-OF-WAY,FAILING TO YIELD RIGHT-OF-WAY,2,W,TERMINAL ST,1652,2,NO INDICATION OF INJURY,0,0,0,0,0,2,0,12,1,11,,,
20,NO CONTROLS,NO CONTROLS,CLEAR,DAYLIGHT,PARKED MOTOR VEHICLE,ONE-WAY,STRAIGHT AND LEVEL,DRY,NO DEFECTS,ON SCENE,NO INJURY / DRIVE AWAY,,Y,"OVER $1,500",12/20/2020 11:08:00 AM,UNABLE TO DETERMINE,UNABLE TO DETERMINE,1306,S,SPRINGFIELD AVE,1011,2,NO INDICATION OF INJURY,0,0,0,0,0,1,0,11,1,12,41.864111699,-87.722816928,POINT (-87.722816928045 41.864111698992)
25,NO CONTROLS,NO CONTROLS,CLEAR,DAYLIGHT,FIXED OBJECT,OTHER,"CURVE, LEVEL",DRY,NO DEFECTS,ON SCENE,NO INJURY / DRIVE AWAY,,,$500 OR LESS,06/27/2021 04:10:00 PM,FAILING TO YIELD RIGHT-OF-WAY,NOT APPLICABLE,3,W,TERMINAL ST,1653,2,NO INDICATION OF INJURY,0,0,0,0,0,5,0,16,1,6,,,
30,NO CONTROLS,UNKNOWN,CLEAR,DARKNESS,PARKED MOTOR VEHICLE,NOT DIVIDED,STRAIGHT AND LEVEL,DRY,UNKNOWN,ON SCENE,INJURY AND / OR TOW DUE TO CRASH,,,"OVER $1,500",01/08/2023 12:44:00 AM,UNABLE TO DETERMINE,NOT APPLICABLE,5133,W,IRVING PARK RD,1634,2,NONINCAPACITATING INJURY,1,0,0,1,0,0,0,0,1,1,41.953203301,-87.756048735,POINT (-87.756048735038 41.953203300975)
30,NO CONTROLS,NO CONTROLS,CLEAR,DAYLIGHT,PARKED MOTOR VEHICLE,PARKING LOT,STRAIGHT AND LEVEL,UNKNOWN,UNKNOWN,NOT ON SCENE (DESK REPORT),NO INJURY / DRIVE AWAY,,Y,"OVER $1,500",01/24/2023 03:21:00 PM,UNABLE TO DETERMINE,UNABLE TO DETERMINE,5224,N,BROADWAY,2013,2,NO INDICATION OF INJURY,0,0,0,0,0,1,0,13,3,1,41.977089945,-87.660033687,POINT (-87.66003368701 41.977089944963)
35,NO CONTROLS,NO CONTROLS,CLEAR,DAYLIGHT,REAR END,NOT DIVIDED,STRAIGHT AND LEVEL,DRY,NO DEFECTS,ON SCENE,INJURY AND / OR TOW DUE TO CRASH,,,"OVER $1,500",03/09/2018 12:33:00 PM,FOLLOWING TOO CLOSELY,UNABLE TO DETERMINE,2856,N,CENTRAL AVE,2514,2,"REPORTED, NOT EVIDENT",1,0,0,0,1,2,0,12,6,3,41.932949882,-87.766451932,POINT (-87.766451931982 41.932949882013)
35,NO CONTROLS,NO CONTROLS,CLEAR,"DARKNESS, LIGHTED ROAD",SIDESWIPE SAME DIRECTION,DIVIDED - W/MEDIAN BARRIER,"CURVE, LEVEL",DRY,NO DEFECTS,ON SCENE,INJURY AND / OR TOW DUE TO CRASH,,,"OVER $1,500",08/29/2021 09:31:00 PM,IMPROPER LANE USAGE,NOT APPLICABLE,98,W,I190 EXPY,1654,2,"REPORTED, NOT EVIDENT",1,0,0,0,1,3,0,21,1,8,,,