POSTED_SPEED_LIMIT,TRAFFIC_CONTROL_DEVICE,DEVICE_CONDITION,WEATHER_CONDITION,LIGHTING_CONDITION,FIRST_CRASH_TYPE,TRAFFICWAY_TYPE,ALIGNMENT,ROADWAY_SURFACE_COND,ROAD_DEFECT,REPORT_TYPE,CRASH_TYPE,INTERSECTION_RELATED_I,HIT_AND_RUN_I,DAMAGE,DATE_POLICE_NOTIFIED,PRIM_CONTRIBUTORY_CAUSE,SEC_CONTRIBUTORY_CAUSE,STREET_NO,STREET_DIRECTION,STREET_NAME,BEAT_OF_OCCURRENCE,NUM_UNITS,MOST_SEVERE_INJURY,INJURIES_TOTAL,INJURIES_FATAL,INJURIES_INCAPACITATING,INJURIES_NON_INCAPACITATING,INJURIES_REPORTED_NOT_EVIDENT,INJURIES_NO_INDICATION,INJURIES_UNKNOWN,CRASH_HOUR,CRASH_DAY_OF_WEEK,CRASH_MONTH,LATITUDE,LONGITUDE,LOCATION
30,STOP SIGN/FLASHER,FUNCTIONING PROPERLY,RAIN,DAYLIGHT,REAR END,T-INTERSECTION,STRAIGHT AND LEVEL,WET,NO DEFECTS,ON SCENE,INJURY AND / OR TOW DUE TO CRASH,N,,"OVER $1,500",02/17/2020 03:46:00 PM,FAILING TO REDUCE SPEED TO AVOID CRASH,NOT APPLICABLE,748,E,RAINEY DR,233,2,NONINCAPACITATING INJURY,1,0,0,1,0,2,0,15,2,2,,,
10,NO CONTROLS,NO CONTROLS,CLEAR,"DARKNESS, LIGHTED ROAD",REAR END,PARKING LOT,STRAIGHT AND LEVEL,DRY,UNKNOWN,ON SCENE,NO INJURY / DRIVE AWAY,,Y,"OVER $1,500",02/05/2022 11:18:00 PM,UNABLE TO DETERMINE,NOT APPLICABLE,660,W,OHARE ST,1654,2,NO INDICATION OF INJURY,0,0,0,0,0,2,0,22,7,2,,,
30,NO CONTROLS,NO CONTROLS,CLEAR,DAYLIGHT,TURNING,NOT DIVIDED,STRAIGHT AND LEVEL,DRY,NO DEFECTS,NOT ON SCENE (DESK REPORT),NO INJURY / DRIVE AWAY,,,"$501 - $1,500",11/08/2016 03:30:00 PM,IMPROPER TURNING/NO SIGNAL,UNABLE TO DETERMINE,706,S,DAMEN AVE,1225,2,NO INDICATION OF INJURY,0,0,0,0,0,2,0,15,3,11,0,0,POINT (0 0)
30,NO CONTROLS,NO CONTROLS,CLEAR,DAYLIGHT,PARKED MOTOR VEHICLE,NOT DIVIDED,STRAIGHT AND LEVEL,DRY,NO DEFECTS,NOT ON SCENE (DESK REPORT),NO INJURY / DRIVE AWAY,,Y,"$501 - $1,500",03/25/2017 01:10:00 PM,UNABLE TO DETERMINE,UNABLE TO DETERMINE,1999,N,KENNETH AVE,2533,2,NO INDICATION OF INJURY,0,0,0,0,0,1,0,9,6,3,41.916943272,-87.737404588,POINT (-87.737404587992 41.916943272033)
15,NO CONTROLS,NO CONTROLS,CLEAR,DAYLIGHT,PARKED MOTOR VEHICLE,PARKING LOT,STRAIGHT AND LEVEL,UNKNOWN,UNKNOWN,NOT ON SCENE (DESK REPORT),NO INJURY / DRIVE AWAY,,Y,"$501 - $1,500",07/22/2022 10:00:00 AM,UNABLE TO DETERMINE,UNABLE TO DETERMINE,832,W,BELLE PLAINE AVE,1915,2,NO INDICATION OF INJURY,0,0,0,0,0,1,0,9,5,7,41.957348841,-87.651128078,POINT (-87.651128077999 41.957348841037)
30,STOP SIGN/FLASHER,FUNCTIONING PROPERLY,CLEAR,"DARKNESS, LIGHTED ROAD",TURNING,NOT DIVIDED,STRAIGHT AND LEVEL,DRY,NO DEFECTS,ON SCENE,INJURY AND / OR TOW DUE TO CRASH,Y,Y,"OVER $1,500",01/02/2019 04:24:00 PM,DISREGARDING STOP SIGN,NOT APPLICABLE,7600,S,STEWART AVE,621,2,NO INDICATION OF INJURY,0,0,0,0,0,2,0,16,4,1,41.75616061,-87.634583596,POINT (-87.634583595966 41.756160610031)
20,NO CONTROLS,NO CONTROLS,CLEAR,DAYLIGHT,FIXED OBJECT,PARKING LOT,STRAIGHT AND LEVEL,DRY,NO DEFECTS,ON SCENE,NO INJURY / DRIVE AWAY,,,$500 OR LESS,11/01/2019 10:15:00 AM,IMPROPER BACKING,NOT APPLICABLE,521,W,OHARE ST,1654,1,NO INDICATION OF INJURY,0,0,0,0,0,1,0,10,6,11,,,
30,NO CONTROLS,NO CONTROLS,RAIN,DARKNESS,TURNING,NOT DIVIDED,STRAIGHT AND LEVEL,WET,NO DEFECTS,NOT ON SCENE (DESK REPORT),NO INJURY / DRIVE AWAY,,,"$501 - $1,500",08/04/2017 10:17:00 AM,UNABLE TO DETERMINE,UNABLE TO DETERMINE,4728,N,MARINE DR,1914,2,NO INDICATION OF INJURY,0,0,0,0,0,3,0,21,5,8,41.968186352,-87.649511736,POINT (-87.649511735957 41.968186352004)
30,TRAFFIC SIGNAL,FUNCTIONING PROPERLY,CLEAR,"DARKNESS, LIGHTED ROAD",TURNING,CENTER TURN LANE,STRAIGHT AND LEVEL,DRY,NO DEFECTS,ON SCENE,INJURY AND / OR TOW DUE TO CRASH,Y,,"OVER $1,500",03/31/2019 02:11:00 AM,IMPROPER TURNING/NO SIGNAL,FAILING TO REDUCE SPEED TO AVOID CRASH,11899,S,WESTERN AVE,2212,2,NONINCAPACITATING INJURY,1,0,0,1,0,2,0,2,1,3,41.677344191,-87.680554139,POINT (-87.680554138993 41.677344190967)
30,NO CONTROLS,NO CONTROLS,CLEAR,DAYLIGHT,SIDESWIPE SAME DIRECTION,NOT DIVIDED,STRAIGHT AND LEVEL,DRY,NO DEFECTS,ON SCENE,NO INJURY / DRIVE AWAY,,,"$501 - $1,500",02/22/2016 01:10:00 PM,IMPROPER OVERTAKING/PASSING,IMPROPER OVERTAKING/PASSING,1731,S,PULASKI RD,1014,2,NO INDICATION OF INJURY,0,0,0,0,0,3,0,12,2,2,,,
30,NO CONTROLS,NO CONTROLS,CLEAR,DAYLIGHT,SIDESWIPE SAME DIRECTION,ONE-WAY,STRAIGHT AND LEVEL,DRY,NO DEFECTS,NOT ON SCENE (DESK REPORT),NO INJURY / DRIVE AWAY,,,"OVER $1,500",08/23/2022 09:30:00 AM,UNABLE TO DETERMINE,UNABLE TO DETERMINE,761,E,BEST DR,233,2,NO INDICATION OF INJURY,0,0,0,0,0,2,0,8,3,8,,,
30,TRAFFIC SIGNAL,FUNCTIONING PROPERLY,CLEAR,"DARKNESS, LIGHTED ROAD",SIDESWIPE SAME DIRECTION,NOT DIVIDED,STRAIGHT AND LEVEL,DRY,NO DEFECTS,NOT ON SCENE (DESK REPORT),NO INJURY / DRIVE AWAY,,,"OVER $1,500",07/25/2020 04:55:00 PM,NOT APPLICABLE,NOT APPLICABLE,4900,S,DR MARTIN LUTHER KING JR SD,224,2,NO INDICATION OF INJURY,0,0,0,0,0,3,0,21,6,7,,,
30,TRAFFIC SIGNAL,FUNCTIONING PROPERLY,CLEAR,"DARKNESS, LIGHTED ROAD",TURNING,NOT DIVIDED,STRAIGHT AND LEVEL,DRY,UNKNOWN,NOT ON SCENE (DESK REPORT),NO INJURY / DRIVE AWAY,,,$500 OR LESS,01/19/2017 05:00:00 PM,UNABLE TO DETERMINE,UNABLE TO DETERMINE,2595,S,CALIFORNIA AVE,1034,2,NO INDICATION OF INJURY,0,0,0,0,0,5,0,18,3,1,,,
30,TRAFFIC SIGNAL,FUNCTIONING PROPERLY,RAIN,DARKNESS,FIXED OBJECT,DIVIDED - W/MEDIAN (NOT RAISED),"CURVE, LEVEL",WET,NO DEFECTS,ON SCENE,INJURY AND / OR TOW DUE TO CRASH,,Y,"OVER $1,500",06/27/2018 01:50:00 AM,UNABLE TO DETERMINE,NOT APPLICABLE,6299,S,LAKE SHORE DR,331,1,NO INDICATION OF INJURY,0,0,0,0,0,2,0,1,4,6,,,
30,STOP SIGN/FLASHER,FUNCTIONING PROPERLY,CLEAR,DAYLIGHT,ANGLE,T-INTERSECTION,STRAIGHT AND LEVEL,DRY,NO DEFECTS,ON SCENE,INJURY AND / OR TOW DUE TO CRASH,Y,,"OVER $1,500",06/02/2022 07:32:00 AM,FAILING TO YIELD RIGHT-OF-WAY,FAILING TO YIELD RIGHT-OF-WAY,6632,W,DIVERSEY AVE,2511,2,NONINCAPACITATING INJURY,3,0,0,2,1,0,0,7,5,6,41.931036923,-87.791942933,POINT (-87.791942932976 41.931036922967)
30,NO CONTROLS,NO CONTROLS,CLEAR,DAYLIGHT,FIXED OBJECT,ONE-WAY,STRAIGHT AND LEVEL,DRY,NO DEFECTS,ON SCENE,INJURY AND / OR TOW DUE TO CRASH,,Y,"OVER $1,500",04/17/2018 02:30:00 PM,IMPROPER TURNING/NO SIGNAL,NOT APPLICABLE,5842,S,ARTESIAN AVE,824,1,NO INDICATION OF INJURY,0,0,0,0,0,1,0,14,3,4,41.78708643,-87.685218141,POINT (-87.685218140983 41.78708642999)
30,NO CONTROLS,NO CONTROLS,CLEAR,DAYLIGHT,SIDESWIPE SAME DIRECTION,DIVIDED - W/MEDIAN (NOT RAISED),STRAIGHT AND LEVEL,DRY,NO DEFECTS,ON SCENE,NO INJURY / DRIVE AWAY,,Y,"OVER $1,500",12/04/2020 07:14:00 AM,UNABLE TO DETERMINE,NOT APPLICABLE,2899,E,77TH ST,421,2,NO INDICATION OF INJURY,0,0,0,0,0,2,0,6,6,12,41.756948788,-87.553491699,POINT (-87.55349169901 41.756948788027)
20,NO CONTROLS,NO CONTROLS,CLEAR,DAYLIGHT,SIDESWIPE SAME DIRECTION,OTHER,STRAIGHT AND LEVEL,DRY,NO DEFECTS,ON SCENE,NO INJURY / DRIVE AWAY,,,"OVER $1,500",06/04/2019 02:50:00 PM,FAILING TO YIELD RIGHT-OF-WAY,NOT APPLICABLE,3,W,TERMINAL ST,1653,2,NO INDICATION OF INJURY,0,0,0,0,0,2,0,14,3,6,,,
30,TRAFFIC SIGNAL,FUNCTIONING PROPERLY,CLEAR,DAYLIGHT,ANGLE,NOT DIVIDED,STRAIGHT AND LEVEL,WET,NO DEFECTS,ON SCENE,INJURY AND / OR TOW DUE TO CRASH,Y,,"OVER $1,500",10/09/2018 05:36:00 PM,"VISION OBSCURED (SIGNS, TREE LIMBS, BUILDINGS, ETC.)",NOT APPLICABLE,1100,W,DIVISION ST,1822,2,NO INDICATION OF INJURY,0,0,0,0,0,6,0,17,3,10,41.903639931,-87.65554697,POINT (-87.655546970003 41.903639930952)
20,STOP SIGN/FLASHER,FUNCTIONING PROPERLY,CLEAR,DAYLIGHT,REAR END,NOT DIVIDED,STRAIGHT AND LEVEL,DRY,NO DEFECTS,NOT ON SCENE (DESK REPORT),NO INJURY / DRIVE AWAY,,,"$501 - $1,500",10/31/2018 03:00:00 PM,FOLLOWING TOO CLOSELY,UNABLE TO DETERMINE,13000,S,BRAINARD AVE,433,2,NO INDICATION OF INJURY,0,0,0,0,0,2,0,14,4,10,,,
30,NO CONTROLS,NO CONTROLS,CLEAR,DAYLIGHT,TURNING,NOT DIVIDED,STRAIGHT AND LEVEL,DRY,NO DEFECTS,NOT ON SCENE (DESK REPORT),NO INJURY / DRIVE AWAY,,,"$501 - $1,500",09/20/2016 04:44:00 PM,EXCEEDING AUTHORIZED SPEED LIMIT,NOT APPLICABLE,645,N,MICHIGAN AVE,1834,2,NO INDICATION OF INJURY,0,0,0,0,0,3,0,13,3,9,41.893918609,-87.624085833,POINT (-87.624085832985 41.893918609004)
25,STOP SIGN/FLASHER,FUNCTIONING PROPERLY,CLEAR,DAYLIGHT,SIDESWIPE SAME DIRECTION,L-INTERSECTION,STRAIGHT AND LEVEL,DRY,NO DEFECTS,ON SCENE,INJURY AND / OR TOW DUE TO CRASH,,,$500 OR LESS,02/24/2023 08:01:00 AM,IMPROPER LANE USAGE,UNABLE TO DETERMINE,495,W,OHARE ST,1654,2,NO INDICATION OF INJURY,0,0,0,0,0,2,0,8,6,2,,,
35,OTHER,OTHER,CLEAR,DUSK,REAR END,OTHER,STRAIGHT AND LEVEL,DRY,NO DEFECTS,NOT ON SCENE (DESK REPORT),NO INJURY / DRIVE AWAY,,,"$501 - $1,500",06/26/2022 08:10:00 PM,FOLLOWING TOO CLOSELY,UNABLE TO DETERMINE,164,E,GRAND AVE,1834,2,NO INDICATION OF INJURY,0,0,0,0,0,2,0,19,1,6,41.89186947,-87.622748584,POINT (-87.622748583999 41.891869470026)
20,OTHER,NO CONTROLS,CLOUDY/OVERCAST,DAYLIGHT,SIDESWIPE SAME DIRECTION,OTHER,STRAIGHT AND LEVEL,DRY,NO DEFECTS,ON SCENE,NO INJURY / DRIVE AWAY,,,"$501 - $1,500",10/18/2022 03:20:00 PM,IMPROPER OVERTAKING/PASSING,NOT APPLICABLE,2,W,TERMINAL ST,1652,2,NO INDICATION OF INJURY,0,0,0,0,0,2,0,15,3,10,,,
30,NO CONTROLS,NO CONTROLS,CLEAR,DAYLIGHT,REAR END,NOT DIVIDED,STRAIGHT AND LEVEL,DRY,NO DEFECTS,NOT ON SCENE (DESK REPORT),NO INJURY / DRIVE AWAY,,Y,"OVER $1,500",11/11/2017 02:00:00 PM,UNABLE TO DETERMINE,UNABLE TO DETERMINE,1448,E,75TH ST,324,2,NO INDICATION OF INJURY,0,0,0,0,0,2,0,13,7,11,41.758851593,-87.588851537,POINT (-87.588851536986 41.758851592962)
30,NO CONTROLS,NO CONTROLS,CLEAR,"DARKNESS, LIGHTED ROAD",PARKED MOTOR VEHICLE,NOT DIVIDED,STRAIGHT AND LEVEL,DRY,NO DEFECTS,ON SCENE,INJURY AND / OR TOW DUE TO CRASH,,Y,"OVER $1,500",06/29/2020 04:51:00 AM,UNABLE TO DETERMINE,UNABLE TO DETERMINE,548,E,61ST ST,313,2,NO INDICATION OF INJURY,0,0,0,0,0,1,0,4,2,6,41.784070422,-87.611359953,POINT (-87.611359953033 41.784070422009)
30,NO CONTROLS,NO CONTROLS,CLEAR,DAWN,TURNING,DIVIDED - W/MEDIAN (NOT RAISED),STRAIGHT ON GRADE,DRY,UNKNOWN,ON SCENE,INJURY AND / OR TOW DUE TO CRASH,Y,,"OVER $1,500",02/06/2023 07:45:00 AM,UNABLE TO DETERMINE,UNABLE TO DETERMINE,13060,S,DOTY AVE E,434,2,NONINCAPACITATING INJURY,1,0,0,1,0,1,0,7,2,2,,,
30,NO CONTROLS,NO CONTROLS,CLEAR,DAYLIGHT,PEDALCYCLIST,NOT DIVIDED,STRAIGHT AND LEVEL,DRY,NO DEFECTS,ON SCENE,NO INJURY / DRIVE AWAY,,,$500 OR LESS,08/25/2019 02:58:00 PM,NOT APPLICABLE,NOT APPLICABLE,5852,W,GRAND AVE,2515,2,NO INDICATION OF INJURY,0,0,0,0,0,3,0,14,1,8,41.920145795,-87.772741047,POINT (-87.772741047019 41.920145795019)
15,NO CONTROLS,NO CONTROLS,CLEAR,"DARKNESS, LIGHTED ROAD",SIDESWIPE SAME DIRECTION,OTHER,STRAIGHT AND LEVEL,DRY,NO DEFECTS,ON SCENE,NO INJURY / DRIVE AWAY,,,"$501 - $1,500",02/18/2020 09:15:00 PM,UNABLE TO DETERMINE,UNABLE TO DETERMINE,5,W,TERMINAL ST,1655,2,NO INDICATION OF INJURY,0,0,0,0,0,2,0,21,3,2,,,
15,NO CONTROLS,NO CONTROLS,CLEAR,DAYLIGHT,SIDESWIPE OPPOSITE DIRECTION,NOT DIVIDED,STRAIGHT AND LEVEL,DRY,NO DEFECTS,NOT ON SCENE (DESK REPORT),NO INJURY / DRIVE AWAY,,,"$501 - $1,500",07/19/2017 06:15:00 PM,UNABLE TO DETERMINE,NOT APPLICABLE,3607,W,FULLERTON AVE,2525,2,NO INDICATION OF INJURY,0,0,0,0,0,4,0,16,4,7,41.924490094,-87.717288131,POINT (-87.717288130979 41.924490093998)
20,NO CONTROLS,NO CONTROLS,CLEAR,DAYLIGHT,REAR END,ONE-WAY,STRAIGHT AND LEVEL,DRY,UNKNOWN,NOT ON SCENE (DESK REPORT),NO INJURY / DRIVE AWAY,,,"OVER $1,500",06/26/2016 04:00:00 PM,UNABLE TO DETERMINE,UNABLE TO DETERMINE,3958,N,SPRINGFIELD AVE,1732,2,NO INDICATION OF INJURY,0,0,0,0,0,2,0,15,1,6,41.953613284,-87.725273285,POINT (-87.725273284963 41.95361328405)
20,NO CONTROLS,NO CONTROLS,CLEAR,DAYLIGHT,PARKED MOTOR VEHICLE,NOT DIVIDED,STRAIGHT AND LEVEL,DRY,NO DEFECTS,ON SCENE,NO INJURY / DRIVE AWAY,,Y,"$501 - $1,500",07/09/2020 10:50:00 AM,UNABLE TO DETERMINE,UNABLE TO DETERMINE,215,S,MAPLEWOOD AVE,1125,2,NO INDICATION OF INJURY,0,0,0,0,0,1,0,5,5,7,41.87791713,-87.689951896,POINT (-87.689951896005 41.877917129968)
30,NO CONTROLS,NO CONTROLS,RAIN,"DARKNESS, LIGHTED ROAD",SIDESWIPE SAME DIRECTION,NOT DIVIDED,STRAIGHT AND LEVEL,WET,NO DEFECTS,ON SCENE,INJURY AND / OR TOW DUE TO CRASH,,,"OVER $1,500",08/06/2021 10:05:00 PM,FAILING TO YIELD RIGHT-OF-WAY,FAILING TO YIELD RIGHT-OF-WAY,4849,W,JACKSON BLVD,1533,3,NONINCAPACITATING INJURY,1,0,0,1,0,1,0,22,6,8,41.876650884,-87.747056261,POINT (-87.747056261001 41.876650884046)
25,NO CONTROLS,NO CONTROLS,CLEAR,DAYLIGHT,TURNING,T-INTERSECTION,STRAIGHT AND LEVEL,DRY,NO DEFECTS,ON SCENE,NO INJURY / DRIVE AWAY,,,"OVER $1,500",06/14/2019 09:37:00 AM,IMPROPER OVERTAKING/PASSING,DRIVING SKILLS/KNOWLEDGE/EXPERIENCE,1,W,PARKING LOT G ST,1654,2,NO INDICATION OF INJURY,0,0,0,0,0,3,0,9,6,6,,,
35,TRAFFIC SIGNAL,FUNCTIONING PROPERLY,CLEAR,DAYLIGHT,REAR END,CENTER TURN LANE,STRAIGHT AND LEVEL,DRY,NO DEFECTS,ON SCENE,NO INJURY / DRIVE AWAY,,,"OVER $1,500",08/28/2018 04:01:00 PM,FOLLOWING TOO CLOSELY,NOT APPLICABLE,7061,N,KEDZIE AVE,2411,2,NO INDICATION OF INJURY,0,0,0,0,0,3,0,16,3,8,42.010018661,-87.709056552,POINT (-87.709056551967 42.010018660983)
30,TRAFFIC SIGNAL,FUNCTIONING PROPERLY,CLEAR,DAYLIGHT,REAR END,NOT DIVIDED,STRAIGHT AND LEVEL,DRY,NO DEFECTS,ON SCENE,NO INJURY / DRIVE AWAY,,Y,$500 OR LESS,06/22/2020 01:07:00 PM,UNABLE TO DETERMINE,UNABLE TO DETERMINE,2416,E,71ST ST,334,2,NO INDICATION OF INJURY,0,0,0,0,0,4,0,13,2,6,,,
15,OTHER,FUNCTIONING PROPERLY,CLEAR,"DARKNESS, LIGHTED ROAD",FIXED OBJECT,ONE-WAY,STRAIGHT AND LEVEL,DRY,NO DEFECTS,ON SCENE,NO INJURY / DRIVE AWAY,,,"$501 - $1,500",12/28/2021 04:22:00 AM,DISREGARDING OTHER TRAFFIC SIGNS,NOT APPLICABLE,524,W,OHARE ST,1654,1,NO INDICATION OF INJURY,0,0,0,0,0,1,0,4,3,12,,,
30,NO CONTROLS,NO CONTROLS,CLEAR,DAYLIGHT,FIXED OBJECT,NOT DIVIDED,STRAIGHT AND LEVEL,DRY,NO DEFECTS,ON SCENE,INJURY AND / OR TOW DUE TO CRASH,,,"OVER $1,500",07/24/2021 02:21:00 PM,DISTRACTION - FROM OUTSIDE VEHICLE,IMPROPER TURNING/NO SIGNAL,10,E,59TH ST,232,1,NO INDICATION OF INJURY,0,0,0,0,0,1,0,14,7,7,41.787479696,-87.625113529,POINT (-87.625113529031 41.787479695973)
30,NO CONTROLS,NO CONTROLS,CLEAR,DAYLIGHT,TURNING,NOT DIVIDED,STRAIGHT AND LEVEL,DRY,UNKNOWN,ON SCENE,NO INJURY / DRIVE AWAY,,,"OVER $1,500",10/07/2021 03:26:00 PM,FAILING TO YIELD RIGHT-OF-WAY,UNABLE TO DETERMINE,3843,S,COTTAGE GROVE AVE,212,2,NO INDICATION OF INJURY,0,0,0,0,0,2,0,15,5,10,41.824917681,-87.607237318,POINT (-87.607237317952 41.824917681036)
25,NO CONTROLS,UNKNOWN,CLEAR,DAYLIGHT,TURNING,NOT DIVIDED,STRAIGHT AND LEVEL,WET,UNKNOWN,NOT ON SCENE (DESK REPORT),NO INJURY / DRIVE AWAY,,,"$501 - $1,500",07/08/2023 02:40:00 PM,UNABLE TO DETERMINE,NOT APPLICABLE,529,W,128TH ST,523,2,NO INDICATION OF INJURY,0,0,0,0,0,2,0,14,7,7,41.661359155,-87.634678372,POINT (-87.634678371967 41.661359155021)
30,NO CONTROLS,NO CONTROLS,CLEAR,DAYLIGHT,REAR END,NOT DIVIDED,STRAIGHT AND LEVEL,DRY,UNKNOWN,NOT ON SCENE (DESK REPORT),NO INJURY / DRIVE AWAY,,,$500 OR LESS,09/15/2021 04:20:00 PM,FOLLOWING TOO CLOSELY,UNABLE TO DETERMINE,2101,W,IRVING PARK RD,1921,2,NO INDICATION OF INJURY,0,0,0,0,0,2,0,14,6,9,41.954010154,-87.681240941,POINT (-87.68124094099 41.954010154043)
25,NO CONTROLS,NO CONTROLS,CLEAR,"DARKNESS, LIGHTED ROAD",TURNING,PARKING LOT,STRAIGHT AND LEVEL,SNOW OR SLUSH,NO DEFECTS,ON SCENE,NO INJURY / DRIVE AWAY,,,$500 OR LESS,02/23/2021 05:56:00 PM,DRIVING SKILLS/KNOWLEDGE/EXPERIENCE,NOT APPLICABLE,514,W,OHARE ST,1654,2,NO INDICATION OF INJURY,0,0,0,0,0,2,0,17,3,2,,,
30,TRAFFIC SIGNAL,FUNCTIONING PROPERLY,CLEAR,"DARKNESS, LIGHTED ROAD",TURNING,"FIVE POINT, OR MORE",STRAIGHT AND LEVEL,DRY,NO DEFECTS,NOT ON SCENE (DESK REPORT),NO INJURY / DRIVE AWAY,Y,,"OVER $1,500",04/19/2019 02:40:00 PM,FAILING TO YIELD RIGHT-OF-WAY,NOT APPLICABLE,2801,N,MILWAUKEE AVE,1412,2,NO INDICATION OF INJURY,0,0,0,0,0,2,0,22,5,4,,,
55,NO CONTROLS,NO CONTROLS,CLEAR,DAYLIGHT,REAR END,RAMP,STRAIGHT AND LEVEL,DRY,NO DEFECTS,ON SCENE,INJURY AND / OR TOW DUE TO CRASH,,,"OVER $1,500",07/28/2021 02:07:00 PM,UNABLE TO DETERMINE,UNABLE TO DETERMINE,8100,S,CHICAGO SKYWAY OB,414,2,INCAPACITATING INJURY,1,0,1,0,0,1,0,12,4,7,,,
30,NO CONTROLS,NO CONTROLS,CLEAR,DAYLIGHT,PARKED MOTOR VEHICLE,NOT DIVIDED,STRAIGHT AND LEVEL,DRY,NO DEFECTS,NOT ON SCENE (DESK REPORT),NO INJURY / DRIVE AWAY,,,"$501 - $1,500",06/20/2023 05:50:00 PM,UNABLE TO DETERMINE,UNABLE TO DETERMINE,10934,S,WESTERN AVE,2212,2,NO INDICATION OF INJURY,0,0,0,0,0,1,0,13,2,6,41.694577926,-87.681392215,POINT (-87.681392214993 41.694577925956)
30,NO CONTROLS,NO CONTROLS,RAIN,DUSK,FIXED OBJECT,DIVIDED - W/MEDIAN BARRIER,STRAIGHT AND LEVEL,WET,NO DEFECTS,ON SCENE,INJURY AND / OR TOW DUE TO CRASH,,,"OVER $1,500",11/17/2017 04:55:00 PM,WEATHER,NOT APPLICABLE,400,N,LOWER LAKE SHORE DR,1834,1,NONINCAPACITATING INJURY,1,0,0,1,0,0,0,15,6,11,,,
20,NO CONTROLS,NO CONTROLS,CLEAR,DAYLIGHT,PARKED MOTOR VEHICLE,PARKING LOT,STRAIGHT AND LEVEL,DRY,NO DEFECTS,NOT ON SCENE (DESK REPORT),NO INJURY / DRIVE AWAY,,,"$501 - $1,500",04/23/2021 01:00:00 PM,UNABLE TO DETERMINE,UNABLE TO DETERMINE,891,W,OHARE ST,1654,2,NO INDICATION OF INJURY,0,0,0,0,0,1,0,12,6,4,,,
30,NO CONTROLS,NO CONTROLS,CLEAR,DAYLIGHT,PARKED MOTOR VEHICLE,NOT DIVIDED,STRAIGHT AND LEVEL,DRY,NO DEFECTS,NOT ON SCENE (DESK REPORT),NO INJURY / DRIVE AWAY,,,"$501 - $1,500",09/15/2022 06:35:00 PM,UNABLE TO DETERMINE,UNABLE TO DETERMINE,1913,N,BISSELL ST,1813,2,NO INDICATION OF INJURY,0,0,0,0,0,1,0,12,5,9,41.916410579,-87.651948393,POINT (-87.651948392984 41.916410578987)
35,NO CONTROLS,NO CONTROLS,CLOUDY/OVERCAST,DAWN,FIXED OBJECT,NOT DIVIDED,STRAIGHT AND LEVEL,UNKNOWN,UNKNOWN,ON SCENE,NO INJURY / DRIVE AWAY,,,"OVER $1,500",01/20/2023 07:03:00 AM,NOT APPLICABLE,NOT APPLICABLE,845,W,SCOTT ST,1822,1,NO INDICATION OF INJURY,0,0,0,0,0,1,0,7,6,1,,,
30,TRAFFIC SIGNAL,FUNCTIONING PROPERLY,CLEAR,"DARKNESS, LIGHTED ROAD",REAR END,NOT DIVIDED,STRAIGHT AND LEVEL,DRY,NO DEFECTS,NOT ON SCENE (DESK REPORT),NO INJURY / DRIVE AWAY,,,"OVER $1,500",12/26/2018 07:50:00 PM,NOT APPLICABLE,NOT APPLICABLE,8301,S,CICERO AVE,834,2,NO INDICATION OF INJURY,0,0,0,0,0,3,0,18,4,12,41.741803599,-87.740953582,POINT (-87.740953581987 41.741803598989)
25,NO CONTROLS,NO CONTROLS,CLEAR,DARKNESS,PARKED MOTOR VEHICLE,ONE-WAY,STRAIGHT AND LEVEL,WET,NO DEFECTS,ON SCENE,INJURY AND / OR TOW DUE TO CRASH,,Y,"OVER $1,500",02/17/2018 12:23:00 AM,EXCEEDING AUTHORIZED SPEED LIMIT,NOT APPLICABLE,4637,S,DR MARTIN LUTHER KING JR SD,221,3,NO INDICATION OF INJURY,0,0,0,0,0,1,0,0,7,2,,,
25,STOP SIGN/FLASHER,FUNCTIONING PROPERLY,RAIN,DAYLIGHT,PEDALCYCLIST,ONE-WAY,STRAIGHT AND LEVEL,WET,NO DEFECTS,ON SCENE,INJURY AND / OR TOW DUE TO CRASH,,,$500 OR LESS,01/31/2016 03:45:00 PM,UNABLE TO DETERMINE,UNABLE TO DETERMINE,2257,S,TROY ST,1033,2,NONINCAPACITATING INJURY,1,0,0,1,0,1,0,15,1,1,41.850117412,-87.703834155,POINT (-87.703834155048 41.850117412024)
30,TRAFFIC SIGNAL,FUNCTIONING PROPERLY,SNOW,DAYLIGHT,REAR END,NOT DIVIDED,STRAIGHT AND LEVEL,SNOW OR SLUSH,NO DEFECTS,NOT ON SCENE (DESK REPORT),NO INJURY / DRIVE AWAY,,,"$501 - $1,500",01/02/2019 11:55:00 AM,FOLLOWING TOO CLOSELY,FOLLOWING TOO CLOSELY,705,S,DAMEN AVE,1225,2,NO INDICATION OF INJURY,0,0,0,0,0,2,0,11,4,1,0,0,POINT (0 0)
20,NO CONTROLS,NO CONTROLS,CLEAR,DAYLIGHT,SIDESWIPE SAME DIRECTION,ONE-WAY,STRAIGHT AND LEVEL,DRY,NO DEFECTS,NOT ON SCENE (DESK REPORT),NO INJURY / DRIVE AWAY,,,"$501 - $1,500",09/08/2017 07:30:00 PM,UNABLE TO DETERMINE,NOT APPLICABLE,2832,W,MEDILL AVE,1414,2,NO INDICATION OF INJURY,0,0,0,0,0,2,0,16,6,9,,,