POSTED_SPEED_LIMIT,TRAFFIC_CONTROL_DEVICE,DEVICE_CONDITION,WEATHER_CONDITION,LIGHTING_CONDITION,FIRST_CRASH_TYPE,TRAFFICWAY_TYPE,ALIGNMENT,ROADWAY_SURFACE_COND,ROAD_DEFECT,REPORT_TYPE,CRASH_TYPE,INTERSECTION_RELATED_I,HIT_AND_RUN_I,DAMAGE,DATE_POLICE_NOTIFIED,PRIM_CONTRIBUTORY_CAUSE,SEC_CONTRIBUTORY_CAUSE,STREET_NO,STREET_DIRECTION,STREET_NAME,BEAT_OF_OCCURRENCE,NUM_UNITS,MOST_SEVERE_INJURY,INJURIES_TOTAL,INJURIES_FATAL,INJURIES_INCAPACITATING,INJURIES_NON_INCAPACITATING,INJURIES_REPORTED_NOT_EVIDENT,INJURIES_NO_INDICATION,INJURIES_UNKNOWN,CRASH_HOUR,CRASH_DAY_OF_WEEK,CRASH_MONTH,LATITUDE,LONGITUDE,LOCATION
15,NO CONTROLS,NO CONTROLS,CLEAR,DAYLIGHT,SIDESWIPE SAME DIRECTION,OTHER,"CURVE, LEVEL",DRY,NO DEFECTS,ON SCENE,NO INJURY / DRIVE AWAY,,,"OVER $1,500",06/21/2023 09:05:00 AM,UNABLE TO DETERMINE,NOT APPLICABLE,5,W,TERMINAL ST,1655,2,NO INDICATION OF INJURY,0,0,0,0,0,2,0,9,4,6,,,
15,NO CONTROLS,NO CONTROLS,CLEAR,"DARKNESS, LIGHTED ROAD",SIDESWIPE SAME DIRECTION,ONE-WAY,"CURVE, LEVEL",DRY,NO DEFECTS,ON SCENE,NO INJURY / DRIVE AWAY,,Y,"$501 - $1,500",06/19/2021 11:20:00 PM,UNABLE TO DETERMINE,UNABLE TO DETERMINE,3,W,TERMINAL ST,1653,2,NO INDICATION OF INJURY,0,0,0,0,0,3,0,23,7,6,,,
30,NO CONTROLS,NO CONTROLS,RAIN,DAYLIGHT,PARKED MOTOR VEHICLE,ONE-WAY,STRAIGHT ON GRADE,WET,NO DEFECTS,ON SCENE,NO INJURY / DRIVE AWAY,,,"OVER $1,500",11/24/2020 09:40:00 AM,"OPERATING VEHICLE IN ERRATIC, RECKLESS, CARELESS, NEGLIGENT OR AGGRESSIVE MANNER",DRIVING SKILLS/KNOWLEDGE/EXPERIENCE,2415,W,57TH ST,824,2,NO INDICATION OF INJURY,0,0,0,0,0,1,0,9,3,11,41.790092045,-87.684642414,POINT (-87.684642413958 41.790092045032)
30,TRAFFIC SIGNAL,UNKNOWN,CLEAR,"DARKNESS, LIGHTED ROAD",TURNING,NOT DIVIDED,STRAIGHT AND LEVEL,DRY,NO DEFECTS,ON SCENE,NO INJURY / DRIVE AWAY,Y,Y,"OVER $1,500",08/27/2020 12:13:00 AM,IMPROPER LANE USAGE,FAILING TO REDUCE SPEED TO AVOID CRASH,7198,W,ARMITAGE AVE,2512,2,NO INDICATION OF INJURY,0,0,0,0,0,2,0,11,4,8,41.916300058,-87.805916091,POINT (-87.805916091044 41.916300057973)
10,NO CONTROLS,NO CONTROLS,CLEAR,DAYLIGHT,PARKED MOTOR VEHICLE,PARKING LOT,STRAIGHT AND LEVEL,DRY,NO DEFECTS,ON SCENE,NO INJURY / DRIVE AWAY,,,$500 OR LESS,05/22/2023 07:30:00 AM,UNABLE TO DETERMINE,NOT APPLICABLE,850,W,OHARE ST,1654,2,NO INDICATION OF INJURY,0,0,0,0,0,1,0,7,2,5,,,
35,TRAFFIC SIGNAL,FUNCTIONING PROPERLY,RAIN,DAYLIGHT,REAR END,DIVIDED - W/MEDIAN (NOT RAISED),STRAIGHT AND LEVEL,DRY,NO DEFECTS,NOT ON SCENE (DESK REPORT),NO INJURY / DRIVE AWAY,Y,,"OVER $1,500",11/11/2021 02:30:00 PM,DISTRACTION - FROM OUTSIDE VEHICLE,UNABLE TO DETERMINE,8658,S,WESTERN AVE,835,2,NO INDICATION OF INJURY,0,0,0,0,0,2,0,12,5,11,41.735617968,-87.682663369,POINT (-87.682663369002 41.735617967973)
15,NO CONTROLS,NO CONTROLS,CLEAR,DAYLIGHT,PARKED MOTOR VEHICLE,OTHER,STRAIGHT AND LEVEL,DRY,NO DEFECTS,ON SCENE,NO INJURY / DRIVE AWAY,,,"OVER $1,500",08/01/2021 05:30:00 PM,IMPROPER TURNING/NO SIGNAL,NOT APPLICABLE,517,W,OHARE ST,1654,2,NO INDICATION OF INJURY,0,0,0,0,0,1,0,17,1,8,,,
30,TRAFFIC SIGNAL,FUNCTIONING PROPERLY,CLEAR,DAYLIGHT,REAR END,NOT DIVIDED,STRAIGHT AND LEVEL,DRY,NO DEFECTS,NOT ON SCENE (DESK REPORT),INJURY AND / OR TOW DUE TO CRASH,Y,,"$501 - $1,500",07/25/2018 02:27:00 PM,UNABLE TO DETERMINE,UNABLE TO DETERMINE,600,W,DIVISION ST,1822,2,NONINCAPACITATING INJURY,1,0,0,1,0,1,0,14,4,7,41.903825234,-87.64328636,POINT (-87.643286359995 41.903825233976)
30,TRAFFIC SIGNAL,FUNCTIONING PROPERLY,CLEAR,DAYLIGHT,ANGLE,DIVIDED - W/MEDIAN BARRIER,STRAIGHT AND LEVEL,DRY,NO DEFECTS,ON SCENE,INJURY AND / OR TOW DUE TO CRASH,Y,,"OVER $1,500",04/18/2018 02:10:00 PM,DISREGARDING TRAFFIC SIGNALS,FAILING TO REDUCE SPEED TO AVOID CRASH,360,W,MADISON ST,122,2,NO INDICATION OF INJURY,0,0,0,0,0,2,0,14,4,4,41.8820229,-87.637081412,POINT (-87.637081411989 41.88202289998)
30,NO CONTROLS,NO CONTROLS,CLOUDY/OVERCAST,DAYLIGHT,ANGLE,NOT DIVIDED,STRAIGHT AND LEVEL,WET,NO DEFECTS,ON SCENE,INJURY AND / OR TOW DUE TO CRASH,,,"OVER $1,500",03/26/2021 07:09:00 AM,UNABLE TO DETERMINE,UNABLE TO DETERMINE,1710,N,NARRAGANSETT AVE,2513,2,NONINCAPACITATING INJURY,1,0,0,1,0,1,0,7,6,3,41.911262636,-87.785217531,POINT (-87.785217531035 41.911262635984)
35,TRAFFIC SIGNAL,FUNCTIONING PROPERLY,CLEAR,DAYLIGHT,SIDESWIPE SAME DIRECTION,FOUR WAY,STRAIGHT AND LEVEL,DRY,NO DEFECTS,ON SCENE,INJURY AND / OR TOW DUE TO CRASH,Y,,"OVER $1,500",01/29/2022 04:45:00 PM,FAILING TO YIELD RIGHT-OF-WAY,IMPROPER LANE USAGE,560,W,OHARE ST,1654,3,NONINCAPACITATING INJURY,2,0,0,2,0,1,0,16,7,1,,,
30,TRAFFIC SIGNAL,FUNCTIONING PROPERLY,CLEAR,"DARKNESS, LIGHTED ROAD",REAR END,NOT DIVIDED,STRAIGHT AND LEVEL,DRY,NO DEFECTS,ON SCENE,NO INJURY / DRIVE AWAY,,,"OVER $1,500",12/20/2022 04:09:00 PM,FOLLOWING TOO CLOSELY,FAILING TO REDUCE SPEED TO AVOID CRASH,5536,W,ADDISON ST,1633,2,NO INDICATION OF INJURY,0,0,0,0,0,2,0,15,3,12,41.945998117,-87.765830456,POINT (-87.765830455971 41.945998117014)
30,NO CONTROLS,UNKNOWN,UNKNOWN,UNKNOWN,PEDESTRIAN,NOT DIVIDED,STRAIGHT AND LEVEL,UNKNOWN,UNKNOWN,NOT ON SCENE (DESK REPORT),INJURY AND / OR TOW DUE TO CRASH,,,$500 OR LESS,10/10/2019 04:00:00 PM,UNABLE TO DETERMINE,UNABLE TO DETERMINE,5618,W,BELMONT AVE,1633,2,"REPORTED, NOT EVIDENT",1,0,0,0,1,1,0,16,4,10,41.938675754,-87.767264242,POINT (-87.767264242029 41.938675753962)
30,NO CONTROLS,NO CONTROLS,CLEAR,DAYLIGHT,REAR END,DIVIDED - W/MEDIAN (NOT RAISED),STRAIGHT AND LEVEL,DRY,NO DEFECTS,NOT ON SCENE (DESK REPORT),NO INJURY / DRIVE AWAY,,,$500 OR LESS,05/23/2023 09:45:00 AM,FOLLOWING TOO CLOSELY,UNABLE TO DETERMINE,4537,W,26TH ST,1031,2,NO INDICATION OF INJURY,0,0,0,0,0,2,0,8,3,5,41.843952777,-87.738047625,POINT (-87.738047625035 41.843952777003)
30,NO CONTROLS,NO CONTROLS,RAIN,DAYLIGHT,ANGLE,NOT DIVIDED,STRAIGHT AND LEVEL,WET,NO DEFECTS,ON SCENE,NO INJURY / DRIVE AWAY,,Y,"$501 - $1,500",06/25/2021 12:24:00 PM,IMPROPER OVERTAKING/PASSING,NOT APPLICABLE,1545,W,NORTH AVE,1433,2,NO INDICATION OF INJURY,0,0,0,0,0,2,0,11,6,6,41.910530014,-87.667050586,POINT (-87.66705058601 41.910530014022)
20,NO CONTROLS,NO CONTROLS,CLEAR,DAYLIGHT,SIDESWIPE SAME DIRECTION,ONE-WAY,STRAIGHT AND LEVEL,DRY,NO DEFECTS,ON SCENE,NO INJURY / DRIVE AWAY,,,$500 OR LESS,06/28/2019 07:05:00 AM,IMPROPER LANE USAGE,DRIVING SKILLS/KNOWLEDGE/EXPERIENCE,3,W,TERMINAL ST,1653,2,NO INDICATION OF INJURY,0,0,0,0,0,2,0,7,6,6,,,
30,NO CONTROLS,NO CONTROLS,CLEAR,"DARKNESS, LIGHTED ROAD",SIDESWIPE SAME DIRECTION,NOT DIVIDED,STRAIGHT AND LEVEL,DRY,NO DEFECTS,NOT ON SCENE (DESK REPORT),NO INJURY / DRIVE AWAY,Y,Y,"OVER $1,500",06/27/2021 11:00:00 PM,DRIVING ON WRONG SIDE/WRONG WAY,NOT APPLICABLE,2200,W,ADDISON ST,1921,2,NO INDICATION OF INJURY,0,0,0,0,0,2,0,21,1,6,41.946909114,-87.683469891,POINT (-87.683469891004 41.946909113959)
25,NO CONTROLS,NO CONTROLS,SNOW,DAYLIGHT,ANGLE,PARKING LOT,STRAIGHT AND LEVEL,SNOW OR SLUSH,NO DEFECTS,ON SCENE,NO INJURY / DRIVE AWAY,,,"$501 - $1,500",11/11/2019 11:37:00 AM,WEATHER,DRIVING SKILLS/KNOWLEDGE/EXPERIENCE,524,W,OHARE ST,1654,2,NO INDICATION OF INJURY,0,0,0,0,0,2,0,11,2,11,,,
30,NO CONTROLS,NO CONTROLS,CLEAR,DAYLIGHT,SIDESWIPE SAME DIRECTION,NOT DIVIDED,STRAIGHT AND LEVEL,DRY,NO DEFECTS,NOT ON SCENE (DESK REPORT),NO INJURY / DRIVE AWAY,,,$500 OR LESS,12/11/2016 01:43:00 PM,UNABLE TO DETERMINE,UNABLE TO DETERMINE,3950,S,PULASKI RD,815,2,NO INDICATION OF INJURY,0,0,0,0,0,2,0,14,7,12,41.8198969,-87.724126177,POINT (-87.724126177005 41.819896900039)
30,TRAFFIC SIGNAL,FUNCTIONING PROPERLY,CLEAR,DAYLIGHT,SIDESWIPE SAME DIRECTION,NOT DIVIDED,STRAIGHT AND LEVEL,DRY,NO DEFECTS,NOT ON SCENE (DESK REPORT),NO INJURY / DRIVE AWAY,,,"OVER $1,500",06/28/2017 09:20:00 PM,UNABLE TO DETERMINE,NOT APPLICABLE,800,W,GRAND AVE,1214,2,NO INDICATION OF INJURY,0,0,0,0,0,2,0,17,4,6,41.891293713,-87.647680593,POINT (-87.647680593026 41.891293712961)
30,NO CONTROLS,NO CONTROLS,CLEAR,DAYLIGHT,REAR END,DIVIDED - W/MEDIAN (NOT RAISED),STRAIGHT AND LEVEL,DRY,NO DEFECTS,ON SCENE,INJURY AND / OR TOW DUE TO CRASH,,Y,"OVER $1,500",04/15/2021 02:12:00 PM,"OPERATING VEHICLE IN ERRATIC, RECKLESS, CARELESS, NEGLIGENT OR AGGRESSIVE MANNER",IMPROPER OVERTAKING/PASSING,1499,N,CICERO AVE,2533,6,INCAPACITATING INJURY,2,0,1,1,0,4,0,14,5,4,41.907717718,-87.745916874,POINT (-87.745916874041 41.907717717976)
30,NO CONTROLS,NO CONTROLS,CLEAR,UNKNOWN,PARKED MOTOR VEHICLE,ONE-WAY,STRAIGHT AND LEVEL,DRY,NO DEFECTS,NOT ON SCENE (DESK REPORT),NO INJURY / DRIVE AWAY,,Y,"$501 - $1,500",01/06/2017 06:00:00 PM,UNABLE TO DETERMINE,NOT APPLICABLE,1550,N,KILDARE AVE,2534,2,NO INDICATION OF INJURY,0,0,0,0,0,1,0,11,6,1,41.909037789,-87.734005707,POINT (-87.73400570697 41.909037788991)
30,TRAFFIC SIGNAL,FUNCTIONING PROPERLY,CLEAR,DUSK,REAR END,DIVIDED - W/MEDIAN (NOT RAISED),STRAIGHT AND LEVEL,DRY,NO DEFECTS,NOT ON SCENE (DESK REPORT),NO INJURY / DRIVE AWAY,,,"OVER $1,500",02/11/2019 09:15:00 PM,FOLLOWING TOO CLOSELY,NOT APPLICABLE,5336,N,NORTHWEST HWY,1622,2,NO INDICATION OF INJURY,0,0,0,0,0,5,0,16,7,2,41.977366733,-87.772571956,POINT (-87.772571955998 41.977366733018)
15,NO CONTROLS,NO CONTROLS,CLEAR,DAYLIGHT,ANGLE,PARKING LOT,STRAIGHT AND LEVEL,DRY,NO DEFECTS,ON SCENE,INJURY AND / OR TOW DUE TO CRASH,,,"OVER $1,500",01/15/2023 04:03:00 PM,UNABLE TO DETERMINE,UNABLE TO DETERMINE,1320,E,47TH ST,222,2,NO INDICATION OF INJURY,0,0,0,0,0,6,0,16,1,1,41.809781151,-87.594212812,POINT (-87.594212812011 41.809781151018)
20,NO CONTROLS,NO CONTROLS,CLEAR,DAYLIGHT,REAR END,DIVIDED - W/MEDIAN BARRIER,STRAIGHT AND LEVEL,DRY,NO DEFECTS,ON SCENE,NO INJURY / DRIVE AWAY,,,"OVER $1,500",06/14/2023 03:55:00 PM,IMPROPER BACKING,IMPROPER BACKING,8800,S,CHICAGO SKYWAY OB,412,2,NO INDICATION OF INJURY,0,0,0,0,0,2,0,15,4,6,,,
30,NO CONTROLS,NO CONTROLS,CLEAR,DAYLIGHT,REAR END,DIVIDED - W/MEDIAN (NOT RAISED),STRAIGHT AND LEVEL,DRY,NO DEFECTS,ON SCENE,INJURY AND / OR TOW DUE TO CRASH,,,"OVER $1,500",10/17/2022 08:20:00 AM,UNABLE TO DETERMINE,UNABLE TO DETERMINE,117,N,BESSIE COLEMAN DR,1654,2,NONINCAPACITATING INJURY,1,0,0,1,0,2,0,8,2,10,,,
15,NO CONTROLS,NO CONTROLS,CLEAR,DAYLIGHT,SIDESWIPE SAME DIRECTION,ONE-WAY,STRAIGHT AND LEVEL,DRY,NO DEFECTS,ON SCENE,NO INJURY / DRIVE AWAY,,N,$500 OR LESS,05/11/2022 05:15:00 AM,UNABLE TO DETERMINE,NOT APPLICABLE,1,S,DOOR 3 ST,813,2,NO INDICATION OF INJURY,0,0,0,0,0,2,0,5,4,5,,,
30,NO CONTROLS,NO CONTROLS,CLEAR,DARKNESS,PARKED MOTOR VEHICLE,NOT DIVIDED,STRAIGHT AND LEVEL,DRY,NO DEFECTS,ON SCENE,NO INJURY / DRIVE AWAY,,,"$501 - $1,500",04/18/2022 08:51:00 PM,IMPROPER LANE USAGE,UNABLE TO DETERMINE,7556,N,ASHLAND AVE,2422,2,NO INDICATION OF INJURY,0,0,0,0,0,1,0,20,2,4,,,
20,NO CONTROLS,NO CONTROLS,CLEAR,DAYLIGHT,SIDESWIPE SAME DIRECTION,ONE-WAY,"CURVE, LEVEL",DRY,NO DEFECTS,ON SCENE,NO INJURY / DRIVE AWAY,,,"$501 - $1,500",05/21/2023 06:10:00 PM,IMPROPER OVERTAKING/PASSING,NOT APPLICABLE,5,W,TERMINAL ST,1655,2,NO INDICATION OF INJURY,0,0,0,0,0,6,0,17,1,5,,,
20,NO CONTROLS,NO CONTROLS,CLEAR,DAYLIGHT,SIDESWIPE SAME DIRECTION,NOT DIVIDED,STRAIGHT AND LEVEL,DRY,NO DEFECTS,ON SCENE,INJURY AND / OR TOW DUE TO CRASH,,,"OVER $1,500",11/05/2021 03:32:00 PM,DRIVING SKILLS/KNOWLEDGE/EXPERIENCE,UNABLE TO DETERMINE,8147,S,VINCENNES AVE,622,2,NO INDICATION OF INJURY,0,0,0,0,0,2,0,15,6,11,41.74579217,-87.635369997,POINT (-87.63536999702 41.745792169991)
20,NO CONTROLS,NO CONTROLS,SNOW,DAYLIGHT,OTHER OBJECT,NOT DIVIDED,STRAIGHT AND LEVEL,SNOW OR SLUSH,NO DEFECTS,ON SCENE,NO INJURY / DRIVE AWAY,,,"OVER $1,500",01/28/2022 04:48:00 PM,UNABLE TO DETERMINE,UNABLE TO DETERMINE,4714,W,LAKE ST,1113,1,NO INDICATION OF INJURY,0,0,0,0,0,1,0,16,6,1,41.886603801,-87.7436834,POINT (-87.743683400022 41.886603801046)
25,NO CONTROLS,NO CONTROLS,CLEAR,DAYLIGHT,SIDESWIPE OPPOSITE DIRECTION,NOT DIVIDED,STRAIGHT AND LEVEL,DRY,NO DEFECTS,ON SCENE,NO INJURY / DRIVE AWAY,,Y,"OVER $1,500",12/23/2021 11:48:00 AM,FAILING TO YIELD RIGHT-OF-WAY,DRIVING SKILLS/KNOWLEDGE/EXPERIENCE,660,W,OHARE ST,1654,2,NO INDICATION OF INJURY,0,0,0,0,0,2,0,11,5,12,,,
20,STOP SIGN/FLASHER,NO CONTROLS,CLEAR,DAYLIGHT,HEAD ON,FOUR WAY,STRAIGHT AND LEVEL,DRY,UNKNOWN,NOT ON SCENE (DESK REPORT),INJURY AND / OR TOW DUE TO CRASH,,,"OVER $1,500",06/01/2023 03:00:00 PM,DISREGARDING STOP SIGN,DISREGARDING STOP SIGN,7300,S,EBERHART AVE,323,2,NO INDICATION OF INJURY,0,0,0,0,0,2,0,12,5,6,41.762009489,-87.612901284,POINT (-87.612901284021 41.76200948897)
30,TRAFFIC SIGNAL,FUNCTIONING PROPERLY,CLEAR,DAYLIGHT,SIDESWIPE SAME DIRECTION,FOUR WAY,STRAIGHT AND LEVEL,DRY,NO DEFECTS,ON SCENE,NO INJURY / DRIVE AWAY,Y,,"OVER $1,500",08/27/2022 06:38:00 PM,IMPROPER LANE USAGE,UNABLE TO DETERMINE,6900,N,SHERIDAN RD,2431,2,NO INDICATION OF INJURY,0,0,0,0,0,3,0,18,7,8,42.006801604,-87.661457734,POINT (-87.661457733969 42.006801603988)
30,STOP SIGN/FLASHER,FUNCTIONING PROPERLY,CLEAR,"DARKNESS, LIGHTED ROAD",ANGLE,NOT DIVIDED,STRAIGHT AND LEVEL,DRY,UNKNOWN,ON SCENE,INJURY AND / OR TOW DUE TO CRASH,Y,Y,"OVER $1,500",08/25/2018 01:01:00 AM,UNDER THE INFLUENCE OF ALCOHOL/DRUGS (USE WHEN ARREST IS EFFECTED),DISREGARDING STOP SIGN,2059,W,CERMAK RD,1034,2,NO INDICATION OF INJURY,0,0,0,0,0,4,0,1,7,8,41.852029216,-87.678167079,POINT (-87.678167079024 41.852029216012)
30,NO CONTROLS,NO CONTROLS,CLEAR,DARKNESS,SIDESWIPE SAME DIRECTION,ONE-WAY,STRAIGHT AND LEVEL,DRY,NO DEFECTS,NOT ON SCENE (DESK REPORT),NO INJURY / DRIVE AWAY,,,"OVER $1,500",08/19/2018 02:10:00 PM,UNABLE TO DETERMINE,UNABLE TO DETERMINE,636,N,RACINE AVE,1215,2,NO INDICATION OF INJURY,0,0,0,0,0,2,0,1,1,8,41.893380429,-87.657587738,POINT (-87.657587737968 41.893380429025)
30,NO CONTROLS,NO CONTROLS,CLEAR,DAYLIGHT,PARKED MOTOR VEHICLE,NOT DIVIDED,STRAIGHT AND LEVEL,DRY,NO DEFECTS,ON SCENE,INJURY AND / OR TOW DUE TO CRASH,,N,"OVER $1,500",01/17/2023 06:54:00 AM,UNABLE TO DETERMINE,NOT APPLICABLE,4432,W,54TH ST,815,3,NO INDICATION OF INJURY,0,0,0,0,0,1,0,6,3,1,,,
35,NO CONTROLS,NO CONTROLS,CLEAR,DAYLIGHT,PARKED MOTOR VEHICLE,ONE-WAY,STRAIGHT AND LEVEL,DRY,NO DEFECTS,NOT ON SCENE (DESK REPORT),NO INJURY / DRIVE AWAY,,Y,"OVER $1,500",06/21/2021 09:45:00 PM,UNABLE TO DETERMINE,NOT APPLICABLE,1210,E,62ND ST,314,2,NO INDICATION OF INJURY,0,0,0,0,0,1,0,17,2,6,41.782457244,-87.59578011,POINT (-87.595780109983 41.78245724397)
30,UNKNOWN,UNKNOWN,UNKNOWN,"DARKNESS, LIGHTED ROAD",SIDESWIPE SAME DIRECTION,NOT DIVIDED,STRAIGHT AND LEVEL,UNKNOWN,UNKNOWN,NOT ON SCENE (DESK REPORT),NO INJURY / DRIVE AWAY,,Y,"OVER $1,500",07/24/2020 11:45:00 PM,IMPROPER OVERTAKING/PASSING,NOT APPLICABLE,600,W,DIVISION ST,1822,2,NO INDICATION OF INJURY,0,0,0,0,0,2,0,23,6,7,41.903825234,-87.64328636,POINT (-87.643286359995 41.903825233976)
30,NO CONTROLS,NO CONTROLS,CLEAR,DAYLIGHT,ANGLE,ONE-WAY,STRAIGHT AND LEVEL,DRY,NO DEFECTS,ON SCENE,NO INJURY / DRIVE AWAY,,,"OVER $1,500",07/22/2022 12:30:00 PM,UNABLE TO DETERMINE,UNABLE TO DETERMINE,3,W,TERMINAL ST,1653,2,NO INDICATION OF INJURY,0,0,0,0,0,3,0,12,6,7,,,
10,NO CONTROLS,NO CONTROLS,CLEAR,DAYLIGHT,PARKED MOTOR VEHICLE,OTHER,STRAIGHT AND LEVEL,DRY,NO DEFECTS,NOT ON SCENE (DESK REPORT),NO INJURY / DRIVE AWAY,,,"OVER $1,500",08/31/2020 05:30:00 PM,IMPROPER OVERTAKING/PASSING,FOLLOWING TOO CLOSELY,368,E,GARFIELD BLVD,231,2,NO INDICATION OF INJURY,0,0,0,0,0,1,0,16,2,8,41.794908912,-87.616471792,POINT (-87.61647179201 41.794908912028)
40,NO CONTROLS,NO CONTROLS,CLEAR,"DARKNESS, LIGHTED ROAD",REAR END,DIVIDED - W/MEDIAN (NOT RAISED),STRAIGHT AND LEVEL,DRY,UNKNOWN,ON SCENE,INJURY AND / OR TOW DUE TO CRASH,,,"OVER $1,500",10/22/2022 04:04:00 AM,UNABLE TO DETERMINE,NOT APPLICABLE,12300,W,IRVING PARK RD,1654,2,INCAPACITATING INJURY,1,0,1,0,0,1,0,4,7,10,41.958986951,-87.933993929,POINT (-87.933993928974 41.958986950953)
5,NO CONTROLS,NO CONTROLS,CLEAR,DAYLIGHT,PARKED MOTOR VEHICLE,PARKING LOT,STRAIGHT AND LEVEL,DRY,NO DEFECTS,NOT ON SCENE (DESK REPORT),NO INJURY / DRIVE AWAY,,,"$501 - $1,500",10/03/2017 08:00:00 PM,UNABLE TO DETERMINE,NOT APPLICABLE,4909,W,DIVISION ST,1531,2,NO INDICATION OF INJURY,0,0,0,0,0,1,0,12,3,10,41.902212301,-87.74884541,POINT (-87.748845410034 41.90221230099)
30,NO CONTROLS,NO CONTROLS,CLEAR,DAYLIGHT,SIDESWIPE SAME DIRECTION,NOT DIVIDED,STRAIGHT AND LEVEL,DRY,NO DEFECTS,ON SCENE,NO INJURY / DRIVE AWAY,,Y,"OVER $1,500",11/23/2021 11:20:00 AM,"OPERATING VEHICLE IN ERRATIC, RECKLESS, CARELESS, NEGLIGENT OR AGGRESSIVE MANNER",IMPROPER OVERTAKING/PASSING,1352,N,LARAMIE AVE,2532,2,NO INDICATION OF INJURY,0,0,0,0,0,2,0,11,3,11,41.905612968,-87.755999739,POINT (-87.755999739032 41.905612967973)
30,TRAFFIC SIGNAL,FUNCTIONING PROPERLY,CLEAR,DAYLIGHT,SIDESWIPE SAME DIRECTION,NOT DIVIDED,STRAIGHT AND LEVEL,DRY,NO DEFECTS,ON SCENE,INJURY AND / OR TOW DUE TO CRASH,,,"OVER $1,500",06/29/2022 03:07:00 PM,IMPROPER LANE USAGE,IMPROPER LANE USAGE,112,E,WACKER DR,114,2,NONINCAPACITATING INJURY,1,0,0,1,0,1,0,15,4,6,41.888399178,-87.623954282,POINT (-87.623954281953 41.888399177959)
30,NO CONTROLS,NO CONTROLS,CLOUDY/OVERCAST,DAYLIGHT,OTHER OBJECT,ALLEY,STRAIGHT AND LEVEL,DRY,UNKNOWN,ON SCENE,INJURY AND / OR TOW DUE TO CRASH,,,"OVER $1,500",07/08/2021 05:07:00 PM,"OPERATING VEHICLE IN ERRATIC, RECKLESS, CARELESS, NEGLIGENT OR AGGRESSIVE MANNER",UNABLE TO DETERMINE,4637,W,WEST END AVE,1113,1,NO INDICATION OF INJURY,0,0,0,0,0,5,0,17,5,7,41.883061397,-87.741722633,POINT (-87.741722632979 41.883061397037)
30,NO CONTROLS,NO CONTROLS,CLEAR,DAYLIGHT,OTHER OBJECT,OTHER,STRAIGHT AND LEVEL,DRY,NO DEFECTS,NOT ON SCENE (DESK REPORT),NO INJURY / DRIVE AWAY,,,"OVER $1,500",12/17/2016 04:18:00 PM,ROAD ENGINEERING/SURFACE/MARKING DEFECTS,ROAD ENGINEERING/SURFACE/MARKING DEFECTS,6285,S,LAKE SHORE DR,331,1,NO INDICATION OF INJURY,0,0,0,0,0,1,0,10,5,12,,,
30,NO CONTROLS,NO CONTROLS,RAIN,"DARKNESS, LIGHTED ROAD",FIXED OBJECT,NOT DIVIDED,STRAIGHT AND LEVEL,WET,NO DEFECTS,NOT ON SCENE (DESK REPORT),NO INJURY / DRIVE AWAY,,N,"OVER $1,500",09/19/2018 06:01:00 PM,UNABLE TO DETERMINE,UNABLE TO DETERMINE,1147,W,87TH ST,2222,2,NO INDICATION OF INJURY,0,0,0,0,0,2,0,17,4,9,41.735834528,-87.652808815,POINT (-87.652808814994 41.735834528012)
30,TRAFFIC SIGNAL,FUNCTIONING PROPERLY,CLEAR,DAYLIGHT,TURNING,NOT DIVIDED,STRAIGHT AND LEVEL,DRY,NO DEFECTS,NOT ON SCENE (DESK REPORT),NO INJURY / DRIVE AWAY,Y,,"OVER $1,500",01/16/2019 05:05:00 PM,FAILING TO YIELD RIGHT-OF-WAY,NOT APPLICABLE,8301,S,CICERO AVE,834,2,NO INDICATION OF INJURY,0,0,0,0,0,2,0,16,4,1,41.741803599,-87.740953582,POINT (-87.740953581987 41.741803598989)
15,NO CONTROLS,NO CONTROLS,CLEAR,"DARKNESS, LIGHTED ROAD",SIDESWIPE SAME DIRECTION,ONE-WAY,STRAIGHT AND LEVEL,DRY,NO DEFECTS,ON SCENE,NO INJURY / DRIVE AWAY,,,"OVER $1,500",03/28/2023 01:55:00 AM,IMPROPER OVERTAKING/PASSING,NOT APPLICABLE,5,W,TERMINAL ST,1655,3,NO INDICATION OF INJURY,0,0,0,0,0,3,0,1,3,3,,,
30,TRAFFIC SIGNAL,FUNCTIONING PROPERLY,RAIN,DAYLIGHT,SIDESWIPE SAME DIRECTION,ONE-WAY,STRAIGHT AND LEVEL,WET,NO DEFECTS,NOT ON SCENE (DESK REPORT),NO INJURY / DRIVE AWAY,,,"$501 - $1,500",11/09/2018 11:00:00 AM,UNABLE TO DETERMINE,NOT APPLICABLE,4654,S,LA SALLE ST,215,2,NO INDICATION OF INJURY,0,0,0,0,0,2,0,10,6,11,,,