POSTED_SPEED_LIMIT,TRAFFIC_CONTROL_DEVICE,DEVICE_CONDITION,WEATHER_CONDITION,LIGHTING_CONDITION,FIRST_CRASH_TYPE,TRAFFICWAY_TYPE,ALIGNMENT,ROADWAY_SURFACE_COND,ROAD_DEFECT,REPORT_TYPE,CRASH_TYPE,INTERSECTION_RELATED_I,HIT_AND_RUN_I,DAMAGE,DATE_POLICE_NOTIFIED,PRIM_CONTRIBUTORY_CAUSE,SEC_CONTRIBUTORY_CAUSE,STREET_NO,STREET_DIRECTION,STREET_NAME,BEAT_OF_OCCURRENCE,NUM_UNITS,MOST_SEVERE_INJURY,INJURIES_TOTAL,INJURIES_FATAL,INJURIES_INCAPACITATING,INJURIES_NON_INCAPACITATING,INJURIES_REPORTED_NOT_EVIDENT,INJURIES_NO_INDICATION,INJURIES_UNKNOWN,CRASH_HOUR,CRASH_DAY_OF_WEEK,CRASH_MONTH,LATITUDE,LONGITUDE,LOCATION
30,NO CONTROLS,NO CONTROLS,CLEAR,UNKNOWN,PARKED MOTOR VEHICLE,DIVIDED - W/MEDIAN BARRIER,STRAIGHT AND LEVEL,DRY,NO DEFECTS,NOT ON SCENE (DESK REPORT),NO INJURY / DRIVE AWAY,,Y,"OVER $1,500",11/11/2017 10:15:00 AM,UNABLE TO DETERMINE,NOT APPLICABLE,4452,S,DR MARTIN LUTHER KING JR SD,215,2,NO INDICATION OF INJURY,0,0,0,0,0,1,0,2,7,11,,,
30,TRAFFIC SIGNAL,FUNCTIONING PROPERLY,CLEAR,DAYLIGHT,REAR END,ONE-WAY,STRAIGHT AND LEVEL,DRY,NO DEFECTS,NOT ON SCENE (DESK REPORT),NO INJURY / DRIVE AWAY,,,"$501 - $1,500",01/27/2016 01:00:00 PM,UNABLE TO DETERMINE,UNABLE TO DETERMINE,360,W,MADISON ST,122,2,NO INDICATION OF INJURY,0,0,0,0,0,2,0,9,4,1,41.8820229,-87.637081412,POINT (-87.637081411989 41.88202289998)
30,NO CONTROLS,NO CONTROLS,CLEAR,DAYLIGHT,SIDESWIPE SAME DIRECTION,OTHER,STRAIGHT AND LEVEL,DRY,NO DEFECTS,ON SCENE,NO INJURY / DRIVE AWAY,Y,,"OVER $1,500",07/10/2018 07:11:00 AM,FAILING TO YIELD RIGHT-OF-WAY,DRIVING SKILLS/KNOWLEDGE/EXPERIENCE,2,W,TERMINAL ST,1652,2,NO INDICATION OF INJURY,0,0,0,0,0,2,0,7,3,7,,,
35,NO CONTROLS,NO CONTROLS,CLEAR,DAYLIGHT,REAR END,NOT DIVIDED,STRAIGHT AND LEVEL,DRY,NO DEFECTS,NOT ON SCENE (DESK REPORT),NO INJURY / DRIVE AWAY,,Y,"$501 - $1,500",09/14/2017 05:40:00 PM,FOLLOWING TOO CLOSELY,NOT APPLICABLE,3121,W,OGDEN AVE,1022,2,NO INDICATION OF INJURY,0,0,0,0,0,2,0,8,5,9,41.858321813,-87.703707726,POINT (-87.703707726023 41.858321812955)
30,NO CONTROLS,NO CONTROLS,CLEAR,"DARKNESS, LIGHTED ROAD",PARKED MOTOR VEHICLE,NOT DIVIDED,STRAIGHT AND LEVEL,DRY,NO DEFECTS,ON SCENE,INJURY AND / OR TOW DUE TO CRASH,,,$500 OR LESS,05/25/2022 05:39:00 AM,EQUIPMENT - VEHICLE CONDITION,UNABLE TO DETERMINE,7348,W,ADDISON ST,1631,5,NO INDICATION OF INJURY,0,0,0,0,0,1,0,5,4,5,41.945289535,-87.811364685,POINT (-87.811364685041 41.945289535049)
30,NO CONTROLS,NO CONTROLS,CLEAR,DAYLIGHT,PARKED MOTOR VEHICLE,NOT DIVIDED,STRAIGHT AND LEVEL,DRY,NO DEFECTS,NOT ON SCENE (DESK REPORT),NO INJURY / DRIVE AWAY,,Y,"$501 - $1,500",06/02/2023 03:25:00 PM,UNABLE TO DETERMINE,NOT APPLICABLE,1700,W,MAYPOLE AVE,1224,2,NO INDICATION OF INJURY,0,0,0,0,0,1,0,14,6,6,,,
15,NO CONTROLS,NO CONTROLS,CLEAR,DAYLIGHT,PARKED MOTOR VEHICLE,PARKING LOT,STRAIGHT AND LEVEL,UNKNOWN,NO DEFECTS,NOT ON SCENE (DESK REPORT),NO INJURY / DRIVE AWAY,,,"$501 - $1,500",05/31/2023 09:30:00 AM,DRIVING SKILLS/KNOWLEDGE/EXPERIENCE,NOT APPLICABLE,6726,N,CLARK ST,2432,2,NO INDICATION OF INJURY,0,0,0,0,0,1,0,9,4,5,42.004263099,-87.672889321,POINT (-87.672889320986 42.00426309897)
30,TRAFFIC SIGNAL,FUNCTIONING PROPERLY,SNOW,"DARKNESS, LIGHTED ROAD",REAR END,NOT DIVIDED,STRAIGHT AND LEVEL,SNOW OR SLUSH,NO DEFECTS,ON SCENE,INJURY AND / OR TOW DUE TO CRASH,Y,,"OVER $1,500",02/11/2022 02:48:00 AM,FOLLOWING TOO CLOSELY,FAILING TO REDUCE SPEED TO AVOID CRASH,958,W,DIVERSEY PKWY,1933,2,NONINCAPACITATING INJURY,1,0,0,1,0,1,0,2,6,2,41.932748996,-87.653801489,POINT (-87.653801488996 41.932748996009)
25,STOP SIGN/FLASHER,NO CONTROLS,RAIN,DAYLIGHT,HEAD ON,NOT DIVIDED,STRAIGHT AND LEVEL,WET,NO DEFECTS,ON SCENE,NO INJURY / DRIVE AWAY,Y,,$500 OR LESS,03/19/2020 04:56:00 PM,DRIVING SKILLS/KNOWLEDGE/EXPERIENCE,UNABLE TO DETERMINE,850,W,OHARE ST,1654,2,NO INDICATION OF INJURY,0,0,0,0,0,2,0,16,5,3,,,
30,TRAFFIC SIGNAL,FUNCTIONING PROPERLY,CLEAR,DAYLIGHT,SIDESWIPE SAME DIRECTION,DIVIDED - W/MEDIAN BARRIER,"CURVE, LEVEL",DRY,NO DEFECTS,ON SCENE,NO INJURY / DRIVE AWAY,Y,,$500 OR LESS,12/18/2018 01:40:00 PM,IMPROPER OVERTAKING/PASSING,IMPROPER LANE USAGE,26,N,BESSIE COLEMAN DR,1654,2,NO INDICATION OF INJURY,0,0,0,0,0,2,0,13,3,12,,,
0,TRAFFIC SIGNAL,FUNCTIONING PROPERLY,CLEAR,DAYLIGHT,PEDESTRIAN,DIVIDED - W/MEDIAN (NOT RAISED),STRAIGHT AND LEVEL,UNKNOWN,UNKNOWN,ON SCENE,INJURY AND / OR TOW DUE TO CRASH,,,$500 OR LESS,09/26/2018 08:30:00 AM,FAILING TO REDUCE SPEED TO AVOID CRASH,UNABLE TO DETERMINE,3559,W,26TH ST,1032,2,INCAPACITATING INJURY,1,0,1,0,0,2,0,8,4,9,41.844276406,-87.7147225,POINT (-87.714722500033 41.844276406013)
30,UNKNOWN,UNKNOWN,CLEAR,DAYLIGHT,PARKED MOTOR VEHICLE,NOT DIVIDED,STRAIGHT AND LEVEL,UNKNOWN,UNKNOWN,NOT ON SCENE (DESK REPORT),NO INJURY / DRIVE AWAY,,Y,"$501 - $1,500",06/20/2018 04:43:00 PM,UNABLE TO DETERMINE,NOT APPLICABLE,1107,N,AVERS AVE,1112,2,NO INDICATION OF INJURY,0,0,0,0,0,1,0,16,4,6,41.901141558,-87.722450826,POINT (-87.722450825985 41.901141558013)
30,NO CONTROLS,NO CONTROLS,CLEAR,DAYLIGHT,SIDESWIPE SAME DIRECTION,NOT DIVIDED,STRAIGHT AND LEVEL,DRY,UNKNOWN,NOT ON SCENE (DESK REPORT),NO INJURY / DRIVE AWAY,,,"OVER $1,500",06/10/2021 07:22:00 PM,FAILING TO YIELD RIGHT-OF-WAY,UNABLE TO DETERMINE,645,N,MICHIGAN AVE,1834,2,NO INDICATION OF INJURY,0,0,0,0,0,2,0,17,5,6,41.893918609,-87.624085833,POINT (-87.624085832985 41.893918609004)
30,NO CONTROLS,NO CONTROLS,CLEAR,DAYLIGHT,PARKED MOTOR VEHICLE,ONE-WAY,STRAIGHT AND LEVEL,DRY,NO DEFECTS,NOT ON SCENE (DESK REPORT),NO INJURY / DRIVE AWAY,,,"OVER $1,500",12/31/2021 01:45:00 PM,UNABLE TO DETERMINE,DRIVING SKILLS/KNOWLEDGE/EXPERIENCE,5700,S,WENTWORTH AVE,232,2,NO INDICATION OF INJURY,0,0,0,0,0,3,0,13,6,12,,,
30,STOP SIGN/FLASHER,FUNCTIONING PROPERLY,CLEAR,DAYLIGHT,SIDESWIPE SAME DIRECTION,NOT DIVIDED,STRAIGHT AND LEVEL,DRY,NO DEFECTS,NOT ON SCENE (DESK REPORT),NO INJURY / DRIVE AWAY,,,"$501 - $1,500",09/24/2017 09:13:00 AM,UNABLE TO DETERMINE,NOT APPLICABLE,2505,S,CALIFORNIA AVE,1034,2,NO INDICATION OF INJURY,0,0,0,0,0,3,0,11,7,9,,,
35,TRAFFIC SIGNAL,FUNCTIONING PROPERLY,CLEAR,DAYLIGHT,REAR END,DIVIDED - W/MEDIAN BARRIER,STRAIGHT AND LEVEL,DRY,NO DEFECTS,NOT ON SCENE (DESK REPORT),NO INJURY / DRIVE AWAY,,,"$501 - $1,500",11/20/2015 05:45:00 PM,FOLLOWING TOO CLOSELY,NOT APPLICABLE,8300,S,STONY ISLAND AVE,412,2,NO INDICATION OF INJURY,0,0,0,0,0,2,0,16,6,11,41.744151639,-87.585945067,POINT (-87.585945066953 41.744151639042)
30,NO CONTROLS,NO CONTROLS,CLOUDY/OVERCAST,DAYLIGHT,FIXED OBJECT,NOT DIVIDED,STRAIGHT AND LEVEL,DRY,NO DEFECTS,ON SCENE,NO INJURY / DRIVE AWAY,,,"OVER $1,500",12/05/2020 12:32:00 PM,IMPROPER BACKING,UNABLE TO DETERMINE,4530,W,HARRISON ST,1131,2,NO INDICATION OF INJURY,0,0,0,0,0,2,0,12,7,12,41.873381098,-87.738915643,POINT (-87.738915643016 41.873381097986)
30,TRAFFIC SIGNAL,FUNCTIONING PROPERLY,CLEAR,"DARKNESS, LIGHTED ROAD",ANGLE,FOUR WAY,STRAIGHT AND LEVEL,DRY,NO DEFECTS,ON SCENE,INJURY AND / OR TOW DUE TO CRASH,,,"OVER $1,500",09/24/2019 11:25:00 PM,DISREGARDING TRAFFIC SIGNALS,NOT APPLICABLE,5500,S,WENTWORTH AVE,225,2,NONINCAPACITATING INJURY,2,0,0,2,0,1,0,23,3,9,,,
15,NO CONTROLS,NO CONTROLS,CLEAR,DAYLIGHT,REAR TO FRONT,PARKING LOT,STRAIGHT AND LEVEL,DRY,NO DEFECTS,ON SCENE,NO INJURY / DRIVE AWAY,,,$500 OR LESS,07/15/2023 03:56:00 PM,IMPROPER BACKING,DRIVING SKILLS/KNOWLEDGE/EXPERIENCE,1,W,PARKING LOT A ST,1654,2,NO INDICATION OF INJURY,0,0,0,0,0,2,0,15,7,7,,,
35,TRAFFIC SIGNAL,FUNCTIONING PROPERLY,CLEAR,DAYLIGHT,ANGLE,OTHER,STRAIGHT AND LEVEL,DRY,NO DEFECTS,ON SCENE,INJURY AND / OR TOW DUE TO CRASH,Y,,"OVER $1,500",02/02/2018 06:05:00 PM,UNABLE TO DETERMINE,UNABLE TO DETERMINE,2435,E,71ST ST,334,2,"REPORTED, NOT EVIDENT",2,0,0,0,2,0,0,18,6,2,,,
30,PEDESTRIAN CROSSING SIGN,FUNCTIONING PROPERLY,CLEAR,DAYLIGHT,PEDESTRIAN,ONE-WAY,STRAIGHT AND LEVEL,DRY,NO DEFECTS,NOT ON SCENE (DESK REPORT),INJURY AND / OR TOW DUE TO CRASH,Y,,$500 OR LESS,12/21/2021 05:30:00 PM,UNABLE TO DETERMINE,UNABLE TO DETERMINE,164,E,GRAND AVE,1834,2,"REPORTED, NOT EVIDENT",1,0,0,0,1,2,0,13,3,12,41.89186947,-87.622748584,POINT (-87.622748583999 41.891869470026)
30,NO CONTROLS,NO CONTROLS,CLEAR,DARKNESS,PARKED MOTOR VEHICLE,PARKING LOT,STRAIGHT AND LEVEL,UNKNOWN,UNKNOWN,NOT ON SCENE (DESK REPORT),NO INJURY / DRIVE AWAY,,Y,"OVER $1,500",09/21/2019 03:29:00 PM,UNABLE TO DETERMINE,UNABLE TO DETERMINE,4201,S,ASHLAND AVE,924,2,NO INDICATION OF INJURY,0,0,0,0,0,1,0,21,6,9,41.817683733,-87.6650402,POINT (-87.665040200043 41.817683733038)
20,NO CONTROLS,NO CONTROLS,CLEAR,DAYLIGHT,PARKED MOTOR VEHICLE,NOT DIVIDED,STRAIGHT AND LEVEL,DRY,NO DEFECTS,ON SCENE,NO INJURY / DRIVE AWAY,,,"OVER $1,500",06/26/2019 12:35:00 PM,DRIVING SKILLS/KNOWLEDGE/EXPERIENCE,NOT APPLICABLE,660,W,OHARE ST,1654,2,NO INDICATION OF INJURY,0,0,0,0,0,1,0,12,4,6,,,
30,TRAFFIC SIGNAL,FUNCTIONING PROPERLY,CLEAR,DAYLIGHT,TURNING,DIVIDED - W/MEDIAN BARRIER,STRAIGHT AND LEVEL,DRY,NO DEFECTS,NOT ON SCENE (DESK REPORT),NO INJURY / DRIVE AWAY,,,"$501 - $1,500",04/11/2018 08:34:00 AM,IMPROPER TURNING/NO SIGNAL,IMPROPER TURNING/NO SIGNAL,2402,W,87TH ST,835,2,NO INDICATION OF INJURY,0,0,0,0,0,2,0,8,4,4,41.735634268,-87.682733396,POINT (-87.682733396015 41.735634268007)
30,NO CONTROLS,NO CONTROLS,CLEAR,DAYLIGHT,PARKED MOTOR VEHICLE,NOT DIVIDED,STRAIGHT AND LEVEL,DRY,UNKNOWN,ON SCENE,NO INJURY / DRIVE AWAY,,Y,$500 OR LESS,03/17/2023 01:08:00 PM,FAILING TO REDUCE SPEED TO AVOID CRASH,UNABLE TO DETERMINE,3735,W,GRAND AVE,2535,2,NO INDICATION OF INJURY,0,0,0,0,0,1,0,13,6,3,41.903954099,-87.721171653,POINT (-87.721171653005 41.903954098986)
25,NO CONTROLS,NO CONTROLS,CLEAR,DAYLIGHT,PARKED MOTOR VEHICLE,NOT DIVIDED,STRAIGHT AND LEVEL,DRY,NO DEFECTS,ON SCENE,NO INJURY / DRIVE AWAY,,Y,"$501 - $1,500",02/24/2020 06:21:00 PM,UNABLE TO DETERMINE,NOT APPLICABLE,1833,S,HOYNE AVE,1234,2,NO INDICATION OF INJURY,0,0,0,0,0,1,0,16,1,2,41.85668046,-87.678267598,POINT (-87.678267598008 41.856680460029)
25,NO CONTROLS,NO CONTROLS,CLEAR,"DARKNESS, LIGHTED ROAD",FIXED OBJECT,ONE-WAY,STRAIGHT AND LEVEL,DRY,NO DEFECTS,ON SCENE,INJURY AND / OR TOW DUE TO CRASH,,Y,"OVER $1,500",05/22/2017 03:01:00 AM,UNABLE TO DETERMINE,UNABLE TO DETERMINE,223,W,LAPORTE AVE,1532,1,NO INDICATION OF INJURY,0,0,0,0,0,1,0,3,2,5,,,
30,STOP SIGN/FLASHER,FUNCTIONING PROPERLY,CLEAR,DAYLIGHT,PEDALCYCLIST,NOT DIVIDED,STRAIGHT AND LEVEL,DRY,NO DEFECTS,ON SCENE,INJURY AND / OR TOW DUE TO CRASH,,Y,"OVER $1,500",05/17/2018 05:52:00 PM,DISREGARDING STOP SIGN,NOT APPLICABLE,3442,S,ABERDEEN ST,913,2,NONINCAPACITATING INJURY,1,0,0,1,0,1,0,17,5,5,41.831526841,-87.653564549,POINT (-87.653564549029 41.83152684102)
30,YIELD,FUNCTIONING PROPERLY,CLEAR,"DARKNESS, LIGHTED ROAD",TURNING,DIVIDED - W/MEDIAN BARRIER,STRAIGHT AND LEVEL,ICE,NO DEFECTS,ON SCENE,NO INJURY / DRIVE AWAY,,Y,"OVER $1,500",12/31/2020 11:55:00 PM,UNABLE TO DETERMINE,NOT APPLICABLE,2607,S,CALIFORNIA AVE,1034,2,NO INDICATION OF INJURY,0,0,0,0,0,2,0,23,5,12,,,
15,NO CONTROLS,NO CONTROLS,CLEAR,"DARKNESS, LIGHTED ROAD",FIXED OBJECT,RAMP,"CURVE, LEVEL",DRY,NO DEFECTS,ON SCENE,NO INJURY / DRIVE AWAY,,Y,"OVER $1,500",08/01/2022 04:15:00 AM,IMPROPER BACKING,UNABLE TO DETERMINE,1,S,MIDWAY ST,813,1,NO INDICATION OF INJURY,0,0,0,0,0,1,0,4,2,8,,,
30,NO CONTROLS,UNKNOWN,CLEAR,UNKNOWN,SIDESWIPE SAME DIRECTION,NOT DIVIDED,STRAIGHT AND LEVEL,WET,UNKNOWN,ON SCENE,INJURY AND / OR TOW DUE TO CRASH,,Y,"OVER $1,500",06/15/2019 09:18:00 PM,UNABLE TO DETERMINE,NOT APPLICABLE,501,E,47TH ST,223,2,NO INDICATION OF INJURY,0,0,0,0,0,2,0,20,7,6,41.809316525,-87.613790359,POINT (-87.613790359015 41.809316524975)
30,NO CONTROLS,NO CONTROLS,CLEAR,DAYLIGHT,REAR END,NOT DIVIDED,STRAIGHT AND LEVEL,DRY,NO DEFECTS,NOT ON SCENE (DESK REPORT),NO INJURY / DRIVE AWAY,,Y,"$501 - $1,500",09/28/2017 05:39:00 PM,UNABLE TO DETERMINE,UNABLE TO DETERMINE,5500,S,WENTWORTH AVE,225,3,NO INDICATION OF INJURY,0,0,0,0,0,3,0,15,5,9,,,
5,NO CONTROLS,NO CONTROLS,CLEAR,"DARKNESS, LIGHTED ROAD",SIDESWIPE SAME DIRECTION,ONE-WAY,STRAIGHT AND LEVEL,DRY,NO DEFECTS,ON SCENE,NO INJURY / DRIVE AWAY,,Y,$500 OR LESS,02/21/2022 11:30:00 PM,UNABLE TO DETERMINE,UNABLE TO DETERMINE,412,W,OHARE ST,1654,2,NO INDICATION OF INJURY,0,0,0,0,0,2,0,23,2,2,,,
30,NO CONTROLS,NO CONTROLS,CLEAR,DARKNESS,PARKED MOTOR VEHICLE,NOT DIVIDED,STRAIGHT AND LEVEL,DRY,NO DEFECTS,NOT ON SCENE (DESK REPORT),NO INJURY / DRIVE AWAY,,,"$501 - $1,500",12/12/2016 08:17:00 PM,UNABLE TO DETERMINE,UNABLE TO DETERMINE,800,E,75TH ST,323,2,NO INDICATION OF INJURY,0,0,0,0,0,1,0,19,2,12,41.75869138,-87.60533417,POINT (-87.605334170015 41.75869137995)
30,NO CONTROLS,NO CONTROLS,CLEAR,"DARKNESS, LIGHTED ROAD",SIDESWIPE SAME DIRECTION,NOT DIVIDED,STRAIGHT AND LEVEL,DRY,NO DEFECTS,ON SCENE,NO INJURY / DRIVE AWAY,,,"OVER $1,500",11/20/2020 09:06:00 PM,FAILING TO YIELD RIGHT-OF-WAY,NOT APPLICABLE,2743,W,47TH ST,922,2,NO INDICATION OF INJURY,0,0,0,0,0,5,0,20,6,11,41.808183726,-87.693463345,POINT (-87.693463344983 41.808183725953)
20,NO CONTROLS,NO CONTROLS,CLEAR,DAYLIGHT,ANGLE,PARKING LOT,STRAIGHT AND LEVEL,DRY,NO DEFECTS,ON SCENE,NO INJURY / DRIVE AWAY,,,"$501 - $1,500",07/16/2022 07:04:00 PM,UNABLE TO DETERMINE,UNABLE TO DETERMINE,1,W,PARKING LOT D ST,1654,2,NO INDICATION OF INJURY,0,0,0,0,0,4,0,19,7,7,,,
30,TRAFFIC SIGNAL,NO CONTROLS,CLEAR,DAYLIGHT,REAR END,"FIVE POINT, OR MORE",STRAIGHT AND LEVEL,DRY,NO DEFECTS,NOT ON SCENE (DESK REPORT),NO INJURY / DRIVE AWAY,,,"OVER $1,500",03/17/2023 12:15:00 PM,FOLLOWING TOO CLOSELY,NOT APPLICABLE,800,W,GRAND AVE,1214,2,NO INDICATION OF INJURY,0,0,0,0,0,3,0,11,6,3,41.891293713,-87.647680593,POINT (-87.647680593026 41.891293712961)
30,TRAFFIC SIGNAL,FUNCTIONING PROPERLY,SNOW,DAYLIGHT,TURNING,FOUR WAY,STRAIGHT AND LEVEL,SNOW OR SLUSH,UNKNOWN,NOT ON SCENE (DESK REPORT),NO INJURY / DRIVE AWAY,Y,,"OVER $1,500",12/22/2022 04:25:00 PM,WEATHER,WEATHER,4800,W,BERTEAU AVE,1624,2,NO INDICATION OF INJURY,0,0,0,0,0,2,0,15,5,12,41.957179469,-87.747545428,POINT (-87.747545428003 41.957179469047)
30,NO CONTROLS,NO CONTROLS,CLEAR,DAYLIGHT,TURNING,NOT DIVIDED,STRAIGHT AND LEVEL,DRY,NO DEFECTS,ON SCENE,INJURY AND / OR TOW DUE TO CRASH,,,"OVER $1,500",09/29/2022 04:54:00 PM,DRIVING SKILLS/KNOWLEDGE/EXPERIENCE,DISTRACTION - FROM OUTSIDE VEHICLE,19,W,119TH ST,522,2,NONINCAPACITATING INJURY,1,0,0,1,0,4,0,16,5,9,41.677906847,-87.623547768,POINT (-87.623547768006 41.677906846967)
20,NO CONTROLS,NO CONTROLS,CLEAR,DAWN,PARKED MOTOR VEHICLE,PARKING LOT,STRAIGHT AND LEVEL,DRY,NO DEFECTS,ON SCENE,NO INJURY / DRIVE AWAY,,Y,"OVER $1,500",11/11/2020 11:30:00 AM,FOLLOWING TOO CLOSELY,DRIVING SKILLS/KNOWLEDGE/EXPERIENCE,1,W,PARKING LOT C ST,1654,2,NO INDICATION OF INJURY,0,0,0,0,0,1,0,11,4,11,,,
20,NO CONTROLS,NO CONTROLS,SNOW,"DARKNESS, LIGHTED ROAD",FIXED OBJECT,Y-INTERSECTION,STRAIGHT AND LEVEL,SNOW OR SLUSH,NO DEFECTS,NOT ON SCENE (DESK REPORT),NO INJURY / DRIVE AWAY,,,"$501 - $1,500",02/02/2022 05:15:00 AM,WEATHER,WEATHER,521,W,OHARE ST,1654,1,NO INDICATION OF INJURY,0,0,0,0,0,1,0,4,4,2,,,
20,NO CONTROLS,NO CONTROLS,CLOUDY/OVERCAST,DAYLIGHT,TURNING,PARKING LOT,STRAIGHT AND LEVEL,DRY,NO DEFECTS,ON SCENE,NO INJURY / DRIVE AWAY,Y,,"OVER $1,500",03/26/2021 11:11:00 AM,FAILING TO YIELD RIGHT-OF-WAY,DRIVING SKILLS/KNOWLEDGE/EXPERIENCE,1,W,PARKING LOT A ST,1654,2,NO INDICATION OF INJURY,0,0,0,0,0,2,0,11,6,3,,,
25,STOP SIGN/FLASHER,FUNCTIONING PROPERLY,CLEAR,"DARKNESS, LIGHTED ROAD",PARKED MOTOR VEHICLE,NOT DIVIDED,STRAIGHT AND LEVEL,DRY,NO DEFECTS,,INJURY AND / OR TOW DUE TO CRASH,,,"OVER $1,500",07/03/2021 10:15:00 PM,UNDER THE INFLUENCE OF ALCOHOL/DRUGS (USE WHEN ARREST IS EFFECTED),FAILING TO REDUCE SPEED TO AVOID CRASH,7324,N,ROGERS AVE,2424,3,NONINCAPACITATING INJURY,1,0,0,1,0,0,0,22,7,7,42.014287815,-87.679218657,POINT (-87.679218656963 42.014287815027)
35,NO CONTROLS,NO CONTROLS,CLOUDY/OVERCAST,DAYLIGHT,REAR END,OTHER,STRAIGHT AND LEVEL,WET,NO DEFECTS,ON SCENE,NO INJURY / DRIVE AWAY,,,"OVER $1,500",09/01/2019 08:30:00 AM,UNABLE TO DETERMINE,UNABLE TO DETERMINE,50,W,I190 EXPY,1654,3,NO INDICATION OF INJURY,0,0,0,0,0,3,0,8,1,9,,,
30,NO CONTROLS,NO CONTROLS,CLEAR,DAYLIGHT,PARKED MOTOR VEHICLE,ONE-WAY,STRAIGHT AND LEVEL,DRY,NO DEFECTS,NOT ON SCENE (DESK REPORT),NO INJURY / DRIVE AWAY,,,"$501 - $1,500",09/23/2015 10:15:00 AM,UNABLE TO DETERMINE,UNABLE TO DETERMINE,3307,W,FRANKLIN SD,1123,2,NO INDICATION OF INJURY,0,0,0,0,0,2,0,15,3,9,,,
40,NO CONTROLS,NO CONTROLS,CLEAR,"DARKNESS, LIGHTED ROAD",SIDESWIPE SAME DIRECTION,DIVIDED - W/MEDIAN BARRIER,STRAIGHT AND LEVEL,DRY,NO DEFECTS,NOT ON SCENE (DESK REPORT),INJURY AND / OR TOW DUE TO CRASH,,Y,"OVER $1,500",11/14/2022 05:00:00 PM,IMPROPER OVERTAKING/PASSING,FAILING TO REDUCE SPEED TO AVOID CRASH,6299,S,LAKE SHORE DR,331,2,NONINCAPACITATING INJURY,3,0,0,3,0,1,0,15,2,11,,,
10,NO CONTROLS,NO CONTROLS,CLEAR,DAYLIGHT,SIDESWIPE SAME DIRECTION,RAMP,STRAIGHT AND LEVEL,DRY,NO DEFECTS,ON SCENE,NO INJURY / DRIVE AWAY,,,"$501 - $1,500",08/09/2021 12:56:00 PM,UNABLE TO DETERMINE,NOT APPLICABLE,5,W,TERMINAL ST,1655,2,NO INDICATION OF INJURY,0,0,0,0,0,2,0,12,2,8,,,
30,STOP SIGN/FLASHER,FUNCTIONING PROPERLY,CLEAR,DARKNESS,REAR END,ONE-WAY,STRAIGHT AND LEVEL,DRY,OTHER,ON SCENE,NO INJURY / DRIVE AWAY,Y,,"OVER $1,500",04/28/2018 10:11:00 PM,FOLLOWING TOO CLOSELY,NOT APPLICABLE,902,W,WASHINGTON BLVD,1224,3,NO INDICATION OF INJURY,0,0,0,0,0,3,0,21,7,4,41.883211639,-87.649885207,POINT (-87.649885206991 41.88321163902)
3,NO CONTROLS,NO CONTROLS,CLOUDY/OVERCAST,DAYLIGHT,REAR END,ONE-WAY,STRAIGHT AND LEVEL,DRY,NO DEFECTS,ON SCENE,NO INJURY / DRIVE AWAY,,,"OVER $1,500",03/16/2023 05:50:00 PM,FOLLOWING TOO CLOSELY,NOT APPLICABLE,3,W,TERMINAL ST,1653,2,NO INDICATION OF INJURY,0,0,0,0,0,4,0,17,5,3,,,
25,NO CONTROLS,NO CONTROLS,CLEAR,"DARKNESS, LIGHTED ROAD",SIDESWIPE SAME DIRECTION,ONE-WAY,STRAIGHT AND LEVEL,DRY,NO DEFECTS,ON SCENE,NO INJURY / DRIVE AWAY,,Y,$500 OR LESS,09/27/2020 07:15:00 PM,DRIVING SKILLS/KNOWLEDGE/EXPERIENCE,NOT APPLICABLE,5,W,TERMINAL ST,1655,2,NO INDICATION OF INJURY,0,0,0,0,0,2,0,19,1,9,,,
30,NO CONTROLS,NO CONTROLS,CLEAR,"DARKNESS, LIGHTED ROAD",PARKED MOTOR VEHICLE,NOT DIVIDED,STRAIGHT AND LEVEL,DRY,NO DEFECTS,NOT ON SCENE (DESK REPORT),NO INJURY / DRIVE AWAY,,Y,"OVER $1,500",03/21/2021 03:55:00 AM,FOLLOWING TOO CLOSELY,DRIVING SKILLS/KNOWLEDGE/EXPERIENCE,110,E,51ST ST,224,2,NO INDICATION OF INJURY,0,0,0,0,0,1,0,3,1,3,41.802118543,-87.622114915,POINT (-87.622114914961 41.802118543011)
30,NO CONTROLS,NO CONTROLS,RAIN,DAYLIGHT,PARKED MOTOR VEHICLE,ONE-WAY,STRAIGHT AND LEVEL,WET,NO DEFECTS,NOT ON SCENE (DESK REPORT),NO INJURY / DRIVE AWAY,,Y,$500 OR LESS,10/29/2021 02:46:00 PM,NOT APPLICABLE,NOT APPLICABLE,5900,S,ALBANY AVE,824,2,NO INDICATION OF INJURY,0,0,0,0,0,2,0,14,6,10,41.786192939,-87.701055579,POINT (-87.70105557902 41.786192938996)
30,NO CONTROLS,NO CONTROLS,CLEAR,DAYLIGHT,SIDESWIPE SAME DIRECTION,NOT DIVIDED,STRAIGHT AND LEVEL,DRY,NO DEFECTS,NOT ON SCENE (DESK REPORT),NO INJURY / DRIVE AWAY,,Y,$500 OR LESS,04/07/2018 12:30:00 PM,IMPROPER LANE USAGE,NOT APPLICABLE,2434,W,FULLERTON AVE,1431,2,NO INDICATION OF INJURY,0,0,0,0,0,2,0,11,7,4,41.924997008,-87.68905401,POINT (-87.689054009972 41.924997008049)