POSTED_SPEED_LIMIT,TRAFFIC_CONTROL_DEVICE,DEVICE_CONDITION,WEATHER_CONDITION,LIGHTING_CONDITION,FIRST_CRASH_TYPE,TRAFFICWAY_TYPE,ALIGNMENT,ROADWAY_SURFACE_COND,ROAD_DEFECT,REPORT_TYPE,CRASH_TYPE,INTERSECTION_RELATED_I,HIT_AND_RUN_I,DAMAGE,DATE_POLICE_NOTIFIED,PRIM_CONTRIBUTORY_CAUSE,SEC_CONTRIBUTORY_CAUSE,STREET_NO,STREET_DIRECTION,STREET_NAME,BEAT_OF_OCCURRENCE,NUM_UNITS,MOST_SEVERE_INJURY,INJURIES_TOTAL,INJURIES_FATAL,INJURIES_INCAPACITATING,INJURIES_NON_INCAPACITATING,INJURIES_REPORTED_NOT_EVIDENT,INJURIES_NO_INDICATION,INJURIES_UNKNOWN,CRASH_HOUR,CRASH_DAY_OF_WEEK,CRASH_MONTH,LATITUDE,LONGITUDE,LOCATION
20,NO CONTROLS,NO CONTROLS,CLEAR,DAYLIGHT,REAR END,ONE-WAY,STRAIGHT AND LEVEL,DRY,NO DEFECTS,ON SCENE,NO INJURY / DRIVE AWAY,,,$500 OR LESS,05/04/2023 05:15:00 PM,UNABLE TO DETERMINE,UNABLE TO DETERMINE,5,W,TERMINAL ST,1655,2,NO INDICATION OF INJURY,0,0,0,0,0,2,0,17,5,5,,,
15,NO CONTROLS,NO CONTROLS,CLEAR,DAYLIGHT,ANGLE,PARKING LOT,STRAIGHT AND LEVEL,DRY,NO DEFECTS,ON SCENE,NO INJURY / DRIVE AWAY,,,"OVER $1,500",03/24/2023 05:10:00 PM,IMPROPER OVERTAKING/PASSING,UNABLE TO DETERMINE,524,W,OHARE ST,1654,2,NO INDICATION OF INJURY,0,0,0,0,0,2,0,17,6,3,,,
30,STOP SIGN/FLASHER,FUNCTIONING PROPERLY,CLEAR,DAYLIGHT,SIDESWIPE SAME DIRECTION,FOUR WAY,STRAIGHT AND LEVEL,DRY,NO DEFECTS,NOT ON SCENE (DESK REPORT),NO INJURY / DRIVE AWAY,Y,,$500 OR LESS,11/19/2020 03:05:00 PM,UNABLE TO DETERMINE,NOT APPLICABLE,145,N,LA SALLE ST,122,2,NO INDICATION OF INJURY,0,0,0,0,0,2,0,11,5,11,41.884348941,-87.632286376,POINT (-87.632286376049 41.884348940984)
30,TRAFFIC SIGNAL,FUNCTIONING PROPERLY,RAIN,DAYLIGHT,REAR END,DIVIDED - W/MEDIAN (NOT RAISED),STRAIGHT AND LEVEL,WET,NO DEFECTS,ON SCENE,INJURY AND / OR TOW DUE TO CRASH,Y,,"$501 - $1,500",11/18/2017 09:00:00 AM,FOLLOWING TOO CLOSELY,EXCEEDING SAFE SPEED FOR CONDITIONS,4001,W,PETERSON AVE,1711,2,NO INDICATION OF INJURY,0,0,0,0,0,2,0,8,7,11,41.990024694,-87.728708871,POINT (-87.728708871015 41.990024694008)
20,TRAFFIC SIGNAL,FUNCTIONING PROPERLY,CLEAR,DAYLIGHT,SIDESWIPE SAME DIRECTION,NOT DIVIDED,STRAIGHT AND LEVEL,DRY,NO DEFECTS,ON SCENE,INJURY AND / OR TOW DUE TO CRASH,Y,,"OVER $1,500",04/11/2018 08:38:00 AM,FAILING TO YIELD RIGHT-OF-WAY,UNABLE TO DETERMINE,5100,S,WENTWORTH AVE,225,2,NONINCAPACITATING INJURY,1,0,0,1,0,8,0,8,4,4,,,
20,NO CONTROLS,NO CONTROLS,CLEAR,DAWN,SIDESWIPE SAME DIRECTION,ONE-WAY,STRAIGHT AND LEVEL,DRY,NO DEFECTS,ON SCENE,NO INJURY / DRIVE AWAY,,,"OVER $1,500",10/08/2021 06:40:00 AM,FAILING TO YIELD RIGHT-OF-WAY,FAILING TO YIELD RIGHT-OF-WAY,3,W,TERMINAL ST,1653,2,NO INDICATION OF INJURY,0,0,0,0,0,2,0,6,6,10,,,
20,NO CONTROLS,NO CONTROLS,CLEAR,DAYLIGHT,SIDESWIPE SAME DIRECTION,NOT DIVIDED,STRAIGHT AND LEVEL,DRY,NO DEFECTS,NOT ON SCENE (DESK REPORT),NO INJURY / DRIVE AWAY,,Y,"OVER $1,500",08/31/2019 09:45:00 AM,IMPROPER OVERTAKING/PASSING,UNABLE TO DETERMINE,2436,W,36TH ST,911,2,NO INDICATION OF INJURY,0,0,0,0,0,2,0,17,6,8,41.828536876,-87.686501018,POINT (-87.686501018044 41.828536875955)
30,TRAFFIC SIGNAL,FUNCTIONING PROPERLY,RAIN,"DARKNESS, LIGHTED ROAD",REAR END,NOT DIVIDED,STRAIGHT AND LEVEL,WET,UNKNOWN,NOT ON SCENE (DESK REPORT),NO INJURY / DRIVE AWAY,Y,,"OVER $1,500",10/08/2018 03:10:00 AM,FOLLOWING TOO CLOSELY,WEATHER,2348,W,NORTH AVE,1434,2,NO INDICATION OF INJURY,0,0,0,0,0,3,0,2,2,10,41.910438429,-87.686739096,POINT (-87.686739096017 41.910438429001)
30,NO CONTROLS,NO CONTROLS,CLEAR,"DARKNESS, LIGHTED ROAD",TURNING,DIVIDED - W/MEDIAN (NOT RAISED),STRAIGHT AND LEVEL,DRY,NO DEFECTS,ON SCENE,NO INJURY / DRIVE AWAY,,,"OVER $1,500",03/01/2021 06:20:00 PM,IMPROPER TURNING/NO SIGNAL,UNABLE TO DETERMINE,3100,S,ARCHER AVE,912,3,NO INDICATION OF INJURY,0,0,0,0,0,4,0,18,2,3,41.837732675,-87.66589445,POINT (-87.665894449999 41.837732674972)
20,NO CONTROLS,NO CONTROLS,CLEAR,DAYLIGHT,PARKED MOTOR VEHICLE,NOT DIVIDED,STRAIGHT AND LEVEL,DRY,NO DEFECTS,ON SCENE,NO INJURY / DRIVE AWAY,,,$500 OR LESS,05/02/2022 09:00:00 AM,UNABLE TO DETERMINE,UNABLE TO DETERMINE,1250,W,WAVELAND AVE,1923,2,NO INDICATION OF INJURY,0,0,0,0,0,2,0,9,2,5,41.949044886,-87.661250468,POINT (-87.661250468049 41.949044885994)
30,TRAFFIC SIGNAL,FUNCTIONING PROPERLY,RAIN,DAYLIGHT,REAR END,NOT DIVIDED,STRAIGHT AND LEVEL,WET,NO DEFECTS,NOT ON SCENE (DESK REPORT),NO INJURY / DRIVE AWAY,Y,,"$501 - $1,500",06/01/2016 11:20:00 PM,UNABLE TO DETERMINE,UNABLE TO DETERMINE,8300,S,STONY ISLAND AVE,412,2,NO INDICATION OF INJURY,0,0,0,0,0,2,0,16,3,5,41.744151639,-87.585945067,POINT (-87.585945066953 41.744151639042)
30,NO CONTROLS,NO CONTROLS,SNOW,"DARKNESS, LIGHTED ROAD",REAR END,NOT DIVIDED,STRAIGHT AND LEVEL,SNOW OR SLUSH,NO DEFECTS,ON SCENE,INJURY AND / OR TOW DUE TO CRASH,,,"OVER $1,500",01/28/2019 06:24:00 PM,WEATHER,UNABLE TO DETERMINE,2323,N,SHEFFIELD AVE,1812,3,NO INDICATION OF INJURY,0,0,0,0,0,5,0,18,2,1,41.924270719,-87.653422522,POINT (-87.653422522035 41.924270719011)
30,UNKNOWN,UNKNOWN,UNKNOWN,UNKNOWN,PARKED MOTOR VEHICLE,NOT DIVIDED,STRAIGHT AND LEVEL,DRY,UNKNOWN,ON SCENE,INJURY AND / OR TOW DUE TO CRASH,,Y,"OVER $1,500",12/06/2022 06:15:00 PM,NOT APPLICABLE,NOT APPLICABLE,1822,N,CAMPBELL AVE,1434,2,NO INDICATION OF INJURY,0,0,0,0,0,1,0,9,3,12,41.914723352,-87.689925182,POINT (-87.689925181989 41.914723352024)
25,NO CONTROLS,NO CONTROLS,UNKNOWN,"DARKNESS, LIGHTED ROAD",PARKED MOTOR VEHICLE,NOT DIVIDED,STRAIGHT AND LEVEL,UNKNOWN,UNKNOWN,NOT ON SCENE (DESK REPORT),NO INJURY / DRIVE AWAY,,Y,"OVER $1,500",02/05/2022 07:50:00 AM,DRIVING ON WRONG SIDE/WRONG WAY,IMPROPER LANE USAGE,7231,N,ROCKWELL ST,2411,2,NO INDICATION OF INJURY,0,0,0,0,0,1,0,19,6,2,,,
30,TRAFFIC SIGNAL,FUNCTIONING PROPERLY,CLEAR,DAYLIGHT,REAR END,NOT DIVIDED,STRAIGHT AND LEVEL,DRY,NO DEFECTS,ON SCENE,INJURY AND / OR TOW DUE TO CRASH,,,"OVER $1,500",11/29/2022 12:33:00 PM,UNABLE TO DETERMINE,UNABLE TO DETERMINE,2401,W,ROOSEVELT RD,1023,2,INCAPACITATING INJURY,2,0,1,1,0,1,0,12,3,11,41.866501191,-87.686157599,POINT (-87.686157599021 41.866501191036)
30,NO CONTROLS,NO CONTROLS,CLEAR,"DARKNESS, LIGHTED ROAD",ANGLE,FOUR WAY,STRAIGHT AND LEVEL,DRY,NO DEFECTS,NOT ON SCENE (DESK REPORT),NO INJURY / DRIVE AWAY,Y,,"OVER $1,500",10/08/2022 07:50:00 PM,FAILING TO YIELD RIGHT-OF-WAY,NOT APPLICABLE,6300,N,RIDGE AVE,2413,2,NO INDICATION OF INJURY,0,0,0,0,0,2,0,18,7,10,41.995579197,-87.675876884,POINT (-87.675876883986 41.995579196996)
30,NO CONTROLS,NO CONTROLS,CLEAR,DAYLIGHT,REAR TO SIDE,DIVIDED - W/MEDIAN (NOT RAISED),STRAIGHT AND LEVEL,DRY,NO DEFECTS,ON SCENE,NO INJURY / DRIVE AWAY,,,$500 OR LESS,07/29/2020 10:13:00 AM,IMPROPER BACKING,DRIVING SKILLS/KNOWLEDGE/EXPERIENCE,35,S,PULASKI RD,1122,2,NO INDICATION OF INJURY,0,0,0,0,0,4,0,10,4,7,41.879813058,-87.725492182,POINT (-87.725492182032 41.879813057952)
30,NO CONTROLS,NO CONTROLS,CLEAR,DAYLIGHT,SIDESWIPE SAME DIRECTION,NOT DIVIDED,STRAIGHT AND LEVEL,DRY,NO DEFECTS,ON SCENE,NO INJURY / DRIVE AWAY,,,"OVER $1,500",04/03/2021 09:34:00 AM,FAILING TO YIELD RIGHT-OF-WAY,FAILING TO YIELD RIGHT-OF-WAY,4510,W,FULLERTON AVE,2521,2,NO INDICATION OF INJURY,0,0,0,0,0,2,0,9,7,4,41.924439291,-87.739490621,POINT (-87.739490621032 41.924439290993)
20,OTHER,OTHER,CLEAR,DAYLIGHT,FIXED OBJECT,RAMP,"CURVE, LEVEL",DRY,NO DEFECTS,ON SCENE,NO INJURY / DRIVE AWAY,,,"OVER $1,500",04/25/2023 03:15:00 PM,NOT APPLICABLE,NOT APPLICABLE,5,W,TERMINAL ST,1655,1,NO INDICATION OF INJURY,0,0,0,0,0,1,0,14,3,4,,,
15,NO CONTROLS,NO CONTROLS,CLEAR,"DARKNESS, LIGHTED ROAD",SIDESWIPE SAME DIRECTION,OTHER,STRAIGHT AND LEVEL,DRY,NO DEFECTS,ON SCENE,NO INJURY / DRIVE AWAY,,,"OVER $1,500",01/07/2023 05:15:00 PM,FAILING TO YIELD RIGHT-OF-WAY,DRIVING SKILLS/KNOWLEDGE/EXPERIENCE,5,W,TERMINAL ST,1655,2,NO INDICATION OF INJURY,0,0,0,0,0,2,0,17,7,1,,,
30,TRAFFIC SIGNAL,FUNCTIONING PROPERLY,CLEAR,DAYLIGHT,SIDESWIPE SAME DIRECTION,NOT DIVIDED,STRAIGHT AND LEVEL,DRY,NO DEFECTS,ON SCENE,NO INJURY / DRIVE AWAY,Y,,$500 OR LESS,12/31/2017 04:52:00 PM,EQUIPMENT - VEHICLE CONDITION,UNABLE TO DETERMINE,6250,S,LAKE SHORE DR,331,2,NO INDICATION OF INJURY,0,0,0,0,0,2,0,13,1,12,,,
30,NO CONTROLS,NO CONTROLS,CLEAR,DAYLIGHT,PARKED MOTOR VEHICLE,NOT DIVIDED,STRAIGHT AND LEVEL,DRY,UNKNOWN,NOT ON SCENE (DESK REPORT),NO INJURY / DRIVE AWAY,,Y,"OVER $1,500",05/04/2021 10:04:00 AM,UNABLE TO DETERMINE,NOT APPLICABLE,599,S,MILLARD AVE,1133,2,NO INDICATION OF INJURY,0,0,0,0,0,1,0,7,3,5,,,
30,TRAFFIC SIGNAL,NO CONTROLS,CLEAR,DAYLIGHT,REAR END,NOT DIVIDED,STRAIGHT AND LEVEL,DRY,NO DEFECTS,NOT ON SCENE (DESK REPORT),INJURY AND / OR TOW DUE TO CRASH,Y,,$500 OR LESS,07/31/2017 07:55:00 PM,FOLLOWING TOO CLOSELY,NOT APPLICABLE,705,S,DAMEN AVE,1225,2,"REPORTED, NOT EVIDENT",1,0,0,0,1,1,0,18,2,7,0,0,POINT (0 0)
30,STOP SIGN/FLASHER,FUNCTIONING PROPERLY,CLEAR,DAYLIGHT,SIDESWIPE SAME DIRECTION,NOT DIVIDED,STRAIGHT AND LEVEL,DRY,NO DEFECTS,NOT ON SCENE (DESK REPORT),NO INJURY / DRIVE AWAY,,,"$501 - $1,500",04/30/2023 10:20:00 AM,UNABLE TO DETERMINE,UNABLE TO DETERMINE,5141,N,MARINE DR,2024,2,NO INDICATION OF INJURY,0,0,0,0,0,4,0,14,4,4,,,
20,NO CONTROLS,NO CONTROLS,CLEAR,"DARKNESS, LIGHTED ROAD",FIXED OBJECT,ALLEY,STRAIGHT AND LEVEL,DRY,NO DEFECTS,ON SCENE,INJURY AND / OR TOW DUE TO CRASH,,Y,"OVER $1,500",11/07/2022 08:47:00 PM,UNABLE TO DETERMINE,UNABLE TO DETERMINE,3513,W,LAWRENCE AVE,1723,1,NO INDICATION OF INJURY,0,0,0,0,0,1,0,20,2,11,41.968260726,-87.716418153,POINT (-87.716418153012 41.96826072601)
30,TRAFFIC SIGNAL,FUNCTIONING PROPERLY,CLEAR,DAYLIGHT,SIDESWIPE SAME DIRECTION,NOT DIVIDED,STRAIGHT AND LEVEL,DRY,NO DEFECTS,ON SCENE,INJURY AND / OR TOW DUE TO CRASH,Y,Y,"OVER $1,500",08/29/2020 02:58:00 PM,UNABLE TO DETERMINE,UNABLE TO DETERMINE,1632,E,67TH ST,331,5,"REPORTED, NOT EVIDENT",1,0,0,0,1,11,0,14,7,8,41.773455972,-87.585022352,POINT (-87.585022352022 41.773455972008)
30,NO CONTROLS,NO CONTROLS,CLEAR,DARKNESS,PEDESTRIAN,NOT DIVIDED,STRAIGHT AND LEVEL,DRY,NO DEFECTS,NOT ON SCENE (DESK REPORT),INJURY AND / OR TOW DUE TO CRASH,,,$500 OR LESS,09/07/2022 09:42:00 PM,UNABLE TO DETERMINE,NOT APPLICABLE,400,N,PARK DR,1834,2,INCAPACITATING INJURY,1,0,1,0,0,1,0,21,4,9,,,
20,NO CONTROLS,NO CONTROLS,CLEAR,DAYLIGHT,SIDESWIPE SAME DIRECTION,ONE-WAY,STRAIGHT AND LEVEL,DRY,NO DEFECTS,ON SCENE,NO INJURY / DRIVE AWAY,,Y,"$501 - $1,500",08/02/2021 11:45:00 AM,FAILING TO YIELD RIGHT-OF-WAY,FAILING TO YIELD RIGHT-OF-WAY,1,W,TERMINAL ST,1651,2,NO INDICATION OF INJURY,0,0,0,0,0,2,0,11,2,8,,,
30,TRAFFIC SIGNAL,FUNCTIONING PROPERLY,CLEAR,DAYLIGHT,PARKED MOTOR VEHICLE,NOT DIVIDED,STRAIGHT AND LEVEL,DRY,NO DEFECTS,ON SCENE,INJURY AND / OR TOW DUE TO CRASH,,,"OVER $1,500",01/05/2018 03:28:00 PM,IMPROPER LANE USAGE,NOT APPLICABLE,1006,N,PULASKI RD,1111,4,"REPORTED, NOT EVIDENT",1,0,0,0,1,4,0,14,6,1,41.899278801,-87.726347979,POINT (-87.726347978977 41.899278800995)
30,NO CONTROLS,NO CONTROLS,RAIN,DAYLIGHT,TURNING,NOT DIVIDED,"CURVE, LEVEL",WET,NO DEFECTS,ON SCENE,INJURY AND / OR TOW DUE TO CRASH,,,"OVER $1,500",04/03/2018 03:05:00 PM,EXCEEDING SAFE SPEED FOR CONDITIONS,FAILING TO REDUCE SPEED TO AVOID CRASH,3099,S,CALIFORNIA BLVD,1034,2,NONINCAPACITATING INJURY,1,0,0,1,0,2,0,15,3,4,,,
35,NO CONTROLS,NO CONTROLS,SNOW,DAWN,PARKED MOTOR VEHICLE,NOT DIVIDED,STRAIGHT AND LEVEL,SNOW OR SLUSH,NO DEFECTS,ON SCENE,INJURY AND / OR TOW DUE TO CRASH,,,"OVER $1,500",01/02/2021 04:45:00 AM,UNABLE TO DETERMINE,NOT APPLICABLE,6445,S,WESTERN AVE,825,2,NO INDICATION OF INJURY,0,0,0,0,0,2,0,4,7,1,41.776087494,-87.683412333,POINT (-87.683412332996 41.776087494005)
30,TRAFFIC SIGNAL,FUNCTIONING PROPERLY,CLEAR,DAYLIGHT,TURNING,FOUR WAY,STRAIGHT ON GRADE,DRY,NO DEFECTS,NOT ON SCENE (DESK REPORT),INJURY AND / OR TOW DUE TO CRASH,Y,,"OVER $1,500",07/05/2019 12:25:00 PM,IMPROPER TURNING/NO SIGNAL,FAILING TO YIELD RIGHT-OF-WAY,6401,N,CALIFORNIA AVE,2412,2,"REPORTED, NOT EVIDENT",1,0,0,0,1,1,0,12,6,7,41.997655095,-87.699498438,POINT (-87.699498437993 41.997655095)
55,NO CONTROLS,NO CONTROLS,RAIN,"DARKNESS, LIGHTED ROAD",SIDESWIPE SAME DIRECTION,DIVIDED - W/MEDIAN BARRIER,STRAIGHT AND LEVEL,WET,NO DEFECTS,ON SCENE,NO INJURY / DRIVE AWAY,,,"OVER $1,500",04/26/2017 11:05:00 PM,WEATHER,DRIVING SKILLS/KNOWLEDGE/EXPERIENCE,8500,S,CHICAGO SKYWAY OB,412,2,NO INDICATION OF INJURY,0,0,0,0,0,2,0,23,4,4,,,
30,NO CONTROLS,NO CONTROLS,CLEAR,"DARKNESS, LIGHTED ROAD",SIDESWIPE SAME DIRECTION,NOT DIVIDED,STRAIGHT AND LEVEL,DRY,NO DEFECTS,NOT ON SCENE (DESK REPORT),NO INJURY / DRIVE AWAY,,,"OVER $1,500",06/13/2020 04:15:00 PM,UNABLE TO DETERMINE,UNABLE TO DETERMINE,2105,W,95TH ST,2213,2,NO INDICATION OF INJURY,0,0,0,0,0,2,0,17,6,6,41.720930072,-87.675096598,POINT (-87.675096597998 41.720930072023)
45,NO CONTROLS,NO CONTROLS,CLEAR,"DARKNESS, LIGHTED ROAD",REAR END,DIVIDED - W/MEDIAN (NOT RAISED),STRAIGHT AND LEVEL,DRY,NO DEFECTS,ON SCENE,NO INJURY / DRIVE AWAY,,,"OVER $1,500",03/01/2022 11:10:00 PM,FOLLOWING TOO CLOSELY,NOT APPLICABLE,9800,W,KENNEDY EXPY IB,1654,2,NO INDICATION OF INJURY,0,0,0,0,0,3,0,23,3,3,,,
30,TRAFFIC SIGNAL,FUNCTIONING PROPERLY,CLEAR,DAYLIGHT,REAR END,DIVIDED - W/MEDIAN (NOT RAISED),STRAIGHT AND LEVEL,DRY,NO DEFECTS,NOT ON SCENE (DESK REPORT),NO INJURY / DRIVE AWAY,,,"OVER $1,500",10/19/2022 09:45:00 AM,UNABLE TO DETERMINE,UNABLE TO DETERMINE,2828,N,CLYBOURN AVE,1931,2,NO INDICATION OF INJURY,0,0,0,0,0,2,0,9,4,10,41.932710161,-87.678929038,POINT (-87.67892903804 41.932710160962)
30,NO CONTROLS,NO CONTROLS,RAIN,DAYLIGHT,SIDESWIPE SAME DIRECTION,DIVIDED - W/MEDIAN BARRIER,STRAIGHT AND LEVEL,WET,NO DEFECTS,ON SCENE,NO INJURY / DRIVE AWAY,,,$500 OR LESS,03/24/2022 05:05:00 PM,IMPROPER TURNING/NO SIGNAL,NOT APPLICABLE,2,W,TERMINAL ST,1652,2,NO INDICATION OF INJURY,0,0,0,0,0,2,0,17,5,3,,,
30,STOP SIGN/FLASHER,FUNCTIONING PROPERLY,CLOUDY/OVERCAST,DAWN,TURNING,FOUR WAY,STRAIGHT AND LEVEL,DRY,NO DEFECTS,ON SCENE,NO INJURY / DRIVE AWAY,Y,Y,$500 OR LESS,03/22/2023 06:30:00 AM,IMPROPER TURNING/NO SIGNAL,IMPROPER TURNING/NO SIGNAL,3300,W,BRYN MAWR AVE,1711,2,NO INDICATION OF INJURY,0,0,0,0,0,2,0,6,4,3,41.983148128,-87.71136489,POINT (-87.711364889983 41.983148127979)
30,STOP SIGN/FLASHER,FUNCTIONING PROPERLY,RAIN,"DARKNESS, LIGHTED ROAD",TURNING,OTHER,STRAIGHT AND LEVEL,WET,NO DEFECTS,NOT ON SCENE (DESK REPORT),NO INJURY / DRIVE AWAY,Y,,"OVER $1,500",11/12/2015 06:30:00 AM,FAILING TO YIELD RIGHT-OF-WAY,UNABLE TO DETERMINE,2731,W,OGDEN SD,1023,2,NO INDICATION OF INJURY,0,0,0,0,0,2,0,5,5,11,,,
30,NO CONTROLS,NO CONTROLS,CLEAR,DARKNESS,PARKED MOTOR VEHICLE,NOT DIVIDED,STRAIGHT AND LEVEL,DRY,NO DEFECTS,NOT ON SCENE (DESK REPORT),NO INJURY / DRIVE AWAY,,Y,"$501 - $1,500",10/12/2022 04:02:00 PM,NOT APPLICABLE,NOT APPLICABLE,5000,S,LA CROSSE AVE,814,2,NO INDICATION OF INJURY,0,0,0,0,0,1,0,22,2,10,41.802040988,-87.744381148,POINT (-87.744381147954 41.802040987964)
30,NO CONTROLS,NO CONTROLS,CLEAR,"DARKNESS, LIGHTED ROAD",REAR END,ONE-WAY,STRAIGHT AND LEVEL,DRY,NO DEFECTS,NOT ON SCENE (DESK REPORT),INJURY AND / OR TOW DUE TO CRASH,,,$500 OR LESS,10/20/2017 08:00:00 AM,FOLLOWING TOO CLOSELY,NOT APPLICABLE,172,N,BESSIE COLEMAN DR,1654,2,"REPORTED, NOT EVIDENT",3,0,0,0,3,2,0,8,1,10,,,
40,TRAFFIC SIGNAL,FUNCTIONING PROPERLY,CLEAR,DAYLIGHT,TURNING,FOUR WAY,STRAIGHT AND LEVEL,DRY,NO DEFECTS,ON SCENE,INJURY AND / OR TOW DUE TO CRASH,Y,,"OVER $1,500",08/21/2019 09:00:00 AM,DISREGARDING TRAFFIC SIGNALS,DRIVING SKILLS/KNOWLEDGE/EXPERIENCE,10700,W,HIGGINS RD,1654,2,"REPORTED, NOT EVIDENT",2,0,0,0,2,0,0,8,4,8,,,
30,NO CONTROLS,NO CONTROLS,CLEAR,DARKNESS,ANGLE,DIVIDED - W/MEDIAN BARRIER,STRAIGHT AND LEVEL,DRY,NO DEFECTS,ON SCENE,INJURY AND / OR TOW DUE TO CRASH,,,"$501 - $1,500",04/25/2017 10:25:00 PM,NOT APPLICABLE,NOT APPLICABLE,2401,W,ROOSEVELT RD,1023,2,NONINCAPACITATING INJURY,1,0,0,1,0,1,0,19,3,4,41.866501191,-87.686157599,POINT (-87.686157599021 41.866501191036)
30,STOP SIGN/FLASHER,FUNCTIONING PROPERLY,CLEAR,DAYLIGHT,TURNING,DIVIDED - W/MEDIAN (NOT RAISED),STRAIGHT ON GRADE,DRY,NO DEFECTS,ON SCENE,NO INJURY / DRIVE AWAY,Y,,"OVER $1,500",03/22/2019 07:33:00 AM,DRIVING SKILLS/KNOWLEDGE/EXPERIENCE,DRIVING SKILLS/KNOWLEDGE/EXPERIENCE,815,S,AUSTIN BLVD,1513,2,NO INDICATION OF INJURY,0,0,0,0,0,2,0,7,6,3,,,
30,STOP SIGN/FLASHER,FUNCTIONING PROPERLY,CLEAR,"DARKNESS, LIGHTED ROAD",FIXED OBJECT,OTHER,STRAIGHT AND LEVEL,DRY,NO DEFECTS,ON SCENE,INJURY AND / OR TOW DUE TO CRASH,,,"OVER $1,500",02/26/2023 12:05:00 AM,UNABLE TO DETERMINE,NOT APPLICABLE,1448,E,75TH ST,324,1,NO INDICATION OF INJURY,0,0,0,0,0,1,0,23,7,2,41.758851593,-87.588851537,POINT (-87.588851536986 41.758851592962)
15,NO CONTROLS,NO CONTROLS,CLEAR,"DARKNESS, LIGHTED ROAD",PARKED MOTOR VEHICLE,OTHER,STRAIGHT ON GRADE,DRY,NO DEFECTS,ON SCENE,NO INJURY / DRIVE AWAY,,,$500 OR LESS,10/24/2019 07:10:00 PM,NOT APPLICABLE,NOT APPLICABLE,1,W,TERMINAL ST,1651,2,NO INDICATION OF INJURY,0,0,0,0,0,1,0,19,5,10,,,
20,STOP SIGN/FLASHER,FUNCTIONING PROPERLY,CLEAR,DAYLIGHT,REAR END,ONE-WAY,STRAIGHT ON GRADE,DRY,NO DEFECTS,ON SCENE,NO INJURY / DRIVE AWAY,,,"OVER $1,500",06/30/2023 01:45:00 PM,UNABLE TO DETERMINE,UNABLE TO DETERMINE,5,W,TERMINAL ST,1655,2,NO INDICATION OF INJURY,0,0,0,0,0,2,0,13,6,6,,,
25,OTHER,FUNCTIONING PROPERLY,CLEAR,"DARKNESS, LIGHTED ROAD",FIXED OBJECT,ONE-WAY,CURVE ON GRADE,WET,NO DEFECTS,ON SCENE,INJURY AND / OR TOW DUE TO CRASH,,,"OVER $1,500",11/12/2021 10:10:00 PM,UNABLE TO DETERMINE,UNABLE TO DETERMINE,13,W,I190 EXPY,1654,1,NO INDICATION OF INJURY,0,0,0,0,0,1,0,22,6,11,,,
30,NO CONTROLS,NO CONTROLS,CLEAR,DAYLIGHT,SIDESWIPE OPPOSITE DIRECTION,NOT DIVIDED,STRAIGHT AND LEVEL,DRY,NO DEFECTS,NOT ON SCENE (DESK REPORT),NO INJURY / DRIVE AWAY,,Y,"$501 - $1,500",06/01/2019 06:23:00 PM,UNABLE TO DETERMINE,UNABLE TO DETERMINE,1701,S,KEELER AVE,1012,2,NO INDICATION OF INJURY,0,0,0,0,0,2,0,17,7,6,,,
30,TRAFFIC SIGNAL,FUNCTIONING PROPERLY,CLEAR,"DARKNESS, LIGHTED ROAD",REAR END,OTHER,STRAIGHT AND LEVEL,WET,NO DEFECTS,ON SCENE,INJURY AND / OR TOW DUE TO CRASH,,Y,"OVER $1,500",01/30/2022 12:58:00 AM,FAILING TO REDUCE SPEED TO AVOID CRASH,NOT APPLICABLE,746,W,RANDOLPH ST,1224,4,"REPORTED, NOT EVIDENT",1,0,0,0,1,3,0,0,1,1,41.884516857,-87.647390682,POINT (-87.647390681951 41.884516857046)
30,TRAFFIC SIGNAL,NO CONTROLS,CLEAR,"DARKNESS, LIGHTED ROAD",REAR END,DIVIDED - W/MEDIAN BARRIER,STRAIGHT AND LEVEL,DRY,NO DEFECTS,NOT ON SCENE (DESK REPORT),NO INJURY / DRIVE AWAY,,Y,"OVER $1,500",03/13/2021 09:12:00 AM,FOLLOWING TOO CLOSELY,FAILING TO REDUCE SPEED TO AVOID CRASH,740,W,RANDOLPH ST,1224,2,NO INDICATION OF INJURY,0,0,0,0,0,2,0,20,6,3,41.884516857,-87.647390682,POINT (-87.647390681951 41.884516857046)
20,NO CONTROLS,NO CONTROLS,CLEAR,"DARKNESS, LIGHTED ROAD",PARKED MOTOR VEHICLE,ONE-WAY,STRAIGHT AND LEVEL,DRY,NO DEFECTS,ON SCENE,NO INJURY / DRIVE AWAY,,,$500 OR LESS,03/03/2021 07:02:00 PM,PHYSICAL CONDITION OF DRIVER,NOT APPLICABLE,3,W,TERMINAL ST,1653,2,NO INDICATION OF INJURY,0,0,0,0,0,1,0,19,4,3,,,
30,NO CONTROLS,NO CONTROLS,RAIN,DAYLIGHT,TURNING,DIVIDED - W/MEDIAN (NOT RAISED),STRAIGHT AND LEVEL,WET,NO DEFECTS,ON SCENE,INJURY AND / OR TOW DUE TO CRASH,,,"$501 - $1,500",07/11/2021 11:02:00 AM,UNABLE TO DETERMINE,UNABLE TO DETERMINE,6521,S,CICERO AVE,833,2,NO INDICATION OF INJURY,0,0,0,0,0,4,0,10,1,7,41.774128248,-87.741988303,POINT (-87.741988303031 41.774128247998)