POSTED_SPEED_LIMIT,TRAFFIC_CONTROL_DEVICE,DEVICE_CONDITION,WEATHER_CONDITION,LIGHTING_CONDITION,FIRST_CRASH_TYPE,TRAFFICWAY_TYPE,ALIGNMENT,ROADWAY_SURFACE_COND,ROAD_DEFECT,REPORT_TYPE,CRASH_TYPE,INTERSECTION_RELATED_I,HIT_AND_RUN_I,DAMAGE,DATE_POLICE_NOTIFIED,PRIM_CONTRIBUTORY_CAUSE,SEC_CONTRIBUTORY_CAUSE,STREET_NO,STREET_DIRECTION,STREET_NAME,BEAT_OF_OCCURRENCE,NUM_UNITS,MOST_SEVERE_INJURY,INJURIES_TOTAL,INJURIES_FATAL,INJURIES_INCAPACITATING,INJURIES_NON_INCAPACITATING,INJURIES_REPORTED_NOT_EVIDENT,INJURIES_NO_INDICATION,INJURIES_UNKNOWN,CRASH_HOUR,CRASH_DAY_OF_WEEK,CRASH_MONTH,LATITUDE,LONGITUDE,LOCATION
30,TRAFFIC SIGNAL,FUNCTIONING PROPERLY,CLEAR,"DARKNESS, LIGHTED ROAD",REAR END,ONE-WAY,STRAIGHT AND LEVEL,DRY,NO DEFECTS,ON SCENE,INJURY AND / OR TOW DUE TO CRASH,Y,,"OVER $1,500",01/05/2019 06:01:00 PM,FOLLOWING TOO CLOSELY,NOT APPLICABLE,4402,N,ROCKWELL ST,1911,2,"REPORTED, NOT EVIDENT",1,0,0,0,1,2,0,17,7,1,41.9613821,-87.693721472,POINT (-87.693721472018 41.961382099963)
30,NO CONTROLS,NO CONTROLS,CLEAR,DAYLIGHT,TURNING,NOT DIVIDED,STRAIGHT AND LEVEL,DRY,NO DEFECTS,NOT ON SCENE (DESK REPORT),NO INJURY / DRIVE AWAY,,,"OVER $1,500",10/01/2019 12:20:00 PM,IMPROPER BACKING,NOT APPLICABLE,5475,N,MILWAUKEE AVE,1622,2,NO INDICATION OF INJURY,0,0,0,0,0,2,0,12,3,10,41.981194758,-87.772607878,POINT (-87.77260787798 41.981194757951)
30,NO CONTROLS,NO CONTROLS,CLEAR,DARKNESS,TURNING,NOT DIVIDED,STRAIGHT AND LEVEL,DRY,NO DEFECTS,NOT ON SCENE (DESK REPORT),NO INJURY / DRIVE AWAY,,,"$501 - $1,500",12/08/2016 09:42:00 AM,UNABLE TO DETERMINE,UNABLE TO DETERMINE,5001,S,INDIANA AVE,224,2,NO INDICATION OF INJURY,0,0,0,0,0,2,0,17,4,12,41.803758706,-87.620923702,POINT (-87.620923702026 41.803758705987)
30,TRAFFIC SIGNAL,FUNCTIONING PROPERLY,RAIN,"DARKNESS, LIGHTED ROAD",REAR END,FOUR WAY,STRAIGHT AND LEVEL,WET,NO DEFECTS,NOT ON SCENE (DESK REPORT),NO INJURY / DRIVE AWAY,Y,Y,"OVER $1,500",04/27/2020 08:58:00 PM,UNABLE TO DETERMINE,NOT APPLICABLE,5,S,CENTRAL AVE,1522,2,NO INDICATION OF INJURY,0,0,0,0,0,2,0,20,2,4,41.880047513,-87.764715205,POINT (-87.764715205009 41.880047512958)
25,NO CONTROLS,NO CONTROLS,CLEAR,DAWN,SIDESWIPE SAME DIRECTION,ONE-WAY,STRAIGHT AND LEVEL,DRY,NO DEFECTS,ON SCENE,NO INJURY / DRIVE AWAY,,Y,"OVER $1,500",06/29/2019 07:00:00 PM,FAILING TO YIELD RIGHT-OF-WAY,"OPERATING VEHICLE IN ERRATIC, RECKLESS, CARELESS, NEGLIGENT OR AGGRESSIVE MANNER",2,W,TERMINAL ST,1652,2,NO INDICATION OF INJURY,0,0,0,0,0,2,0,5,6,6,,,
30,TRAFFIC SIGNAL,FUNCTIONING PROPERLY,CLEAR,DAYLIGHT,TURNING,FOUR WAY,STRAIGHT AND LEVEL,DRY,NO DEFECTS,ON SCENE,INJURY AND / OR TOW DUE TO CRASH,,,"$501 - $1,500",11/16/2019 10:15:00 AM,UNABLE TO DETERMINE,UNABLE TO DETERMINE,3357,W,FOSTER AVE,1713,2,"REPORTED, NOT EVIDENT",1,0,0,0,1,1,0,10,7,11,41.975582686,-87.71341252,POINT (-87.713412520021 41.975582686047)
30,NO CONTROLS,NO CONTROLS,CLEAR,DAYLIGHT,TURNING,DIVIDED - W/MEDIAN (NOT RAISED),STRAIGHT AND LEVEL,DRY,NO DEFECTS,ON SCENE,INJURY AND / OR TOW DUE TO CRASH,,,"OVER $1,500",11/04/2019 11:33:00 AM,NOT APPLICABLE,NOT APPLICABLE,4602,W,MADISON ST,1113,2,"REPORTED, NOT EVIDENT",2,0,0,0,2,1,0,11,2,11,41.880660067,-87.740728133,POINT (-87.740728133013 41.880660066981)
30,NO CONTROLS,NO CONTROLS,CLEAR,DAYLIGHT,SIDESWIPE SAME DIRECTION,NOT DIVIDED,STRAIGHT AND LEVEL,DRY,NO DEFECTS,NOT ON SCENE (DESK REPORT),NO INJURY / DRIVE AWAY,,Y,"OVER $1,500",09/29/2017 08:20:00 PM,FAILING TO YIELD RIGHT-OF-WAY,FAILING TO YIELD RIGHT-OF-WAY,6805,N,SHERIDAN RD,2431,2,NO INDICATION OF INJURY,0,0,0,0,0,2,0,17,6,9,42.005748683,-87.660817462,POINT (-87.660817461963 42.005748682954)
20,NO CONTROLS,NO CONTROLS,CLEAR,"DARKNESS, LIGHTED ROAD",PARKED MOTOR VEHICLE,DIVIDED - W/MEDIAN (NOT RAISED),STRAIGHT AND LEVEL,DRY,UNKNOWN,NOT ON SCENE (DESK REPORT),NO INJURY / DRIVE AWAY,,Y,"$501 - $1,500",08/10/2020 02:25:00 PM,UNABLE TO DETERMINE,UNABLE TO DETERMINE,1470,W,ARGYLE ST,2033,2,NO INDICATION OF INJURY,0,0,0,0,0,1,0,20,1,8,41.972666708,-87.667361685,POINT (-87.667361685022 41.972666707978)
35,NO CONTROLS,NO CONTROLS,CLEAR,DAYLIGHT,OTHER OBJECT,NOT DIVIDED,STRAIGHT AND LEVEL,DRY,NO DEFECTS,NOT ON SCENE (DESK REPORT),NO INJURY / DRIVE AWAY,,Y,"OVER $1,500",05/05/2023 08:10:00 AM,UNABLE TO DETERMINE,UNABLE TO DETERMINE,758,W,127TH ST,523,1,NO INDICATION OF INJURY,0,0,0,0,0,1,0,13,3,5,41.663355654,-87.641363438,POINT (-87.641363438039 41.663355654041)
5,OTHER,FUNCTIONING PROPERLY,CLEAR,DAYLIGHT,FIXED OBJECT,OTHER,STRAIGHT AND LEVEL,DRY,NO DEFECTS,ON SCENE,NO INJURY / DRIVE AWAY,,,$500 OR LESS,07/12/2018 07:55:00 AM,NOT APPLICABLE,NOT APPLICABLE,8800,S,CHICAGO SKYWAY OB,412,1,NO INDICATION OF INJURY,0,0,0,0,0,1,0,7,5,7,,,
30,TRAFFIC SIGNAL,FUNCTIONING PROPERLY,CLEAR,"DARKNESS, LIGHTED ROAD",REAR TO FRONT,NOT DIVIDED,STRAIGHT AND LEVEL,DRY,NO DEFECTS,NOT ON SCENE (DESK REPORT),NO INJURY / DRIVE AWAY,,Y,"OVER $1,500",04/05/2021 10:30:00 PM,UNABLE TO DETERMINE,UNABLE TO DETERMINE,800,W,74TH ST,733,2,NO INDICATION OF INJURY,0,0,0,0,0,3,0,21,2,4,41.759853407,-87.644338447,POINT (-87.644338447024 41.759853407033)
30,NO CONTROLS,NO CONTROLS,CLEAR,UNKNOWN,PARKED MOTOR VEHICLE,NOT DIVIDED,STRAIGHT AND LEVEL,DRY,NO DEFECTS,ON SCENE,NO INJURY / DRIVE AWAY,,Y,"OVER $1,500",03/26/2019 01:57:00 AM,UNABLE TO DETERMINE,NOT APPLICABLE,110,E,51ST ST,224,2,NO INDICATION OF INJURY,0,0,0,0,0,1,0,20,2,3,41.802118543,-87.622114915,POINT (-87.622114914961 41.802118543011)
25,NO CONTROLS,NO CONTROLS,CLEAR,DAYLIGHT,SIDESWIPE SAME DIRECTION,OTHER,STRAIGHT AND LEVEL,DRY,NO DEFECTS,ON SCENE,NO INJURY / DRIVE AWAY,,,"OVER $1,500",09/09/2022 10:35:00 AM,FAILING TO YIELD RIGHT-OF-WAY,NOT APPLICABLE,2,W,TERMINAL ST,1652,2,NO INDICATION OF INJURY,0,0,0,0,0,3,0,10,6,9,,,
15,NO CONTROLS,NO CONTROLS,CLEAR,DAYLIGHT,PARKED MOTOR VEHICLE,PARKING LOT,STRAIGHT AND LEVEL,DRY,NO DEFECTS,NOT ON SCENE (DESK REPORT),NO INJURY / DRIVE AWAY,,Y,"$501 - $1,500",01/02/2019 04:53:00 PM,NOT APPLICABLE,NOT APPLICABLE,3607,W,FULLERTON AVE,2525,2,NO INDICATION OF INJURY,0,0,0,0,0,1,0,15,2,12,41.924490094,-87.717288131,POINT (-87.717288130979 41.924490093998)
30,NO CONTROLS,NO CONTROLS,CLEAR,DAYLIGHT,REAR END,PARKING LOT,STRAIGHT AND LEVEL,DRY,NO DEFECTS,ON SCENE,NO INJURY / DRIVE AWAY,,Y,"$501 - $1,500",09/16/2018 05:25:00 PM,IMPROPER BACKING,NOT APPLICABLE,600,W,DIVISION ST,1822,2,NO INDICATION OF INJURY,0,0,0,0,0,2,0,17,1,9,41.903825234,-87.64328636,POINT (-87.643286359995 41.903825233976)
30,TRAFFIC SIGNAL,FUNCTIONING PROPERLY,CLEAR,DAYLIGHT,REAR END,DIVIDED - W/MEDIAN (NOT RAISED),STRAIGHT AND LEVEL,DRY,NO DEFECTS,NOT ON SCENE (DESK REPORT),NO INJURY / DRIVE AWAY,,,"OVER $1,500",01/21/2020 11:30:00 AM,FOLLOWING TOO CLOSELY,UNABLE TO DETERMINE,2358,W,FOSTER AVE,2012,2,NO INDICATION OF INJURY,0,0,0,0,0,2,0,11,3,1,41.97600184,-87.689092635,POINT (-87.689092634969 41.97600183997)
30,UNKNOWN,UNKNOWN,CLEAR,"DARKNESS, LIGHTED ROAD",REAR END,NOT DIVIDED,STRAIGHT AND LEVEL,DRY,UNKNOWN,NOT ON SCENE (DESK REPORT),NO INJURY / DRIVE AWAY,,,"$501 - $1,500",06/11/2019 03:42:00 PM,FOLLOWING TOO CLOSELY,FOLLOWING TOO CLOSELY,5450,N,CUMBERLAND AVE,1614,2,NO INDICATION OF INJURY,0,0,0,0,0,2,0,22,2,6,41.978973027,-87.836733659,POINT (-87.83673365898 41.978973026997)
30,TRAFFIC SIGNAL,FUNCTIONING PROPERLY,CLEAR,"DARKNESS, LIGHTED ROAD",REAR END,NOT DIVIDED,STRAIGHT AND LEVEL,DRY,NO DEFECTS,NOT ON SCENE (DESK REPORT),NO INJURY / DRIVE AWAY,,Y,"OVER $1,500",08/28/2022 12:15:00 AM,UNABLE TO DETERMINE,UNABLE TO DETERMINE,5133,W,IRVING PARK RD,1634,2,NO INDICATION OF INJURY,0,0,0,0,0,3,0,23,7,8,41.953203301,-87.756048735,POINT (-87.756048735038 41.953203300975)
30,TRAFFIC SIGNAL,FUNCTIONING PROPERLY,CLEAR,DAYLIGHT,TURNING,UNKNOWN,STRAIGHT AND LEVEL,DRY,UNKNOWN,NOT ON SCENE (DESK REPORT),NO INJURY / DRIVE AWAY,,,"$501 - $1,500",02/28/2016 04:45:00 PM,IMPROPER TURNING/NO SIGNAL,UNABLE TO DETERMINE,8301,S,CICERO AVE,834,2,NO INDICATION OF INJURY,0,0,0,0,0,3,0,16,1,2,41.741803599,-87.740953582,POINT (-87.740953581987 41.741803598989)
30,NO CONTROLS,NO CONTROLS,CLEAR,DAYLIGHT,REAR END,ONE-WAY,STRAIGHT AND LEVEL,DRY,UNKNOWN,ON SCENE,INJURY AND / OR TOW DUE TO CRASH,,,"$501 - $1,500",09/22/2017 02:43:00 PM,FAILING TO REDUCE SPEED TO AVOID CRASH,UNABLE TO DETERMINE,5930,S,WENTWORTH AVE,232,2,"REPORTED, NOT EVIDENT",2,0,0,0,2,2,0,13,6,9,,,
30,TRAFFIC SIGNAL,FUNCTIONING PROPERLY,CLEAR,DAYLIGHT,TURNING,NOT DIVIDED,STRAIGHT AND LEVEL,DRY,NO DEFECTS,NOT ON SCENE (DESK REPORT),NO INJURY / DRIVE AWAY,Y,,"OVER $1,500",03/17/2022 04:00:00 PM,FAILING TO YIELD RIGHT-OF-WAY,UNABLE TO DETERMINE,3159,W,NORTH AVE,1423,2,NO INDICATION OF INJURY,0,0,0,0,0,2,0,15,5,3,41.910005731,-87.706895043,POINT (-87.706895043031 41.91000573099)
30,STOP SIGN/FLASHER,FUNCTIONING PROPERLY,RAIN,DAYLIGHT,ANGLE,NOT DIVIDED,STRAIGHT AND LEVEL,WET,NO DEFECTS,NOT ON SCENE (DESK REPORT),INJURY AND / OR TOW DUE TO CRASH,,,"OVER $1,500",01/15/2016 12:35:00 PM,UNABLE TO DETERMINE,UNABLE TO DETERMINE,6401,N,CALIFORNIA AVE,2412,2,"REPORTED, NOT EVIDENT",1,0,0,0,1,1,0,12,6,1,41.997655095,-87.699498438,POINT (-87.699498437993 41.997655095)
30,NO CONTROLS,NO CONTROLS,CLEAR,DAYLIGHT,PARKED MOTOR VEHICLE,ONE-WAY,STRAIGHT AND LEVEL,UNKNOWN,UNKNOWN,NOT ON SCENE (DESK REPORT),NO INJURY / DRIVE AWAY,,,"OVER $1,500",04/17/2022 04:00:00 PM,UNABLE TO DETERMINE,UNABLE TO DETERMINE,6114,N,DAMEN AVE,2413,2,NO INDICATION OF INJURY,0,0,0,0,0,1,0,14,1,4,41.992322882,-87.680021812,POINT (-87.680021812042 41.992322882016)
35,NO CONTROLS,NO CONTROLS,CLEAR,DAYLIGHT,PEDESTRIAN,NOT DIVIDED,STRAIGHT AND LEVEL,DRY,NO DEFECTS,ON SCENE,NO INJURY / DRIVE AWAY,,Y,$500 OR LESS,08/05/2022 06:34:00 PM,UNABLE TO DETERMINE,NOT APPLICABLE,1828,W,79TH ST,611,2,NO INDICATION OF INJURY,0,0,0,0,0,2,0,18,6,8,41.750388107,-87.669438517,POINT (-87.669438516967 41.750388106952)
30,NO CONTROLS,NO CONTROLS,CLEAR,DAYLIGHT,SIDESWIPE SAME DIRECTION,DIVIDED - W/MEDIAN (NOT RAISED),STRAIGHT AND LEVEL,DRY,NO DEFECTS,NOT ON SCENE (DESK REPORT),NO INJURY / DRIVE AWAY,,,"OVER $1,500",08/31/2022 05:00:00 PM,IMPROPER OVERTAKING/PASSING,UNABLE TO DETERMINE,9035,S,HALSTED ST,2223,2,NO INDICATION OF INJURY,0,0,0,0,0,2,0,13,4,8,41.729738814,-87.64329779,POINT (-87.643297790027 41.729738814043)
35,TRAFFIC SIGNAL,FUNCTIONING PROPERLY,RAIN,"DARKNESS, LIGHTED ROAD",REAR TO FRONT,DIVIDED - W/MEDIAN BARRIER,STRAIGHT AND LEVEL,WET,NO DEFECTS,ON SCENE,NO INJURY / DRIVE AWAY,Y,,"$501 - $1,500",01/02/2023 06:25:00 PM,IMPROPER BACKING,NOT APPLICABLE,172,N,BESSIE COLEMAN DR,1654,2,NO INDICATION OF INJURY,0,0,0,0,0,3,0,18,2,1,,,
10,NO CONTROLS,NO CONTROLS,CLEAR,DAYLIGHT,PARKED MOTOR VEHICLE,PARKING LOT,STRAIGHT AND LEVEL,DRY,NO DEFECTS,ON SCENE,NO INJURY / DRIVE AWAY,,,"$501 - $1,500",09/18/2020 04:09:00 PM,UNABLE TO DETERMINE,NOT APPLICABLE,6014,S,COTTAGE GROVE AVE,313,2,NO INDICATION OF INJURY,0,0,0,0,0,2,0,16,6,9,41.785387445,-87.606183761,POINT (-87.606183761008 41.785387444959)
35,UNKNOWN,NO CONTROLS,CLEAR,DARKNESS,PARKED MOTOR VEHICLE,PARKING LOT,STRAIGHT AND LEVEL,DRY,NO DEFECTS,ON SCENE,NO INJURY / DRIVE AWAY,,,"OVER $1,500",03/18/2022 05:00:00 AM,NOT APPLICABLE,NOT APPLICABLE,7600,S,STEWART AVE,621,2,NO INDICATION OF INJURY,0,0,0,0,0,1,0,5,6,3,41.75616061,-87.634583596,POINT (-87.634583595966 41.756160610031)
55,NO CONTROLS,NO CONTROLS,RAIN,DAYLIGHT,REAR END,DIVIDED - W/MEDIAN BARRIER,STRAIGHT AND LEVEL,WET,NO DEFECTS,ON SCENE,INJURY AND / OR TOW DUE TO CRASH,,,"OVER $1,500",01/19/2023 12:15:00 PM,DISTRACTION - FROM INSIDE VEHICLE,FOLLOWING TOO CLOSELY,49,W,I190 EXPY,1654,3,"REPORTED, NOT EVIDENT",1,0,0,0,1,3,0,12,5,1,,,
15,FLASHING CONTROL SIGNAL,FUNCTIONING PROPERLY,CLEAR,DAYLIGHT,REAR END,DIVIDED - W/MEDIAN BARRIER,STRAIGHT AND LEVEL,DRY,NO DEFECTS,ON SCENE,NO INJURY / DRIVE AWAY,,Y,"OVER $1,500",06/30/2020 02:25:00 PM,IMPROPER BACKING,UNABLE TO DETERMINE,8800,S,CHICAGO SKYWAY OB,412,2,NO INDICATION OF INJURY,0,0,0,0,0,3,0,14,3,6,,,
15,NO CONTROLS,NO CONTROLS,RAIN,"DARKNESS, LIGHTED ROAD",TURNING,PARKING LOT,STRAIGHT AND LEVEL,WET,NO DEFECTS,NOT ON SCENE (DESK REPORT),NO INJURY / DRIVE AWAY,N,,"OVER $1,500",04/30/2019 11:40:00 PM,UNABLE TO DETERMINE,DRIVING ON WRONG SIDE/WRONG WAY,524,W,OHARE ST,1654,2,NO INDICATION OF INJURY,0,0,0,0,0,2,0,23,3,4,,,
30,TRAFFIC SIGNAL,FUNCTIONING PROPERLY,CLEAR,DAYLIGHT,TURNING,NOT DIVIDED,STRAIGHT AND LEVEL,DRY,NO DEFECTS,,INJURY AND / OR TOW DUE TO CRASH,Y,,"OVER $1,500",11/16/2018 02:30:00 PM,UNABLE TO DETERMINE,NOT APPLICABLE,600,W,DIVISION ST,1822,2,NO INDICATION OF INJURY,0,0,0,0,0,2,0,14,6,11,41.903825234,-87.64328636,POINT (-87.643286359995 41.903825233976)
30,NO CONTROLS,NO CONTROLS,CLEAR,DAYLIGHT,REAR END,NOT DIVIDED,STRAIGHT AND LEVEL,DRY,NO DEFECTS,NOT ON SCENE (DESK REPORT),NO INJURY / DRIVE AWAY,,,"OVER $1,500",10/15/2021 04:10:00 PM,FOLLOWING TOO CLOSELY,NOT APPLICABLE,2916,W,PRATT BLVD,2411,2,NO INDICATION OF INJURY,0,0,0,0,0,2,0,15,4,10,42.00489874,-87.702943101,POINT (-87.702943100968 42.00489873996)
30,NO CONTROLS,NO CONTROLS,RAIN,"DARKNESS, LIGHTED ROAD",FIXED OBJECT,ONE-WAY,"CURVE, LEVEL",WET,UNKNOWN,ON SCENE,INJURY AND / OR TOW DUE TO CRASH,,,"OVER $1,500",07/28/2023 05:00:00 AM,UNABLE TO DETERMINE,NOT APPLICABLE,3,W,TERMINAL ST,1653,1,NO INDICATION OF INJURY,0,0,0,0,0,1,0,4,6,7,,,
30,NO CONTROLS,NO CONTROLS,CLEAR,DAYLIGHT,TURNING,NOT DIVIDED,STRAIGHT AND LEVEL,DRY,NO DEFECTS,,NO INJURY / DRIVE AWAY,,,"OVER $1,500",12/21/2018 09:28:00 AM,PHYSICAL CONDITION OF DRIVER,UNABLE TO DETERMINE,1454,W,47TH ST,924,2,NO INDICATION OF INJURY,0,0,0,0,0,2,0,9,6,12,41.808749374,-87.66230696,POINT (-87.662306960034 41.808749374011)
25,NO CONTROLS,NO CONTROLS,CLEAR,"DARKNESS, LIGHTED ROAD",PARKED MOTOR VEHICLE,DIVIDED - W/MEDIAN (NOT RAISED),STRAIGHT AND LEVEL,DRY,NO DEFECTS,ON SCENE,INJURY AND / OR TOW DUE TO CRASH,,,"$501 - $1,500",03/01/2020 07:45:00 PM,UNABLE TO DETERMINE,UNABLE TO DETERMINE,3401,N,KEATING AVE,1731,2,NO INDICATION OF INJURY,0,0,0,0,0,1,0,19,1,3,41.942612691,-87.745158091,POINT (-87.745158091015 41.942612690976)
55,TRAFFIC SIGNAL,FUNCTIONING PROPERLY,CLEAR,DAWN,TURNING,T-INTERSECTION,STRAIGHT AND LEVEL,DRY,NO DEFECTS,ON SCENE,INJURY AND / OR TOW DUE TO CRASH,Y,Y,"OVER $1,500",07/04/2021 05:06:00 AM,NOT APPLICABLE,NOT APPLICABLE,6299,S,LAKE SHORE DR,331,2,INCAPACITATING INJURY,1,0,1,0,0,1,0,5,1,7,,,
25,NO CONTROLS,NO CONTROLS,CLEAR,DAYLIGHT,PARKED MOTOR VEHICLE,ONE-WAY,STRAIGHT AND LEVEL,DRY,NO DEFECTS,NOT ON SCENE (DESK REPORT),NO INJURY / DRIVE AWAY,,,"$501 - $1,500",03/27/2023 12:15:00 PM,EQUIPMENT - VEHICLE CONDITION,NOT APPLICABLE,2430,W,56TH ST,824,2,NO INDICATION OF INJURY,0,0,0,0,0,1,0,11,2,3,41.792123048,-87.685177441,POINT (-87.68517744099 41.792123048027)
30,STOP SIGN/FLASHER,NO CONTROLS,CLEAR,"DARKNESS, LIGHTED ROAD",TURNING,DIVIDED - W/MEDIAN BARRIER,STRAIGHT AND LEVEL,DRY,NO DEFECTS,NOT ON SCENE (DESK REPORT),NO INJURY / DRIVE AWAY,Y,,"$501 - $1,500",08/07/2017 01:00:00 PM,UNABLE TO DETERMINE,NOT APPLICABLE,1100,W,MADISON ST,1224,2,NO INDICATION OF INJURY,0,0,0,0,0,3,0,20,1,8,41.881779411,-87.654380269,POINT (-87.654380269009 41.88177941105)
30,NO CONTROLS,NO CONTROLS,CLEAR,"DARKNESS, LIGHTED ROAD",ANGLE,OTHER,STRAIGHT AND LEVEL,DRY,NO DEFECTS,ON SCENE,INJURY AND / OR TOW DUE TO CRASH,,,"$501 - $1,500",01/24/2018 09:45:00 PM,UNABLE TO DETERMINE,NOT APPLICABLE,199,E,BELLEVUE PL,1824,2,NO INDICATION OF INJURY,0,0,0,0,0,4,0,21,4,1,,,
30,TRAFFIC SIGNAL,FUNCTIONING PROPERLY,CLEAR,DAYLIGHT,TURNING,FOUR WAY,STRAIGHT AND LEVEL,DRY,NO DEFECTS,NOT ON SCENE (DESK REPORT),NO INJURY / DRIVE AWAY,,,"OVER $1,500",08/08/2021 02:20:00 PM,DISTRACTION - FROM OUTSIDE VEHICLE,DISTRACTION - FROM OUTSIDE VEHICLE,5500,S,WENTWORTH AVE,225,2,NO INDICATION OF INJURY,0,0,0,0,0,3,0,12,1,8,,,
30,TRAFFIC SIGNAL,FUNCTIONING PROPERLY,CLEAR,DAYLIGHT,TURNING,T-INTERSECTION,STRAIGHT AND LEVEL,DRY,NO DEFECTS,ON SCENE,INJURY AND / OR TOW DUE TO CRASH,Y,,"$501 - $1,500",06/05/2020 03:36:00 PM,IMPROPER TURNING/NO SIGNAL,NOT APPLICABLE,4099,N,HARLEM AVE,1632,2,INCAPACITATING INJURY,2,0,1,1,0,0,0,15,6,6,,,
30,NO CONTROLS,NO CONTROLS,CLEAR,DARKNESS,PARKED MOTOR VEHICLE,NOT DIVIDED,STRAIGHT AND LEVEL,DRY,NO DEFECTS,NOT ON SCENE (DESK REPORT),NO INJURY / DRIVE AWAY,,Y,"$501 - $1,500",11/23/2021 10:34:00 AM,UNABLE TO DETERMINE,UNABLE TO DETERMINE,5705,W,SUPERIOR ST,1511,2,NO INDICATION OF INJURY,0,0,0,0,0,1,0,11,2,11,41.893763455,-87.76817945,POINT (-87.768179449967 41.893763455026)
30,TRAFFIC SIGNAL,FUNCTIONING PROPERLY,RAIN,"DARKNESS, LIGHTED ROAD",SIDESWIPE SAME DIRECTION,DIVIDED - W/MEDIAN (NOT RAISED),STRAIGHT AND LEVEL,WET,NO DEFECTS,ON SCENE,NO INJURY / DRIVE AWAY,Y,,$500 OR LESS,02/20/2018 06:45:00 PM,IMPROPER OVERTAKING/PASSING,WEATHER,2600,S,CALIFORNIA BLVD,1034,2,NO INDICATION OF INJURY,0,0,0,0,0,4,0,18,3,2,41.844607515,-87.694804642,POINT (-87.694804642033 41.844607514956)
30,NO CONTROLS,NO CONTROLS,CLEAR,DAYLIGHT,REAR END,NOT DIVIDED,STRAIGHT AND LEVEL,DRY,UNKNOWN,NOT ON SCENE (DESK REPORT),NO INJURY / DRIVE AWAY,,Y,"OVER $1,500",06/09/2016 08:00:00 PM,FOLLOWING TOO CLOSELY,FOLLOWING TOO CLOSELY,1934,S,CANAL ST,1235,2,NO INDICATION OF INJURY,0,0,0,0,0,3,0,14,5,6,,,
30,STOP SIGN/FLASHER,FUNCTIONING PROPERLY,CLEAR,"DARKNESS, LIGHTED ROAD",ANGLE,NOT DIVIDED,STRAIGHT AND LEVEL,DRY,NO DEFECTS,ON SCENE,INJURY AND / OR TOW DUE TO CRASH,,,"OVER $1,500",12/01/2020 09:37:00 PM,FAILING TO YIELD RIGHT-OF-WAY,UNABLE TO DETERMINE,4235,W,31ST ST,1031,2,NO INDICATION OF INJURY,0,0,0,0,0,4,0,21,3,12,41.836701898,-87.730569431,POINT (-87.730569430983 41.836701897973)
30,NO CONTROLS,NO CONTROLS,CLEAR,DAYLIGHT,PARKED MOTOR VEHICLE,NOT DIVIDED,STRAIGHT AND LEVEL,DRY,NO DEFECTS,NOT ON SCENE (DESK REPORT),NO INJURY / DRIVE AWAY,,,"OVER $1,500",08/13/2022 05:12:00 PM,NOT APPLICABLE,NOT APPLICABLE,6500,S,MARYLAND AVE,321,2,NO INDICATION OF INJURY,0,0,0,0,0,1,0,16,7,8,41.776698398,-87.604775584,POINT (-87.604775584034 41.776698398011)
25,TRAFFIC SIGNAL,FUNCTIONING PROPERLY,SNOW,DARKNESS,REAR END,ONE-WAY,STRAIGHT AND LEVEL,SNOW OR SLUSH,NO DEFECTS,ON SCENE,INJURY AND / OR TOW DUE TO CRASH,Y,,"OVER $1,500",01/01/2021 09:30:00 PM,WEATHER,NOT APPLICABLE,173,N,BESSIE COLEMAN DR,1654,3,"REPORTED, NOT EVIDENT",1,0,0,0,1,2,0,21,6,1,,,
0,NO CONTROLS,NO CONTROLS,CLEAR,DAYLIGHT,REAR END,PARKING LOT,STRAIGHT AND LEVEL,DRY,NO DEFECTS,NOT ON SCENE (DESK REPORT),NO INJURY / DRIVE AWAY,,,"OVER $1,500",12/11/2015 12:48:00 PM,FOLLOWING TOO CLOSELY,UNABLE TO DETERMINE,11601,S,WESTERN AVE,2212,2,NO INDICATION OF INJURY,0,0,0,0,0,3,0,11,6,12,41.682671696,-87.680726085,POINT (-87.680726085045 41.682671696043)
30,NO CONTROLS,NO CONTROLS,CLEAR,DAYLIGHT,PARKED MOTOR VEHICLE,NOT DIVIDED,STRAIGHT AND LEVEL,DRY,NO DEFECTS,NOT ON SCENE (DESK REPORT),NO INJURY / DRIVE AWAY,,Y,"OVER $1,500",08/22/2019 03:55:00 PM,UNABLE TO DETERMINE,UNABLE TO DETERMINE,2254,W,LELAND AVE,1911,2,NO INDICATION OF INJURY,0,0,0,0,0,1,0,8,5,8,41.966926771,-87.686065215,POINT (-87.686065214961 41.966926770955)