POSTED_SPEED_LIMIT,TRAFFIC_CONTROL_DEVICE,DEVICE_CONDITION,WEATHER_CONDITION,LIGHTING_CONDITION,FIRST_CRASH_TYPE,TRAFFICWAY_TYPE,ALIGNMENT,ROADWAY_SURFACE_COND,ROAD_DEFECT,REPORT_TYPE,CRASH_TYPE,INTERSECTION_RELATED_I,HIT_AND_RUN_I,DAMAGE,DATE_POLICE_NOTIFIED,PRIM_CONTRIBUTORY_CAUSE,SEC_CONTRIBUTORY_CAUSE,STREET_NO,STREET_DIRECTION,STREET_NAME,BEAT_OF_OCCURRENCE,NUM_UNITS,MOST_SEVERE_INJURY,INJURIES_TOTAL,INJURIES_FATAL,INJURIES_INCAPACITATING,INJURIES_NON_INCAPACITATING,INJURIES_REPORTED_NOT_EVIDENT,INJURIES_NO_INDICATION,INJURIES_UNKNOWN,CRASH_HOUR,CRASH_DAY_OF_WEEK,CRASH_MONTH,LATITUDE,LONGITUDE,LOCATION
30,TRAFFIC SIGNAL,FUNCTIONING PROPERLY,CLEAR,"DARKNESS, LIGHTED ROAD",PARKED MOTOR VEHICLE,NOT DIVIDED,STRAIGHT AND LEVEL,DRY,NO DEFECTS,ON SCENE,INJURY AND / OR TOW DUE TO CRASH,Y,,"OVER $1,500",04/22/2018 06:27:00 AM,EQUIPMENT - VEHICLE CONDITION,UNABLE TO DETERMINE,1609,N,CENTRAL AVE,2532,3,NO INDICATION OF INJURY,0,0,0,0,0,1,0,6,1,4,41.909669676,-87.765481309,POINT (-87.765481309016 41.909669676006)
30,STOP SIGN/FLASHER,FUNCTIONING PROPERLY,CLEAR,DAYLIGHT,ANGLE,ONE-WAY,STRAIGHT AND LEVEL,DRY,NO DEFECTS,NOT ON SCENE (DESK REPORT),NO INJURY / DRIVE AWAY,Y,,"OVER $1,500",05/16/2023 04:40:00 PM,DISTRACTION - FROM OUTSIDE VEHICLE,NOT APPLICABLE,1340,S,INDEPENDENCE BLVD,1011,2,NO INDICATION OF INJURY,0,0,0,0,0,2,0,16,3,5,41.863082204,-87.720153168,POINT (-87.720153168044 41.863082204009)
30,NO CONTROLS,NO CONTROLS,CLEAR,"DARKNESS, LIGHTED ROAD",PARKED MOTOR VEHICLE,PARKING LOT,STRAIGHT AND LEVEL,DRY,NO DEFECTS,NOT ON SCENE (DESK REPORT),NO INJURY / DRIVE AWAY,,Y,"OVER $1,500",03/26/2022 02:00:00 AM,UNABLE TO DETERMINE,UNABLE TO DETERMINE,1200,W,35TH ST,913,2,NO INDICATION OF INJURY,0,0,0,0,0,1,0,1,7,3,41.830728826,-87.655813252,POINT (-87.655813252029 41.830728825995)
30,NO CONTROLS,NO CONTROLS,CLEAR,DAYLIGHT,ANGLE,NOT DIVIDED,STRAIGHT AND LEVEL,DRY,NO DEFECTS,ON SCENE,INJURY AND / OR TOW DUE TO CRASH,Y,,"OVER $1,500",02/22/2020 01:53:00 PM,FAILING TO YIELD RIGHT-OF-WAY,DRIVING SKILLS/KNOWLEDGE/EXPERIENCE,1744,W,MONTROSE AVE,1912,2,NO INDICATION OF INJURY,0,0,0,0,0,2,0,13,7,2,41.961656836,-87.672582218,POINT (-87.672582218013 41.961656835969)
30,TRAFFIC SIGNAL,FUNCTIONING PROPERLY,CLEAR,DAYLIGHT,ANGLE,NOT DIVIDED,STRAIGHT AND LEVEL,DRY,NO DEFECTS,ON SCENE,INJURY AND / OR TOW DUE TO CRASH,,N,"OVER $1,500",11/01/2020 04:40:00 PM,UNABLE TO DETERMINE,NOT APPLICABLE,2,E,71ST ST,322,3,NONINCAPACITATING INJURY,1,0,0,1,0,1,0,16,1,11,41.765563782,-87.624825828,POINT (-87.624825828045 41.765563782008)
30,NO CONTROLS,NO CONTROLS,CLEAR,DAYLIGHT,SIDESWIPE SAME DIRECTION,NOT DIVIDED,STRAIGHT AND LEVEL,DRY,NO DEFECTS,NOT ON SCENE (DESK REPORT),NO INJURY / DRIVE AWAY,,,"OVER $1,500",03/31/2020 02:43:00 PM,FAILING TO YIELD RIGHT-OF-WAY,DRIVING SKILLS/KNOWLEDGE/EXPERIENCE,7216,S,SOUTH CHICAGO AVE,323,2,NO INDICATION OF INJURY,0,0,0,0,0,2,0,13,3,3,41.763986845,-87.603152594,POINT (-87.603152594044 41.763986844968)
30,NO CONTROLS,NO CONTROLS,CLEAR,DAYLIGHT,PARKED MOTOR VEHICLE,NOT DIVIDED,STRAIGHT AND LEVEL,DRY,NO DEFECTS,NOT ON SCENE (DESK REPORT),NO INJURY / DRIVE AWAY,,Y,"OVER $1,500",11/04/2021 12:15:00 PM,UNABLE TO DETERMINE,UNABLE TO DETERMINE,3525,N,SEMINARY AVE,1924,2,NO INDICATION OF INJURY,0,0,0,0,0,1,0,10,5,11,41.9461579,-87.656576302,POINT (-87.656576302048 41.946157900045)
30,NO CONTROLS,NO CONTROLS,SNOW,"DARKNESS, LIGHTED ROAD",REAR END,DIVIDED - W/MEDIAN (NOT RAISED),STRAIGHT AND LEVEL,WET,NO DEFECTS,ON SCENE,NO INJURY / DRIVE AWAY,,,"OVER $1,500",12/09/2017 07:40:00 PM,FOLLOWING TOO CLOSELY,FOLLOWING TOO CLOSELY,2828,N,PULASKI RD,2523,2,NO INDICATION OF INJURY,0,0,0,0,0,2,0,19,7,12,41.932604222,-87.727148226,POINT (-87.727148226037 41.932604221966)
30,NO CONTROLS,NO CONTROLS,CLEAR,"DARKNESS, LIGHTED ROAD",SIDESWIPE SAME DIRECTION,ONE-WAY,STRAIGHT AND LEVEL,DRY,NO DEFECTS,ON SCENE,INJURY AND / OR TOW DUE TO CRASH,,,"OVER $1,500",05/28/2017 08:55:00 PM,"VISION OBSCURED (SIGNS, TREE LIMBS, BUILDINGS, ETC.)","EVASIVE ACTION DUE TO ANIMAL, OBJECT, NONMOTORIST",6005,S,CARPENTER ST,712,3,INCAPACITATING INJURY,1,0,1,0,0,3,0,20,1,5,41.784916451,-87.650847915,POINT (-87.650847915035 41.784916450958)
30,TRAFFIC SIGNAL,FUNCTIONING PROPERLY,CLEAR,DAYLIGHT,ANGLE,FOUR WAY,STRAIGHT AND LEVEL,DRY,NO DEFECTS,ON SCENE,NO INJURY / DRIVE AWAY,Y,,"OVER $1,500",07/07/2023 04:10:00 PM,DISREGARDING TRAFFIC SIGNALS,NOT APPLICABLE,173,N,BESSIE COLEMAN DR,1654,2,NO INDICATION OF INJURY,0,0,0,0,0,2,0,16,6,7,,,
30,NO CONTROLS,NO CONTROLS,CLEAR,DAYLIGHT,REAR END,DIVIDED - W/MEDIAN BARRIER,STRAIGHT ON GRADE,WET,"RUT, HOLES",ON SCENE,NO INJURY / DRIVE AWAY,,,"OVER $1,500",02/26/2020 12:45:00 PM,UNABLE TO DETERMINE,UNABLE TO DETERMINE,5322,S,CENTRAL AVE,811,3,NO INDICATION OF INJURY,0,0,0,0,0,3,0,12,4,2,41.79573461,-87.762555326,POINT (-87.762555325992 41.795734610035)
30,NO CONTROLS,NO CONTROLS,CLEAR,DAYLIGHT,REAR END,NOT DIVIDED,STRAIGHT AND LEVEL,DRY,NO DEFECTS,NOT ON SCENE (DESK REPORT),NO INJURY / DRIVE AWAY,,,"OVER $1,500",10/15/2018 10:05:00 AM,FOLLOWING TOO CLOSELY,UNABLE TO DETERMINE,3832,W,47TH ST,821,3,NO INDICATION OF INJURY,0,0,0,0,0,3,0,9,2,10,41.808026055,-87.71995187,POINT (-87.719951869982 41.808026054987)
30,NO CONTROLS,NO CONTROLS,CLEAR,DARKNESS,PARKED MOTOR VEHICLE,ONE-WAY,STRAIGHT AND LEVEL,DRY,NO DEFECTS,ON SCENE,NO INJURY / DRIVE AWAY,,Y,"OVER $1,500",07/04/2020 04:33:00 AM,UNABLE TO DETERMINE,NOT APPLICABLE,731,N,LOCKWOOD AVE,1524,2,NO INDICATION OF INJURY,0,0,0,0,0,1,0,3,7,7,41.893921077,-87.757867954,POINT (-87.757867953974 41.893921076998)
30,TRAFFIC SIGNAL,FUNCTIONING PROPERLY,CLEAR,DAYLIGHT,TURNING,NOT DIVIDED,STRAIGHT AND LEVEL,DRY,NO DEFECTS,NOT ON SCENE (DESK REPORT),NO INJURY / DRIVE AWAY,Y,Y,"$501 - $1,500",07/06/2017 03:11:00 PM,IMPROPER OVERTAKING/PASSING,UNABLE TO DETERMINE,797,N,FAIRBANKS CT,1833,2,NO INDICATION OF INJURY,0,0,0,0,0,2,0,16,4,7,41.896737923,-87.620221354,POINT (-87.620221354034 41.896737923045)
30,NO CONTROLS,NO CONTROLS,CLEAR,DAYLIGHT,SIDESWIPE SAME DIRECTION,CENTER TURN LANE,STRAIGHT AND LEVEL,DRY,NO DEFECTS,ON SCENE,NO INJURY / DRIVE AWAY,Y,,"OVER $1,500",10/28/2020 12:45:00 PM,UNABLE TO DETERMINE,UNABLE TO DETERMINE,536,W,ONTARIO ST,1831,2,NO INDICATION OF INJURY,0,0,0,0,0,2,0,12,4,10,,,
15,NO CONTROLS,NO CONTROLS,CLEAR,DARKNESS,SIDESWIPE SAME DIRECTION,NOT DIVIDED,STRAIGHT AND LEVEL,DRY,NO DEFECTS,ON SCENE,NO INJURY / DRIVE AWAY,,,"OVER $1,500",02/23/2022 07:10:00 PM,FAILING TO YIELD RIGHT-OF-WAY,FAILING TO YIELD RIGHT-OF-WAY,5599,N,MULLIGAN AVE,1622,2,NO INDICATION OF INJURY,0,0,0,0,0,2,0,18,4,2,,,
30,NO CONTROLS,NO CONTROLS,CLEAR,"DARKNESS, LIGHTED ROAD",ANGLE,ONE-WAY,"CURVE, LEVEL",DRY,NO DEFECTS,ON SCENE,NO INJURY / DRIVE AWAY,,,"OVER $1,500",03/30/2020 07:58:00 PM,IMPROPER LANE USAGE,DRIVING SKILLS/KNOWLEDGE/EXPERIENCE,13,W,I190 EXPY,1654,2,NO INDICATION OF INJURY,0,0,0,0,0,2,0,19,2,3,,,
30,NO CONTROLS,NO CONTROLS,CLEAR,DAYLIGHT,TURNING,NOT DIVIDED,STRAIGHT AND LEVEL,DRY,NO DEFECTS,NOT ON SCENE (DESK REPORT),NO INJURY / DRIVE AWAY,,Y,$500 OR LESS,08/05/2016 03:20:00 PM,UNABLE TO DETERMINE,UNABLE TO DETERMINE,201,N,GARLAND CT / LAKE STREET,111,2,NO INDICATION OF INJURY,0,0,0,0,0,2,0,15,6,8,,,
30,NO CONTROLS,NO CONTROLS,CLEAR,DAYLIGHT,SIDESWIPE SAME DIRECTION,NOT DIVIDED,STRAIGHT AND LEVEL,DRY,NO DEFECTS,ON SCENE,NO INJURY / DRIVE AWAY,,,"$501 - $1,500",11/27/2020 04:00:00 PM,DRIVING SKILLS/KNOWLEDGE/EXPERIENCE,FAILING TO REDUCE SPEED TO AVOID CRASH,6800,W,BELMONT AVE,1632,2,NO INDICATION OF INJURY,0,0,0,0,0,2,0,15,6,11,41.938266954,-87.795761499,POINT (-87.795761499004 41.938266954026)
25,OTHER,OTHER,CLEAR,"DARKNESS, LIGHTED ROAD",PARKED MOTOR VEHICLE,OTHER,STRAIGHT AND LEVEL,WET,NO DEFECTS,ON SCENE,NO INJURY / DRIVE AWAY,,,"OVER $1,500",01/14/2022 07:00:00 PM,IMPROPER OVERTAKING/PASSING,IMPROPER OVERTAKING/PASSING,1,W,TERMINAL ST,1651,2,NO INDICATION OF INJURY,0,0,0,0,0,1,0,18,6,1,,,
30,NO CONTROLS,NO CONTROLS,UNKNOWN,"DARKNESS, LIGHTED ROAD",PARKED MOTOR VEHICLE,NOT DIVIDED,STRAIGHT AND LEVEL,UNKNOWN,UNKNOWN,NOT ON SCENE (DESK REPORT),NO INJURY / DRIVE AWAY,,Y,"OVER $1,500",06/27/2021 09:10:00 PM,UNABLE TO DETERMINE,UNABLE TO DETERMINE,4406,W,DIVERSEY AVE,2523,2,NO INDICATION OF INJURY,0,0,0,0,0,1,0,21,7,6,41.93176678,-87.737111269,POINT (-87.737111268991 41.931766779992)
30,UNKNOWN,UNKNOWN,CLEAR,DAWN,SIDESWIPE SAME DIRECTION,FOUR WAY,STRAIGHT AND LEVEL,DRY,UNKNOWN,NOT ON SCENE (DESK REPORT),NO INJURY / DRIVE AWAY,N,Y,"OVER $1,500",09/11/2019 09:10:00 PM,NOT APPLICABLE,NOT APPLICABLE,8300,S,STONY ISLAND AVE,412,2,NO INDICATION OF INJURY,0,0,0,0,0,2,0,20,4,9,41.744151639,-87.585945067,POINT (-87.585945066953 41.744151639042)
30,STOP SIGN/FLASHER,NO CONTROLS,CLEAR,DAYLIGHT,REAR END,NOT DIVIDED,STRAIGHT AND LEVEL,WET,NO DEFECTS,,NO INJURY / DRIVE AWAY,,Y,"OVER $1,500",02/12/2018 12:23:00 PM,UNABLE TO DETERMINE,NOT APPLICABLE,500,S,SPRINGFIELD AVE,1132,2,NO INDICATION OF INJURY,0,0,0,0,0,3,0,11,2,2,,,
30,NO CONTROLS,NO CONTROLS,CLEAR,"DARKNESS, LIGHTED ROAD",SIDESWIPE SAME DIRECTION,RAMP,STRAIGHT ON GRADE,DRY,NO DEFECTS,ON SCENE,NO INJURY / DRIVE AWAY,,,"$501 - $1,500",09/02/2017 01:20:00 AM,IMPROPER LANE USAGE,NOT APPLICABLE,6299,S,YALE AVE,711,2,NO INDICATION OF INJURY,0,0,0,0,0,2,0,1,7,9,,,
30,NO CONTROLS,NO CONTROLS,CLEAR,DAYLIGHT,SIDESWIPE SAME DIRECTION,DIVIDED - W/MEDIAN BARRIER,STRAIGHT AND LEVEL,DRY,NO DEFECTS,ON SCENE,NO INJURY / DRIVE AWAY,,,"OVER $1,500",07/13/2019 04:35:00 PM,UNABLE TO DETERMINE,UNABLE TO DETERMINE,3645,S,ASHLAND AVE,912,2,NO INDICATION OF INJURY,0,0,0,0,0,2,0,16,7,7,41.82742485,-87.665343368,POINT (-87.665343367962 41.827424850016)
30,NO CONTROLS,NO CONTROLS,CLEAR,DAYLIGHT,PARKED MOTOR VEHICLE,DIVIDED - W/MEDIAN (NOT RAISED),STRAIGHT AND LEVEL,DRY,NO DEFECTS,NOT ON SCENE (DESK REPORT),NO INJURY / DRIVE AWAY,,,"$501 - $1,500",05/13/2016 03:30:00 PM,IMPROPER BACKING,FAILING TO REDUCE SPEED TO AVOID CRASH,3258,W,MONTROSE AVE,1724,2,NO INDICATION OF INJURY,0,0,0,0,0,1,0,14,5,5,41.961269527,-87.710631229,POINT (-87.710631228962 41.961269526962)
55,OTHER,OTHER,RAIN,DAYLIGHT,SIDESWIPE SAME DIRECTION,DIVIDED - W/MEDIAN BARRIER,STRAIGHT AND LEVEL,WET,NO DEFECTS,ON SCENE,NO INJURY / DRIVE AWAY,,,"OVER $1,500",05/28/2021 05:30:00 PM,UNABLE TO DETERMINE,NOT APPLICABLE,9200,S,CHICAGO SKYWAY OB,423,2,NO INDICATION OF INJURY,0,0,0,0,0,3,0,16,6,5,,,
30,NO CONTROLS,NO CONTROLS,CLEAR,DAYLIGHT,TURNING,NOT DIVIDED,STRAIGHT AND LEVEL,DRY,NO DEFECTS,ON SCENE,INJURY AND / OR TOW DUE TO CRASH,Y,Y,"OVER $1,500",06/22/2021 04:02:00 PM,IMPROPER TURNING/NO SIGNAL,UNABLE TO DETERMINE,3099,W,ROOSEVELT RD,1022,2,"REPORTED, NOT EVIDENT",1,0,0,0,1,1,0,15,3,6,41.866320835,-87.703139188,POINT (-87.70313918801 41.866320834961)
30,NO CONTROLS,NO CONTROLS,CLEAR,DAYLIGHT,SIDESWIPE SAME DIRECTION,NOT DIVIDED,STRAIGHT AND LEVEL,DRY,NO DEFECTS,NOT ON SCENE (DESK REPORT),INJURY AND / OR TOW DUE TO CRASH,,,"$501 - $1,500",08/24/2019 06:30:00 PM,IMPROPER LANE USAGE,FOLLOWING TOO CLOSELY,6100,S,CENTRAL AVE,812,2,NO INDICATION OF INJURY,0,0,0,0,0,2,0,15,7,8,41.781626709,-87.762015567,POINT (-87.762015567 41.781626708966)
30,NO CONTROLS,NO CONTROLS,CLEAR,DAYLIGHT,REAR END,DIVIDED - W/MEDIAN (NOT RAISED),STRAIGHT AND LEVEL,DRY,NO DEFECTS,ON SCENE,NO INJURY / DRIVE AWAY,,Y,"OVER $1,500",05/14/2021 07:31:00 PM,UNABLE TO DETERMINE,UNABLE TO DETERMINE,3434,W,FOSTER AVE,1712,2,NO INDICATION OF INJURY,0,0,0,0,0,5,0,18,6,5,41.975785113,-87.714994976,POINT (-87.714994975991 41.975785113021)
30,NO CONTROLS,NO CONTROLS,UNKNOWN,"DARKNESS, LIGHTED ROAD",PARKED MOTOR VEHICLE,DIVIDED - W/MEDIAN (NOT RAISED),STRAIGHT AND LEVEL,UNKNOWN,NO DEFECTS,ON SCENE,NO INJURY / DRIVE AWAY,,Y,"OVER $1,500",06/11/2020 03:00:00 PM,UNABLE TO DETERMINE,UNABLE TO DETERMINE,2458,E,76TH ST,421,4,NO INDICATION OF INJURY,0,0,0,0,0,1,0,0,5,6,41.757314039,-87.563974832,POINT (-87.563974832032 41.757314038988)
55,NO CONTROLS,NO CONTROLS,CLEAR,"DARKNESS, LIGHTED ROAD",REAR END,OTHER,STRAIGHT AND LEVEL,DRY,NO DEFECTS,ON SCENE,NO INJURY / DRIVE AWAY,,,$500 OR LESS,12/02/2019 05:19:00 PM,UNABLE TO DETERMINE,NOT APPLICABLE,8800,S,CHICAGO SKYWAY OB,412,2,NO INDICATION OF INJURY,0,0,0,0,0,2,0,17,2,12,,,
20,NO CONTROLS,NO CONTROLS,CLOUDY/OVERCAST,DAYLIGHT,PARKED MOTOR VEHICLE,PARKING LOT,STRAIGHT AND LEVEL,DRY,NO DEFECTS,ON SCENE,NO INJURY / DRIVE AWAY,,Y,"OVER $1,500",04/06/2020 11:30:00 AM,FOLLOWING TOO CLOSELY,DRIVING SKILLS/KNOWLEDGE/EXPERIENCE,727,W,OHARE ST,1654,2,NO INDICATION OF INJURY,0,0,0,0,0,1,0,11,2,4,,,
10,NO CONTROLS,NO CONTROLS,CLEAR,DAYLIGHT,PARKED MOTOR VEHICLE,PARKING LOT,STRAIGHT AND LEVEL,DRY,NO DEFECTS,ON SCENE,NO INJURY / DRIVE AWAY,,Y,$500 OR LESS,12/12/2019 02:55:00 PM,UNABLE TO DETERMINE,NOT APPLICABLE,515,W,OHARE ST,1654,2,NO INDICATION OF INJURY,0,0,0,0,0,1,0,14,5,12,,,
30,NO CONTROLS,NO CONTROLS,CLEAR,DARKNESS,REAR END,NOT DIVIDED,STRAIGHT ON GRADE,DRY,NO DEFECTS,NOT ON SCENE (DESK REPORT),NO INJURY / DRIVE AWAY,,,"$501 - $1,500",11/19/2016 05:55:00 PM,FOLLOWING TOO CLOSELY,NOT APPLICABLE,4603,W,26TH ST,1031,2,NO INDICATION OF INJURY,0,0,0,0,0,2,0,17,7,11,,,
30,NO CONTROLS,NO CONTROLS,CLEAR,DAYLIGHT,PARKED MOTOR VEHICLE,NOT DIVIDED,STRAIGHT AND LEVEL,DRY,NO DEFECTS,ON SCENE,INJURY AND / OR TOW DUE TO CRASH,,,"OVER $1,500",12/15/2017 03:30:00 PM,DISTRACTION - FROM INSIDE VEHICLE,NOT APPLICABLE,2939,W,ARDMORE AVE,2011,2,NO INDICATION OF INJURY,0,0,0,0,0,1,0,15,6,12,41.986625448,-87.703228939,POINT (-87.703228939021 41.98662544799)
10,NO CONTROLS,NO CONTROLS,CLEAR,DAYLIGHT,PARKED MOTOR VEHICLE,OTHER,STRAIGHT AND LEVEL,DRY,UNKNOWN,NOT ON SCENE (DESK REPORT),NO INJURY / DRIVE AWAY,,Y,"OVER $1,500",05/27/2021 08:00:00 PM,UNABLE TO DETERMINE,NOT APPLICABLE,7262,W,PETERSON AVE,1612,2,NO INDICATION OF INJURY,0,0,0,0,0,3,0,18,5,5,41.990020023,-87.809224289,POINT (-87.80922428895 41.990020023035)
30,TRAFFIC SIGNAL,FUNCTIONING PROPERLY,CLEAR,DAWN,REAR END,NOT DIVIDED,STRAIGHT AND LEVEL,DRY,NO DEFECTS,NOT ON SCENE (DESK REPORT),NO INJURY / DRIVE AWAY,,,"OVER $1,500",12/08/2021 07:30:00 PM,UNABLE TO DETERMINE,NOT APPLICABLE,4523,W,NORTH AVE,2533,2,NO INDICATION OF INJURY,0,0,0,0,0,2,0,17,4,12,41.909596143,-87.739700644,POINT (-87.739700644014 41.909596142962)
30,NO CONTROLS,NO CONTROLS,CLEAR,DAYLIGHT,SIDESWIPE SAME DIRECTION,DIVIDED - W/MEDIAN (NOT RAISED),STRAIGHT AND LEVEL,DRY,NO DEFECTS,NOT ON SCENE (DESK REPORT),NO INJURY / DRIVE AWAY,,,"OVER $1,500",03/05/2019 03:39:00 PM,FOLLOWING TOO CLOSELY,NOT APPLICABLE,8301,S,CICERO AVE,834,2,NO INDICATION OF INJURY,0,0,0,0,0,2,0,14,3,3,41.741803599,-87.740953582,POINT (-87.740953581987 41.741803598989)
25,NO CONTROLS,NO CONTROLS,CLEAR,DARKNESS,PARKED MOTOR VEHICLE,ONE-WAY,STRAIGHT AND LEVEL,DRY,NO DEFECTS,ON SCENE,INJURY AND / OR TOW DUE TO CRASH,,Y,"OVER $1,500",09/13/2018 11:59:00 PM,HAD BEEN DRINKING (USE WHEN ARREST IS NOT MADE),"OPERATING VEHICLE IN ERRATIC, RECKLESS, CARELESS, NEGLIGENT OR AGGRESSIVE MANNER",4641,S,DR MARTIN LUTHER KING JR SD,221,3,NO INDICATION OF INJURY,0,0,0,0,0,1,0,23,5,9,,,
30,NO CONTROLS,NO CONTROLS,CLEAR,DAYLIGHT,PEDESTRIAN,PARKING LOT,STRAIGHT AND LEVEL,DRY,NO DEFECTS,NOT ON SCENE (DESK REPORT),INJURY AND / OR TOW DUE TO CRASH,,,"OVER $1,500",04/22/2017 03:36:00 PM,UNABLE TO DETERMINE,UNABLE TO DETERMINE,4201,S,ASHLAND AVE,924,2,INCAPACITATING INJURY,1,0,1,0,0,1,0,16,3,4,41.817683733,-87.6650402,POINT (-87.665040200043 41.817683733038)
45,OTHER,FUNCTIONING PROPERLY,CLOUDY/OVERCAST,DAYLIGHT,SIDESWIPE SAME DIRECTION,DIVIDED - W/MEDIAN BARRIER,CURVE ON GRADE,DRY,NO DEFECTS,ON SCENE,INJURY AND / OR TOW DUE TO CRASH,,Y,"OVER $1,500",10/28/2021 09:38:00 AM,FAILING TO REDUCE SPEED TO AVOID CRASH,IMPROPER LANE USAGE,6629,S,CHICAGO SKYWAY IB,312,2,"REPORTED, NOT EVIDENT",1,0,0,0,1,1,0,9,5,10,,,
35,TRAFFIC SIGNAL,FUNCTIONING PROPERLY,UNKNOWN,DAYLIGHT,REAR END,NOT DIVIDED,STRAIGHT AND LEVEL,DRY,NO DEFECTS,NOT ON SCENE (DESK REPORT),NO INJURY / DRIVE AWAY,,,"OVER $1,500",09/20/2018 05:25:00 PM,UNABLE TO DETERMINE,UNABLE TO DETERMINE,5500,N,HARLEM AVE,1613,2,NO INDICATION OF INJURY,0,0,0,0,0,2,0,10,7,9,,,
30,NO CONTROLS,NO CONTROLS,CLEAR,DAYLIGHT,ANGLE,NOT DIVIDED,STRAIGHT AND LEVEL,UNKNOWN,UNKNOWN,NOT ON SCENE (DESK REPORT),NO INJURY / DRIVE AWAY,,,"$501 - $1,500",08/20/2018 03:15:00 PM,UNABLE TO DETERMINE,UNABLE TO DETERMINE,3315,W,DEVON AVE,1711,2,NO INDICATION OF INJURY,0,0,0,0,0,2,0,14,2,8,41.997228762,-87.712355632,POINT (-87.712355631957 41.997228762048)
30,TRAFFIC SIGNAL,FUNCTIONING PROPERLY,CLEAR,"DARKNESS, LIGHTED ROAD",REAR END,NOT DIVIDED,STRAIGHT AND LEVEL,DRY,NO DEFECTS,NOT ON SCENE (DESK REPORT),NO INJURY / DRIVE AWAY,,,"OVER $1,500",06/01/2017 11:30:00 PM,FOLLOWING TOO CLOSELY,NOT APPLICABLE,200,W,HARRISON ST,123,2,NO INDICATION OF INJURY,0,0,0,0,0,2,0,22,5,6,41.874590031,-87.633704185,POINT (-87.633704184958 41.874590031007)
30,STOP SIGN/FLASHER,FUNCTIONING PROPERLY,CLEAR,DAYLIGHT,ANGLE,FOUR WAY,STRAIGHT AND LEVEL,ICE,NO DEFECTS,NOT ON SCENE (DESK REPORT),INJURY AND / OR TOW DUE TO CRASH,Y,,"$501 - $1,500",11/13/2019 10:10:00 AM,FAILING TO REDUCE SPEED TO AVOID CRASH,NOT APPLICABLE,5237,N,LECLAIRE AVE,1623,2,"REPORTED, NOT EVIDENT",1,0,0,0,1,1,0,9,4,11,41.976327925,-87.755163265,POINT (-87.755163264962 41.976327925009)
30,NO CONTROLS,NO CONTROLS,CLEAR,DAYLIGHT,SIDESWIPE SAME DIRECTION,ONE-WAY,STRAIGHT ON GRADE,DRY,NO DEFECTS,ON SCENE,NO INJURY / DRIVE AWAY,,,"OVER $1,500",05/19/2023 01:10:00 PM,UNABLE TO DETERMINE,NOT APPLICABLE,13,W,I190 EXPY,1654,2,NO INDICATION OF INJURY,0,0,0,0,0,2,0,13,6,5,,,
30,NO CONTROLS,NO CONTROLS,CLEAR,DAYLIGHT,PARKED MOTOR VEHICLE,ONE-WAY,STRAIGHT AND LEVEL,DRY,UNKNOWN,NOT ON SCENE (DESK REPORT),NO INJURY / DRIVE AWAY,,,"OVER $1,500",04/21/2023 04:00:00 PM,UNABLE TO DETERMINE,UNABLE TO DETERMINE,6101,S,RHODES AVE,313,2,NO INDICATION OF INJURY,0,0,0,0,0,1,0,14,6,4,41.783866777,-87.611964499,POINT (-87.611964499003 41.783866777022)
30,NO CONTROLS,NO CONTROLS,CLEAR,DAWN,SIDESWIPE SAME DIRECTION,ONE-WAY,STRAIGHT AND LEVEL,DRY,NO DEFECTS,ON SCENE,NO INJURY / DRIVE AWAY,,,"$501 - $1,500",03/16/2018 06:30:00 AM,FAILING TO YIELD RIGHT-OF-WAY,NOT APPLICABLE,100,E,ERIE ST,1834,2,NO INDICATION OF INJURY,0,0,0,0,0,2,0,6,6,3,41.894228849,-87.625384759,POINT (-87.625384758996 41.894228848999)
35,NO CONTROLS,NO CONTROLS,CLEAR,DAWN,ANGLE,NOT DIVIDED,STRAIGHT AND LEVEL,DRY,NO DEFECTS,ON SCENE,NO INJURY / DRIVE AWAY,Y,,"OVER $1,500",06/17/2021 08:50:00 AM,FAILING TO YIELD RIGHT-OF-WAY,NOT APPLICABLE,815,S,AUSTIN BLVD,1513,2,NO INDICATION OF INJURY,0,0,0,0,0,3,0,8,5,6,,,
35,TRAFFIC SIGNAL,FUNCTIONING PROPERLY,CLEAR,"DARKNESS, LIGHTED ROAD",FIXED OBJECT,DIVIDED - W/MEDIAN (NOT RAISED),STRAIGHT AND LEVEL,DRY,NO DEFECTS,ON SCENE,INJURY AND / OR TOW DUE TO CRASH,Y,Y,"OVER $1,500",10/17/2022 02:31:00 AM,UNABLE TO DETERMINE,UNABLE TO DETERMINE,13001,S,BRAINARD AVE,433,1,NO INDICATION OF INJURY,0,0,0,0,0,1,0,2,2,10,,,
10,NO CONTROLS,NO CONTROLS,CLEAR,DAYLIGHT,PARKED MOTOR VEHICLE,PARKING LOT,STRAIGHT AND LEVEL,DRY,NO DEFECTS,ON SCENE,NO INJURY / DRIVE AWAY,,Y,"$501 - $1,500",09/17/2022 03:03:00 PM,FAILING TO YIELD RIGHT-OF-WAY,NOT APPLICABLE,1,W,PARKING LOT D ST,1654,2,NO INDICATION OF INJURY,0,0,0,0,0,1,0,9,7,9,,,