POSTED_SPEED_LIMIT,TRAFFIC_CONTROL_DEVICE,DEVICE_CONDITION,WEATHER_CONDITION,LIGHTING_CONDITION,FIRST_CRASH_TYPE,TRAFFICWAY_TYPE,ALIGNMENT,ROADWAY_SURFACE_COND,ROAD_DEFECT,REPORT_TYPE,CRASH_TYPE,INTERSECTION_RELATED_I,HIT_AND_RUN_I,DAMAGE,DATE_POLICE_NOTIFIED,PRIM_CONTRIBUTORY_CAUSE,SEC_CONTRIBUTORY_CAUSE,STREET_NO,STREET_DIRECTION,STREET_NAME,BEAT_OF_OCCURRENCE,NUM_UNITS,MOST_SEVERE_INJURY,INJURIES_TOTAL,INJURIES_FATAL,INJURIES_INCAPACITATING,INJURIES_NON_INCAPACITATING,INJURIES_REPORTED_NOT_EVIDENT,INJURIES_NO_INDICATION,INJURIES_UNKNOWN,CRASH_HOUR,CRASH_DAY_OF_WEEK,CRASH_MONTH,LATITUDE,LONGITUDE,LOCATION
30,TRAFFIC SIGNAL,FUNCTIONING PROPERLY,SNOW,DAYLIGHT,PEDESTRIAN,NOT DIVIDED,STRAIGHT AND LEVEL,DRY,NO DEFECTS,NOT ON SCENE (DESK REPORT),INJURY AND / OR TOW DUE TO CRASH,Y,Y,$500 OR LESS,01/16/2018 08:20:00 AM,UNABLE TO DETERMINE,NOT APPLICABLE,1001,N,LARAMIE AVE,1531,3,NONINCAPACITATING INJURY,2,0,0,2,0,1,0,7,3,1,41.898675904,-87.755544326,POINT (-87.755544326025 41.898675903994)
30,NO CONTROLS,NO CONTROLS,CLEAR,"DARKNESS, LIGHTED ROAD",TURNING,NOT DIVIDED,STRAIGHT AND LEVEL,DRY,NO DEFECTS,NOT ON SCENE (DESK REPORT),NO INJURY / DRIVE AWAY,,Y,"$501 - $1,500",01/07/2019 11:58:00 AM,UNABLE TO DETERMINE,NOT APPLICABLE,8000,S,COTTAGE GROVE AVE,631,2,NO INDICATION OF INJURY,0,0,0,0,0,2,0,20,1,1,41.749362768,-87.605332981,POINT (-87.605332981011 41.749362768013)
30,NO CONTROLS,NO CONTROLS,CLEAR,DAYLIGHT,PARKED MOTOR VEHICLE,DIVIDED - W/MEDIAN BARRIER,STRAIGHT AND LEVEL,DRY,NO DEFECTS,NOT ON SCENE (DESK REPORT),NO INJURY / DRIVE AWAY,,Y,"OVER $1,500",04/23/2019 08:45:00 PM,UNABLE TO DETERMINE,UNABLE TO DETERMINE,2105,W,95TH ST,2213,2,NO INDICATION OF INJURY,0,0,0,0,0,1,0,19,3,4,41.720930072,-87.675096598,POINT (-87.675096597998 41.720930072023)
30,TRAFFIC SIGNAL,FUNCTIONING PROPERLY,RAIN,"DARKNESS, LIGHTED ROAD",TURNING,DIVIDED - W/MEDIAN (NOT RAISED),STRAIGHT AND LEVEL,WET,NO DEFECTS,NOT ON SCENE (DESK REPORT),NO INJURY / DRIVE AWAY,Y,,"OVER $1,500",11/04/2018 06:40:00 PM,DRIVING SKILLS/KNOWLEDGE/EXPERIENCE,UNABLE TO DETERMINE,2001,W,IRVING PARK RD,1921,2,NO INDICATION OF INJURY,0,0,0,0,0,3,0,18,1,11,41.954046293,-87.678812012,POINT (-87.678812011999 41.954046293036)
30,NO CONTROLS,NO CONTROLS,CLEAR,DAYLIGHT,FIXED OBJECT,NOT DIVIDED,STRAIGHT AND LEVEL,DRY,UNKNOWN,ON SCENE,INJURY AND / OR TOW DUE TO CRASH,,,"OVER $1,500",12/19/2021 06:48:00 AM,UNABLE TO DETERMINE,UNABLE TO DETERMINE,3998,W,COLUMBUS AVE,834,2,NO INDICATION OF INJURY,0,0,0,0,0,2,0,5,1,12,41.735733511,-87.721498188,POINT (-87.721498188022 41.73573351095)
5,OTHER,FUNCTIONING PROPERLY,CLEAR,DAYLIGHT,REAR END,DIVIDED - W/MEDIAN BARRIER,STRAIGHT AND LEVEL,DRY,NO DEFECTS,ON SCENE,INJURY AND / OR TOW DUE TO CRASH,,,"OVER $1,500",06/30/2018 04:01:00 PM,FAILING TO REDUCE SPEED TO AVOID CRASH,FAILING TO YIELD RIGHT-OF-WAY,8801,S,CHICAGO SKYWAY IB,423,2,NONINCAPACITATING INJURY,1,0,0,1,0,1,0,16,7,6,,,
25,LANE USE MARKING,FUNCTIONING PROPERLY,CLEAR,DAWN,SIDESWIPE SAME DIRECTION,ONE-WAY,STRAIGHT AND LEVEL,WET,NO DEFECTS,ON SCENE,NO INJURY / DRIVE AWAY,,,"OVER $1,500",01/29/2019 05:52:00 AM,FAILING TO YIELD RIGHT-OF-WAY,DRIVING SKILLS/KNOWLEDGE/EXPERIENCE,2,W,TERMINAL ST,1652,3,NO INDICATION OF INJURY,0,0,0,0,0,3,0,5,3,1,,,
20,NO CONTROLS,NO CONTROLS,CLOUDY/OVERCAST,DAYLIGHT,REAR END,ONE-WAY,STRAIGHT AND LEVEL,DRY,NO DEFECTS,ON SCENE,NO INJURY / DRIVE AWAY,,,"$501 - $1,500",02/11/2019 11:22:00 AM,FOLLOWING TOO CLOSELY,DRIVING SKILLS/KNOWLEDGE/EXPERIENCE,2,W,TERMINAL ST,1652,2,NO INDICATION OF INJURY,0,0,0,0,0,2,0,11,2,2,,,
30,NO CONTROLS,NO CONTROLS,CLEAR,DAYLIGHT,REAR END,NOT DIVIDED,STRAIGHT AND LEVEL,DRY,UNKNOWN,NOT ON SCENE (DESK REPORT),NO INJURY / DRIVE AWAY,,,"$501 - $1,500",09/13/2019 08:00:00 PM,UNABLE TO DETERMINE,UNABLE TO DETERMINE,4635,N,KEDZIE AVE,1713,2,NO INDICATION OF INJURY,0,0,0,0,0,2,0,15,6,9,41.965724538,-87.708243502,POINT (-87.708243501961 41.965724537954)
25,NO CONTROLS,NO CONTROLS,RAIN,DAYLIGHT,PARKED MOTOR VEHICLE,NOT DIVIDED,STRAIGHT AND LEVEL,WET,NO DEFECTS,NOT ON SCENE (DESK REPORT),NO INJURY / DRIVE AWAY,,Y,"OVER $1,500",05/21/2018 04:35:00 PM,FAILING TO REDUCE SPEED TO AVOID CRASH,IMPROPER LANE USAGE,1900,E,75TH ST,333,3,NO INDICATION OF INJURY,0,0,0,0,0,2,0,15,2,5,41.758960279,-87.578523141,POINT (-87.578523140973 41.758960278959)
30,TRAFFIC SIGNAL,FUNCTIONING PROPERLY,CLEAR,DAYLIGHT,OVERTURNED,OTHER,STRAIGHT ON HILLCREST,DRY,NO DEFECTS,ON SCENE,INJURY AND / OR TOW DUE TO CRASH,Y,,"OVER $1,500",12/24/2018 11:40:00 AM,EQUIPMENT - VEHICLE CONDITION,NOT APPLICABLE,5900,S,WENTWORTH AVE,232,1,NO INDICATION OF INJURY,0,0,0,0,0,1,0,11,2,12,,,
30,TRAFFIC SIGNAL,UNKNOWN,CLEAR,DAYLIGHT,REAR END,DIVIDED - W/MEDIAN (NOT RAISED),STRAIGHT AND LEVEL,DRY,UNKNOWN,NOT ON SCENE (DESK REPORT),INJURY AND / OR TOW DUE TO CRASH,Y,,"OVER $1,500",07/19/2019 12:00:00 PM,UNABLE TO DETERMINE,UNABLE TO DETERMINE,6000,W,GRAND AVE,2512,2,"REPORTED, NOT EVIDENT",1,0,0,0,1,2,0,11,6,7,41.920676631,-87.775630269,POINT (-87.775630269041 41.920676630982)
30,TRAFFIC SIGNAL,FUNCTIONING PROPERLY,CLEAR,DAYLIGHT,REAR TO FRONT,NOT DIVIDED,STRAIGHT AND LEVEL,DRY,NO DEFECTS,NOT ON SCENE (DESK REPORT),NO INJURY / DRIVE AWAY,,,"OVER $1,500",03/17/2020 04:25:00 PM,UNABLE TO DETERMINE,UNABLE TO DETERMINE,5210,N,FRANCISCO AVE,2011,2,NO INDICATION OF INJURY,0,0,0,0,0,3,0,16,3,3,41.976186815,-87.701520986,POINT (-87.701520986012 41.976186815025)
30,TRAFFIC SIGNAL,FUNCTIONING PROPERLY,RAIN,"DARKNESS, LIGHTED ROAD",TURNING,NOT DIVIDED,STRAIGHT AND LEVEL,WET,NO DEFECTS,NOT ON SCENE (DESK REPORT),NO INJURY / DRIVE AWAY,Y,,"OVER $1,500",12/30/2022 10:45:00 AM,FAILING TO YIELD RIGHT-OF-WAY,NOT APPLICABLE,1169,N,STATE ST,1824,2,NO INDICATION OF INJURY,0,0,0,0,0,2,0,16,5,12,41.903902732,-87.628531494,POINT (-87.628531494008 41.903902731961)
30,TRAFFIC SIGNAL,FUNCTIONING PROPERLY,SLEET/HAIL,"DARKNESS, LIGHTED ROAD",REAR END,FOUR WAY,STRAIGHT AND LEVEL,WET,NO DEFECTS,ON SCENE,INJURY AND / OR TOW DUE TO CRASH,Y,,"OVER $1,500",01/12/2020 02:49:00 AM,WEATHER,FOLLOWING TOO CLOSELY,800,W,GRAND AVE,1214,2,NONINCAPACITATING INJURY,2,0,0,1,1,0,0,2,1,1,41.891293713,-87.647680593,POINT (-87.647680593026 41.891293712961)
25,TRAFFIC SIGNAL,FUNCTIONING PROPERLY,CLEAR,DAYLIGHT,TURNING,DIVIDED - W/MEDIAN (NOT RAISED),STRAIGHT AND LEVEL,DRY,NO DEFECTS,NOT ON SCENE (DESK REPORT),NO INJURY / DRIVE AWAY,,,"$501 - $1,500",01/21/2018 02:49:00 PM,UNABLE TO DETERMINE,UNABLE TO DETERMINE,8301,S,CICERO AVE,834,2,NO INDICATION OF INJURY,0,0,0,0,0,2,0,18,6,1,41.741803599,-87.740953582,POINT (-87.740953581987 41.741803598989)
0,NO CONTROLS,NO CONTROLS,CLEAR,DAYLIGHT,PARKED MOTOR VEHICLE,ONE-WAY,STRAIGHT AND LEVEL,DRY,NO DEFECTS,ON SCENE,NO INJURY / DRIVE AWAY,,,$500 OR LESS,12/25/2018 03:45:00 PM,UNABLE TO DETERMINE,UNABLE TO DETERMINE,2843,W,FARRAGUT AVE,2011,2,NO INDICATION OF INJURY,0,0,0,0,0,2,0,15,3,12,41.976612107,-87.700661587,POINT (-87.700661586974 41.976612106966)
30,NO CONTROLS,NO CONTROLS,CLEAR,DAYLIGHT,PARKED MOTOR VEHICLE,NOT DIVIDED,STRAIGHT AND LEVEL,DRY,NO DEFECTS,ON SCENE,NO INJURY / DRIVE AWAY,,,"OVER $1,500",04/30/2018 03:07:00 PM,IMPROPER BACKING,NOT APPLICABLE,130,E,34TH ST,211,2,NO INDICATION OF INJURY,0,0,0,0,0,2,0,15,2,4,41.833010486,-87.621877672,POINT (-87.621877672023 41.833010486005)
30,NO CONTROLS,NO CONTROLS,CLEAR,"DARKNESS, LIGHTED ROAD",FIXED OBJECT,DIVIDED - W/MEDIAN (NOT RAISED),STRAIGHT AND LEVEL,WET,NO DEFECTS,ON SCENE,INJURY AND / OR TOW DUE TO CRASH,,N,"OVER $1,500",07/09/2023 01:00:00 AM,UNABLE TO DETERMINE,NOT APPLICABLE,13000,S,STONY ISLAND AVE,434,1,NO INDICATION OF INJURY,0,0,0,0,0,1,0,0,1,7,,,
30,UNKNOWN,UNKNOWN,UNKNOWN,UNKNOWN,SIDESWIPE SAME DIRECTION,ONE-WAY,STRAIGHT AND LEVEL,UNKNOWN,UNKNOWN,NOT ON SCENE (DESK REPORT),NO INJURY / DRIVE AWAY,,,"OVER $1,500",11/30/2021 02:00:00 PM,UNABLE TO DETERMINE,NOT APPLICABLE,13,W,I190 EXPY,1654,2,NO INDICATION OF INJURY,0,0,0,0,0,2,0,13,3,11,,,
30,TRAFFIC SIGNAL,FUNCTIONING PROPERLY,CLEAR,"DARKNESS, LIGHTED ROAD",ANGLE,NOT DIVIDED,CURVE ON GRADE,DRY,NO DEFECTS,ON SCENE,INJURY AND / OR TOW DUE TO CRASH,Y,,"OVER $1,500",02/17/2018 04:14:00 AM,FAILING TO REDUCE SPEED TO AVOID CRASH,NOT APPLICABLE,201,W,GARFIELD BLVD,225,2,NONINCAPACITATING INJURY,1,0,0,1,0,3,0,4,7,2,41.794090446,-87.630527331,POINT (-87.630527331008 41.794090445987)
30,TRAFFIC SIGNAL,FUNCTIONING PROPERLY,CLEAR,DAYLIGHT,REAR END,DIVIDED - W/MEDIAN (NOT RAISED),STRAIGHT AND LEVEL,DRY,NO DEFECTS,NOT ON SCENE (DESK REPORT),NO INJURY / DRIVE AWAY,,,"OVER $1,500",02/08/2018 11:40:00 AM,FOLLOWING TOO CLOSELY,FAILING TO YIELD RIGHT-OF-WAY,5933,N,CICERO AVE,1711,2,NO INDICATION OF INJURY,0,0,0,0,0,2,0,8,5,2,41.989727546,-87.748178979,POINT (-87.748178979 41.989727545973)
30,NO CONTROLS,NO CONTROLS,CLEAR,DAYLIGHT,REAR END,NOT DIVIDED,STRAIGHT AND LEVEL,DRY,NO DEFECTS,,INJURY AND / OR TOW DUE TO CRASH,,Y,"$501 - $1,500",05/13/2019 05:37:00 PM,FOLLOWING TOO CLOSELY,FAILING TO REDUCE SPEED TO AVOID CRASH,3330,W,CHICAGO AVE,1121,2,"REPORTED, NOT EVIDENT",1,0,0,0,1,1,0,15,2,5,41.895627547,-87.710202502,POINT (-87.710202501959 41.895627546974)
30,NO CONTROLS,NO CONTROLS,SNOW,DAYLIGHT,REAR END,ONE-WAY,STRAIGHT AND LEVEL,WET,NO DEFECTS,NOT ON SCENE (DESK REPORT),NO INJURY / DRIVE AWAY,,,"OVER $1,500",12/28/2017 04:22:00 PM,FOLLOWING TOO CLOSELY,WEATHER,9531,S,STONY ISLAND AVE,431,2,NO INDICATION OF INJURY,0,0,0,0,0,2,0,15,5,12,41.721267719,-87.584839485,POINT (-87.584839485043 41.721267718978)
5,NO CONTROLS,NO CONTROLS,CLEAR,DAYLIGHT,OTHER OBJECT,PARKING LOT,STRAIGHT AND LEVEL,DRY,NO DEFECTS,NOT ON SCENE (DESK REPORT),NO INJURY / DRIVE AWAY,,,"OVER $1,500",12/27/2018 04:14:00 PM,IMPROPER BACKING,DRIVING SKILLS/KNOWLEDGE/EXPERIENCE,5274,S,ARCHER AVE,815,1,NO INDICATION OF INJURY,0,0,0,0,0,1,0,3,5,12,41.799518076,-87.73834096,POINT (-87.738340959964 41.799518076003)
25,NO CONTROLS,NO CONTROLS,CLEAR,DAYLIGHT,REAR END,ONE-WAY,STRAIGHT AND LEVEL,DRY,NO DEFECTS,ON SCENE,NO INJURY / DRIVE AWAY,,,"$501 - $1,500",10/15/2019 08:15:00 AM,NOT APPLICABLE,NOT APPLICABLE,1,W,TERMINAL ST,1651,2,NO INDICATION OF INJURY,0,0,0,0,0,2,0,8,3,10,,,
30,NO CONTROLS,NO CONTROLS,UNKNOWN,UNKNOWN,PARKED MOTOR VEHICLE,NOT DIVIDED,STRAIGHT AND LEVEL,UNKNOWN,UNKNOWN,NOT ON SCENE (DESK REPORT),NO INJURY / DRIVE AWAY,,Y,"$501 - $1,500",09/15/2019 03:46:00 PM,UNABLE TO DETERMINE,UNABLE TO DETERMINE,104,E,46TH ST,215,2,NO INDICATION OF INJURY,0,0,0,0,0,1,0,19,7,9,41.811212783,-87.622715905,POINT (-87.622715904997 41.811212782955)
30,TRAFFIC SIGNAL,FUNCTIONING PROPERLY,RAIN,DAYLIGHT,SIDESWIPE SAME DIRECTION,DIVIDED - W/MEDIAN BARRIER,STRAIGHT AND LEVEL,WET,NO DEFECTS,NOT ON SCENE (DESK REPORT),NO INJURY / DRIVE AWAY,Y,,"OVER $1,500",03/18/2020 03:15:00 PM,UNABLE TO DETERMINE,UNABLE TO DETERMINE,2,E,71ST ST,322,2,NO INDICATION OF INJURY,0,0,0,0,0,3,0,13,4,3,41.765563782,-87.624825828,POINT (-87.624825828045 41.765563782008)
30,NO CONTROLS,NO CONTROLS,CLEAR,DAYLIGHT,PARKED MOTOR VEHICLE,NOT DIVIDED,STRAIGHT AND LEVEL,DRY,NO DEFECTS,NOT ON SCENE (DESK REPORT),NO INJURY / DRIVE AWAY,,Y,"OVER $1,500",11/07/2021 09:21:00 AM,UNABLE TO DETERMINE,UNABLE TO DETERMINE,4546,S,ARCHER AVE,821,2,NO INDICATION OF INJURY,0,0,0,0,0,1,0,9,1,11,41.810440446,-87.710418852,POINT (-87.710418851956 41.810440445956)
30,NO CONTROLS,NO CONTROLS,CLEAR,"DARKNESS, LIGHTED ROAD",PARKED MOTOR VEHICLE,ONE-WAY,STRAIGHT AND LEVEL,DRY,NO DEFECTS,NOT ON SCENE (DESK REPORT),NO INJURY / DRIVE AWAY,,Y,"$501 - $1,500",05/16/2016 05:15:00 PM,UNABLE TO DETERMINE,UNABLE TO DETERMINE,6338,N,RAVENSWOOD AVE,2433,2,NO INDICATION OF INJURY,0,0,0,0,0,1,0,4,2,5,41.996712092,-87.675661864,POINT (-87.675661863974 41.99671209201)
30,TRAFFIC SIGNAL,FUNCTIONING PROPERLY,CLEAR,"DARKNESS, LIGHTED ROAD",REAR END,DIVIDED - W/MEDIAN (NOT RAISED),STRAIGHT AND LEVEL,DRY,NO DEFECTS,ON SCENE,NO INJURY / DRIVE AWAY,,,"OVER $1,500",12/18/2019 12:25:00 AM,DISTRACTION - FROM INSIDE VEHICLE,NOT APPLICABLE,958,W,DIVERSEY PKWY,1933,2,NO INDICATION OF INJURY,0,0,0,0,0,2,0,0,4,12,41.932748996,-87.653801489,POINT (-87.653801488996 41.932748996009)
30,TRAFFIC SIGNAL,FUNCTIONING PROPERLY,CLEAR,DAYLIGHT,SIDESWIPE SAME DIRECTION,NOT DIVIDED,STRAIGHT ON GRADE,DRY,NO DEFECTS,ON SCENE,NO INJURY / DRIVE AWAY,,,"$501 - $1,500",09/11/2018 05:16:00 PM,DRIVING SKILLS/KNOWLEDGE/EXPERIENCE,DRIVING SKILLS/KNOWLEDGE/EXPERIENCE,1701,S,KEDZIE AVE,1022,2,NO INDICATION OF INJURY,0,0,0,0,0,2,0,17,3,9,,,
30,TRAFFIC SIGNAL,FUNCTIONING PROPERLY,CLEAR,DAYLIGHT,TURNING,NOT DIVIDED,STRAIGHT AND LEVEL,DRY,NO DEFECTS,NOT ON SCENE (DESK REPORT),NO INJURY / DRIVE AWAY,,,"$501 - $1,500",08/30/2019 07:21:00 PM,IMPROPER TURNING/NO SIGNAL,NOT APPLICABLE,2950,W,HARRISON ST,1135,2,NO INDICATION OF INJURY,0,0,0,0,0,2,0,18,6,8,41.873860438,-87.700586149,POINT (-87.700586148982 41.873860438041)
0,NO CONTROLS,NO CONTROLS,CLEAR,DAYLIGHT,PARKED MOTOR VEHICLE,NOT DIVIDED,STRAIGHT AND LEVEL,DRY,NO DEFECTS,NOT ON SCENE (DESK REPORT),NO INJURY / DRIVE AWAY,,Y,"$501 - $1,500",09/19/2017 01:13:00 PM,UNABLE TO DETERMINE,UNABLE TO DETERMINE,4600,N,KEYSTONE AVE,1722,2,NO INDICATION OF INJURY,0,0,0,0,0,1,0,12,6,9,41.964157782,-87.729272221,POINT (-87.729272221018 41.964157781994)
30,STOP SIGN/FLASHER,FUNCTIONING PROPERLY,UNKNOWN,UNKNOWN,ANGLE,UNKNOWN INTERSECTION TYPE,STRAIGHT AND LEVEL,UNKNOWN,UNKNOWN,NOT ON SCENE (DESK REPORT),NO INJURY / DRIVE AWAY,,Y,"$501 - $1,500",12/31/2019 02:00:00 PM,UNABLE TO DETERMINE,UNABLE TO DETERMINE,7200,S,MICHIGAN AVE,323,2,NO INDICATION OF INJURY,0,0,0,0,0,2,0,17,6,12,41.763665021,-87.621796302,POINT (-87.621796301972 41.763665021044)
30,TRAFFIC SIGNAL,FUNCTIONING PROPERLY,CLEAR,DAYLIGHT,TURNING,DIVIDED - W/MEDIAN (NOT RAISED),STRAIGHT AND LEVEL,DRY,NO DEFECTS,NOT ON SCENE (DESK REPORT),NO INJURY / DRIVE AWAY,Y,,"OVER $1,500",06/01/2021 01:15:00 PM,UNABLE TO DETERMINE,NOT APPLICABLE,3956,W,CERMAK RD,1014,2,NO INDICATION OF INJURY,0,0,0,0,0,2,0,15,3,5,41.8516599,-87.72453636,POINT (-87.724536359985 41.851659899998)
30,NO CONTROLS,NO CONTROLS,CLEAR,UNKNOWN,PARKED MOTOR VEHICLE,ONE-WAY,STRAIGHT AND LEVEL,DRY,NO DEFECTS,ON SCENE,NO INJURY / DRIVE AWAY,,Y,"OVER $1,500",08/01/2017 12:30:00 PM,UNABLE TO DETERMINE,DRIVING SKILLS/KNOWLEDGE/EXPERIENCE,1803,N,LEAVITT ST,1434,2,NO INDICATION OF INJURY,0,0,0,0,0,1,0,9,2,7,41.914200492,-87.682288726,POINT (-87.682288726043 41.914200491972)
30,NO CONTROLS,NO CONTROLS,CLEAR,"DARKNESS, LIGHTED ROAD",SIDESWIPE SAME DIRECTION,NOT DIVIDED,STRAIGHT AND LEVEL,DRY,NO DEFECTS,NOT ON SCENE (DESK REPORT),NO INJURY / DRIVE AWAY,,,"$501 - $1,500",11/23/2015 06:14:00 AM,IMPROPER BACKING,ANIMAL,635,N,KEDZIE AVE,1221,2,NO INDICATION OF INJURY,0,0,0,0,0,3,0,22,7,11,41.89295442,-87.706330951,POINT (-87.706330951022 41.892954420011)
55,NO CONTROLS,NO CONTROLS,CLEAR,DAYLIGHT,REAR END,ONE-WAY,STRAIGHT AND LEVEL,DRY,NO DEFECTS,ON SCENE,NO INJURY / DRIVE AWAY,,,"$501 - $1,500",05/05/2023 08:45:00 AM,FOLLOWING TOO CLOSELY,FAILING TO REDUCE SPEED TO AVOID CRASH,9759,W,KENNEDY EXPY IB,1654,3,NO INDICATION OF INJURY,0,0,0,0,0,4,0,8,6,5,,,
15,NO CONTROLS,NO CONTROLS,UNKNOWN,UNKNOWN,PARKED MOTOR VEHICLE,OTHER,STRAIGHT AND LEVEL,WET,NO DEFECTS,NOT ON SCENE (DESK REPORT),NO INJURY / DRIVE AWAY,,Y,"OVER $1,500",06/27/2021 10:00:00 AM,UNABLE TO DETERMINE,UNABLE TO DETERMINE,4404,W,DEMING PL,2524,2,NO INDICATION OF INJURY,0,0,0,0,0,1,0,5,1,6,41.927451672,-87.736965036,POINT (-87.736965035982 41.927451671969)
30,STOP SIGN/FLASHER,FUNCTIONING PROPERLY,CLEAR,"DARKNESS, LIGHTED ROAD",TURNING,NOT DIVIDED,STRAIGHT AND LEVEL,DRY,NO DEFECTS,ON SCENE,INJURY AND / OR TOW DUE TO CRASH,Y,,"OVER $1,500",06/06/2018 03:56:00 AM,"VISION OBSCURED (SIGNS, TREE LIMBS, BUILDINGS, ETC.)",UNABLE TO DETERMINE,4600,W,MADISON ST,1113,3,NO INDICATION OF INJURY,0,0,0,0,0,5,0,3,4,6,41.880660067,-87.740728133,POINT (-87.740728133013 41.880660066981)
30,TRAFFIC SIGNAL,FUNCTIONING PROPERLY,CLEAR,DAYLIGHT,REAR END,DIVIDED - W/MEDIAN (NOT RAISED),STRAIGHT AND LEVEL,DRY,NO DEFECTS,NOT ON SCENE (DESK REPORT),NO INJURY / DRIVE AWAY,Y,,"$501 - $1,500",01/13/2016 09:25:00 AM,UNABLE TO DETERMINE,NOT APPLICABLE,845,S,AUSTIN BLVD,1513,2,NO INDICATION OF INJURY,0,0,0,0,0,2,0,9,4,1,,,
30,NO CONTROLS,NO CONTROLS,CLEAR,DAYLIGHT,SIDESWIPE SAME DIRECTION,NOT DIVIDED,STRAIGHT AND LEVEL,DRY,NO DEFECTS,,NO INJURY / DRIVE AWAY,,,"OVER $1,500",05/14/2023 11:20:00 AM,IMPROPER OVERTAKING/PASSING,UNABLE TO DETERMINE,11,S,AUSTIN BLVD,1513,2,NO INDICATION OF INJURY,0,0,0,0,0,2,0,11,1,5,41.879714362,-87.774496221,POINT (-87.774496220954 41.879714361958)
10,NO CONTROLS,NO CONTROLS,FREEZING RAIN/DRIZZLE,DAYLIGHT,PARKED MOTOR VEHICLE,PARKING LOT,STRAIGHT AND LEVEL,WET,NO DEFECTS,ON SCENE,NO INJURY / DRIVE AWAY,,,"OVER $1,500",03/23/2022 01:15:00 PM,IMPROPER BACKING,"VISION OBSCURED (SIGNS, TREE LIMBS, BUILDINGS, ETC.)",4201,S,ASHLAND AVE,924,2,NO INDICATION OF INJURY,0,0,0,0,0,1,0,12,4,3,41.817683733,-87.6650402,POINT (-87.665040200043 41.817683733038)
30,NO CONTROLS,NO CONTROLS,CLEAR,DARKNESS,REAR END,NOT DIVIDED,STRAIGHT AND LEVEL,DRY,NO DEFECTS,ON SCENE,NO INJURY / DRIVE AWAY,,,"OVER $1,500",11/23/2022 09:15:00 PM,FAILING TO REDUCE SPEED TO AVOID CRASH,DRIVING SKILLS/KNOWLEDGE/EXPERIENCE,1100,W,DIVISION ST,1822,2,NO INDICATION OF INJURY,0,0,0,0,0,2,0,21,4,11,41.903639931,-87.65554697,POINT (-87.655546970003 41.903639930952)
30,NO CONTROLS,NO CONTROLS,CLEAR,DAYLIGHT,SIDESWIPE SAME DIRECTION,ROUNDABOUT,STRAIGHT AND LEVEL,DRY,NO DEFECTS,NOT ON SCENE (DESK REPORT),NO INJURY / DRIVE AWAY,Y,,"OVER $1,500",05/31/2022 10:20:00 AM,UNABLE TO DETERMINE,UNABLE TO DETERMINE,2601,N,KEDZIE AVE,1414,2,NO INDICATION OF INJURY,0,0,0,0,0,2,0,14,2,5,41.928347381,-87.707749216,POINT (-87.70774921597 41.928347381018)
30,NO CONTROLS,NO CONTROLS,CLEAR,"DARKNESS, LIGHTED ROAD",ANGLE,DIVIDED - W/MEDIAN (NOT RAISED),STRAIGHT AND LEVEL,DRY,NO DEFECTS,NOT ON SCENE (DESK REPORT),NO INJURY / DRIVE AWAY,,,$500 OR LESS,10/26/2018 06:15:00 AM,UNABLE TO DETERMINE,UNABLE TO DETERMINE,4746,W,ADDISON ST,1731,2,NO INDICATION OF INJURY,0,0,0,0,0,2,0,18,5,10,41.9462448,-87.746433838,POINT (-87.746433837986 41.946244799972)
20,NO CONTROLS,NO CONTROLS,CLEAR,"DARKNESS, LIGHTED ROAD",SIDESWIPE SAME DIRECTION,ONE-WAY,STRAIGHT AND LEVEL,DRY,NO DEFECTS,ON SCENE,NO INJURY / DRIVE AWAY,,,"OVER $1,500",06/18/2021 10:00:00 PM,IMPROPER LANE USAGE,NOT APPLICABLE,3,W,TERMINAL ST,1653,2,NO INDICATION OF INJURY,0,0,0,0,0,2,0,21,6,6,,,
35,TRAFFIC SIGNAL,FUNCTIONING PROPERLY,CLEAR,"DARKNESS, LIGHTED ROAD",ANGLE,DIVIDED - W/MEDIAN (NOT RAISED),STRAIGHT AND LEVEL,DRY,NO DEFECTS,ON SCENE,INJURY AND / OR TOW DUE TO CRASH,Y,,"OVER $1,500",01/30/2017 10:48:00 PM,FAILING TO REDUCE SPEED TO AVOID CRASH,EQUIPMENT - VEHICLE CONDITION,4660,S,LA SALLE ST,215,2,NONINCAPACITATING INJURY,2,0,0,2,0,1,0,22,2,1,,,
30,TRAFFIC SIGNAL,FUNCTIONING PROPERLY,CLEAR,DAYLIGHT,REAR END,DIVIDED - W/MEDIAN (NOT RAISED),STRAIGHT AND LEVEL,DRY,NO DEFECTS,NOT ON SCENE (DESK REPORT),NO INJURY / DRIVE AWAY,Y,,"OVER $1,500",06/26/2017 05:30:00 PM,UNABLE TO DETERMINE,NOT APPLICABLE,11,S,AUSTIN BLVD,1513,2,NO INDICATION OF INJURY,0,0,0,0,0,2,0,15,1,6,41.879714362,-87.774496221,POINT (-87.774496220954 41.879714361958)
35,TRAFFIC SIGNAL,FUNCTIONING PROPERLY,CLOUDY/OVERCAST,DAYLIGHT,PEDALCYCLIST,DIVIDED - W/MEDIAN BARRIER,STRAIGHT AND LEVEL,DRY,NO DEFECTS,ON SCENE,INJURY AND / OR TOW DUE TO CRASH,Y,,"OVER $1,500",06/27/2021 07:05:00 AM,DISREGARDING TRAFFIC SIGNALS,FAILING TO YIELD RIGHT-OF-WAY,5466,S,WENTWORTH AVE,225,2,NONINCAPACITATING INJURY,1,0,0,1,0,3,0,6,1,6,,,