POSTED_SPEED_LIMIT,TRAFFIC_CONTROL_DEVICE,DEVICE_CONDITION,WEATHER_CONDITION,LIGHTING_CONDITION,FIRST_CRASH_TYPE,TRAFFICWAY_TYPE,ALIGNMENT,ROADWAY_SURFACE_COND,ROAD_DEFECT,REPORT_TYPE,CRASH_TYPE,INTERSECTION_RELATED_I,HIT_AND_RUN_I,DAMAGE,DATE_POLICE_NOTIFIED,PRIM_CONTRIBUTORY_CAUSE,SEC_CONTRIBUTORY_CAUSE,STREET_NO,STREET_DIRECTION,STREET_NAME,BEAT_OF_OCCURRENCE,NUM_UNITS,MOST_SEVERE_INJURY,INJURIES_TOTAL,INJURIES_FATAL,INJURIES_INCAPACITATING,INJURIES_NON_INCAPACITATING,INJURIES_REPORTED_NOT_EVIDENT,INJURIES_NO_INDICATION,INJURIES_UNKNOWN,CRASH_HOUR,CRASH_DAY_OF_WEEK,CRASH_MONTH,LATITUDE,LONGITUDE,LOCATION
30,NO CONTROLS,NO CONTROLS,CLEAR,"DARKNESS, LIGHTED ROAD",REAR END,NOT DIVIDED,STRAIGHT AND LEVEL,DRY,NO DEFECTS,NOT ON SCENE (DESK REPORT),INJURY AND / OR TOW DUE TO CRASH,,,"OVER $1,500",03/04/2018 07:00:00 PM,FOLLOWING TOO CLOSELY,NOT APPLICABLE,6029,W,BELMONT AVE,2511,2,NO INDICATION OF INJURY,0,0,0,0,0,2,0,18,1,3,41.938323018,-87.777389154,POINT (-87.777389153975 41.938323017997)
30,NO CONTROLS,NO CONTROLS,CLEAR,DAYLIGHT,PARKED MOTOR VEHICLE,NOT DIVIDED,STRAIGHT AND LEVEL,DRY,NO DEFECTS,NOT ON SCENE (DESK REPORT),NO INJURY / DRIVE AWAY,,Y,"OVER $1,500",12/28/2020 09:10:00 AM,UNABLE TO DETERMINE,NOT APPLICABLE,2701,S,DEARBORN ST,133,2,NO INDICATION OF INJURY,0,0,0,0,0,1,0,21,6,12,41.844263487,-87.62829939,POINT (-87.628299390012 41.844263486971)
30,NO CONTROLS,FUNCTIONING PROPERLY,CLEAR,"DARKNESS, LIGHTED ROAD",PARKED MOTOR VEHICLE,ONE-WAY,STRAIGHT AND LEVEL,DRY,UNKNOWN,NOT ON SCENE (DESK REPORT),NO INJURY / DRIVE AWAY,,,"OVER $1,500",07/20/2020 01:30:00 PM,"EVASIVE ACTION DUE TO ANIMAL, OBJECT, NONMOTORIST",UNABLE TO DETERMINE,5308,S,WENTWORTH AVE,225,3,NO INDICATION OF INJURY,0,0,0,0,0,3,0,21,6,7,,,
30,TRAFFIC SIGNAL,FUNCTIONING PROPERLY,RAIN,DAYLIGHT,ANGLE,FOUR WAY,STRAIGHT AND LEVEL,WET,NO DEFECTS,ON SCENE,INJURY AND / OR TOW DUE TO CRASH,Y,,"OVER $1,500",08/26/2019 12:07:00 PM,DISREGARDING TRAFFIC SIGNALS,UNABLE TO DETERMINE,5500,S,WENTWORTH AVE,225,2,NO INDICATION OF INJURY,0,0,0,0,0,2,0,12,2,8,,,
30,TRAFFIC SIGNAL,FUNCTIONING PROPERLY,CLEAR,DAYLIGHT,REAR END,NOT DIVIDED,STRAIGHT AND LEVEL,DRY,NO DEFECTS,ON SCENE,NO INJURY / DRIVE AWAY,,Y,$500 OR LESS,07/15/2016 10:20:00 AM,IMPROPER LANE USAGE,IMPROPER OVERTAKING/PASSING,2435,E,71ST ST,334,2,NO INDICATION OF INJURY,0,0,0,0,0,2,0,9,6,7,,,
10,NO CONTROLS,NO CONTROLS,CLEAR,DAYLIGHT,PARKED MOTOR VEHICLE,ONE-WAY,STRAIGHT AND LEVEL,SNOW OR SLUSH,UNKNOWN,ON SCENE,INJURY AND / OR TOW DUE TO CRASH,,Y,"OVER $1,500",02/26/2022 07:43:00 AM,UNABLE TO DETERMINE,NOT APPLICABLE,3006,W,ALBION AVE,2412,3,NO INDICATION OF INJURY,0,0,0,0,0,1,0,7,7,2,42.001223638,-87.704938469,POINT (-87.704938469035 42.001223638037)
30,NO CONTROLS,NO CONTROLS,CLEAR,"DARKNESS, LIGHTED ROAD",SIDESWIPE SAME DIRECTION,ONE-WAY,STRAIGHT AND LEVEL,DRY,NO DEFECTS,NOT ON SCENE (DESK REPORT),NO INJURY / DRIVE AWAY,,,"OVER $1,500",04/24/2023 03:30:00 PM,UNABLE TO DETERMINE,NOT APPLICABLE,3,W,TERMINAL ST,1653,2,NO INDICATION OF INJURY,0,0,0,0,0,2,0,5,2,4,,,
30,NO CONTROLS,NO CONTROLS,CLEAR,DAYLIGHT,TURNING,NOT DIVIDED,STRAIGHT AND LEVEL,UNKNOWN,UNKNOWN,NOT ON SCENE (DESK REPORT),INJURY AND / OR TOW DUE TO CRASH,Y,,"$501 - $1,500",10/08/2021 06:50:00 PM,IMPROPER OVERTAKING/PASSING,IMPROPER LANE USAGE,460,N,DAMEN AVE,1221,2,"REPORTED, NOT EVIDENT",1,0,0,0,1,3,0,12,6,10,41.890374775,-87.677042676,POINT (-87.677042676037 41.890374775033)
30,NO CONTROLS,NO CONTROLS,CLEAR,DAYLIGHT,ANGLE,ALLEY,STRAIGHT AND LEVEL,DRY,NO DEFECTS,NOT ON SCENE (DESK REPORT),NO INJURY / DRIVE AWAY,,,"OVER $1,500",09/19/2016 04:13:00 PM,UNABLE TO DETERMINE,NOT APPLICABLE,1432,N,WESTERN AVE,1423,2,NO INDICATION OF INJURY,0,0,0,0,0,2,0,15,2,9,41.907661956,-87.687297134,POINT (-87.68729713401 41.907661955971)
20,NO CONTROLS,NO CONTROLS,CLEAR,DAYLIGHT,PARKED MOTOR VEHICLE,OTHER,"CURVE, LEVEL",DRY,NO DEFECTS,ON SCENE,NO INJURY / DRIVE AWAY,,Y,"OVER $1,500",10/06/2020 05:40:00 PM,IMPROPER OVERTAKING/PASSING,FAILING TO YIELD RIGHT-OF-WAY,1,W,TERMINAL ST,1651,3,NO INDICATION OF INJURY,0,0,0,0,0,5,0,17,3,10,,,
30,NO CONTROLS,FUNCTIONING PROPERLY,CLEAR,DAYLIGHT,TURNING,DIVIDED - W/MEDIAN BARRIER,STRAIGHT AND LEVEL,DRY,NO DEFECTS,ON SCENE,INJURY AND / OR TOW DUE TO CRASH,Y,Y,"OVER $1,500",03/08/2021 04:54:00 PM,FAILING TO YIELD RIGHT-OF-WAY,FAILING TO YIELD RIGHT-OF-WAY,3400,W,79TH ST,835,2,NO INDICATION OF INJURY,0,0,0,0,0,3,0,16,2,3,41.749903242,-87.707348392,POINT (-87.707348392008 41.749903241984)
20,NO CONTROLS,NO CONTROLS,CLEAR,DAYLIGHT,PARKED MOTOR VEHICLE,ONE-WAY,STRAIGHT AND LEVEL,DRY,NO DEFECTS,ON SCENE,NO INJURY / DRIVE AWAY,,,"OVER $1,500",02/27/2020 11:00:00 AM,UNABLE TO DETERMINE,UNABLE TO DETERMINE,1,W,TERMINAL ST,1651,2,NO INDICATION OF INJURY,0,0,0,0,0,2,0,10,5,2,,,
30,NO CONTROLS,NO CONTROLS,CLOUDY/OVERCAST,DAYLIGHT,TURNING,NOT DIVIDED,STRAIGHT AND LEVEL,DRY,NO DEFECTS,NOT ON SCENE (DESK REPORT),NO INJURY / DRIVE AWAY,,,"OVER $1,500",11/18/2022 03:10:00 PM,IMPROPER TURNING/NO SIGNAL,UNABLE TO DETERMINE,2640,W,PERSHING RD,911,2,NO INDICATION OF INJURY,0,0,0,0,0,3,0,13,6,11,41.822958463,-87.691425915,POINT (-87.691425915045 41.822958462973)
20,TRAFFIC SIGNAL,FUNCTIONING PROPERLY,CLOUDY/OVERCAST,DAYLIGHT,SIDESWIPE SAME DIRECTION,ONE-WAY,STRAIGHT AND LEVEL,DRY,NO DEFECTS,NOT ON SCENE (DESK REPORT),NO INJURY / DRIVE AWAY,,Y,"OVER $1,500",12/09/2017 12:21:00 PM,UNABLE TO DETERMINE,UNABLE TO DETERMINE,3400,W,VAN BUREN ST,1133,2,NO INDICATION OF INJURY,0,0,0,0,0,2,0,12,7,12,41.875560779,-87.710884921,POINT (-87.710884921013 41.875560779017)
30,TRAFFIC SIGNAL,FUNCTIONING PROPERLY,RAIN,"DARKNESS, LIGHTED ROAD",FIXED OBJECT,DIVIDED - W/MEDIAN (NOT RAISED),STRAIGHT AND LEVEL,WET,NO DEFECTS,ON SCENE,INJURY AND / OR TOW DUE TO CRASH,,,"OVER $1,500",09/25/2022 02:13:00 AM,NOT APPLICABLE,NOT APPLICABLE,515,S,SACRAMENTO BLVD,1135,1,NO INDICATION OF INJURY,0,0,0,0,0,1,0,2,1,9,,,
15,NO CONTROLS,NO CONTROLS,RAIN,DAYLIGHT,FIXED OBJECT,ONE-WAY,STRAIGHT AND LEVEL,WET,NO DEFECTS,ON SCENE,NO INJURY / DRIVE AWAY,,,"OVER $1,500",05/19/2023 07:55:00 AM,UNABLE TO DETERMINE,NOT APPLICABLE,2,W,TERMINAL ST,1652,1,NO INDICATION OF INJURY,0,0,0,0,0,1,0,7,6,5,,,
30,NO CONTROLS,NO CONTROLS,UNKNOWN,UNKNOWN,PARKED MOTOR VEHICLE,NOT DIVIDED,STRAIGHT AND LEVEL,UNKNOWN,UNKNOWN,ON SCENE,NO INJURY / DRIVE AWAY,,Y,"OVER $1,500",02/04/2019 09:45:00 AM,UNABLE TO DETERMINE,UNABLE TO DETERMINE,3947,N,SACRAMENTO AVE,1733,2,NO INDICATION OF INJURY,0,0,0,0,0,1,0,1,2,2,41.953523444,-87.702969181,POINT (-87.702969180954 41.953523443989)
20,NO CONTROLS,NO CONTROLS,BLOWING SNOW,DAYLIGHT,REAR END,DIVIDED - W/MEDIAN BARRIER,"CURVE, LEVEL",SNOW OR SLUSH,UNKNOWN,ON SCENE,INJURY AND / OR TOW DUE TO CRASH,,,$500 OR LESS,12/17/2022 08:40:00 AM,FOLLOWING TOO CLOSELY,UNABLE TO DETERMINE,6259,S,LAKE SHORE DR,331,2,"REPORTED, NOT EVIDENT",1,0,0,0,1,3,0,8,7,12,,,
30,STOP SIGN/FLASHER,FUNCTIONING PROPERLY,CLEAR,DAYLIGHT,ANGLE,NOT DIVIDED,STRAIGHT AND LEVEL,DRY,NO DEFECTS,NOT ON SCENE (DESK REPORT),NO INJURY / DRIVE AWAY,,,"$501 - $1,500",11/26/2015 04:30:00 PM,FAILING TO YIELD RIGHT-OF-WAY,FAILING TO REDUCE SPEED TO AVOID CRASH,7400,S,SOUTH SHORE DR,334,2,NO INDICATION OF INJURY,0,0,0,0,0,2,0,15,5,11,41.762174118,-87.558927464,POINT (-87.558927463962 41.762174118016)
30,NO CONTROLS,NO CONTROLS,RAIN,DAYLIGHT,PARKED MOTOR VEHICLE,NOT DIVIDED,STRAIGHT AND LEVEL,WET,NO DEFECTS,NOT ON SCENE (DESK REPORT),NO INJURY / DRIVE AWAY,,,$500 OR LESS,04/03/2018 10:12:00 AM,DRIVING SKILLS/KNOWLEDGE/EXPERIENCE,UNABLE TO DETERMINE,6105,N,HAMILTON AVE,2413,2,NO INDICATION OF INJURY,0,0,0,0,0,1,0,7,3,4,41.992012065,-87.683397358,POINT (-87.683397357988 41.992012064984)
30,TRAFFIC SIGNAL,OTHER,CLEAR,DUSK,REAR END,CENTER TURN LANE,STRAIGHT AND LEVEL,DRY,NO DEFECTS,ON SCENE,NO INJURY / DRIVE AWAY,N,,$500 OR LESS,04/05/2019 06:40:00 PM,NOT APPLICABLE,NOT APPLICABLE,835,S,AUSTIN BLVD,1513,2,NO INDICATION OF INJURY,0,0,0,0,0,2,0,18,6,4,,,
25,NO CONTROLS,NO CONTROLS,CLEAR,"DARKNESS, LIGHTED ROAD",FIXED OBJECT,PARKING LOT,STRAIGHT AND LEVEL,DRY,NO DEFECTS,ON SCENE,NO INJURY / DRIVE AWAY,,,"OVER $1,500",05/12/2023 03:36:00 AM,UNABLE TO DETERMINE,UNABLE TO DETERMINE,1,W,PARKING LOT B ST,1654,1,NO INDICATION OF INJURY,0,0,0,0,0,1,0,3,6,5,,,
20,NO CONTROLS,NO CONTROLS,CLEAR,"DARKNESS, LIGHTED ROAD",SIDESWIPE SAME DIRECTION,ONE-WAY,STRAIGHT AND LEVEL,DRY,NO DEFECTS,ON SCENE,NO INJURY / DRIVE AWAY,,,"$501 - $1,500",06/14/2018 04:00:00 AM,FAILING TO YIELD RIGHT-OF-WAY,DRIVING SKILLS/KNOWLEDGE/EXPERIENCE,2,W,TERMINAL ST,1652,2,NO INDICATION OF INJURY,0,0,0,0,0,2,0,3,5,6,,,
30,YIELD,NO CONTROLS,CLEAR,DAYLIGHT,FIXED OBJECT,DIVIDED - W/MEDIAN (NOT RAISED),"CURVE, LEVEL",DRY,NO DEFECTS,ON SCENE,NO INJURY / DRIVE AWAY,,,$500 OR LESS,04/29/2021 06:35:00 PM,FAILING TO REDUCE SPEED TO AVOID CRASH,UNABLE TO DETERMINE,5,W,TERMINAL ST,1655,1,NO INDICATION OF INJURY,0,0,0,0,0,1,0,18,5,4,,,
20,NO CONTROLS,NO CONTROLS,CLEAR,DAYLIGHT,SIDESWIPE SAME DIRECTION,OTHER,STRAIGHT AND LEVEL,DRY,NO DEFECTS,ON SCENE,NO INJURY / DRIVE AWAY,,,"OVER $1,500",05/14/2023 06:37:00 PM,FAILING TO YIELD RIGHT-OF-WAY,DRIVING SKILLS/KNOWLEDGE/EXPERIENCE,1,W,TERMINAL ST,1651,2,NO INDICATION OF INJURY,0,0,0,0,0,2,0,18,1,5,,,
20,NO CONTROLS,NO CONTROLS,CLEAR,"DARKNESS, LIGHTED ROAD",PARKED MOTOR VEHICLE,NOT DIVIDED,STRAIGHT AND LEVEL,UNKNOWN,NO DEFECTS,ON SCENE,NO INJURY / DRIVE AWAY,,Y,"OVER $1,500",11/27/2021 11:00:00 PM,UNABLE TO DETERMINE,UNABLE TO DETERMINE,513,W,OHARE ST,1654,2,NO INDICATION OF INJURY,0,0,0,0,0,1,0,19,7,11,,,
30,NO CONTROLS,NO CONTROLS,CLOUDY/OVERCAST,DAYLIGHT,TURNING,NOT DIVIDED,STRAIGHT AND LEVEL,UNKNOWN,UNKNOWN,NOT ON SCENE (DESK REPORT),NO INJURY / DRIVE AWAY,,,"$501 - $1,500",07/11/2021 01:22:00 PM,IMPROPER TURNING/NO SIGNAL,UNABLE TO DETERMINE,1250,W,WAVELAND AVE,1923,2,NO INDICATION OF INJURY,0,0,0,0,0,3,0,12,1,7,41.949044886,-87.661250468,POINT (-87.661250468049 41.949044885994)
30,NO CONTROLS,NO CONTROLS,CLEAR,DAYLIGHT,PARKED MOTOR VEHICLE,NOT DIVIDED,STRAIGHT AND LEVEL,DRY,NO DEFECTS,NOT ON SCENE (DESK REPORT),NO INJURY / DRIVE AWAY,,Y,"$501 - $1,500",11/14/2017 04:30:00 PM,UNABLE TO DETERMINE,NOT APPLICABLE,471,W,31ST ST,915,2,NO INDICATION OF INJURY,0,0,0,0,0,1,0,8,3,11,41.838030559,-87.638910707,POINT (-87.638910706999 41.838030558995)
30,NO CONTROLS,NO CONTROLS,CLEAR,DAYLIGHT,PARKED MOTOR VEHICLE,DIVIDED - W/MEDIAN (NOT RAISED),STRAIGHT AND LEVEL,DRY,NO DEFECTS,NOT ON SCENE (DESK REPORT),NO INJURY / DRIVE AWAY,,Y,"$501 - $1,500",10/03/2016 07:30:00 PM,UNABLE TO DETERMINE,NOT APPLICABLE,9141,S,COMMERCIAL AVE,424,2,NO INDICATION OF INJURY,0,0,0,0,0,1,0,17,2,10,41.72885281,-87.551079417,POINT (-87.551079417016 41.728852810038)
30,NO CONTROLS,NO CONTROLS,RAIN,DAYLIGHT,SIDESWIPE SAME DIRECTION,ONE-WAY,STRAIGHT AND LEVEL,WET,NO DEFECTS,ON SCENE,NO INJURY / DRIVE AWAY,,,"OVER $1,500",09/27/2019 10:54:00 AM,FAILING TO YIELD RIGHT-OF-WAY,WEATHER,3,W,TERMINAL ST,1653,2,NO INDICATION OF INJURY,0,0,0,0,0,2,0,10,6,9,,,
20,NO CONTROLS,NO CONTROLS,CLEAR,"DARKNESS, LIGHTED ROAD",PARKED MOTOR VEHICLE,ONE-WAY,STRAIGHT AND LEVEL,DRY,UNKNOWN,NOT ON SCENE (DESK REPORT),NO INJURY / DRIVE AWAY,,N,"OVER $1,500",12/20/2015 02:15:00 PM,UNABLE TO DETERMINE,UNABLE TO DETERMINE,1520,W,WINONA ST,2032,2,NO INDICATION OF INJURY,0,0,0,0,0,1,0,3,1,12,41.975361642,-87.669205015,POINT (-87.669205015011 41.975361641965)
20,NO CONTROLS,NO CONTROLS,RAIN,DARKNESS,SIDESWIPE OPPOSITE DIRECTION,PARKING LOT,STRAIGHT AND LEVEL,WET,NO DEFECTS,ON SCENE,NO INJURY / DRIVE AWAY,,,"$501 - $1,500",06/15/2019 08:45:00 PM,IMPROPER BACKING,FAILING TO YIELD RIGHT-OF-WAY,524,W,OHARE ST,1654,2,NO INDICATION OF INJURY,0,0,0,0,0,2,0,20,7,6,,,
25,NO CONTROLS,NO CONTROLS,UNKNOWN,DAYLIGHT,REAR END,DIVIDED - W/MEDIAN (NOT RAISED),STRAIGHT AND LEVEL,UNKNOWN,NO DEFECTS,NOT ON SCENE (DESK REPORT),NO INJURY / DRIVE AWAY,,,"$501 - $1,500",10/27/2015 01:40:00 PM,FOLLOWING TOO CLOSELY,NOT APPLICABLE,151,E,WACKER SUB DR,114,2,NO INDICATION OF INJURY,0,0,0,0,0,2,0,12,3,10,,,
30,NO CONTROLS,NO CONTROLS,CLEAR,DAYLIGHT,PARKED MOTOR VEHICLE,NOT DIVIDED,STRAIGHT AND LEVEL,DRY,NO DEFECTS,ON SCENE,INJURY AND / OR TOW DUE TO CRASH,,N,"OVER $1,500",09/09/2017 08:44:00 AM,UNABLE TO DETERMINE,NOT APPLICABLE,5111,S,NARRAGANSETT AVE,811,3,NO INDICATION OF INJURY,0,0,0,0,0,1,0,8,7,9,41.799298402,-87.78187316,POINT (-87.78187315999 41.799298401954)
20,NO CONTROLS,NO CONTROLS,CLEAR,DAYLIGHT,PARKED MOTOR VEHICLE,ONE-WAY,STRAIGHT AND LEVEL,DRY,NO DEFECTS,NOT ON SCENE (DESK REPORT),NO INJURY / DRIVE AWAY,,Y,"OVER $1,500",05/26/2021 05:05:00 PM,UNABLE TO DETERMINE,NOT APPLICABLE,5756,S,ADA ST,713,2,NO INDICATION OF INJURY,0,0,0,0,0,1,0,15,4,5,41.788800392,-87.658527293,POINT (-87.65852729298 41.788800392016)
30,TRAFFIC SIGNAL,FUNCTIONING PROPERLY,CLEAR,DAYLIGHT,REAR END,DIVIDED - W/MEDIAN (NOT RAISED),STRAIGHT AND LEVEL,DRY,NO DEFECTS,NOT ON SCENE (DESK REPORT),NO INJURY / DRIVE AWAY,Y,Y,"OVER $1,500",01/22/2021 01:30:00 PM,UNABLE TO DETERMINE,NOT APPLICABLE,8258,S,ANTHONY AVE,414,2,NO INDICATION OF INJURY,0,0,0,0,0,2,0,9,6,1,41.744765667,-87.579607952,POINT (-87.579607951981 41.744765667028)
30,TRAFFIC SIGNAL,FUNCTIONING PROPERLY,CLOUDY/OVERCAST,DAYLIGHT,REAR END,NOT DIVIDED,STRAIGHT AND LEVEL,WET,NO DEFECTS,NOT ON SCENE (DESK REPORT),NO INJURY / DRIVE AWAY,,,"$501 - $1,500",09/29/2019 09:30:00 PM,FOLLOWING TOO CLOSELY,UNABLE TO DETERMINE,8300,S,LA SALLE ST,622,2,NO INDICATION OF INJURY,0,0,0,0,0,2,0,17,1,9,41.74350578,-87.62819656,POINT (-87.628196560035 41.743505780006)
20,NO CONTROLS,NO CONTROLS,CLEAR,"DARKNESS, LIGHTED ROAD",SIDESWIPE SAME DIRECTION,OTHER,"CURVE, LEVEL",WET,NO DEFECTS,ON SCENE,NO INJURY / DRIVE AWAY,,,"OVER $1,500",08/13/2019 08:10:00 PM,NOT APPLICABLE,NOT APPLICABLE,1,W,TERMINAL ST,1651,2,NO INDICATION OF INJURY,0,0,0,0,0,2,0,20,3,8,,,
30,OTHER RAILROAD CROSSING,FUNCTIONING PROPERLY,RAIN,"DARKNESS, LIGHTED ROAD",REAR END,DIVIDED - W/MEDIAN (NOT RAISED),STRAIGHT AND LEVEL,WET,NO DEFECTS,NOT ON SCENE (DESK REPORT),NO INJURY / DRIVE AWAY,,,"OVER $1,500",03/29/2019 01:55:00 AM,WEATHER,WEATHER,5274,S,ARCHER AVE,815,2,NO INDICATION OF INJURY,0,0,0,0,0,3,0,1,6,3,41.799518076,-87.73834096,POINT (-87.738340959964 41.799518076003)
30,NO CONTROLS,NO CONTROLS,CLEAR,DAWN,PARKED MOTOR VEHICLE,NOT DIVIDED,STRAIGHT AND LEVEL,DRY,NO DEFECTS,NOT ON SCENE (DESK REPORT),NO INJURY / DRIVE AWAY,,Y,"$501 - $1,500",01/29/2017 11:16:00 AM,UNABLE TO DETERMINE,UNABLE TO DETERMINE,7074,N,RIDGE BLVD,2411,2,NO INDICATION OF INJURY,0,0,0,0,0,1,0,6,1,1,42.0109408,-87.682754031,POINT (-87.68275403105 42.010940800028)
30,NO CONTROLS,NO CONTROLS,CLEAR,DAYLIGHT,SIDESWIPE SAME DIRECTION,DIVIDED - W/MEDIAN (NOT RAISED),STRAIGHT AND LEVEL,DRY,NO DEFECTS,NOT ON SCENE (DESK REPORT),NO INJURY / DRIVE AWAY,,,"$501 - $1,500",05/15/2017 12:49:00 PM,UNABLE TO DETERMINE,UNABLE TO DETERMINE,1951,N,WESTERN AVE,1434,2,NO INDICATION OF INJURY,0,0,0,0,0,2,0,7,2,5,41.917103631,-87.687248767,POINT (-87.687248767006 41.917103631009)
10,NO CONTROLS,NO CONTROLS,CLEAR,"DARKNESS, LIGHTED ROAD",PEDESTRIAN,PARKING LOT,STRAIGHT AND LEVEL,WET,NO DEFECTS,ON SCENE,INJURY AND / OR TOW DUE TO CRASH,,,$500 OR LESS,01/15/2020 07:40:00 PM,UNABLE TO DETERMINE,UNABLE TO DETERMINE,1,W,PARKING LOT D ST,1654,2,"REPORTED, NOT EVIDENT",1,0,0,0,1,1,0,19,4,1,,,
20,NO CONTROLS,NO CONTROLS,CLOUDY/OVERCAST,DAYLIGHT,PARKED MOTOR VEHICLE,OTHER,STRAIGHT AND LEVEL,DRY,NO DEFECTS,NOT ON SCENE (DESK REPORT),NO INJURY / DRIVE AWAY,,Y,"$501 - $1,500",09/21/2019 10:20:00 PM,UNABLE TO DETERMINE,NOT APPLICABLE,5,W,TERMINAL ST,1655,2,NO INDICATION OF INJURY,0,0,0,0,0,1,0,16,7,9,,,
30,TRAFFIC SIGNAL,FUNCTIONING PROPERLY,FREEZING RAIN/DRIZZLE,"DARKNESS, LIGHTED ROAD",SIDESWIPE SAME DIRECTION,NOT DIVIDED,STRAIGHT AND LEVEL,DRY,NO DEFECTS,NOT ON SCENE (DESK REPORT),NO INJURY / DRIVE AWAY,,,"OVER $1,500",11/29/2019 05:36:00 PM,IMPROPER LANE USAGE,"OPERATING VEHICLE IN ERRATIC, RECKLESS, CARELESS, NEGLIGENT OR AGGRESSIVE MANNER",600,E,47TH ST,221,2,NO INDICATION OF INJURY,0,0,0,0,0,2,0,19,5,11,41.809572517,-87.611394621,POINT (-87.611394620986 41.809572516992)
30,NO CONTROLS,NO CONTROLS,UNKNOWN,UNKNOWN,PARKED MOTOR VEHICLE,ONE-WAY,STRAIGHT AND LEVEL,UNKNOWN,NO DEFECTS,ON SCENE,NO INJURY / DRIVE AWAY,,Y,"OVER $1,500",10/07/2018 09:30:00 AM,UNABLE TO DETERMINE,UNABLE TO DETERMINE,6535,N,SACRAMENTO AVE,2412,2,NO INDICATION OF INJURY,0,0,0,0,0,1,0,1,1,10,42.000351924,-87.704457619,POINT (-87.704457619012 42.000351924048)
25,STOP SIGN/FLASHER,FUNCTIONING PROPERLY,CLEAR,DAYLIGHT,TURNING,FOUR WAY,STRAIGHT AND LEVEL,DRY,UNKNOWN,NOT ON SCENE (DESK REPORT),NO INJURY / DRIVE AWAY,Y,,"OVER $1,500",01/11/2022 08:40:00 AM,FAILING TO YIELD RIGHT-OF-WAY,UNABLE TO DETERMINE,300,W,23RD ST,914,2,NO INDICATION OF INJURY,0,0,0,0,0,2,0,7,3,1,41.851044205,-87.634819768,POINT (-87.634819768008 41.851044205018)
30,NO CONTROLS,NO CONTROLS,CLEAR,DAYLIGHT,OTHER OBJECT,UNKNOWN,STRAIGHT AND LEVEL,DRY,NO DEFECTS,NOT ON SCENE (DESK REPORT),NO INJURY / DRIVE AWAY,,,"OVER $1,500",07/07/2019 09:35:00 AM,NOT APPLICABLE,NOT APPLICABLE,190,W,OHARE ST,1652,1,NO INDICATION OF INJURY,0,0,0,0,0,1,0,7,1,7,,,
25,TRAFFIC SIGNAL,FUNCTIONING PROPERLY,CLEAR,DAYLIGHT,TURNING,ONE-WAY,STRAIGHT AND LEVEL,DRY,NO DEFECTS,ON SCENE,INJURY AND / OR TOW DUE TO CRASH,Y,,"OVER $1,500",05/03/2023 06:56:00 AM,IMPROPER OVERTAKING/PASSING,UNABLE TO DETERMINE,1332,W,DIVISION ST,1433,2,NONINCAPACITATING INJURY,1,0,0,1,0,1,0,6,4,5,41.903536788,-87.661859583,POINT (-87.661859582959 41.903536788031)
20,NO CONTROLS,NO CONTROLS,RAIN,DAYLIGHT,SIDESWIPE SAME DIRECTION,OTHER,STRAIGHT AND LEVEL,WET,NO DEFECTS,ON SCENE,NO INJURY / DRIVE AWAY,,,"$501 - $1,500",08/25/2022 08:20:00 AM,UNABLE TO DETERMINE,UNABLE TO DETERMINE,2,W,TERMINAL ST,1652,2,NO INDICATION OF INJURY,0,0,0,0,0,4,0,8,5,8,,,
25,OTHER WARNING SIGN,FUNCTIONING PROPERLY,CLEAR,DAYLIGHT,SIDESWIPE SAME DIRECTION,ONE-WAY,STRAIGHT AND LEVEL,DRY,NO DEFECTS,ON SCENE,NO INJURY / DRIVE AWAY,,,"OVER $1,500",05/04/2019 06:08:00 AM,FAILING TO YIELD RIGHT-OF-WAY,DRIVING SKILLS/KNOWLEDGE/EXPERIENCE,1,W,TERMINAL ST,1651,2,NO INDICATION OF INJURY,0,0,0,0,0,2,0,6,7,5,,,
30,TRAFFIC SIGNAL,FUNCTIONING PROPERLY,CLEAR,"DARKNESS, LIGHTED ROAD",ANGLE,FOUR WAY,STRAIGHT AND LEVEL,DRY,NO DEFECTS,ON SCENE,INJURY AND / OR TOW DUE TO CRASH,Y,,"OVER $1,500",04/09/2021 09:35:00 PM,DISREGARDING TRAFFIC SIGNALS,NOT APPLICABLE,2601,S,CALIFORNIA AVE,1034,2,NO INDICATION OF INJURY,0,0,0,0,0,3,0,21,6,4,,,
30,TRAFFIC SIGNAL,FUNCTIONING PROPERLY,CLEAR,DAYLIGHT,REAR END,DIVIDED - W/MEDIAN BARRIER,STRAIGHT AND LEVEL,WET,NO DEFECTS,NOT ON SCENE (DESK REPORT),NO INJURY / DRIVE AWAY,Y,,"$501 - $1,500",03/25/2017 01:42:00 PM,FAILING TO YIELD RIGHT-OF-WAY,UNABLE TO DETERMINE,115,W,CERMAK RD,131,2,NO INDICATION OF INJURY,0,0,0,0,0,3,0,12,7,3,41.85276755,-87.630024824,POINT (-87.630024824031 41.852767550035)