POSTED_SPEED_LIMIT,TRAFFIC_CONTROL_DEVICE,DEVICE_CONDITION,WEATHER_CONDITION,LIGHTING_CONDITION,FIRST_CRASH_TYPE,TRAFFICWAY_TYPE,ALIGNMENT,ROADWAY_SURFACE_COND,ROAD_DEFECT,REPORT_TYPE,CRASH_TYPE,INTERSECTION_RELATED_I,HIT_AND_RUN_I,DAMAGE,DATE_POLICE_NOTIFIED,PRIM_CONTRIBUTORY_CAUSE,SEC_CONTRIBUTORY_CAUSE,STREET_NO,STREET_DIRECTION,STREET_NAME,BEAT_OF_OCCURRENCE,NUM_UNITS,MOST_SEVERE_INJURY,INJURIES_TOTAL,INJURIES_FATAL,INJURIES_INCAPACITATING,INJURIES_NON_INCAPACITATING,INJURIES_REPORTED_NOT_EVIDENT,INJURIES_NO_INDICATION,INJURIES_UNKNOWN,CRASH_HOUR,CRASH_DAY_OF_WEEK,CRASH_MONTH,LATITUDE,LONGITUDE,LOCATION
15,NO CONTROLS,NO CONTROLS,CLEAR,DARKNESS,TURNING,PARKING LOT,STRAIGHT AND LEVEL,DRY,UNKNOWN,ON SCENE,INJURY AND / OR TOW DUE TO CRASH,,,"OVER $1,500",10/10/2016 09:46:00 PM,DRIVING SKILLS/KNOWLEDGE/EXPERIENCE,FAILING TO YIELD RIGHT-OF-WAY,2641,W,35TH ST,911,2,NO INDICATION OF INJURY,0,0,0,0,0,3,0,21,2,10,41.830048054,-87.691569539,POINT (-87.691569539003 41.830048054043)
30,TRAFFIC SIGNAL,FUNCTIONING PROPERLY,CLEAR,DAYLIGHT,REAR END,NOT DIVIDED,STRAIGHT AND LEVEL,DRY,NO DEFECTS,NOT ON SCENE (DESK REPORT),NO INJURY / DRIVE AWAY,,Y,$500 OR LESS,12/30/2016 11:47:00 AM,DRIVING SKILLS/KNOWLEDGE/EXPERIENCE,UNABLE TO DETERMINE,4001,W,PETERSON AVE,1711,2,NO INDICATION OF INJURY,0,0,0,0,0,3,0,11,6,12,41.990024694,-87.728708871,POINT (-87.728708871015 41.990024694008)
30,NO CONTROLS,NO CONTROLS,CLEAR,DAYLIGHT,ANGLE,NOT DIVIDED,STRAIGHT AND LEVEL,DRY,NO DEFECTS,ON SCENE,INJURY AND / OR TOW DUE TO CRASH,,,"OVER $1,500",05/27/2020 07:09:00 PM,FAILING TO YIELD RIGHT-OF-WAY,UNABLE TO DETERMINE,130,S,KOSTNER AVE,1113,2,NO INDICATION OF INJURY,0,0,0,0,0,2,0,19,4,5,41.87879283,-87.735560757,POINT (-87.735560757035 41.878792829979)
30,NO CONTROLS,NO CONTROLS,CLEAR,DUSK,REAR END,NOT DIVIDED,STRAIGHT AND LEVEL,DRY,NO DEFECTS,NOT ON SCENE (DESK REPORT),NO INJURY / DRIVE AWAY,,,"$501 - $1,500",11/29/2021 07:00:00 PM,FAILING TO YIELD RIGHT-OF-WAY,FAILING TO YIELD RIGHT-OF-WAY,150,N,HALSTED ST,1224,2,NO INDICATION OF INJURY,0,0,0,0,0,2,0,17,2,11,41.884546961,-87.64758764,POINT (-87.647587639978 41.884546961039)
30,NO CONTROLS,NO CONTROLS,CLEAR,"DARKNESS, LIGHTED ROAD",SIDESWIPE SAME DIRECTION,NOT DIVIDED,STRAIGHT AND LEVEL,DRY,NO DEFECTS,NOT ON SCENE (DESK REPORT),NO INJURY / DRIVE AWAY,,Y,"OVER $1,500",06/28/2020 11:00:00 AM,IMPROPER LANE USAGE,"OPERATING VEHICLE IN ERRATIC, RECKLESS, CARELESS, NEGLIGENT OR AGGRESSIVE MANNER",6632,W,DIVERSEY AVE,2511,2,NO INDICATION OF INJURY,0,0,0,0,0,2,0,22,7,6,41.931036923,-87.791942933,POINT (-87.791942932976 41.931036922967)
30,TRAFFIC SIGNAL,FUNCTIONING PROPERLY,CLEAR,DARKNESS,SIDESWIPE SAME DIRECTION,ONE-WAY,STRAIGHT AND LEVEL,DRY,NO DEFECTS,ON SCENE,NO INJURY / DRIVE AWAY,,,"OVER $1,500",11/18/2018 05:29:00 PM,FAILING TO YIELD RIGHT-OF-WAY,IMPROPER TURNING/NO SIGNAL,198,E,GRAND AVE,1834,2,NO INDICATION OF INJURY,0,0,0,0,0,2,0,17,1,11,41.89186947,-87.622748584,POINT (-87.622748583999 41.891869470026)
35,NO CONTROLS,NO CONTROLS,RAIN,DAYLIGHT,ANGLE,DIVIDED - W/MEDIAN BARRIER,STRAIGHT AND LEVEL,WET,NO DEFECTS,ON SCENE,INJURY AND / OR TOW DUE TO CRASH,Y,,"OVER $1,500",04/30/2023 03:27:00 PM,UNABLE TO DETERMINE,NOT APPLICABLE,3359,W,79TH ST,834,4,NO INDICATION OF INJURY,0,0,0,0,0,2,0,15,1,4,41.749557313,-87.707211112,POINT (-87.707211112049 41.749557313023)
30,NO CONTROLS,NO CONTROLS,CLEAR,DAYLIGHT,ANGLE,OTHER,STRAIGHT AND LEVEL,DRY,NO DEFECTS,NOT ON SCENE (DESK REPORT),NO INJURY / DRIVE AWAY,,Y,$500 OR LESS,12/20/2017 11:25:00 AM,IMPROPER BACKING,NOT APPLICABLE,6320,S,SPAULDING AVE,823,2,NO INDICATION OF INJURY,0,0,0,0,0,2,0,11,4,12,41.77819151,-87.705684674,POINT (-87.70568467404 41.778191509972)
25,NO CONTROLS,NO CONTROLS,CLEAR,DAYLIGHT,PARKED MOTOR VEHICLE,OTHER,STRAIGHT AND LEVEL,"SAND, MUD, DIRT","RUT, HOLES",ON SCENE,INJURY AND / OR TOW DUE TO CRASH,,,"OVER $1,500",04/26/2017 07:05:00 PM,NOT APPLICABLE,NOT APPLICABLE,324,N,AVERS AVE,1122,2,"REPORTED, NOT EVIDENT",1,0,0,0,1,0,0,19,4,4,41.886044968,-87.722654772,POINT (-87.722654772037 41.886044967979)
30,TRAFFIC SIGNAL,FUNCTIONING PROPERLY,CLEAR,DARKNESS,SIDESWIPE SAME DIRECTION,NOT DIVIDED,STRAIGHT AND LEVEL,DRY,NO DEFECTS,NOT ON SCENE (DESK REPORT),NO INJURY / DRIVE AWAY,,,"$501 - $1,500",02/23/2018 08:58:00 PM,UNABLE TO DETERMINE,UNABLE TO DETERMINE,4807,N,ELSTON AVE,1712,2,NO INDICATION OF INJURY,0,0,0,0,0,2,0,20,6,2,41.968343874,-87.740309686,POINT (-87.740309686003 41.968343873979)
30,STOP SIGN/FLASHER,FUNCTIONING IMPROPERLY,CLEAR,DAYLIGHT,REAR END,NOT DIVIDED,STRAIGHT AND LEVEL,DRY,NO DEFECTS,ON SCENE,NO INJURY / DRIVE AWAY,,,$500 OR LESS,12/22/2015 11:15:00 AM,UNABLE TO DETERMINE,UNABLE TO DETERMINE,740,E,RAINEY DR,233,2,NO INDICATION OF INJURY,0,0,0,0,0,3,0,10,3,12,,,
30,TRAFFIC SIGNAL,FUNCTIONING PROPERLY,CLEAR,DAYLIGHT,SIDESWIPE SAME DIRECTION,NOT DIVIDED,STRAIGHT AND LEVEL,DRY,NO DEFECTS,NOT ON SCENE (DESK REPORT),NO INJURY / DRIVE AWAY,,,"$501 - $1,500",06/03/2016 09:35:00 AM,UNABLE TO DETERMINE,NOT APPLICABLE,800,E,75TH ST,323,2,NO INDICATION OF INJURY,0,0,0,0,0,2,0,17,6,5,41.75869138,-87.60533417,POINT (-87.605334170015 41.75869137995)
30,NO CONTROLS,NO CONTROLS,CLEAR,"DARKNESS, LIGHTED ROAD",SIDESWIPE SAME DIRECTION,ONE-WAY,STRAIGHT AND LEVEL,DRY,NO DEFECTS,NOT ON SCENE (DESK REPORT),NO INJURY / DRIVE AWAY,,,"OVER $1,500",01/26/2020 11:30:00 PM,NOT APPLICABLE,NOT APPLICABLE,1,W,TERMINAL ST,1651,2,NO INDICATION OF INJURY,0,0,0,0,0,4,0,23,1,1,,,
30,TRAFFIC SIGNAL,FUNCTIONING PROPERLY,CLOUDY/OVERCAST,DAYLIGHT,TURNING,FOUR WAY,STRAIGHT AND LEVEL,DRY,NO DEFECTS,ON SCENE,INJURY AND / OR TOW DUE TO CRASH,Y,,"OVER $1,500",12/30/2021 11:06:00 AM,UNABLE TO DETERMINE,UNABLE TO DETERMINE,5933,N,CICERO AVE,1711,3,"REPORTED, NOT EVIDENT",1,0,0,0,1,2,0,10,5,12,41.989727546,-87.748178979,POINT (-87.748178979 41.989727545973)
55,NO CONTROLS,NO CONTROLS,CLEAR,"DARKNESS, LIGHTED ROAD",REAR END,DIVIDED - W/MEDIAN BARRIER,STRAIGHT ON GRADE,DRY,NO DEFECTS,ON SCENE,INJURY AND / OR TOW DUE TO CRASH,,,"OVER $1,500",12/29/2021 07:58:00 PM,FOLLOWING TOO CLOSELY,NOT APPLICABLE,9500,S,CHICAGO SKYWAY OB,431,2,NONINCAPACITATING INJURY,2,0,0,2,0,2,0,18,4,12,,,
30,STOP SIGN/FLASHER,NO CONTROLS,CLEAR,DAYLIGHT,ANGLE,NOT DIVIDED,STRAIGHT AND LEVEL,DRY,NO DEFECTS,NOT ON SCENE (DESK REPORT),INJURY AND / OR TOW DUE TO CRASH,,,"OVER $1,500",06/19/2019 09:20:00 AM,UNABLE TO DETERMINE,UNABLE TO DETERMINE,700,S,DAMEN AVE,1225,2,NO INDICATION OF INJURY,0,0,0,0,0,2,0,9,4,6,0,0,POINT (0 0)
30,NO CONTROLS,NO CONTROLS,CLEAR,DAYLIGHT,FIXED OBJECT,DIVIDED - W/MEDIAN (NOT RAISED),STRAIGHT AND LEVEL,DRY,NO DEFECTS,ON SCENE,INJURY AND / OR TOW DUE TO CRASH,,,"OVER $1,500",06/14/2020 05:29:00 AM,UNABLE TO DETERMINE,UNABLE TO DETERMINE,5475,N,MILWAUKEE AVE,1622,1,NO INDICATION OF INJURY,0,0,0,0,0,1,0,5,1,6,41.981194758,-87.772607878,POINT (-87.77260787798 41.981194757951)
30,STOP SIGN/FLASHER,FUNCTIONING PROPERLY,SNOW,DAYLIGHT,ANGLE,DIVIDED - W/MEDIAN (NOT RAISED),STRAIGHT AND LEVEL,WET,NO DEFECTS,NOT ON SCENE (DESK REPORT),NO INJURY / DRIVE AWAY,,,"OVER $1,500",01/26/2023 01:50:00 PM,FAILING TO YIELD RIGHT-OF-WAY,UNABLE TO DETERMINE,9150,S,MACKINAW AVE,424,2,NO INDICATION OF INJURY,0,0,0,0,0,2,0,13,5,1,41.728825707,-87.543011107,POINT (-87.543011107042 41.728825706969)
30,TRAFFIC SIGNAL,FUNCTIONING PROPERLY,CLEAR,"DARKNESS, LIGHTED ROAD",SIDESWIPE OPPOSITE DIRECTION,UNKNOWN INTERSECTION TYPE,STRAIGHT AND LEVEL,DRY,NO DEFECTS,NOT ON SCENE (DESK REPORT),NO INJURY / DRIVE AWAY,,,"OVER $1,500",10/10/2021 08:00:00 PM,NOT APPLICABLE,NOT APPLICABLE,600,E,RANDOLPH ST,114,2,NO INDICATION OF INJURY,0,0,0,0,0,2,0,19,1,10,,,
45,LANE USE MARKING,OTHER,SNOW,"DARKNESS, LIGHTED ROAD",OTHER OBJECT,DIVIDED - W/MEDIAN BARRIER,STRAIGHT ON GRADE,SNOW OR SLUSH,NO DEFECTS,ON SCENE,INJURY AND / OR TOW DUE TO CRASH,,,"OVER $1,500",01/31/2019 11:30:00 PM,WEATHER,UNABLE TO DETERMINE,10500,S,CHICAGO SKYWAY OB,432,1,NO INDICATION OF INJURY,0,0,0,0,0,1,0,22,5,1,,,
30,TRAFFIC SIGNAL,FUNCTIONING PROPERLY,SNOW,DARKNESS,REAR END,NOT DIVIDED,STRAIGHT AND LEVEL,WET,NO DEFECTS,NOT ON SCENE (DESK REPORT),NO INJURY / DRIVE AWAY,,,"OVER $1,500",01/09/2017 09:30:00 PM,FAILING TO REDUCE SPEED TO AVOID CRASH,FOLLOWING TOO CLOSELY,2744,N,CALIFORNIA AVE,1411,2,NO INDICATION OF INJURY,0,0,0,0,0,2,0,21,2,1,41.931607951,-87.697755776,POINT (-87.697755776035 41.931607951049)
30,NO CONTROLS,NO CONTROLS,RAIN,"DARKNESS, LIGHTED ROAD",REAR END,NOT DIVIDED,STRAIGHT AND LEVEL,WET,NO DEFECTS,ON SCENE,INJURY AND / OR TOW DUE TO CRASH,,,"OVER $1,500",12/20/2018 11:00:00 PM,FOLLOWING TOO CLOSELY,FAILING TO YIELD RIGHT-OF-WAY,6058,W,IRVING PARK RD,1624,2,NO INDICATION OF INJURY,0,0,0,0,0,2,0,22,5,12,41.953124302,-87.779162745,POINT (-87.779162745025 41.953124301975)
20,NO CONTROLS,NO CONTROLS,CLEAR,"DARKNESS, LIGHTED ROAD",PARKED MOTOR VEHICLE,ONE-WAY,STRAIGHT AND LEVEL,DRY,NO DEFECTS,ON SCENE,INJURY AND / OR TOW DUE TO CRASH,,,"OVER $1,500",06/21/2021 09:10:00 PM,DRIVING SKILLS/KNOWLEDGE/EXPERIENCE,FOLLOWING TOO CLOSELY,5219,S,SAYRE AVE,811,2,NO INDICATION OF INJURY,0,0,0,0,0,1,0,21,2,6,41.797050516,-87.796441835,POINT (-87.796441835014 41.797050515973)
30,NO CONTROLS,NO CONTROLS,FREEZING RAIN/DRIZZLE,DAYLIGHT,PARKED MOTOR VEHICLE,NOT DIVIDED,STRAIGHT AND LEVEL,WET,NO DEFECTS,ON SCENE,INJURY AND / OR TOW DUE TO CRASH,,,"OVER $1,500",09/22/2021 08:35:00 AM,DRIVING SKILLS/KNOWLEDGE/EXPERIENCE,UNABLE TO DETERMINE,4531,N,BROADWAY,1914,2,NO INDICATION OF INJURY,0,0,0,0,0,1,0,8,4,9,41.964541591,-87.656762551,POINT (-87.65676255096 41.964541590956)
30,TRAFFIC SIGNAL,FUNCTIONING PROPERLY,RAIN,DAYLIGHT,SIDESWIPE SAME DIRECTION,NOT DIVIDED,STRAIGHT AND LEVEL,WET,NO DEFECTS,NOT ON SCENE (DESK REPORT),NO INJURY / DRIVE AWAY,,Y,"OVER $1,500",10/16/2017 03:30:00 PM,UNABLE TO DETERMINE,NOT APPLICABLE,3999,N,DAMEN AVE,1922,2,NO INDICATION OF INJURY,0,0,0,0,0,2,0,12,7,10,41.954068242,-87.678604449,POINT (-87.678604449027 41.954068242042)
30,YIELD,FUNCTIONING PROPERLY,CLEAR,DAYLIGHT,ANGLE,NOT DIVIDED,STRAIGHT AND LEVEL,DRY,NO DEFECTS,NOT ON SCENE (DESK REPORT),INJURY AND / OR TOW DUE TO CRASH,Y,,"$501 - $1,500",12/19/2016 12:45:00 PM,IMPROPER OVERTAKING/PASSING,IMPROPER LANE USAGE,5500,S,WENTWORTH AVE,225,2,NONINCAPACITATING INJURY,1,0,0,1,0,1,0,12,1,12,,,
30,NO CONTROLS,NO CONTROLS,CLEAR,"DARKNESS, LIGHTED ROAD",TURNING,NOT DIVIDED,STRAIGHT AND LEVEL,DRY,NO DEFECTS,ON SCENE,INJURY AND / OR TOW DUE TO CRASH,,,"$501 - $1,500",11/30/2021 04:15:00 PM,FAILING TO YIELD RIGHT-OF-WAY,NOT APPLICABLE,3155,W,SCHOOL ST,1733,2,NO INDICATION OF INJURY,0,0,0,0,0,2,0,16,3,11,41.94093006,-87.707457456,POINT (-87.707457455955 41.940930060036)
25,NO CONTROLS,NO CONTROLS,CLEAR,"DARKNESS, LIGHTED ROAD",SIDESWIPE SAME DIRECTION,NOT DIVIDED,STRAIGHT AND LEVEL,DRY,NO DEFECTS,NOT ON SCENE (DESK REPORT),NO INJURY / DRIVE AWAY,,,"OVER $1,500",12/21/2019 01:20:00 PM,IMPROPER OVERTAKING/PASSING,NOT APPLICABLE,2744,N,CALIFORNIA AVE,1411,2,NO INDICATION OF INJURY,0,0,0,0,0,2,0,17,3,12,41.931607951,-87.697755776,POINT (-87.697755776035 41.931607951049)
30,NO CONTROLS,NO CONTROLS,CLEAR,DAYLIGHT,SIDESWIPE SAME DIRECTION,NOT DIVIDED,STRAIGHT AND LEVEL,DRY,NO DEFECTS,NOT ON SCENE (DESK REPORT),NO INJURY / DRIVE AWAY,,,"OVER $1,500",05/26/2022 08:10:00 AM,FAILING TO YIELD RIGHT-OF-WAY,UNABLE TO DETERMINE,6029,W,BELMONT AVE,2511,2,NO INDICATION OF INJURY,0,0,0,0,0,2,0,8,4,5,41.938323018,-87.777389154,POINT (-87.777389153975 41.938323017997)
30,TRAFFIC SIGNAL,FUNCTIONING IMPROPERLY,CLOUDY/OVERCAST,DAYLIGHT,SIDESWIPE SAME DIRECTION,NOT DIVIDED,STRAIGHT AND LEVEL,SNOW OR SLUSH,NO DEFECTS,,NO INJURY / DRIVE AWAY,,,"$501 - $1,500",01/25/2019 12:45:00 PM,FAILING TO YIELD RIGHT-OF-WAY,FAILING TO YIELD RIGHT-OF-WAY,2399,W,99TH ST,2213,2,NO INDICATION OF INJURY,0,0,0,0,0,3,0,11,4,1,41.713550359,-87.681786484,POINT (-87.681786484031 41.713550359002)
30,STOP SIGN/FLASHER,UNKNOWN,CLEAR,DARKNESS,REAR END,NOT DIVIDED,STRAIGHT AND LEVEL,DRY,NO DEFECTS,NOT ON SCENE (DESK REPORT),NO INJURY / DRIVE AWAY,,,$500 OR LESS,07/01/2016 12:15:00 AM,FOLLOWING TOO CLOSELY,UNABLE TO DETERMINE,500,S,SACRAMENTO BLVD,1134,2,NO INDICATION OF INJURY,0,0,0,0,0,2,0,22,5,6,,,
30,TRAFFIC SIGNAL,FUNCTIONING PROPERLY,CLEAR,"DARKNESS, LIGHTED ROAD",SIDESWIPE SAME DIRECTION,NOT DIVIDED,STRAIGHT AND LEVEL,DRY,NO DEFECTS,NOT ON SCENE (DESK REPORT),NO INJURY / DRIVE AWAY,Y,,"OVER $1,500",08/02/2023 10:44:00 AM,IMPROPER TURNING/NO SIGNAL,IMPROPER OVERTAKING/PASSING,254,N,LOWER COLUMBUS DR,114,2,NO INDICATION OF INJURY,0,0,0,0,0,2,0,18,3,8,,,
30,STOP SIGN/FLASHER,UNKNOWN,UNKNOWN,UNKNOWN,TURNING,NOT DIVIDED,STRAIGHT AND LEVEL,UNKNOWN,UNKNOWN,NOT ON SCENE (DESK REPORT),NO INJURY / DRIVE AWAY,,,"OVER $1,500",12/06/2018 04:20:00 PM,UNABLE TO DETERMINE,UNABLE TO DETERMINE,1700,W,GREENLEAF AVE,2423,2,NO INDICATION OF INJURY,0,0,0,0,0,2,0,9,2,12,42.010341686,-87.672331815,POINT (-87.672331815029 42.01034168595)
30,TRAFFIC SIGNAL,FUNCTIONING PROPERLY,CLEAR,DAYLIGHT,REAR END,DIVIDED - W/MEDIAN (NOT RAISED),STRAIGHT AND LEVEL,WET,NO DEFECTS,ON SCENE,INJURY AND / OR TOW DUE TO CRASH,Y,,"OVER $1,500",07/20/2017 10:10:00 AM,EXCEEDING SAFE SPEED FOR CONDITIONS,NOT APPLICABLE,6259,S,LAKE SHORE DR,331,2,NO INDICATION OF INJURY,0,0,0,0,0,2,0,10,5,7,,,
30,NO CONTROLS,NO CONTROLS,CLEAR,DAYLIGHT,PARKED MOTOR VEHICLE,NOT DIVIDED,STRAIGHT AND LEVEL,DRY,NO DEFECTS,NOT ON SCENE (DESK REPORT),NO INJURY / DRIVE AWAY,,,"$501 - $1,500",05/28/2022 02:40:00 PM,IMPROPER LANE USAGE,NOT APPLICABLE,1400,W,HASTINGS ST,1233,2,NO INDICATION OF INJURY,0,0,0,0,0,2,0,20,6,5,,,
25,NO CONTROLS,NO CONTROLS,RAIN,DAYLIGHT,SIDESWIPE SAME DIRECTION,ONE-WAY,STRAIGHT AND LEVEL,WET,NO DEFECTS,ON SCENE,NO INJURY / DRIVE AWAY,,,"$501 - $1,500",05/18/2022 10:07:00 AM,FAILING TO YIELD RIGHT-OF-WAY,IMPROPER LANE USAGE,2,W,TERMINAL ST,1652,2,NO INDICATION OF INJURY,0,0,0,0,0,2,0,10,4,5,,,
30,STOP SIGN/FLASHER,FUNCTIONING PROPERLY,CLEAR,DAYLIGHT,TURNING,NOT DIVIDED,STRAIGHT AND LEVEL,DRY,NO DEFECTS,ON SCENE,INJURY AND / OR TOW DUE TO CRASH,Y,,"OVER $1,500",12/11/2017 01:20:00 PM,UNABLE TO DETERMINE,NOT APPLICABLE,1332,S,ASHLAND AVE,1233,2,NO INDICATION OF INJURY,0,0,0,0,0,3,0,12,2,12,41.864124324,-87.666463607,POINT (-87.66646360701 41.864124323954)
30,TRAFFIC SIGNAL,FUNCTIONING PROPERLY,CLEAR,DAYLIGHT,SIDESWIPE SAME DIRECTION,OTHER,STRAIGHT AND LEVEL,"SAND, MUD, DIRT",DEBRIS ON ROADWAY,NOT ON SCENE (DESK REPORT),NO INJURY / DRIVE AWAY,Y,,"$501 - $1,500",09/13/2016 06:40:00 AM,FOLLOWING TOO CLOSELY,FAILING TO REDUCE SPEED TO AVOID CRASH,1439,S,CALIFORNIA BLVD,1023,2,NO INDICATION OF INJURY,0,0,0,0,0,4,0,6,3,9,41.861248347,-87.69560597,POINT (-87.695605970043 41.861248346977)
30,NO CONTROLS,NO CONTROLS,CLEAR,DAYLIGHT,SIDESWIPE SAME DIRECTION,DIVIDED - W/MEDIAN (NOT RAISED),STRAIGHT AND LEVEL,DRY,NO DEFECTS,ON SCENE,NO INJURY / DRIVE AWAY,,Y,"$501 - $1,500",08/11/2019 09:51:00 AM,IMPROPER LANE USAGE,ROAD ENGINEERING/SURFACE/MARKING DEFECTS,3632,W,FULLERTON AVE,2524,2,NO INDICATION OF INJURY,0,0,0,0,0,2,0,9,1,8,41.924697278,-87.718357061,POINT (-87.718357060977 41.924697277952)
30,TRAFFIC SIGNAL,FUNCTIONING PROPERLY,CLEAR,DAYLIGHT,REAR END,NOT DIVIDED,STRAIGHT AND LEVEL,DRY,NO DEFECTS,NOT ON SCENE (DESK REPORT),NO INJURY / DRIVE AWAY,,,"OVER $1,500",08/03/2019 07:00:00 PM,FOLLOWING TOO CLOSELY,FOLLOWING TOO CLOSELY,501,E,47TH ST,223,2,NO INDICATION OF INJURY,0,0,0,0,0,2,0,17,7,8,41.809316525,-87.613790359,POINT (-87.613790359015 41.809316524975)
45,TRAFFIC SIGNAL,UNKNOWN,CLEAR,"DARKNESS, LIGHTED ROAD",REAR END,DIVIDED - W/MEDIAN (NOT RAISED),STRAIGHT AND LEVEL,DRY,UNKNOWN,NOT ON SCENE (DESK REPORT),NO INJURY / DRIVE AWAY,,,$500 OR LESS,02/04/2020 10:00:00 PM,DISTRACTION - FROM INSIDE VEHICLE,NOT APPLICABLE,12809,W,IRVING PARK RD,1654,2,NO INDICATION OF INJURY,0,0,0,0,0,2,0,18,2,2,,,
30,TRAFFIC SIGNAL,FUNCTIONING PROPERLY,CLEAR,DAYLIGHT,REAR TO SIDE,DIVIDED - W/MEDIAN (NOT RAISED),STRAIGHT AND LEVEL,UNKNOWN,NO DEFECTS,NOT ON SCENE (DESK REPORT),NO INJURY / DRIVE AWAY,,,"OVER $1,500",05/21/2022 05:45:00 PM,IMPROPER BACKING,UNABLE TO DETERMINE,3700,S,INDIANA AVE,212,2,NO INDICATION OF INJURY,0,0,0,0,0,2,0,16,7,5,41.827363248,-87.621826931,POINT (-87.62182693101 41.82736324801)
20,NO CONTROLS,NO CONTROLS,CLEAR,DAYLIGHT,PARKED MOTOR VEHICLE,PARKING LOT,STRAIGHT AND LEVEL,DRY,NO DEFECTS,ON SCENE,NO INJURY / DRIVE AWAY,,,"OVER $1,500",05/30/2021 11:37:00 AM,FOLLOWING TOO CLOSELY,DRIVING SKILLS/KNOWLEDGE/EXPERIENCE,1,W,PARKING LOT C ST,1654,2,NO INDICATION OF INJURY,0,0,0,0,0,1,0,11,1,5,,,
30,STOP SIGN/FLASHER,FUNCTIONING PROPERLY,CLEAR,DAYLIGHT,REAR END,NOT DIVIDED,STRAIGHT AND LEVEL,DRY,NO DEFECTS,ON SCENE,INJURY AND / OR TOW DUE TO CRASH,,Y,$500 OR LESS,11/21/2022 10:10:00 AM,UNABLE TO DETERMINE,NOT APPLICABLE,50,N,BESSIE COLEMAN DR,1654,2,"REPORTED, NOT EVIDENT",1,0,0,0,1,1,0,9,2,11,,,
30,NO CONTROLS,NO CONTROLS,UNKNOWN,"DARKNESS, LIGHTED ROAD",PARKED MOTOR VEHICLE,ONE-WAY,STRAIGHT AND LEVEL,DRY,NO DEFECTS,NOT ON SCENE (DESK REPORT),NO INJURY / DRIVE AWAY,,Y,"OVER $1,500",12/21/2019 02:30:00 PM,UNABLE TO DETERMINE,UNABLE TO DETERMINE,5300,S,INGLESIDE AVE,233,2,NO INDICATION OF INJURY,0,0,0,0,0,1,0,2,6,12,41.799315886,-87.602970956,POINT (-87.60297095602 41.799315885962)
30,NO CONTROLS,NO CONTROLS,CLEAR,DAYLIGHT,SIDESWIPE SAME DIRECTION,NOT DIVIDED,STRAIGHT AND LEVEL,DRY,NO DEFECTS,NOT ON SCENE (DESK REPORT),NO INJURY / DRIVE AWAY,,,"$501 - $1,500",08/31/2021 10:00:00 AM,IMPROPER LANE USAGE,NOT APPLICABLE,3607,W,FULLERTON AVE,2525,2,NO INDICATION OF INJURY,0,0,0,0,0,2,0,10,3,8,41.924490094,-87.717288131,POINT (-87.717288130979 41.924490093998)
30,TRAFFIC SIGNAL,UNKNOWN,CLEAR,DAYLIGHT,HEAD ON,FOUR WAY,STRAIGHT AND LEVEL,DRY,UNKNOWN,ON SCENE,INJURY AND / OR TOW DUE TO CRASH,Y,,"OVER $1,500",08/28/2020 09:23:00 AM,IMPROPER LANE USAGE,DISREGARDING ROAD MARKINGS,6000,W,GRAND AVE,2512,3,NONINCAPACITATING INJURY,2,0,0,1,1,2,0,9,6,8,41.920676631,-87.775630269,POINT (-87.775630269041 41.920676630982)
30,NO CONTROLS,NO CONTROLS,CLEAR,DAYLIGHT,REAR END,DIVIDED - W/MEDIAN (NOT RAISED),STRAIGHT AND LEVEL,DRY,UNKNOWN,NOT ON SCENE (DESK REPORT),NO INJURY / DRIVE AWAY,,,"OVER $1,500",09/12/2017 10:40:00 AM,UNABLE TO DETERMINE,UNABLE TO DETERMINE,1001,S,CICERO AVE,1131,2,NO INDICATION OF INJURY,0,0,0,0,0,2,0,9,3,9,41.868505893,-87.744688538,POINT (-87.744688537963 41.868505892977)
30,TRAFFIC SIGNAL,FUNCTIONING PROPERLY,CLEAR,"DARKNESS, LIGHTED ROAD",ANGLE,OTHER,STRAIGHT ON GRADE,DRY,NO DEFECTS,ON SCENE,INJURY AND / OR TOW DUE TO CRASH,Y,,"OVER $1,500",08/13/2018 10:14:00 PM,EQUIPMENT - VEHICLE CONDITION,DISREGARDING TRAFFIC SIGNALS,5500,S,WENTWORTH AVE,225,3,NONINCAPACITATING INJURY,6,0,0,6,0,1,0,22,2,8,,,
30,NO CONTROLS,NO CONTROLS,CLEAR,DAYLIGHT,TURNING,NOT DIVIDED,STRAIGHT AND LEVEL,DRY,NO DEFECTS,NOT ON SCENE (DESK REPORT),NO INJURY / DRIVE AWAY,,,"$501 - $1,500",06/15/2023 12:33:00 PM,FAILING TO YIELD RIGHT-OF-WAY,FAILING TO YIELD RIGHT-OF-WAY,2640,W,PERSHING RD,911,2,NO INDICATION OF INJURY,0,0,0,0,0,2,0,9,2,6,41.822958463,-87.691425915,POINT (-87.691425915045 41.822958462973)
30,NO CONTROLS,NO CONTROLS,CLEAR,"DARKNESS, LIGHTED ROAD",PARKED MOTOR VEHICLE,DIVIDED - W/MEDIAN (NOT RAISED),STRAIGHT AND LEVEL,DRY,NO DEFECTS,ON SCENE,INJURY AND / OR TOW DUE TO CRASH,,,"OVER $1,500",01/20/2023 05:36:00 PM,UNABLE TO DETERMINE,UNABLE TO DETERMINE,129,N,CENTRAL AVE,1523,2,NONINCAPACITATING INJURY,1,0,0,1,0,0,0,17,6,1,41.883130894,-87.7648112,POINT (-87.764811200001 41.88313089402)