POSTED_SPEED_LIMIT,TRAFFIC_CONTROL_DEVICE,DEVICE_CONDITION,WEATHER_CONDITION,LIGHTING_CONDITION,FIRST_CRASH_TYPE,TRAFFICWAY_TYPE,ALIGNMENT,ROADWAY_SURFACE_COND,ROAD_DEFECT,REPORT_TYPE,CRASH_TYPE,INTERSECTION_RELATED_I,HIT_AND_RUN_I,DAMAGE,DATE_POLICE_NOTIFIED,PRIM_CONTRIBUTORY_CAUSE,SEC_CONTRIBUTORY_CAUSE,STREET_NO,STREET_DIRECTION,STREET_NAME,BEAT_OF_OCCURRENCE,NUM_UNITS,MOST_SEVERE_INJURY,INJURIES_TOTAL,INJURIES_FATAL,INJURIES_INCAPACITATING,INJURIES_NON_INCAPACITATING,INJURIES_REPORTED_NOT_EVIDENT,INJURIES_NO_INDICATION,INJURIES_UNKNOWN,CRASH_HOUR,CRASH_DAY_OF_WEEK,CRASH_MONTH,LATITUDE,LONGITUDE,LOCATION
30,NO CONTROLS,NO CONTROLS,CLEAR,DAYLIGHT,REAR END,ONE-WAY,STRAIGHT AND LEVEL,DRY,NO DEFECTS,ON SCENE,NO INJURY / DRIVE AWAY,,,$500 OR LESS,09/09/2019 05:00:00 PM,FOLLOWING TOO CLOSELY,NOT APPLICABLE,5,W,TERMINAL ST,1655,2,NO INDICATION OF INJURY,0,0,0,0,0,2,0,16,2,9,,,
30,NO CONTROLS,NO CONTROLS,BLOWING SNOW,DAYLIGHT,PARKED MOTOR VEHICLE,ONE-WAY,STRAIGHT AND LEVEL,SNOW OR SLUSH,NO DEFECTS,ON SCENE,NO INJURY / DRIVE AWAY,,Y,"OVER $1,500",11/18/2022 11:37:00 AM,NOT APPLICABLE,NOT APPLICABLE,3003,E,80TH ST,422,2,NO INDICATION OF INJURY,0,0,0,0,0,1,0,9,6,11,41.750004047,-87.551375169,POINT (-87.551375168976 41.750004046992)
25,NO CONTROLS,NO CONTROLS,CLEAR,DAYLIGHT,SIDESWIPE SAME DIRECTION,ONE-WAY,STRAIGHT AND LEVEL,DRY,NO DEFECTS,ON SCENE,NO INJURY / DRIVE AWAY,,,"OVER $1,500",08/01/2022 03:31:00 PM,IMPROPER LANE USAGE,UNABLE TO DETERMINE,5,W,TERMINAL ST,1655,2,NO INDICATION OF INJURY,0,0,0,0,0,3,0,15,2,8,,,
30,NO CONTROLS,NO CONTROLS,CLEAR,DAYLIGHT,TURNING,DIVIDED - W/MEDIAN (NOT RAISED),STRAIGHT AND LEVEL,DRY,NO DEFECTS,NOT ON SCENE (DESK REPORT),INJURY AND / OR TOW DUE TO CRASH,,,"OVER $1,500",09/18/2017 05:54:00 PM,FAILING TO YIELD RIGHT-OF-WAY,FAILING TO REDUCE SPEED TO AVOID CRASH,11,S,AUSTIN BLVD,1513,2,NO INDICATION OF INJURY,0,0,0,0,0,3,0,17,2,9,41.879714362,-87.774496221,POINT (-87.774496220954 41.879714361958)
30,TRAFFIC SIGNAL,FUNCTIONING PROPERLY,CLEAR,DAYLIGHT,REAR END,NOT DIVIDED,STRAIGHT AND LEVEL,DRY,NO DEFECTS,NOT ON SCENE (DESK REPORT),INJURY AND / OR TOW DUE TO CRASH,,Y,"$501 - $1,500",12/11/2018 11:45:00 AM,FOLLOWING TOO CLOSELY,FOLLOWING TOO CLOSELY,9500,S,BEVERLY AVE,2213,2,NONINCAPACITATING INJURY,1,0,0,1,0,1,0,11,3,12,,,
30,TRAFFIC SIGNAL,FUNCTIONING PROPERLY,FOG/SMOKE/HAZE,DARKNESS,ANGLE,NOT DIVIDED,STRAIGHT AND LEVEL,WET,NO DEFECTS,ON SCENE,INJURY AND / OR TOW DUE TO CRASH,,Y,"OVER $1,500",12/16/2018 03:35:00 AM,DISREGARDING TRAFFIC SIGNALS,UNABLE TO DETERMINE,2516,W,CATALPA AVE,2011,3,NO INDICATION OF INJURY,0,0,0,0,0,5,0,3,1,12,41.981469236,-87.692583935,POINT (-87.692583934987 41.981469235994)
10,NO CONTROLS,NO CONTROLS,CLEAR,DAYLIGHT,PARKED MOTOR VEHICLE,PARKING LOT,STRAIGHT AND LEVEL,DRY,NO DEFECTS,ON SCENE,NO INJURY / DRIVE AWAY,,,"$501 - $1,500",04/27/2021 01:27:00 PM,UNABLE TO DETERMINE,NOT APPLICABLE,616,W,OHARE ST,1654,2,NO INDICATION OF INJURY,0,0,0,0,0,1,0,13,3,4,,,
15,NO CONTROLS,NO CONTROLS,CLEAR,DAYLIGHT,ANGLE,ALLEY,STRAIGHT AND LEVEL,DRY,NO DEFECTS,NOT ON SCENE (DESK REPORT),NO INJURY / DRIVE AWAY,,,"OVER $1,500",10/18/2022 07:08:00 PM,NOT APPLICABLE,NOT APPLICABLE,3244,W,59TH ST,822,2,NO INDICATION OF INJURY,0,0,0,0,0,3,0,11,3,10,41.786328045,-87.705136175,POINT (-87.705136175049 41.786328044987)
20,NO CONTROLS,NO CONTROLS,CLEAR,"DARKNESS, LIGHTED ROAD",SIDESWIPE SAME DIRECTION,OTHER,"CURVE, LEVEL",DRY,NO DEFECTS,ON SCENE,NO INJURY / DRIVE AWAY,,,"$501 - $1,500",09/19/2019 09:03:00 PM,FAILING TO YIELD RIGHT-OF-WAY,NOT APPLICABLE,1,W,TERMINAL ST,1651,2,NO INDICATION OF INJURY,0,0,0,0,0,4,0,21,5,9,,,
25,NO CONTROLS,NO CONTROLS,CLEAR,DAYLIGHT,REAR END,NOT DIVIDED,STRAIGHT AND LEVEL,DRY,NO DEFECTS,ON SCENE,NO INJURY / DRIVE AWAY,,,"$501 - $1,500",07/04/2023 05:14:00 PM,FOLLOWING TOO CLOSELY,FAILING TO REDUCE SPEED TO AVOID CRASH,6445,S,RACINE AVE,724,2,NO INDICATION OF INJURY,0,0,0,0,0,5,0,17,3,7,41.776461756,-87.654267851,POINT (-87.654267850987 41.776461755976)
30,NO CONTROLS,NO CONTROLS,CLEAR,DAYLIGHT,REAR END,NOT DIVIDED,STRAIGHT AND LEVEL,DRY,NO DEFECTS,ON SCENE,INJURY AND / OR TOW DUE TO CRASH,,,"OVER $1,500",07/27/2023 10:08:00 AM,UNABLE TO DETERMINE,UNABLE TO DETERMINE,1109,W,BRYN MAWR AVE,2023,2,NONINCAPACITATING INJURY,1,0,0,1,0,2,0,9,5,7,41.98354261,-87.658429145,POINT (-87.658429145025 41.983542609998)
30,NO CONTROLS,NO CONTROLS,CLEAR,DAYLIGHT,PARKED MOTOR VEHICLE,NOT DIVIDED,STRAIGHT AND LEVEL,DRY,NO DEFECTS,NOT ON SCENE (DESK REPORT),NO INJURY / DRIVE AWAY,,Y,"$501 - $1,500",09/10/2019 05:35:00 PM,UNABLE TO DETERMINE,UNABLE TO DETERMINE,3143,W,24TH ST,1033,2,NO INDICATION OF INJURY,0,0,0,0,0,1,0,16,3,9,41.848039539,-87.704403474,POINT (-87.704403474023 41.848039539014)
30,TRAFFIC SIGNAL,FUNCTIONING PROPERLY,CLEAR,"DARKNESS, LIGHTED ROAD",TURNING,NOT DIVIDED,STRAIGHT AND LEVEL,WET,NO DEFECTS,ON SCENE,INJURY AND / OR TOW DUE TO CRASH,Y,,"OVER $1,500",08/28/2022 11:23:00 PM,IMPROPER TURNING/NO SIGNAL,NOT APPLICABLE,6900,N,SHERIDAN RD,2431,2,NONINCAPACITATING INJURY,2,0,0,2,0,0,0,23,1,8,42.006801604,-87.661457734,POINT (-87.661457733969 42.006801603988)
30,NO CONTROLS,NO CONTROLS,CLEAR,"DARKNESS, LIGHTED ROAD",REAR END,NOT DIVIDED,STRAIGHT AND LEVEL,DRY,OTHER,NOT ON SCENE (DESK REPORT),NO INJURY / DRIVE AWAY,,,"OVER $1,500",08/05/2018 12:21:00 AM,FOLLOWING TOO CLOSELY,NOT APPLICABLE,2831,N,LINCOLN AVE,1933,2,NO INDICATION OF INJURY,0,0,0,0,0,2,0,0,1,8,41.933341652,-87.659591855,POINT (-87.659591855013 41.933341652029)
15,NO CONTROLS,NO CONTROLS,CLEAR,DAYLIGHT,FIXED OBJECT,ONE-WAY,STRAIGHT AND LEVEL,DRY,NO DEFECTS,ON SCENE,INJURY AND / OR TOW DUE TO CRASH,,,"$501 - $1,500",02/07/2021 10:10:00 AM,EQUIPMENT - VEHICLE CONDITION,NOT APPLICABLE,1,W,TERMINAL ST,1651,1,NONINCAPACITATING INJURY,1,0,0,1,0,0,0,10,1,2,,,
30,NO CONTROLS,NO CONTROLS,CLEAR,DAYLIGHT,PARKED MOTOR VEHICLE,ONE-WAY,STRAIGHT AND LEVEL,DRY,NO DEFECTS,ON SCENE,INJURY AND / OR TOW DUE TO CRASH,,,"$501 - $1,500",05/16/2018 02:45:00 PM,EQUIPMENT - VEHICLE CONDITION,NOT APPLICABLE,3639,W,62ND ST,823,2,NO INDICATION OF INJURY,0,0,0,0,0,2,0,14,4,5,41.780498489,-87.714644241,POINT (-87.714644240962 41.780498489048)
30,NO CONTROLS,NO CONTROLS,CLEAR,DARKNESS,REAR END,NOT DIVIDED,STRAIGHT AND LEVEL,DRY,NO DEFECTS,NOT ON SCENE (DESK REPORT),NO INJURY / DRIVE AWAY,,,"OVER $1,500",12/04/2019 10:14:00 PM,FAILING TO REDUCE SPEED TO AVOID CRASH,FOLLOWING TOO CLOSELY,99,S,PULASKI RD,1122,2,NO INDICATION OF INJURY,0,0,0,0,0,2,0,19,2,11,41.879813058,-87.725492182,POINT (-87.725492182032 41.879813057952)
30,TRAFFIC SIGNAL,UNKNOWN,CLEAR,"DARKNESS, LIGHTED ROAD",ANGLE,NOT DIVIDED,STRAIGHT AND LEVEL,DRY,UNKNOWN,ON SCENE,INJURY AND / OR TOW DUE TO CRASH,Y,Y,"OVER $1,500",12/18/2022 11:52:00 PM,UNABLE TO DETERMINE,UNABLE TO DETERMINE,600,W,DIVISION ST,1822,2,NO INDICATION OF INJURY,0,0,0,0,0,3,0,23,1,12,41.903825234,-87.64328636,POINT (-87.643286359995 41.903825233976)
55,NO CONTROLS,NO CONTROLS,CLEAR,"DARKNESS, LIGHTED ROAD",REAR END,DIVIDED - W/MEDIAN BARRIER,STRAIGHT AND LEVEL,DRY,NO DEFECTS,ON SCENE,INJURY AND / OR TOW DUE TO CRASH,,,"OVER $1,500",11/17/2019 05:40:00 AM,EQUIPMENT - VEHICLE CONDITION,EQUIPMENT - VEHICLE CONDITION,7200,S,CHICAGO SKYWAY OB,323,2,NO INDICATION OF INJURY,0,0,0,0,0,3,0,5,1,11,,,
15,STOP SIGN/FLASHER,FUNCTIONING PROPERLY,CLEAR,"DARKNESS, LIGHTED ROAD",SIDESWIPE SAME DIRECTION,ONE-WAY,STRAIGHT AND LEVEL,DRY,NO DEFECTS,ON SCENE,INJURY AND / OR TOW DUE TO CRASH,,,"OVER $1,500",06/20/2022 11:45:00 AM,FAILING TO YIELD RIGHT-OF-WAY,UNABLE TO DETERMINE,1,S,MIDWAY ST,813,2,NO INDICATION OF INJURY,0,0,0,0,0,2,0,11,2,6,,,
30,NO CONTROLS,NO CONTROLS,CLEAR,DAYLIGHT,SIDESWIPE SAME DIRECTION,ONE-WAY,STRAIGHT AND LEVEL,DRY,NO DEFECTS,ON SCENE,NO INJURY / DRIVE AWAY,,,"OVER $1,500",11/26/2021 06:20:00 AM,UNABLE TO DETERMINE,NOT APPLICABLE,1,W,TERMINAL ST,1651,2,NO INDICATION OF INJURY,0,0,0,0,0,2,0,6,6,11,,,
15,NO CONTROLS,NO CONTROLS,SNOW,"DARKNESS, LIGHTED ROAD",FIXED OBJECT,OTHER,STRAIGHT AND LEVEL,ICE,UNKNOWN,ON SCENE,INJURY AND / OR TOW DUE TO CRASH,,N,"OVER $1,500",11/27/2018 09:43:00 PM,"OPERATING VEHICLE IN ERRATIC, RECKLESS, CARELESS, NEGLIGENT OR AGGRESSIVE MANNER",WEATHER,2219,E,102ND ST,431,1,NO INDICATION OF INJURY,0,0,0,0,0,2,0,21,3,11,41.709758192,-87.569754014,POINT (-87.569754013963 41.709758191978)
30,NO CONTROLS,NO CONTROLS,CLEAR,DAYLIGHT,REAR END,DIVIDED - W/MEDIAN (NOT RAISED),STRAIGHT AND LEVEL,DRY,NO DEFECTS,ON SCENE,INJURY AND / OR TOW DUE TO CRASH,,,"OVER $1,500",03/19/2019 12:35:00 PM,FOLLOWING TOO CLOSELY,NOT APPLICABLE,7210,W,BELMONT AVE,1631,2,NO INDICATION OF INJURY,0,0,0,0,0,2,0,12,3,3,41.938102576,-87.80722885,POINT (-87.807228850045 41.938102575978)
30,NO CONTROLS,NO CONTROLS,CLEAR,DAYLIGHT,SIDESWIPE SAME DIRECTION,UNKNOWN,STRAIGHT AND LEVEL,WET,OTHER,ON SCENE,NO INJURY / DRIVE AWAY,,,$500 OR LESS,02/17/2020 12:50:00 PM,UNABLE TO DETERMINE,UNABLE TO DETERMINE,5500,S,WENTWORTH AVE,225,2,NO INDICATION OF INJURY,0,0,0,0,0,2,0,12,2,2,,,
30,TRAFFIC SIGNAL,FUNCTIONING PROPERLY,CLEAR,DAYLIGHT,REAR END,NOT DIVIDED,STRAIGHT AND LEVEL,DRY,NO DEFECTS,NOT ON SCENE (DESK REPORT),NO INJURY / DRIVE AWAY,,,"OVER $1,500",05/30/2016 02:10:00 PM,UNABLE TO DETERMINE,UNABLE TO DETERMINE,600,W,DIVISION ST,1822,2,NO INDICATION OF INJURY,0,0,0,0,0,3,0,14,2,5,41.903825234,-87.64328636,POINT (-87.643286359995 41.903825233976)
30,NO CONTROLS,NO CONTROLS,RAIN,"DARKNESS, LIGHTED ROAD",PARKED MOTOR VEHICLE,ONE-WAY,STRAIGHT AND LEVEL,WET,NO DEFECTS,ON SCENE,NO INJURY / DRIVE AWAY,,Y,"OVER $1,500",01/04/2023 06:32:00 PM,UNABLE TO DETERMINE,UNABLE TO DETERMINE,7703,S,CORNELL AVE,414,2,NO INDICATION OF INJURY,0,0,0,0,0,1,0,18,4,1,41.754994685,-87.584345747,POINT (-87.584345747004 41.754994684966)
30,TRAFFIC SIGNAL,FUNCTIONING PROPERLY,CLEAR,DUSK,ANGLE,DIVIDED - W/MEDIAN BARRIER,STRAIGHT AND LEVEL,DRY,NO DEFECTS,ON SCENE,INJURY AND / OR TOW DUE TO CRASH,Y,,"OVER $1,500",04/28/2018 07:42:00 PM,DISREGARDING TRAFFIC SIGNALS,UNABLE TO DETERMINE,201,W,GARFIELD BLVD,225,2,NO INDICATION OF INJURY,0,0,0,0,0,3,0,19,7,4,41.794090446,-87.630527331,POINT (-87.630527331008 41.794090445987)
20,NO CONTROLS,NO CONTROLS,CLEAR,DAWN,SIDESWIPE SAME DIRECTION,DIVIDED - W/MEDIAN (NOT RAISED),STRAIGHT AND LEVEL,DRY,NO DEFECTS,NOT ON SCENE (DESK REPORT),NO INJURY / DRIVE AWAY,,,"OVER $1,500",12/13/2019 07:20:00 AM,IMPROPER LANE USAGE,NOT APPLICABLE,171,N,BESSIE COLEMAN DR,1654,2,NO INDICATION OF INJURY,0,0,0,0,0,2,0,7,6,12,,,
20,NO CONTROLS,NO CONTROLS,CLEAR,DAYLIGHT,PEDESTRIAN,OTHER,STRAIGHT AND LEVEL,DRY,NO DEFECTS,ON SCENE,INJURY AND / OR TOW DUE TO CRASH,,,$500 OR LESS,09/23/2019 05:27:00 PM,UNABLE TO DETERMINE,NOT APPLICABLE,5,W,TERMINAL ST,1655,2,NONINCAPACITATING INJURY,1,0,0,1,0,2,0,17,2,9,,,
45,NO CONTROLS,NO CONTROLS,CLEAR,DAYLIGHT,SIDESWIPE SAME DIRECTION,OTHER,STRAIGHT AND LEVEL,DRY,NO DEFECTS,ON SCENE,NO INJURY / DRIVE AWAY,,Y,$500 OR LESS,02/11/2023 12:40:00 PM,UNABLE TO DETERMINE,UNABLE TO DETERMINE,4901,S,DAN RYAN LOCAL IB,224,2,NO INDICATION OF INJURY,0,0,0,0,0,8,0,12,7,2,,,
30,TRAFFIC SIGNAL,FUNCTIONING PROPERLY,CLEAR,DAYLIGHT,SIDESWIPE SAME DIRECTION,ONE-WAY,STRAIGHT AND LEVEL,DRY,NO DEFECTS,NOT ON SCENE (DESK REPORT),NO INJURY / DRIVE AWAY,,,"OVER $1,500",02/27/2023 05:50:00 PM,UNABLE TO DETERMINE,UNABLE TO DETERMINE,7476,S,LAFAYETTE AVE,731,2,NO INDICATION OF INJURY,0,0,0,0,0,7,0,16,2,2,41.758245505,-87.626521907,POINT (-87.626521907009 41.758245504966)
35,NO CONTROLS,NO CONTROLS,CLEAR,DAYLIGHT,TURNING,NOT DIVIDED,STRAIGHT AND LEVEL,WET,NO DEFECTS,ON SCENE,NO INJURY / DRIVE AWAY,,,"OVER $1,500",08/26/2019 12:05:00 PM,UNABLE TO DETERMINE,UNABLE TO DETERMINE,40,N,BESSIE COLEMAN DR,1654,2,NO INDICATION OF INJURY,0,0,0,0,0,2,0,12,2,8,,,
30,NO CONTROLS,NO CONTROLS,CLEAR,DARKNESS,PARKED MOTOR VEHICLE,ONE-WAY,STRAIGHT AND LEVEL,DRY,NO DEFECTS,ON SCENE,NO INJURY / DRIVE AWAY,,Y,$500 OR LESS,06/20/2022 11:52:00 PM,UNABLE TO DETERMINE,UNABLE TO DETERMINE,1640,S,TRUMBULL AVE,1021,2,NO INDICATION OF INJURY,0,0,0,0,0,1,0,19,2,6,41.857784901,-87.711663102,POINT (-87.711663101992 41.857784901036)
35,TRAFFIC SIGNAL,FUNCTIONING PROPERLY,CLEAR,DAYLIGHT,ANGLE,OTHER,STRAIGHT AND LEVEL,DRY,NO DEFECTS,ON SCENE,INJURY AND / OR TOW DUE TO CRASH,,,"OVER $1,500",06/06/2019 11:00:00 AM,UNABLE TO DETERMINE,NOT APPLICABLE,343,N,LOWER COLUMBUS DR,114,2,"REPORTED, NOT EVIDENT",1,0,0,0,1,1,0,10,5,6,,,
15,NO CONTROLS,NO CONTROLS,CLEAR,DAYLIGHT,PARKED MOTOR VEHICLE,PARKING LOT,STRAIGHT AND LEVEL,DRY,NO DEFECTS,NOT ON SCENE (DESK REPORT),NO INJURY / DRIVE AWAY,,Y,"$501 - $1,500",06/01/2023 03:30:00 PM,UNABLE TO DETERMINE,NOT APPLICABLE,722,W,OHARE ST,1654,2,NO INDICATION OF INJURY,0,0,0,0,0,1,0,13,3,5,,,
35,TRAFFIC SIGNAL,FUNCTIONING PROPERLY,CLEAR,DAYLIGHT,TURNING,NOT DIVIDED,STRAIGHT AND LEVEL,DRY,NO DEFECTS,ON SCENE,INJURY AND / OR TOW DUE TO CRASH,,,"OVER $1,500",03/03/2020 05:21:00 PM,FAILING TO YIELD RIGHT-OF-WAY,UNABLE TO DETERMINE,8301,S,CICERO AVE,834,2,NO INDICATION OF INJURY,0,0,0,0,0,2,0,17,3,3,41.741803599,-87.740953582,POINT (-87.740953581987 41.741803598989)
30,TRAFFIC SIGNAL,FUNCTIONING PROPERLY,CLEAR,DAYLIGHT,REAR END,NOT DIVIDED,STRAIGHT AND LEVEL,DRY,NO DEFECTS,ON SCENE,NO INJURY / DRIVE AWAY,,,"OVER $1,500",08/11/2018 11:29:00 AM,FOLLOWING TOO CLOSELY,NOT APPLICABLE,2426,W,DIVERSEY AVE,1411,2,NO INDICATION OF INJURY,0,0,0,0,0,2,0,11,7,8,41.932266379,-87.688985069,POINT (-87.688985068971 41.932266378986)
30,TRAFFIC SIGNAL,FUNCTIONING PROPERLY,CLEAR,DAWN,TURNING,ONE-WAY,STRAIGHT AND LEVEL,DRY,NO DEFECTS,NOT ON SCENE (DESK REPORT),NO INJURY / DRIVE AWAY,Y,,"$501 - $1,500",01/09/2021 07:50:00 PM,FOLLOWING TOO CLOSELY,FOLLOWING TOO CLOSELY,100,E,ERIE ST,1834,2,NO INDICATION OF INJURY,0,0,0,0,0,3,0,19,7,1,41.894228849,-87.625384759,POINT (-87.625384758996 41.894228848999)
30,NO CONTROLS,NO CONTROLS,CLEAR,DAYLIGHT,ANGLE,FOUR WAY,STRAIGHT AND LEVEL,DRY,NO DEFECTS,NOT ON SCENE (DESK REPORT),NO INJURY / DRIVE AWAY,Y,,"OVER $1,500",10/20/2022 04:30:00 PM,UNABLE TO DETERMINE,UNABLE TO DETERMINE,3700,N,CICERO AVE,1634,2,NO INDICATION OF INJURY,0,0,0,0,0,2,0,15,5,10,41.947988017,-87.747288494,POINT (-87.747288493953 41.947988016986)
35,TRAFFIC SIGNAL,FUNCTIONING PROPERLY,CLEAR,DAYLIGHT,TURNING,UNKNOWN,STRAIGHT AND LEVEL,DRY,UNKNOWN,NOT ON SCENE (DESK REPORT),NO INJURY / DRIVE AWAY,,Y,"$501 - $1,500",07/04/2021 02:30:00 PM,IMPROPER TURNING/NO SIGNAL,UNABLE TO DETERMINE,5900,S,WENTWORTH AVE,232,2,NO INDICATION OF INJURY,0,0,0,0,0,2,0,14,1,7,,,
30,NO CONTROLS,NO CONTROLS,CLEAR,DAYLIGHT,ANGLE,ONE-WAY,STRAIGHT AND LEVEL,DRY,NO DEFECTS,NOT ON SCENE (DESK REPORT),NO INJURY / DRIVE AWAY,,Y,"OVER $1,500",06/02/2018 02:52:00 PM,EXCEEDING AUTHORIZED SPEED LIMIT,NOT APPLICABLE,200,S,LOCKWOOD AVE,1522,2,NO INDICATION OF INJURY,0,0,0,0,0,4,0,12,7,6,41.878390352,-87.757767275,POINT (-87.757767275028 41.878390351978)
15,NO CONTROLS,NO CONTROLS,CLEAR,UNKNOWN,PARKED MOTOR VEHICLE,ONE-WAY,STRAIGHT AND LEVEL,DRY,NO DEFECTS,NOT ON SCENE (DESK REPORT),NO INJURY / DRIVE AWAY,,Y,"$501 - $1,500",07/02/2020 03:45:00 PM,UNABLE TO DETERMINE,NOT APPLICABLE,307,N,LOREL AVE,1523,2,NO INDICATION OF INJURY,0,0,0,0,0,1,0,11,5,7,41.885900985,-87.758793598,POINT (-87.758793598042 41.885900984968)
30,OTHER REG. SIGN,FUNCTIONING PROPERLY,CLEAR,"DARKNESS, LIGHTED ROAD",FIXED OBJECT,CENTER TURN LANE,STRAIGHT AND LEVEL,WET,NO DEFECTS,ON SCENE,INJURY AND / OR TOW DUE TO CRASH,,,"OVER $1,500",09/25/2018 01:50:00 AM,UNABLE TO DETERMINE,NOT APPLICABLE,2546,E,71ST ST,334,1,INCAPACITATING INJURY,1,0,1,0,0,0,0,1,3,9,,,
30,NO CONTROLS,NO CONTROLS,CLEAR,"DARKNESS, LIGHTED ROAD",TURNING,NOT DIVIDED,STRAIGHT AND LEVEL,DRY,NO DEFECTS,NOT ON SCENE (DESK REPORT),INJURY AND / OR TOW DUE TO CRASH,,Y,"OVER $1,500",02/23/2020 08:48:00 PM,FAILING TO REDUCE SPEED TO AVOID CRASH,NOT APPLICABLE,2499,E,71ST ST,334,2,NO INDICATION OF INJURY,0,0,0,0,0,5,0,20,1,2,,,
30,UNKNOWN,UNKNOWN,CLEAR,DAYLIGHT,TURNING,DIVIDED - W/MEDIAN (NOT RAISED),STRAIGHT AND LEVEL,DRY,UNKNOWN,NOT ON SCENE (DESK REPORT),NO INJURY / DRIVE AWAY,,,"OVER $1,500",05/03/2023 12:19:00 PM,UNABLE TO DETERMINE,UNABLE TO DETERMINE,11059,S,PULASKI RD,2211,2,NO INDICATION OF INJURY,0,0,0,0,0,3,0,12,4,5,41.691376862,-87.720174306,POINT (-87.720174306034 41.691376861978)
30,NO CONTROLS,NO CONTROLS,UNKNOWN,"DARKNESS, LIGHTED ROAD",PARKED MOTOR VEHICLE,UNKNOWN,STRAIGHT AND LEVEL,UNKNOWN,NO DEFECTS,ON SCENE,NO INJURY / DRIVE AWAY,,Y,"OVER $1,500",10/22/2017 08:16:00 AM,UNABLE TO DETERMINE,NOT APPLICABLE,7322,S,COLES AVE,334,2,NO INDICATION OF INJURY,0,0,0,0,0,1,0,2,1,10,41.762737604,-87.56151084,POINT (-87.561510839959 41.762737604049)
30,NO CONTROLS,NO CONTROLS,CLEAR,DAYLIGHT,SIDESWIPE SAME DIRECTION,UNKNOWN,STRAIGHT AND LEVEL,UNKNOWN,UNKNOWN,NOT ON SCENE (DESK REPORT),NO INJURY / DRIVE AWAY,,,"OVER $1,500",08/30/2022 11:00:00 AM,UNABLE TO DETERMINE,UNABLE TO DETERMINE,100,S,LOWER WACKER DR,122,2,NO INDICATION OF INJURY,0,0,0,0,0,2,0,8,3,8,41.880556614,-87.637168587,POINT (-87.637168587045 41.880556614042)
10,NO CONTROLS,NO CONTROLS,CLEAR,DAYLIGHT,PARKED MOTOR VEHICLE,PARKING LOT,STRAIGHT AND LEVEL,DRY,NO DEFECTS,NOT ON SCENE (DESK REPORT),NO INJURY / DRIVE AWAY,,,"OVER $1,500",08/09/2020 01:45:00 PM,DRIVING SKILLS/KNOWLEDGE/EXPERIENCE,NOT APPLICABLE,4540,W,AUGUSTA BLVD,1111,2,NO INDICATION OF INJURY,0,0,0,0,0,1,0,13,1,8,41.898904591,-87.740159804,POINT (-87.74015980403 41.898904590989)
10,NO CONTROLS,NO CONTROLS,CLEAR,DAYLIGHT,FIXED OBJECT,ALLEY,STRAIGHT AND LEVEL,DRY,UNKNOWN,ON SCENE,INJURY AND / OR TOW DUE TO CRASH,,Y,"OVER $1,500",10/04/2021 01:23:00 PM,"OPERATING VEHICLE IN ERRATIC, RECKLESS, CARELESS, NEGLIGENT OR AGGRESSIVE MANNER",NOT APPLICABLE,6438,N,GLENWOOD AVE,2432,4,NO INDICATION OF INJURY,0,0,0,0,0,1,0,13,2,10,41.999303444,-87.66569517,POINT (-87.665695170023 41.999303443972)
15,NO CONTROLS,NO CONTROLS,CLEAR,DAYLIGHT,PARKED MOTOR VEHICLE,OTHER,STRAIGHT AND LEVEL,DRY,NO DEFECTS,ON SCENE,NO INJURY / DRIVE AWAY,,,"$501 - $1,500",06/05/2022 03:20:00 PM,IMPROPER BACKING,NOT APPLICABLE,5,W,TERMINAL ST,1655,2,NO INDICATION OF INJURY,0,0,0,0,0,1,0,15,1,6,,,
30,TRAFFIC SIGNAL,FUNCTIONING PROPERLY,SNOW,DAYLIGHT,REAR END,NOT DIVIDED,STRAIGHT AND LEVEL,SNOW OR SLUSH,NO DEFECTS,NOT ON SCENE (DESK REPORT),NO INJURY / DRIVE AWAY,,,"OVER $1,500",12/16/2022 04:00:00 PM,FOLLOWING TOO CLOSELY,FOLLOWING TOO CLOSELY,5916,S,WENTWORTH AVE,232,2,NO INDICATION OF INJURY,0,0,0,0,0,3,0,14,6,12,,,
30,NO CONTROLS,NO CONTROLS,CLEAR,DAYLIGHT,FIXED OBJECT,NOT DIVIDED,STRAIGHT AND LEVEL,DRY,NO DEFECTS,ON SCENE,INJURY AND / OR TOW DUE TO CRASH,,,"$501 - $1,500",10/06/2021 11:06:00 AM,EQUIPMENT - VEHICLE CONDITION,EQUIPMENT - VEHICLE CONDITION,819,W,OHARE ST,1654,1,NONINCAPACITATING INJURY,2,0,0,1,1,0,0,10,4,10,,,
25,STOP SIGN/FLASHER,FUNCTIONING PROPERLY,CLEAR,DAYLIGHT,SIDESWIPE SAME DIRECTION,NOT DIVIDED,CURVE ON GRADE,DRY,NO DEFECTS,NOT ON SCENE (DESK REPORT),NO INJURY / DRIVE AWAY,,,"OVER $1,500",06/10/2021 02:00:00 PM,IMPROPER OVERTAKING/PASSING,IMPROPER BACKING,523,W,OHARE ST,1654,2,NO INDICATION OF INJURY,0,0,0,0,0,2,0,13,4,6,,,