POSTED_SPEED_LIMIT,TRAFFIC_CONTROL_DEVICE,DEVICE_CONDITION,WEATHER_CONDITION,LIGHTING_CONDITION,FIRST_CRASH_TYPE,TRAFFICWAY_TYPE,ALIGNMENT,ROADWAY_SURFACE_COND,ROAD_DEFECT,REPORT_TYPE,CRASH_TYPE,INTERSECTION_RELATED_I,HIT_AND_RUN_I,DAMAGE,DATE_POLICE_NOTIFIED,PRIM_CONTRIBUTORY_CAUSE,SEC_CONTRIBUTORY_CAUSE,STREET_NO,STREET_DIRECTION,STREET_NAME,BEAT_OF_OCCURRENCE,NUM_UNITS,MOST_SEVERE_INJURY,INJURIES_TOTAL,INJURIES_FATAL,INJURIES_INCAPACITATING,INJURIES_NON_INCAPACITATING,INJURIES_REPORTED_NOT_EVIDENT,INJURIES_NO_INDICATION,INJURIES_UNKNOWN,CRASH_HOUR,CRASH_DAY_OF_WEEK,CRASH_MONTH,LATITUDE,LONGITUDE,LOCATION
30,UNKNOWN,FUNCTIONING PROPERLY,CLEAR,DUSK,TURNING,NOT DIVIDED,STRAIGHT AND LEVEL,DRY,NO DEFECTS,NOT ON SCENE (DESK REPORT),NO INJURY / DRIVE AWAY,,Y,"$501 - $1,500",11/04/2019 07:09:00 PM,UNABLE TO DETERMINE,NOT APPLICABLE,1499,N,CICERO AVE,2533,2,NO INDICATION OF INJURY,0,0,0,0,0,2,0,18,2,11,41.907717718,-87.745916874,POINT (-87.745916874041 41.907717717976)
30,NO CONTROLS,NO CONTROLS,CLEAR,"DARKNESS, LIGHTED ROAD",REAR END,NOT DIVIDED,STRAIGHT AND LEVEL,DRY,NO DEFECTS,ON SCENE,INJURY AND / OR TOW DUE TO CRASH,,,"OVER $1,500",12/11/2017 12:25:00 AM,FAILING TO REDUCE SPEED TO AVOID CRASH,UNDER THE INFLUENCE OF ALCOHOL/DRUGS (USE WHEN ARREST IS EFFECTED),2036,N,CICERO AVE,2522,3,NO INDICATION OF INJURY,0,0,0,0,0,3,0,0,2,12,41.91806312,-87.746298891,POINT (-87.746298890978 41.918063119995)
30,NO CONTROLS,NO CONTROLS,RAIN,DAYLIGHT,REAR END,NOT DIVIDED,STRAIGHT AND LEVEL,WET,NO DEFECTS,NOT ON SCENE (DESK REPORT),NO INJURY / DRIVE AWAY,,,"OVER $1,500",05/12/2018 08:39:00 PM,FOLLOWING TOO CLOSELY,WEATHER,7074,N,RIDGE BLVD,2411,2,NO INDICATION OF INJURY,0,0,0,0,0,2,0,18,7,5,42.0109408,-87.682754031,POINT (-87.68275403105 42.010940800028)
45,NO CONTROLS,NO CONTROLS,CLEAR,DARKNESS,FIXED OBJECT,DIVIDED - W/MEDIAN BARRIER,"CURVE, LEVEL",DRY,NO DEFECTS,ON SCENE,INJURY AND / OR TOW DUE TO CRASH,,,"OVER $1,500",07/04/2021 01:43:00 AM,UNABLE TO DETERMINE,UNABLE TO DETERMINE,12300,W,IRVING PARK RD,1654,1,NO INDICATION OF INJURY,0,0,0,0,0,1,0,1,1,7,41.958986951,-87.933993929,POINT (-87.933993928974 41.958986950953)
25,TRAFFIC SIGNAL,FUNCTIONING PROPERLY,RAIN,DAYLIGHT,ANGLE,DIVIDED - W/MEDIAN (NOT RAISED),STRAIGHT AND LEVEL,DRY,NO DEFECTS,NOT ON SCENE (DESK REPORT),NO INJURY / DRIVE AWAY,,,"$501 - $1,500",11/04/2017 02:43:00 PM,UNABLE TO DETERMINE,UNABLE TO DETERMINE,8301,S,CICERO AVE,834,2,NO INDICATION OF INJURY,0,0,0,0,0,2,0,13,7,11,41.741803599,-87.740953582,POINT (-87.740953581987 41.741803598989)
35,TRAFFIC SIGNAL,UNKNOWN,CLEAR,DAYLIGHT,ANGLE,ONE-WAY,STRAIGHT AND LEVEL,DRY,UNKNOWN,ON SCENE,INJURY AND / OR TOW DUE TO CRASH,Y,,"OVER $1,500",03/03/2019 12:32:00 PM,UNABLE TO DETERMINE,UNABLE TO DETERMINE,5500,S,WENTWORTH AVE,225,2,NONINCAPACITATING INJURY,2,0,0,2,0,0,0,12,1,3,,,
35,NO CONTROLS,NO CONTROLS,UNKNOWN,UNKNOWN,PARKED MOTOR VEHICLE,NOT DIVIDED,STRAIGHT AND LEVEL,UNKNOWN,UNKNOWN,NOT ON SCENE (DESK REPORT),NO INJURY / DRIVE AWAY,,,"OVER $1,500",06/03/2021 10:35:00 PM,UNABLE TO DETERMINE,UNABLE TO DETERMINE,2800,N,KIMBALL AVE,1412,2,NO INDICATION OF INJURY,0,0,0,0,0,1,0,0,5,6,,,
30,NO CONTROLS,NO CONTROLS,CLEAR,DAYLIGHT,PARKED MOTOR VEHICLE,NOT DIVIDED,STRAIGHT AND LEVEL,DRY,NO DEFECTS,ON SCENE,NO INJURY / DRIVE AWAY,,N,"OVER $1,500",07/16/2022 05:20:00 PM,DRIVING SKILLS/KNOWLEDGE/EXPERIENCE,NOT APPLICABLE,1612,W,72ND ST,735,2,NO INDICATION OF INJURY,0,0,0,0,0,2,0,17,7,7,41.763192609,-87.664318438,POINT (-87.664318438028 41.763192609009)
25,NO CONTROLS,NO CONTROLS,CLEAR,"DARKNESS, LIGHTED ROAD",PEDESTRIAN,OTHER,STRAIGHT AND LEVEL,DRY,NO DEFECTS,NOT ON SCENE (DESK REPORT),INJURY AND / OR TOW DUE TO CRASH,,Y,$500 OR LESS,07/27/2023 01:00:00 AM,FAILING TO YIELD RIGHT-OF-WAY,NOT APPLICABLE,10000,W,BALMORAL AVE,1650,2,"REPORTED, NOT EVIDENT",1,0,0,0,1,1,0,21,4,7,,,
30,NO CONTROLS,NO CONTROLS,RAIN,"DARKNESS, LIGHTED ROAD",PARKED MOTOR VEHICLE,ONE-WAY,STRAIGHT AND LEVEL,WET,NO DEFECTS,ON SCENE,NO INJURY / DRIVE AWAY,,,$500 OR LESS,04/15/2018 07:22:00 PM,UNABLE TO DETERMINE,UNABLE TO DETERMINE,1,W,TERMINAL ST,1651,2,NO INDICATION OF INJURY,0,0,0,0,0,1,0,19,1,4,,,
30,TRAFFIC SIGNAL,FUNCTIONING PROPERLY,CLEAR,DAYLIGHT,ANGLE,DIVIDED - W/MEDIAN (NOT RAISED),STRAIGHT AND LEVEL,DRY,UNKNOWN,NOT ON SCENE (DESK REPORT),NO INJURY / DRIVE AWAY,Y,,"OVER $1,500",06/16/2017 03:30:00 PM,UNABLE TO DETERMINE,UNABLE TO DETERMINE,5900,S,WENTWORTH AVE,232,2,NO INDICATION OF INJURY,0,0,0,0,0,2,0,8,6,6,,,
30,NO CONTROLS,NO CONTROLS,CLEAR,"DARKNESS, LIGHTED ROAD",PARKED MOTOR VEHICLE,NOT DIVIDED,STRAIGHT AND LEVEL,DRY,NO DEFECTS,ON SCENE,INJURY AND / OR TOW DUE TO CRASH,,Y,"OVER $1,500",04/05/2020 12:07:00 AM,UNABLE TO DETERMINE,NOT APPLICABLE,3109,W,44TH ST,922,7,NO INDICATION OF INJURY,0,0,0,0,0,1,0,0,1,4,41.813500402,-87.702133079,POINT (-87.702133079023 41.813500401996)
30,NO CONTROLS,NO CONTROLS,CLEAR,"DARKNESS, LIGHTED ROAD",REAR END,ONE-WAY,STRAIGHT AND LEVEL,WET,NO DEFECTS,ON SCENE,NO INJURY / DRIVE AWAY,,,"OVER $1,500",02/13/2020 07:10:00 PM,FOLLOWING TOO CLOSELY,FAILING TO REDUCE SPEED TO AVOID CRASH,13,W,I190 EXPY,1654,2,NO INDICATION OF INJURY,0,0,0,0,0,2,0,19,5,2,,,
30,TRAFFIC SIGNAL,FUNCTIONING PROPERLY,CLEAR,DAYLIGHT,TURNING,NOT DIVIDED,STRAIGHT AND LEVEL,DRY,NO DEFECTS,NOT ON SCENE (DESK REPORT),NO INJURY / DRIVE AWAY,,,"OVER $1,500",10/12/2017 07:20:00 AM,FAILING TO YIELD RIGHT-OF-WAY,NOT APPLICABLE,6331,N,NAGLE AVE,1611,2,NO INDICATION OF INJURY,0,0,0,0,0,2,0,7,5,10,41.996408885,-87.787336766,POINT (-87.787336765987 41.996408884965)
25,NO CONTROLS,NO CONTROLS,CLEAR,DAYLIGHT,PARKED MOTOR VEHICLE,DIVIDED - W/MEDIAN (NOT RAISED),STRAIGHT AND LEVEL,UNKNOWN,NO DEFECTS,ON SCENE,INJURY AND / OR TOW DUE TO CRASH,,Y,"OVER $1,500",07/22/2022 03:47:00 PM,UNABLE TO DETERMINE,UNABLE TO DETERMINE,2452,N,CENTRAL AVE,2515,3,"REPORTED, NOT EVIDENT",1,0,0,0,1,0,0,6,6,7,41.925540778,-87.766192945,POINT (-87.766192945004 41.925540777966)
30,NO CONTROLS,NO CONTROLS,CLEAR,DAYLIGHT,SIDESWIPE SAME DIRECTION,ONE-WAY,STRAIGHT AND LEVEL,DRY,UNKNOWN,ON SCENE,NO INJURY / DRIVE AWAY,,,"$501 - $1,500",06/23/2023 08:50:00 PM,UNABLE TO DETERMINE,NOT APPLICABLE,5,W,TERMINAL ST,1655,2,NO INDICATION OF INJURY,0,0,0,0,0,2,0,20,6,6,,,
35,NO CONTROLS,NO CONTROLS,CLEAR,DAYLIGHT,SIDESWIPE SAME DIRECTION,DIVIDED - W/MEDIAN (NOT RAISED),STRAIGHT AND LEVEL,WET,NO DEFECTS,NOT ON SCENE (DESK REPORT),NO INJURY / DRIVE AWAY,,,"$501 - $1,500",02/10/2018 02:45:00 PM,IMPROPER LANE USAGE,NOT APPLICABLE,5532,N,HARLEM AVE,1613,2,NO INDICATION OF INJURY,0,0,0,0,0,2,0,12,7,2,,,
35,NO CONTROLS,NO CONTROLS,CLEAR,DAYLIGHT,SIDESWIPE SAME DIRECTION,ONE-WAY,STRAIGHT AND LEVEL,DRY,NO DEFECTS,ON SCENE,NO INJURY / DRIVE AWAY,,Y,"OVER $1,500",04/22/2021 01:10:00 PM,UNABLE TO DETERMINE,NOT APPLICABLE,49,W,I190 EXPY,1654,2,NO INDICATION OF INJURY,0,0,0,0,0,3,0,13,5,4,,,
30,NO CONTROLS,NO CONTROLS,RAIN,DAYLIGHT,SIDESWIPE SAME DIRECTION,NOT DIVIDED,STRAIGHT AND LEVEL,WET,NO DEFECTS,NOT ON SCENE (DESK REPORT),NO INJURY / DRIVE AWAY,,,"OVER $1,500",11/02/2016 01:20:00 PM,UNABLE TO DETERMINE,NOT APPLICABLE,11,S,AUSTIN BLVD,1513,2,NO INDICATION OF INJURY,0,0,0,0,0,2,0,12,4,11,41.879714362,-87.774496221,POINT (-87.774496220954 41.879714361958)
30,NO CONTROLS,NO CONTROLS,CLEAR,DAYLIGHT,REAR END,NOT DIVIDED,STRAIGHT AND LEVEL,DRY,NO DEFECTS,NOT ON SCENE (DESK REPORT),NO INJURY / DRIVE AWAY,,,"OVER $1,500",09/27/2016 04:15:00 PM,FOLLOWING TOO CLOSELY,NOT APPLICABLE,524,W,OHARE ST,1654,2,NO INDICATION OF INJURY,0,0,0,0,0,2,0,12,6,9,,,
30,TRAFFIC SIGNAL,FUNCTIONING PROPERLY,CLEAR,DAYLIGHT,TURNING,NOT DIVIDED,STRAIGHT AND LEVEL,DRY,UNKNOWN,NOT ON SCENE (DESK REPORT),NO INJURY / DRIVE AWAY,,,"OVER $1,500",12/27/2017 09:54:00 AM,UNABLE TO DETERMINE,NOT APPLICABLE,501,S,SACRAMENTO BLVD,1135,2,NO INDICATION OF INJURY,0,0,0,0,0,4,0,9,4,12,,,
30,TRAFFIC SIGNAL,FUNCTIONING PROPERLY,CLEAR,DAYLIGHT,REAR END,NOT DIVIDED,STRAIGHT AND LEVEL,ICE,NO DEFECTS,NOT ON SCENE (DESK REPORT),NO INJURY / DRIVE AWAY,Y,,"OVER $1,500",12/14/2016 03:30:00 PM,FOLLOWING TOO CLOSELY,EXCEEDING SAFE SPEED FOR CONDITIONS,1600,W,FULTON ST,1215,2,NO INDICATION OF INJURY,0,0,0,0,0,2,0,13,4,12,41.887040052,-87.667158502,POINT (-87.667158502015 41.887040051999)
30,TRAFFIC SIGNAL,FUNCTIONING PROPERLY,CLOUDY/OVERCAST,DAYLIGHT,REAR END,NOT DIVIDED,STRAIGHT AND LEVEL,DRY,NO DEFECTS,NOT ON SCENE (DESK REPORT),NO INJURY / DRIVE AWAY,,,$500 OR LESS,12/28/2017 12:26:00 PM,UNABLE TO DETERMINE,NOT APPLICABLE,1100,W,DIVISION ST,1822,2,NO INDICATION OF INJURY,0,0,0,0,0,3,0,12,5,12,41.903639931,-87.65554697,POINT (-87.655546970003 41.903639930952)
30,TRAFFIC SIGNAL,FUNCTIONING PROPERLY,CLEAR,DAYLIGHT,TURNING,Y-INTERSECTION,STRAIGHT AND LEVEL,DRY,NO DEFECTS,ON SCENE,NO INJURY / DRIVE AWAY,Y,,"OVER $1,500",06/08/2019 11:28:00 AM,IMPROPER TURNING/NO SIGNAL,NOT APPLICABLE,173,N,BESSIE COLEMAN DR,1654,2,NO INDICATION OF INJURY,0,0,0,0,0,3,0,11,7,6,,,
15,NO CONTROLS,NO CONTROLS,CLEAR,DAYLIGHT,REAR TO FRONT,PARKING LOT,STRAIGHT AND LEVEL,DRY,NO DEFECTS,ON SCENE,INJURY AND / OR TOW DUE TO CRASH,,,"OVER $1,500",08/21/2021 11:35:00 AM,FAILING TO YIELD RIGHT-OF-WAY,FAILING TO YIELD RIGHT-OF-WAY,1,W,PARKING LOT A ST,1654,2,"REPORTED, NOT EVIDENT",1,0,0,0,1,1,0,11,7,8,,,
30,NO CONTROLS,NO CONTROLS,CLEAR,DAYLIGHT,ANGLE,PARKING LOT,STRAIGHT AND LEVEL,OTHER,UNKNOWN,NOT ON SCENE (DESK REPORT),NO INJURY / DRIVE AWAY,N,,$500 OR LESS,08/16/2021 06:45:00 PM,UNABLE TO DETERMINE,UNABLE TO DETERMINE,6014,S,COTTAGE GROVE AVE,313,2,NO INDICATION OF INJURY,0,0,0,0,0,2,0,13,2,8,41.785387445,-87.606183761,POINT (-87.606183761008 41.785387444959)
30,TRAFFIC SIGNAL,FUNCTIONING PROPERLY,CLEAR,"DARKNESS, LIGHTED ROAD",TURNING,DIVIDED - W/MEDIAN (NOT RAISED),STRAIGHT AND LEVEL,DRY,NO DEFECTS,ON SCENE,NO INJURY / DRIVE AWAY,,,"OVER $1,500",11/07/2021 10:15:00 PM,FAILING TO YIELD RIGHT-OF-WAY,UNABLE TO DETERMINE,3100,N,HALSTED ST,1933,2,NO INDICATION OF INJURY,0,0,0,0,0,4,0,21,1,11,,,
30,NO CONTROLS,NO CONTROLS,CLEAR,DAYLIGHT,PEDESTRIAN,ONE-WAY,STRAIGHT AND LEVEL,DRY,NO DEFECTS,ON SCENE,INJURY AND / OR TOW DUE TO CRASH,,Y,"OVER $1,500",09/16/2022 03:03:00 PM,UNABLE TO DETERMINE,UNABLE TO DETERMINE,2816,E,77TH ST,421,2,NONINCAPACITATING INJURY,1,0,0,1,0,1,0,15,6,9,41.755599125,-87.556138042,POINT (-87.556138041997 41.755599125017)
30,STOP SIGN/FLASHER,FUNCTIONING PROPERLY,CLEAR,DAYLIGHT,ANGLE,DIVIDED - W/MEDIAN BARRIER,STRAIGHT AND LEVEL,DRY,NO DEFECTS,NOT ON SCENE (DESK REPORT),NO INJURY / DRIVE AWAY,,Y,"$501 - $1,500",02/07/2021 12:15:00 PM,FAILING TO YIELD RIGHT-OF-WAY,NOT APPLICABLE,5500,N,HARLEM AVE,1613,2,NO INDICATION OF INJURY,0,0,0,0,0,2,0,11,1,2,,,
35,TRAFFIC SIGNAL,FUNCTIONING PROPERLY,CLEAR,DAYLIGHT,TURNING,NOT DIVIDED,STRAIGHT AND LEVEL,DRY,NO DEFECTS,NOT ON SCENE (DESK REPORT),NO INJURY / DRIVE AWAY,N,,$500 OR LESS,07/27/2018 09:11:00 PM,IMPROPER OVERTAKING/PASSING,FAILING TO REDUCE SPEED TO AVOID CRASH,999,N,FRANKLIN ST,1823,2,NO INDICATION OF INJURY,0,0,0,0,0,2,0,14,6,7,,,
20,NO CONTROLS,NO CONTROLS,CLEAR,DAYLIGHT,SIDESWIPE SAME DIRECTION,ONE-WAY,STRAIGHT AND LEVEL,DRY,NO DEFECTS,ON SCENE,NO INJURY / DRIVE AWAY,,,"OVER $1,500",10/17/2021 01:15:00 PM,UNABLE TO DETERMINE,NOT APPLICABLE,1,W,TERMINAL ST,1651,2,NO INDICATION OF INJURY,0,0,0,0,0,2,0,13,1,10,,,
35,LANE USE MARKING,FUNCTIONING PROPERLY,SNOW,DAYLIGHT,FIXED OBJECT,DIVIDED - W/MEDIAN BARRIER,"CURVE, LEVEL",SNOW OR SLUSH,NO DEFECTS,ON SCENE,INJURY AND / OR TOW DUE TO CRASH,,,"OVER $1,500",11/27/2018 09:00:00 AM,EXCEEDING SAFE SPEED FOR CONDITIONS,FAILING TO REDUCE SPEED TO AVOID CRASH,8801,S,CHICAGO SKYWAY IB,423,1,NO INDICATION OF INJURY,0,0,0,0,0,1,0,8,3,11,,,
30,TRAFFIC SIGNAL,FUNCTIONING PROPERLY,CLEAR,DAYLIGHT,ANGLE,ONE-WAY,STRAIGHT AND LEVEL,DRY,NO DEFECTS,ON SCENE,INJURY AND / OR TOW DUE TO CRASH,Y,,"OVER $1,500",07/25/2023 03:49:00 PM,UNABLE TO DETERMINE,UNABLE TO DETERMINE,5700,S,WENTWORTH AVE,232,2,NO INDICATION OF INJURY,0,0,0,0,0,7,0,15,3,7,,,
35,TRAFFIC SIGNAL,FUNCTIONING PROPERLY,CLEAR,"DARKNESS, LIGHTED ROAD",REAR END,DIVIDED - W/MEDIAN (NOT RAISED),STRAIGHT AND LEVEL,DRY,NO DEFECTS,ON SCENE,NO INJURY / DRIVE AWAY,,Y,"OVER $1,500",10/28/2017 08:45:00 PM,FOLLOWING TOO CLOSELY,FOLLOWING TOO CLOSELY,704,S,DAMEN AVE,1225,2,NO INDICATION OF INJURY,0,0,0,0,0,3,0,20,7,10,0,0,POINT (0 0)
30,TRAFFIC SIGNAL,FUNCTIONING PROPERLY,CLEAR,DAYLIGHT,PEDESTRIAN,OTHER,STRAIGHT AND LEVEL,DRY,NO DEFECTS,ON SCENE,INJURY AND / OR TOW DUE TO CRASH,Y,Y,"OVER $1,500",11/05/2018 03:56:00 PM,"OPERATING VEHICLE IN ERRATIC, RECKLESS, CARELESS, NEGLIGENT OR AGGRESSIVE MANNER",DRIVING SKILLS/KNOWLEDGE/EXPERIENCE,5500,S,WENTWORTH AVE,225,2,INCAPACITATING INJURY,1,0,1,0,0,1,0,15,2,11,,,
30,NO CONTROLS,NO CONTROLS,CLEAR,DAYLIGHT,ANGLE,PARKING LOT,STRAIGHT AND LEVEL,DRY,NO DEFECTS,NOT ON SCENE (DESK REPORT),NO INJURY / DRIVE AWAY,,,"OVER $1,500",06/03/2016 08:55:00 AM,UNABLE TO DETERMINE,UNABLE TO DETERMINE,1951,N,WESTERN AVE,1434,2,NO INDICATION OF INJURY,0,0,0,0,0,2,0,9,5,6,41.917103631,-87.687248767,POINT (-87.687248767006 41.917103631009)
30,NO CONTROLS,NO CONTROLS,CLEAR,"DARKNESS, LIGHTED ROAD",PARKED MOTOR VEHICLE,ONE-WAY,STRAIGHT AND LEVEL,DRY,NO DEFECTS,ON SCENE,INJURY AND / OR TOW DUE TO CRASH,,,"OVER $1,500",04/12/2023 12:19:00 AM,FAILING TO REDUCE SPEED TO AVOID CRASH,UNABLE TO DETERMINE,8959,S,MERRILL AVE,413,2,INCAPACITATING INJURY,1,0,1,0,0,0,0,22,3,4,41.73172719,-87.571792876,POINT (-87.571792875954 41.731727189963)
25,NO CONTROLS,NO CONTROLS,CLEAR,DAYLIGHT,SIDESWIPE SAME DIRECTION,OTHER,STRAIGHT AND LEVEL,DRY,UNKNOWN,ON SCENE,NO INJURY / DRIVE AWAY,,,"$501 - $1,500",06/15/2022 06:20:00 PM,UNABLE TO DETERMINE,NOT APPLICABLE,5,W,TERMINAL ST,1655,2,NO INDICATION OF INJURY,0,0,0,0,0,2,0,18,4,6,,,
30,TRAFFIC SIGNAL,FUNCTIONING PROPERLY,CLEAR,DAYLIGHT,REAR END,FOUR WAY,STRAIGHT AND LEVEL,DRY,NO DEFECTS,NOT ON SCENE (DESK REPORT),INJURY AND / OR TOW DUE TO CRASH,N,,"OVER $1,500",07/11/2022 01:25:00 PM,FOLLOWING TOO CLOSELY,NOT APPLICABLE,4001,W,PETERSON AVE,1711,2,NONINCAPACITATING INJURY,1,0,0,1,0,1,0,15,4,7,41.990024694,-87.728708871,POINT (-87.728708871015 41.990024694008)
30,NO CONTROLS,NO CONTROLS,CLEAR,DAYLIGHT,REAR END,NOT DIVIDED,STRAIGHT AND LEVEL,DRY,UNKNOWN,ON SCENE,INJURY AND / OR TOW DUE TO CRASH,,Y,"OVER $1,500",08/16/2019 04:14:00 PM,UNABLE TO DETERMINE,UNABLE TO DETERMINE,1459,N,CICERO AVE,2533,2,NO INDICATION OF INJURY,0,0,0,0,0,3,0,16,6,8,41.907717718,-87.745916874,POINT (-87.745916874041 41.907717717976)
15,NO CONTROLS,NO CONTROLS,CLEAR,DAYLIGHT,ANGLE,PARKING LOT,STRAIGHT AND LEVEL,DRY,NO DEFECTS,NOT ON SCENE (DESK REPORT),NO INJURY / DRIVE AWAY,,,$500 OR LESS,09/17/2016 01:45:00 PM,FAILING TO YIELD RIGHT-OF-WAY,IMPROPER BACKING,1320,E,47TH ST,222,2,NO INDICATION OF INJURY,0,0,0,0,0,5,0,13,7,9,41.809781151,-87.594212812,POINT (-87.594212812011 41.809781151018)
35,NO CONTROLS,NO CONTROLS,CLEAR,DAYLIGHT,PARKED MOTOR VEHICLE,PARKING LOT,STRAIGHT AND LEVEL,DRY,NO DEFECTS,NOT ON SCENE (DESK REPORT),NO INJURY / DRIVE AWAY,,Y,"OVER $1,500",09/04/2019 02:30:00 PM,UNABLE TO DETERMINE,UNABLE TO DETERMINE,5430,W,CHICAGO AVE,1524,2,NO INDICATION OF INJURY,0,0,0,0,0,1,0,13,4,9,41.894989505,-87.761902885,POINT (-87.761902884992 41.894989504972)
20,NO CONTROLS,NO CONTROLS,CLOUDY/OVERCAST,DAYLIGHT,PARKED MOTOR VEHICLE,ONE-WAY,STRAIGHT AND LEVEL,DRY,NO DEFECTS,ON SCENE,NO INJURY / DRIVE AWAY,,,"$501 - $1,500",12/29/2019 10:25:00 AM,IMPROPER OVERTAKING/PASSING,UNABLE TO DETERMINE,412,W,OHARE ST,1654,2,NO INDICATION OF INJURY,0,0,0,0,0,1,0,10,1,12,,,
30,NO CONTROLS,NO CONTROLS,CLEAR,DAYLIGHT,OTHER NONCOLLISION,DIVIDED - W/MEDIAN (NOT RAISED),STRAIGHT AND LEVEL,DRY,NO DEFECTS,,INJURY AND / OR TOW DUE TO CRASH,,,"OVER $1,500",05/20/2021 04:50:00 PM,UNABLE TO DETERMINE,NOT APPLICABLE,2822,W,NORTH AVE,1421,1,NONINCAPACITATING INJURY,1,0,0,1,0,0,0,16,5,5,41.910318888,-87.697966526,POINT (-87.697966526036 41.91031888795)
30,STOP SIGN/FLASHER,NO CONTROLS,CLEAR,DAYLIGHT,ANGLE,NOT DIVIDED,STRAIGHT AND LEVEL,WET,NO DEFECTS,NOT ON SCENE (DESK REPORT),NO INJURY / DRIVE AWAY,Y,,"OVER $1,500",03/22/2023 05:05:00 PM,FAILING TO YIELD RIGHT-OF-WAY,FAILING TO YIELD RIGHT-OF-WAY,748,E,MORGAN DR,233,2,NO INDICATION OF INJURY,0,0,0,0,0,4,0,15,4,3,,,
20,NO CONTROLS,NO CONTROLS,CLEAR,DAYLIGHT,SIDESWIPE SAME DIRECTION,ONE-WAY,STRAIGHT AND LEVEL,WET,NO DEFECTS,ON SCENE,NO INJURY / DRIVE AWAY,,,"$501 - $1,500",04/15/2019 07:58:00 AM,FAILING TO YIELD RIGHT-OF-WAY,NOT APPLICABLE,2,W,TERMINAL ST,1652,2,NO INDICATION OF INJURY,0,0,0,0,0,2,0,7,2,4,,,
30,NO CONTROLS,NO CONTROLS,CLEAR,DAYLIGHT,SIDESWIPE SAME DIRECTION,NOT DIVIDED,STRAIGHT AND LEVEL,DRY,NO DEFECTS,NOT ON SCENE (DESK REPORT),NO INJURY / DRIVE AWAY,,Y,"OVER $1,500",04/18/2017 04:34:00 PM,IMPROPER OVERTAKING/PASSING,NOT APPLICABLE,162,N,BESSIE COLEMAN DR,1654,2,NO INDICATION OF INJURY,0,0,0,0,0,2,0,11,3,4,,,
30,TRAFFIC SIGNAL,FUNCTIONING PROPERLY,UNKNOWN,"DARKNESS, LIGHTED ROAD",SIDESWIPE SAME DIRECTION,DIVIDED - W/MEDIAN (NOT RAISED),STRAIGHT AND LEVEL,UNKNOWN,UNKNOWN,NOT ON SCENE (DESK REPORT),NO INJURY / DRIVE AWAY,Y,,"$501 - $1,500",10/22/2018 12:15:00 AM,FAILING TO YIELD RIGHT-OF-WAY,FOLLOWING TOO CLOSELY,3156,W,DEVON AVE,2412,2,NO INDICATION OF INJURY,0,0,0,0,0,2,0,23,6,10,41.997501164,-87.709206143,POINT (-87.709206143033 41.997501164025)
15,NO CONTROLS,NO CONTROLS,CLEAR,"DARKNESS, LIGHTED ROAD",TURNING,OTHER,STRAIGHT AND LEVEL,DRY,NO DEFECTS,ON SCENE,NO INJURY / DRIVE AWAY,,,"$501 - $1,500",01/04/2020 05:26:00 PM,FAILING TO YIELD RIGHT-OF-WAY,NOT APPLICABLE,524,W,OHARE ST,1654,2,NO INDICATION OF INJURY,0,0,0,0,0,2,0,17,7,1,,,
30,TRAFFIC SIGNAL,FUNCTIONING PROPERLY,CLOUDY/OVERCAST,DUSK,TURNING,NOT DIVIDED,STRAIGHT AND LEVEL,UNKNOWN,UNKNOWN,ON SCENE,NO INJURY / DRIVE AWAY,Y,,"OVER $1,500",12/14/2021 03:52:00 PM,DISREGARDING ROAD MARKINGS,FAILING TO REDUCE SPEED TO AVOID CRASH,3441,W,GRAND AVE,1121,2,NO INDICATION OF INJURY,0,0,0,0,0,4,0,15,3,12,41.90052616,-87.712682588,POINT (-87.712682587959 41.900526159988)
35,TRAFFIC SIGNAL,FUNCTIONING PROPERLY,CLEAR,DAYLIGHT,REAR END,DIVIDED - W/MEDIAN BARRIER,STRAIGHT AND LEVEL,DRY,UNKNOWN,NOT ON SCENE (DESK REPORT),NO INJURY / DRIVE AWAY,,,"OVER $1,500",08/07/2020 05:15:00 AM,UNABLE TO DETERMINE,UNABLE TO DETERMINE,10700,W,HIGGINS RD,1654,2,NO INDICATION OF INJURY,0,0,0,0,0,2,0,5,6,8,,,
30,TRAFFIC SIGNAL,FUNCTIONING PROPERLY,UNKNOWN,DAYLIGHT,TURNING,T-INTERSECTION,STRAIGHT AND LEVEL,UNKNOWN,UNKNOWN,NOT ON SCENE (DESK REPORT),NO INJURY / DRIVE AWAY,Y,,"OVER $1,500",11/11/2021 03:00:00 PM,UNABLE TO DETERMINE,UNABLE TO DETERMINE,1901,E,HAYES DR,331,2,NO INDICATION OF INJURY,0,0,0,0,0,2,0,13,5,11,41.779845601,-87.578814915,POINT (-87.578814914971 41.779845600988)
10,NO CONTROLS,NO CONTROLS,CLEAR,"DARKNESS, LIGHTED ROAD",PARKED MOTOR VEHICLE,PARKING LOT,STRAIGHT AND LEVEL,DRY,UNKNOWN,NOT ON SCENE (DESK REPORT),NO INJURY / DRIVE AWAY,,,$500 OR LESS,09/30/2022 10:15:00 AM,DRIVING SKILLS/KNOWLEDGE/EXPERIENCE,UNABLE TO DETERMINE,1533,W,JARVIS AVE,2423,3,NO INDICATION OF INJURY,0,0,0,0,0,1,0,22,5,9,42.015901674,-87.669442135,POINT (-87.669442135045 42.015901673999)