POSTED_SPEED_LIMIT,TRAFFIC_CONTROL_DEVICE,DEVICE_CONDITION,WEATHER_CONDITION,LIGHTING_CONDITION,FIRST_CRASH_TYPE,TRAFFICWAY_TYPE,ALIGNMENT,ROADWAY_SURFACE_COND,ROAD_DEFECT,REPORT_TYPE,CRASH_TYPE,INTERSECTION_RELATED_I,HIT_AND_RUN_I,DAMAGE,DATE_POLICE_NOTIFIED,PRIM_CONTRIBUTORY_CAUSE,SEC_CONTRIBUTORY_CAUSE,STREET_NO,STREET_DIRECTION,STREET_NAME,BEAT_OF_OCCURRENCE,NUM_UNITS,MOST_SEVERE_INJURY,INJURIES_TOTAL,INJURIES_FATAL,INJURIES_INCAPACITATING,INJURIES_NON_INCAPACITATING,INJURIES_REPORTED_NOT_EVIDENT,INJURIES_NO_INDICATION,INJURIES_UNKNOWN,CRASH_HOUR,CRASH_DAY_OF_WEEK,CRASH_MONTH,LATITUDE,LONGITUDE,LOCATION
30,TRAFFIC SIGNAL,FUNCTIONING PROPERLY,CLOUDY/OVERCAST,DAYLIGHT,REAR END,DIVIDED - W/MEDIAN BARRIER,STRAIGHT ON HILLCREST,WET,NO DEFECTS,ON SCENE,INJURY AND / OR TOW DUE TO CRASH,,,"OVER $1,500",06/06/2022 02:03:00 PM,FOLLOWING TOO CLOSELY,WEATHER,162,N,BESSIE COLEMAN DR,1654,2,NO INDICATION OF INJURY,0,0,0,0,0,2,0,14,2,6,,,
30,TRAFFIC SIGNAL,FUNCTIONING PROPERLY,CLEAR,DAYLIGHT,REAR TO FRONT,NOT DIVIDED,STRAIGHT AND LEVEL,DRY,NO DEFECTS,NOT ON SCENE (DESK REPORT),NO INJURY / DRIVE AWAY,,Y,"OVER $1,500",04/15/2023 01:28:00 PM,UNABLE TO DETERMINE,UNABLE TO DETERMINE,4200,W,16TH ST,1012,2,NO INDICATION OF INJURY,0,0,0,0,0,3,0,13,7,4,41.858908833,-87.729904272,POINT (-87.729904271964 41.85890883299)
15,NO CONTROLS,NO CONTROLS,CLEAR,DAYLIGHT,PARKED MOTOR VEHICLE,ONE-WAY,STRAIGHT AND LEVEL,DRY,NO DEFECTS,ON SCENE,INJURY AND / OR TOW DUE TO CRASH,,,"$501 - $1,500",08/31/2021 04:00:00 PM,UNABLE TO DETERMINE,NOT APPLICABLE,6718,S,CLAREMONT AVE,832,2,INCAPACITATING INJURY,2,0,2,0,0,0,0,16,3,8,41.771378374,-87.682257916,POINT (-87.682257916023 41.771378373993)
30,UNKNOWN,UNKNOWN,CLEAR,DAYLIGHT,PARKED MOTOR VEHICLE,UNKNOWN,STRAIGHT AND LEVEL,DRY,NO DEFECTS,NOT ON SCENE (DESK REPORT),NO INJURY / DRIVE AWAY,,Y,$500 OR LESS,01/21/2023 01:30:00 PM,UNABLE TO DETERMINE,NOT APPLICABLE,1969,W,POLK ST,1231,2,NO INDICATION OF INJURY,0,0,0,0,0,1,0,16,6,1,41.871374327,-87.675972838,POINT (-87.675972837973 41.871374327018)
45,NO CONTROLS,NO CONTROLS,CLEAR,DUSK,REAR END,DIVIDED - W/MEDIAN BARRIER,STRAIGHT AND LEVEL,DRY,NO DEFECTS,ON SCENE,INJURY AND / OR TOW DUE TO CRASH,,,"OVER $1,500",10/14/2020 05:24:00 PM,"VISION OBSCURED (SIGNS, TREE LIMBS, BUILDINGS, ETC.)",FAILING TO REDUCE SPEED TO AVOID CRASH,10400,S,CHICAGO SKYWAY OB,432,2,"REPORTED, NOT EVIDENT",2,0,0,0,2,4,0,17,4,10,,,
35,NO CONTROLS,NO CONTROLS,CLEAR,DAYLIGHT,SIDESWIPE SAME DIRECTION,NOT DIVIDED,STRAIGHT AND LEVEL,DRY,OTHER,NOT ON SCENE (DESK REPORT),NO INJURY / DRIVE AWAY,,Y,"$501 - $1,500",09/24/2022 10:30:00 AM,FOLLOWING TOO CLOSELY,IMPROPER LANE USAGE,5800,N,NAGLE AVE,1611,2,NO INDICATION OF INJURY,0,0,0,0,0,2,0,10,7,9,41.985976968,-87.78782345,POINT (-87.787823450015 41.985976968036)
30,TRAFFIC SIGNAL,FUNCTIONING PROPERLY,CLEAR,"DARKNESS, LIGHTED ROAD",TURNING,ONE-WAY,STRAIGHT AND LEVEL,DRY,NO DEFECTS,NOT ON SCENE (DESK REPORT),NO INJURY / DRIVE AWAY,N,,"OVER $1,500",12/07/2018 09:15:00 PM,IMPROPER OVERTAKING/PASSING,NOT APPLICABLE,155,E,CHESTNUT ST,1833,2,NO INDICATION OF INJURY,0,0,0,0,0,2,0,19,6,12,41.898281926,-87.623676538,POINT (-87.623676537964 41.898281925955)
30,NO CONTROLS,NO CONTROLS,RAIN,DAYLIGHT,REAR END,NOT DIVIDED,STRAIGHT AND LEVEL,WET,NO DEFECTS,ON SCENE,INJURY AND / OR TOW DUE TO CRASH,,Y,"OVER $1,500",11/21/2021 08:05:00 AM,"OPERATING VEHICLE IN ERRATIC, RECKLESS, CARELESS, NEGLIGENT OR AGGRESSIVE MANNER",FAILING TO REDUCE SPEED TO AVOID CRASH,1236,N,LARAMIE AVE,2532,4,NO INDICATION OF INJURY,0,0,0,0,0,3,0,8,1,11,41.90332402,-87.755945409,POINT (-87.755945409018 41.903324020024)
30,TRAFFIC SIGNAL,FUNCTIONING PROPERLY,CLEAR,DAYLIGHT,REAR END,NOT DIVIDED,STRAIGHT AND LEVEL,DRY,NO DEFECTS,NOT ON SCENE (DESK REPORT),NO INJURY / DRIVE AWAY,,Y,"OVER $1,500",11/06/2022 09:40:00 PM,FOLLOWING TOO CLOSELY,UNABLE TO DETERMINE,8300,S,STONY ISLAND AVE,412,2,NO INDICATION OF INJURY,0,0,0,0,0,4,0,18,1,11,41.744151639,-87.585945067,POINT (-87.585945066953 41.744151639042)
30,NO CONTROLS,NO CONTROLS,UNKNOWN,UNKNOWN,PARKED MOTOR VEHICLE,NOT DIVIDED,STRAIGHT AND LEVEL,UNKNOWN,NO DEFECTS,ON SCENE,INJURY AND / OR TOW DUE TO CRASH,,Y,"OVER $1,500",02/02/2019 05:53:00 PM,UNABLE TO DETERMINE,UNABLE TO DETERMINE,1744,W,MONTROSE AVE,1912,2,NO INDICATION OF INJURY,0,0,0,0,0,1,0,17,7,2,41.961656836,-87.672582218,POINT (-87.672582218013 41.961656835969)
10,NO CONTROLS,NO CONTROLS,CLEAR,DUSK,PARKED MOTOR VEHICLE,OTHER,STRAIGHT AND LEVEL,DRY,NO DEFECTS,NOT ON SCENE (DESK REPORT),NO INJURY / DRIVE AWAY,,,"OVER $1,500",09/18/2020 09:54:00 AM,IMPROPER BACKING,UNABLE TO DETERMINE,43,N,HOMAN BLVD,1123,2,NO INDICATION OF INJURY,0,0,0,0,0,4,0,19,5,9,41.882211292,-87.710898608,POINT (-87.710898608036 41.882211292041)
25,LANE USE MARKING,FUNCTIONING PROPERLY,CLEAR,DAYLIGHT,SIDESWIPE SAME DIRECTION,ONE-WAY,"CURVE, LEVEL",DRY,NO DEFECTS,ON SCENE,NO INJURY / DRIVE AWAY,,,"$501 - $1,500",09/20/2018 05:13:00 PM,DRIVING SKILLS/KNOWLEDGE/EXPERIENCE,NOT APPLICABLE,3,W,TERMINAL ST,1653,2,NO INDICATION OF INJURY,0,0,0,0,0,2,0,17,5,9,,,
30,STOP SIGN/FLASHER,FUNCTIONING PROPERLY,CLEAR,DUSK,TURNING,NOT DIVIDED,STRAIGHT AND LEVEL,DRY,NO DEFECTS,ON SCENE,NO INJURY / DRIVE AWAY,,,"OVER $1,500",09/24/2016 07:35:00 PM,NOT APPLICABLE,NOT APPLICABLE,8327,S,PULASKI RD,834,2,NO INDICATION OF INJURY,0,0,0,0,0,5,0,18,7,9,41.741374167,-87.721506394,POINT (-87.721506393957 41.741374166961)
30,TRAFFIC SIGNAL,FUNCTIONING PROPERLY,RAIN,"DARKNESS, LIGHTED ROAD",ANGLE,NOT DIVIDED,STRAIGHT AND LEVEL,WET,NO DEFECTS,NOT ON SCENE (DESK REPORT),INJURY AND / OR TOW DUE TO CRASH,,Y,"OVER $1,500",07/15/2023 02:08:00 AM,UNABLE TO DETERMINE,UNABLE TO DETERMINE,495,N,MILWAUKEE AVE,1214,2,NO INDICATION OF INJURY,0,0,0,0,0,2,0,1,7,7,41.891134744,-87.647295851,POINT (-87.64729585103 41.891134744023)
30,NO CONTROLS,NO CONTROLS,CLEAR,UNKNOWN,PARKED MOTOR VEHICLE,NOT DIVIDED,STRAIGHT AND LEVEL,DRY,NO DEFECTS,ON SCENE,NO INJURY / DRIVE AWAY,,Y,"OVER $1,500",10/25/2022 07:44:00 AM,UNABLE TO DETERMINE,UNABLE TO DETERMINE,1105,W,FOSTER AVE,2033,2,NO INDICATION OF INJURY,0,0,0,0,0,1,0,7,3,10,41.976239078,-87.658076766,POINT (-87.658076765981 41.976239078013)
30,TRAFFIC SIGNAL,FUNCTIONING PROPERLY,CLEAR,DAYLIGHT,SIDESWIPE SAME DIRECTION,ONE-WAY,STRAIGHT AND LEVEL,DRY,OTHER,NOT ON SCENE (DESK REPORT),NO INJURY / DRIVE AWAY,Y,,"OVER $1,500",08/02/2018 01:45:00 PM,FAILING TO YIELD RIGHT-OF-WAY,UNABLE TO DETERMINE,4656,S,WELLS ST,925,2,NO INDICATION OF INJURY,0,0,0,0,0,2,0,13,5,8,,,
30,NO CONTROLS,NO CONTROLS,UNKNOWN,DAYLIGHT,REAR END,NOT DIVIDED,STRAIGHT AND LEVEL,UNKNOWN,UNKNOWN,NOT ON SCENE (DESK REPORT),NO INJURY / DRIVE AWAY,,Y,"OVER $1,500",07/07/2021 10:00:00 AM,UNABLE TO DETERMINE,UNABLE TO DETERMINE,1900,E,75TH ST,333,2,NO INDICATION OF INJURY,0,0,0,0,0,2,0,14,6,7,41.758960279,-87.578523141,POINT (-87.578523140973 41.758960278959)
30,TRAFFIC SIGNAL,FUNCTIONING PROPERLY,UNKNOWN,UNKNOWN,ANGLE,FOUR WAY,STRAIGHT AND LEVEL,UNKNOWN,NO DEFECTS,NOT ON SCENE (DESK REPORT),NO INJURY / DRIVE AWAY,Y,,"OVER $1,500",04/19/2023 11:00:00 AM,UNABLE TO DETERMINE,NOT APPLICABLE,3607,W,FULLERTON AVE,2525,2,NO INDICATION OF INJURY,0,0,0,0,0,2,0,15,7,4,41.924490094,-87.717288131,POINT (-87.717288130979 41.924490093998)
30,NO CONTROLS,NO CONTROLS,UNKNOWN,UNKNOWN,PARKED MOTOR VEHICLE,ONE-WAY,STRAIGHT AND LEVEL,UNKNOWN,NO DEFECTS,ON SCENE,NO INJURY / DRIVE AWAY,,Y,"OVER $1,500",10/14/2017 01:50:00 PM,NOT APPLICABLE,NOT APPLICABLE,2121,W,71ST ST,735,2,NO INDICATION OF INJURY,0,0,0,0,0,1,0,2,7,10,41.764664005,-87.676839088,POINT (-87.676839088029 41.76466400504)
30,TRAFFIC SIGNAL,FUNCTIONING PROPERLY,CLEAR,"DARKNESS, LIGHTED ROAD",TURNING,ONE-WAY,STRAIGHT AND LEVEL,DRY,NO DEFECTS,NOT ON SCENE (DESK REPORT),NO INJURY / DRIVE AWAY,,,"$501 - $1,500",04/21/2019 09:55:00 PM,FAILING TO YIELD RIGHT-OF-WAY,NOT APPLICABLE,127,E,GRAND AVE,1834,2,NO INDICATION OF INJURY,0,0,0,0,0,2,0,20,1,4,41.891621161,-87.624253929,POINT (-87.624253929022 41.891621161011)
30,STOP SIGN/FLASHER,FUNCTIONING PROPERLY,CLEAR,DAYLIGHT,SIDESWIPE SAME DIRECTION,NOT DIVIDED,STRAIGHT AND LEVEL,DRY,NO DEFECTS,NOT ON SCENE (DESK REPORT),NO INJURY / DRIVE AWAY,,,"$501 - $1,500",01/13/2022 09:45:00 AM,UNABLE TO DETERMINE,UNABLE TO DETERMINE,4402,N,ROCKWELL ST,1911,2,NO INDICATION OF INJURY,0,0,0,0,0,2,0,7,5,1,41.9613821,-87.693721472,POINT (-87.693721472018 41.961382099963)
30,NO CONTROLS,NO CONTROLS,CLEAR,DAYLIGHT,SIDESWIPE SAME DIRECTION,NOT DIVIDED,STRAIGHT AND LEVEL,DRY,NO DEFECTS,NOT ON SCENE (DESK REPORT),NO INJURY / DRIVE AWAY,,,"OVER $1,500",02/26/2018 02:25:00 PM,UNABLE TO DETERMINE,UNABLE TO DETERMINE,6900,N,SHERIDAN RD,2431,2,NO INDICATION OF INJURY,0,0,0,0,0,2,0,13,2,2,42.006801604,-87.661457734,POINT (-87.661457733969 42.006801603988)
30,NO CONTROLS,NO CONTROLS,CLEAR,DAYLIGHT,REAR END,NOT DIVIDED,STRAIGHT AND LEVEL,DRY,NO DEFECTS,NOT ON SCENE (DESK REPORT),NO INJURY / DRIVE AWAY,,,"$501 - $1,500",12/03/2022 03:00:00 PM,FOLLOWING TOO CLOSELY,NOT APPLICABLE,2428,W,63RD ST,825,2,NO INDICATION OF INJURY,0,0,0,0,0,3,0,14,7,12,41.779351179,-87.684804466,POINT (-87.684804465996 41.779351179003)
30,TRAFFIC SIGNAL,UNKNOWN,CLEAR,"DARKNESS, LIGHTED ROAD",ANGLE,NOT DIVIDED,STRAIGHT AND LEVEL,UNKNOWN,UNKNOWN,ON SCENE,NO INJURY / DRIVE AWAY,Y,,"OVER $1,500",06/25/2017 02:00:00 AM,DISREGARDING TRAFFIC SIGNALS,FAILING TO YIELD RIGHT-OF-WAY,5900,S,WENTWORTH AVE,232,2,NO INDICATION OF INJURY,0,0,0,0,0,2,0,1,1,6,,,
15,NO CONTROLS,NO CONTROLS,CLEAR,DAYLIGHT,SIDESWIPE SAME DIRECTION,ONE-WAY,STRAIGHT AND LEVEL,DRY,NO DEFECTS,ON SCENE,NO INJURY / DRIVE AWAY,,Y,"$501 - $1,500",09/02/2021 07:10:00 AM,FAILING TO YIELD RIGHT-OF-WAY,FAILING TO YIELD RIGHT-OF-WAY,2,W,TERMINAL ST,1652,2,NO INDICATION OF INJURY,0,0,0,0,0,2,0,7,5,9,,,
30,NO CONTROLS,NO CONTROLS,CLEAR,"DARKNESS, LIGHTED ROAD",PARKED MOTOR VEHICLE,ONE-WAY,STRAIGHT AND LEVEL,DRY,NO DEFECTS,ON SCENE,NO INJURY / DRIVE AWAY,,Y,"OVER $1,500",07/30/2016 10:25:00 PM,EXCEEDING AUTHORIZED SPEED LIMIT,IMPROPER BACKING,34453,W,12TH PL,1021,2,NO INDICATION OF INJURY,0,0,0,0,0,1,0,21,7,7,,,
30,NO CONTROLS,NO CONTROLS,CLEAR,"DARKNESS, LIGHTED ROAD",REAR TO FRONT,NOT DIVIDED,STRAIGHT AND LEVEL,UNKNOWN,UNKNOWN,NOT ON SCENE (DESK REPORT),NO INJURY / DRIVE AWAY,,,"$501 - $1,500",12/09/2019 11:20:00 AM,UNABLE TO DETERMINE,UNABLE TO DETERMINE,6401,N,CALIFORNIA AVE,2412,2,NO INDICATION OF INJURY,0,0,0,0,0,2,0,9,5,12,41.997655095,-87.699498438,POINT (-87.699498437993 41.997655095)
30,NO CONTROLS,NO CONTROLS,CLEAR,"DARKNESS, LIGHTED ROAD",SIDESWIPE SAME DIRECTION,DIVIDED - W/MEDIAN (NOT RAISED),STRAIGHT ON HILLCREST,DRY,NO DEFECTS,NOT ON SCENE (DESK REPORT),INJURY AND / OR TOW DUE TO CRASH,,Y,"OVER $1,500",02/23/2023 06:40:00 PM,NOT APPLICABLE,NOT APPLICABLE,3130,E,106TH ST,431,2,NONINCAPACITATING INJURY,1,0,0,1,0,1,0,18,5,2,41.702875349,-87.547553995,POINT (-87.547553995031 41.702875348985)
30,NO CONTROLS,NO CONTROLS,UNKNOWN,UNKNOWN,REAR END,OTHER,STRAIGHT AND LEVEL,UNKNOWN,UNKNOWN,NOT ON SCENE (DESK REPORT),NO INJURY / DRIVE AWAY,,,"$501 - $1,500",01/09/2023 05:00:00 PM,UNABLE TO DETERMINE,NOT APPLICABLE,29,S,PULASKI RD,1122,2,NO INDICATION OF INJURY,0,0,0,0,0,2,0,16,2,1,41.879813058,-87.725492182,POINT (-87.725492182032 41.879813057952)
30,STOP SIGN/FLASHER,FUNCTIONING PROPERLY,CLEAR,DAYLIGHT,SIDESWIPE SAME DIRECTION,OTHER,STRAIGHT AND LEVEL,DRY,NO DEFECTS,ON SCENE,NO INJURY / DRIVE AWAY,,,"$501 - $1,500",06/04/2020 09:19:00 AM,IMPROPER OVERTAKING/PASSING,NOT APPLICABLE,6259,S,LAKE SHORE DR,331,2,NO INDICATION OF INJURY,0,0,0,0,0,3,0,9,5,6,,,
30,TRAFFIC SIGNAL,FUNCTIONING PROPERLY,CLEAR,DAYLIGHT,REAR END,NOT DIVIDED,STRAIGHT AND LEVEL,DRY,NO DEFECTS,NOT ON SCENE (DESK REPORT),NO INJURY / DRIVE AWAY,,Y,"OVER $1,500",04/01/2017 03:25:00 PM,FOLLOWING TOO CLOSELY,NOT APPLICABLE,7501,S,STONY ISLAND AVE,411,2,NO INDICATION OF INJURY,0,0,0,0,0,2,0,15,7,4,41.75872376,-87.585590902,POINT (-87.585590902031 41.758723759994)
30,TRAFFIC SIGNAL,UNKNOWN,UNKNOWN,UNKNOWN,PEDESTRIAN,NOT DIVIDED,STRAIGHT AND LEVEL,UNKNOWN,UNKNOWN,NOT ON SCENE (DESK REPORT),INJURY AND / OR TOW DUE TO CRASH,Y,Y,$500 OR LESS,11/27/2015 01:30:00 PM,FAILING TO YIELD RIGHT-OF-WAY,NOT APPLICABLE,2159,S,CENTRAL PARK AVE,1024,2,NONINCAPACITATING INJURY,1,0,0,1,0,1,0,13,5,11,41.851753289,-87.714854932,POINT (-87.714854932039 41.851753289003)
35,TRAFFIC SIGNAL,FUNCTIONING PROPERLY,RAIN,DUSK,FIXED OBJECT,DIVIDED - W/MEDIAN BARRIER,STRAIGHT AND LEVEL,WET,NO DEFECTS,ON SCENE,INJURY AND / OR TOW DUE TO CRASH,,,"OVER $1,500",06/29/2020 06:55:00 PM,WEATHER,NOT APPLICABLE,1799,E,57TH DR,331,1,NO INDICATION OF INJURY,0,0,0,0,0,1,0,18,2,6,,,
30,TRAFFIC SIGNAL,FUNCTIONING PROPERLY,CLEAR,DAYLIGHT,FIXED OBJECT,NOT DIVIDED,STRAIGHT AND LEVEL,DRY,NO DEFECTS,ON SCENE,INJURY AND / OR TOW DUE TO CRASH,,,"$501 - $1,500",10/07/2020 08:30:00 AM,DRIVING ON WRONG SIDE/WRONG WAY,NOT APPLICABLE,2950,W,HARRISON ST,1135,2,NO INDICATION OF INJURY,0,0,0,0,0,4,0,8,4,10,41.873860438,-87.700586149,POINT (-87.700586148982 41.873860438041)
30,TRAFFIC SIGNAL,FUNCTIONING PROPERLY,CLEAR,DAYLIGHT,REAR END,NOT DIVIDED,STRAIGHT AND LEVEL,DRY,NO DEFECTS,NOT ON SCENE (DESK REPORT),NO INJURY / DRIVE AWAY,,,"$501 - $1,500",10/13/2022 09:34:00 AM,FOLLOWING TOO CLOSELY,NOT APPLICABLE,2402,W,87TH ST,835,2,NO INDICATION OF INJURY,0,0,0,0,0,2,0,8,5,10,41.735634268,-87.682733396,POINT (-87.682733396015 41.735634268007)
30,TRAFFIC SIGNAL,FUNCTIONING PROPERLY,CLEAR,DAYLIGHT,REAR END,NOT DIVIDED,STRAIGHT AND LEVEL,OTHER,UNKNOWN,NOT ON SCENE (DESK REPORT),NO INJURY / DRIVE AWAY,,,"$501 - $1,500",03/30/2023 10:43:00 AM,DRIVING SKILLS/KNOWLEDGE/EXPERIENCE,DRIVING SKILLS/KNOWLEDGE/EXPERIENCE,6211,W,MONTROSE AVE,1624,2,NO INDICATION OF INJURY,0,0,0,0,0,2,0,8,5,3,41.960168681,-87.782360111,POINT (-87.78236011098 41.960168680968)
25,POLICE/FLAGMAN,WORN REFLECTIVE MATERIAL,CLEAR,"DARKNESS, LIGHTED ROAD",PEDESTRIAN,ONE-WAY,STRAIGHT AND LEVEL,SNOW OR SLUSH,NO DEFECTS,ON SCENE,NO INJURY / DRIVE AWAY,,,$500 OR LESS,01/23/2022 08:18:00 PM,"VISION OBSCURED (SIGNS, TREE LIMBS, BUILDINGS, ETC.)",UNABLE TO DETERMINE,3,W,TERMINAL ST,1653,2,NO INDICATION OF INJURY,0,0,0,0,0,2,0,20,1,1,,,
30,NO CONTROLS,NO CONTROLS,CLEAR,"DARKNESS, LIGHTED ROAD",ANGLE,NOT DIVIDED,STRAIGHT AND LEVEL,DRY,NO DEFECTS,NOT ON SCENE (DESK REPORT),NO INJURY / DRIVE AWAY,Y,,"OVER $1,500",09/25/2016 12:09:00 AM,UNABLE TO DETERMINE,UNABLE TO DETERMINE,1599,W,KINZIE ST,1215,2,NO INDICATION OF INJURY,0,0,0,0,0,2,0,23,7,9,,,
30,NO CONTROLS,NO CONTROLS,CLEAR,DAYLIGHT,PARKED MOTOR VEHICLE,NOT DIVIDED,STRAIGHT AND LEVEL,DRY,NO DEFECTS,ON SCENE,NO INJURY / DRIVE AWAY,,,"$501 - $1,500",07/28/2023 09:31:00 AM,DRIVING SKILLS/KNOWLEDGE/EXPERIENCE,IMPROPER BACKING,6342,N,RIDGEWAY AVE,1711,2,NO INDICATION OF INJURY,0,0,0,0,0,1,0,9,6,7,41.996819861,-87.722894106,POINT (-87.72289410601 41.996819861017)
30,TRAFFIC SIGNAL,FUNCTIONING PROPERLY,CLEAR,"DARKNESS, LIGHTED ROAD",PEDESTRIAN,NOT DIVIDED,STRAIGHT AND LEVEL,DRY,NO DEFECTS,ON SCENE,INJURY AND / OR TOW DUE TO CRASH,Y,,$500 OR LESS,11/01/2020 09:16:00 PM,"EVASIVE ACTION DUE TO ANIMAL, OBJECT, NONMOTORIST",NOT APPLICABLE,4401,N,CENTRAL AVE,1623,2,NONINCAPACITATING INJURY,1,0,0,1,0,1,0,21,1,11,41.960532229,-87.767097026,POINT (-87.767097025983 41.960532228999)
30,NO CONTROLS,NO CONTROLS,CLEAR,DAYLIGHT,TURNING,DIVIDED - W/MEDIAN (NOT RAISED),STRAIGHT AND LEVEL,DRY,NO DEFECTS,ON SCENE,NO INJURY / DRIVE AWAY,,,"OVER $1,500",06/21/2021 04:30:00 PM,UNABLE TO DETERMINE,UNABLE TO DETERMINE,6507,N,NORTHWEST HWY,1611,2,NO INDICATION OF INJURY,0,0,0,0,0,2,0,16,2,6,41.999168129,-87.81017609,POINT (-87.810176089956 41.999168128972)
30,TRAFFIC SIGNAL,FUNCTIONING PROPERLY,CLEAR,DAYLIGHT,TURNING,NOT DIVIDED,STRAIGHT AND LEVEL,DRY,NO DEFECTS,NOT ON SCENE (DESK REPORT),NO INJURY / DRIVE AWAY,Y,,"$501 - $1,500",03/04/2023 09:15:00 AM,NOT APPLICABLE,NOT APPLICABLE,799,W,26TH ST,914,2,NO INDICATION OF INJURY,0,0,0,0,0,2,0,9,7,3,,,
30,NO CONTROLS,NO CONTROLS,RAIN,DAYLIGHT,TURNING,DIVIDED - W/MEDIAN (NOT RAISED),STRAIGHT AND LEVEL,WET,UNKNOWN,ON SCENE,NO INJURY / DRIVE AWAY,Y,,"$501 - $1,500",06/04/2019 09:41:00 AM,UNABLE TO DETERMINE,NOT APPLICABLE,28,N,BESSIE COLEMAN DR,1654,2,NO INDICATION OF INJURY,0,0,0,0,0,2,0,9,3,6,,,
5,OTHER REG. SIGN,FUNCTIONING PROPERLY,CLEAR,"DARKNESS, LIGHTED ROAD",REAR END,DIVIDED - W/MEDIAN BARRIER,CURVE ON GRADE,DRY,NO DEFECTS,ON SCENE,NO INJURY / DRIVE AWAY,,,"$501 - $1,500",01/10/2017 07:34:00 PM,IMPROPER BACKING,DISREGARDING ROAD MARKINGS,8800,S,CHICAGO SKYWAY OB,412,2,NO INDICATION OF INJURY,0,0,0,0,0,2,0,19,3,1,,,
30,NO CONTROLS,NO CONTROLS,CLEAR,DAYLIGHT,REAR END,NOT DIVIDED,STRAIGHT AND LEVEL,DRY,UNKNOWN,NOT ON SCENE (DESK REPORT),NO INJURY / DRIVE AWAY,,,"OVER $1,500",07/14/2017 02:30:00 PM,FOLLOWING TOO CLOSELY,UNABLE TO DETERMINE,2653,S,CALIFORNIA AVE,1034,2,NO INDICATION OF INJURY,0,0,0,0,0,2,0,14,6,7,,,
30,STOP SIGN/FLASHER,OTHER,CLEAR,DAYLIGHT,ANGLE,FOUR WAY,STRAIGHT AND LEVEL,DRY,NO DEFECTS,ON SCENE,INJURY AND / OR TOW DUE TO CRASH,Y,,"OVER $1,500",07/25/2022 06:21:00 AM,FAILING TO YIELD RIGHT-OF-WAY,DISREGARDING OTHER TRAFFIC SIGNS,5500,S,WENTWORTH AVE,225,2,NONINCAPACITATING INJURY,1,0,0,1,0,1,0,6,2,7,,,
0,STOP SIGN/FLASHER,FUNCTIONING PROPERLY,CLEAR,"DARKNESS, LIGHTED ROAD",REAR END,NOT DIVIDED,STRAIGHT AND LEVEL,DRY,NO DEFECTS,NOT ON SCENE (DESK REPORT),NO INJURY / DRIVE AWAY,,,"$501 - $1,500",01/22/2016 10:10:00 AM,FOLLOWING TOO CLOSELY,UNABLE TO DETERMINE,10058,S,LONGWOOD DR,2213,2,NO INDICATION OF INJURY,0,0,0,0,0,2,0,18,5,1,41.710406145,-87.66940429,POINT (-87.669404290019 41.710406144968)
30,UNKNOWN,UNKNOWN,UNKNOWN,UNKNOWN,PEDESTRIAN,UNKNOWN,STRAIGHT AND LEVEL,UNKNOWN,UNKNOWN,NOT ON SCENE (DESK REPORT),INJURY AND / OR TOW DUE TO CRASH,,,$500 OR LESS,08/21/2017 10:00:00 AM,UNABLE TO DETERMINE,NOT APPLICABLE,2,W,OHARE ST,1654,2,NONINCAPACITATING INJURY,1,0,0,1,0,1,0,23,1,8,,,
30,NO CONTROLS,NO CONTROLS,CLEAR,DAYLIGHT,ANGLE,T-INTERSECTION,STRAIGHT AND LEVEL,DRY,NO DEFECTS,ON SCENE,NO INJURY / DRIVE AWAY,Y,,"OVER $1,500",09/24/2019 11:12:00 AM,FAILING TO YIELD RIGHT-OF-WAY,DRIVING SKILLS/KNOWLEDGE/EXPERIENCE,524,W,OHARE ST,1654,2,NO INDICATION OF INJURY,0,0,0,0,0,2,0,11,3,9,,,
0,NO CONTROLS,NO CONTROLS,CLEAR,DAYLIGHT,FIXED OBJECT,OTHER,STRAIGHT AND LEVEL,DRY,NO DEFECTS,ON SCENE,NO INJURY / DRIVE AWAY,,,"OVER $1,500",07/25/2017 01:21:00 PM,IMPROPER BACKING,UNABLE TO DETERMINE,5469,W,NORTH AVE,2532,1,NO INDICATION OF INJURY,0,0,0,0,0,1,0,13,3,7,41.909294322,-87.763395828,POINT (-87.763395828035 41.909294321981)
25,NO CONTROLS,NO CONTROLS,CLEAR,DAWN,PARKED MOTOR VEHICLE,ONE-WAY,STRAIGHT AND LEVEL,DRY,NO DEFECTS,NOT ON SCENE (DESK REPORT),NO INJURY / DRIVE AWAY,,Y,"OVER $1,500",08/08/2016 07:15:00 AM,UNABLE TO DETERMINE,UNABLE TO DETERMINE,2744,N,SAWYER AVE,1412,3,NO INDICATION OF INJURY,0,0,0,0,0,1,0,5,2,8,41.931542261,-87.708776823,POINT (-87.70877682296 41.931542260981)
30,TRAFFIC SIGNAL,FUNCTIONING PROPERLY,CLEAR,DAYLIGHT,REAR END,NOT DIVIDED,STRAIGHT AND LEVEL,DRY,NO DEFECTS,NOT ON SCENE (DESK REPORT),NO INJURY / DRIVE AWAY,,,"OVER $1,500",09/16/2020 07:54:00 AM,FOLLOWING TOO CLOSELY,NOT APPLICABLE,699,W,CONGRESS PKWY,124,2,NO INDICATION OF INJURY,0,0,0,0,0,2,0,14,5,9,,,