POSTED_SPEED_LIMIT,TRAFFIC_CONTROL_DEVICE,DEVICE_CONDITION,WEATHER_CONDITION,LIGHTING_CONDITION,FIRST_CRASH_TYPE,TRAFFICWAY_TYPE,ALIGNMENT,ROADWAY_SURFACE_COND,ROAD_DEFECT,REPORT_TYPE,CRASH_TYPE,INTERSECTION_RELATED_I,HIT_AND_RUN_I,DAMAGE,DATE_POLICE_NOTIFIED,PRIM_CONTRIBUTORY_CAUSE,SEC_CONTRIBUTORY_CAUSE,STREET_NO,STREET_DIRECTION,STREET_NAME,BEAT_OF_OCCURRENCE,NUM_UNITS,MOST_SEVERE_INJURY,INJURIES_TOTAL,INJURIES_FATAL,INJURIES_INCAPACITATING,INJURIES_NON_INCAPACITATING,INJURIES_REPORTED_NOT_EVIDENT,INJURIES_NO_INDICATION,INJURIES_UNKNOWN,CRASH_HOUR,CRASH_DAY_OF_WEEK,CRASH_MONTH,LATITUDE,LONGITUDE,LOCATION
30,TRAFFIC SIGNAL,FUNCTIONING PROPERLY,UNKNOWN,UNKNOWN,FIXED OBJECT,DIVIDED - W/MEDIAN (NOT RAISED),STRAIGHT AND LEVEL,WET,NO DEFECTS,ON SCENE,INJURY AND / OR TOW DUE TO CRASH,Y,,"OVER $1,500",12/10/2022 06:50:00 AM,UNABLE TO DETERMINE,NOT APPLICABLE,13000,S,STONY ISLAND AVE,434,1,NO INDICATION OF INJURY,0,0,0,0,0,1,0,6,7,12,,,
30,NO CONTROLS,NO CONTROLS,CLEAR,DAYLIGHT,SIDESWIPE SAME DIRECTION,NOT DIVIDED,STRAIGHT AND LEVEL,DRY,NO DEFECTS,ON SCENE,NO INJURY / DRIVE AWAY,,,"$501 - $1,500",07/01/2019 10:55:00 AM,FAILING TO YIELD RIGHT-OF-WAY,NOT APPLICABLE,5616,N,JERSEY AVE,1711,2,NO INDICATION OF INJURY,0,0,0,0,0,2,0,10,2,7,41.983543465,-87.709129638,POINT (-87.709129637995 41.983543465031)
30,NO CONTROLS,NO CONTROLS,CLEAR,DAYLIGHT,FIXED OBJECT,ONE-WAY,STRAIGHT AND LEVEL,DRY,NO DEFECTS,NOT ON SCENE (DESK REPORT),INJURY AND / OR TOW DUE TO CRASH,,,"OVER $1,500",04/19/2019 05:20:00 PM,UNABLE TO DETERMINE,NOT APPLICABLE,3050,S,LAKE SHORE DR SB,133,2,NO INDICATION OF INJURY,0,0,0,0,0,2,0,15,6,4,41.838792961,-87.608902658,POINT (-87.608902658017 41.838792960988)
25,NO CONTROLS,NO CONTROLS,CLEAR,DAYLIGHT,ANGLE,DIVIDED - W/MEDIAN BARRIER,STRAIGHT AND LEVEL,DRY,NO DEFECTS,ON SCENE,NO INJURY / DRIVE AWAY,,,"OVER $1,500",08/30/2019 05:23:00 PM,FAILING TO YIELD RIGHT-OF-WAY,UNABLE TO DETERMINE,2,W,HOTEL DR,1654,2,NO INDICATION OF INJURY,0,0,0,0,0,4,0,17,6,8,,,
30,NO CONTROLS,NO CONTROLS,CLEAR,"DARKNESS, LIGHTED ROAD",ANGLE,DIVIDED - W/MEDIAN (NOT RAISED),STRAIGHT AND LEVEL,DRY,NO DEFECTS,ON SCENE,INJURY AND / OR TOW DUE TO CRASH,,Y,"OVER $1,500",05/16/2022 10:35:00 PM,UNABLE TO DETERMINE,UNABLE TO DETERMINE,6545,N,SHERIDAN RD,2432,2,NONINCAPACITATING INJURY,1,0,0,1,0,6,0,22,2,5,42.001436563,-87.660595367,POINT (-87.660595366972 42.001436563032)
20,NO CONTROLS,NO CONTROLS,CLEAR,"DARKNESS, LIGHTED ROAD",PARKED MOTOR VEHICLE,ONE-WAY,STRAIGHT AND LEVEL,DRY,NO DEFECTS,ON SCENE,NO INJURY / DRIVE AWAY,,,$500 OR LESS,02/04/2023 10:06:00 PM,UNABLE TO DETERMINE,UNABLE TO DETERMINE,5,W,TERMINAL ST,1655,2,NO INDICATION OF INJURY,0,0,0,0,0,1,0,22,7,2,,,
15,NO CONTROLS,NO CONTROLS,CLEAR,DAYLIGHT,PARKED MOTOR VEHICLE,ONE-WAY,STRAIGHT AND LEVEL,DRY,NO DEFECTS,ON SCENE,INJURY AND / OR TOW DUE TO CRASH,,,"OVER $1,500",09/18/2021 10:45:00 AM,UNABLE TO DETERMINE,NOT APPLICABLE,3,W,TERMINAL ST,1653,2,NO INDICATION OF INJURY,0,0,0,0,0,1,0,10,7,9,,,
15,NO CONTROLS,NO CONTROLS,CLEAR,DAYLIGHT,SIDESWIPE OPPOSITE DIRECTION,PARKING LOT,STRAIGHT AND LEVEL,DRY,NO DEFECTS,ON SCENE,INJURY AND / OR TOW DUE TO CRASH,,,"OVER $1,500",11/24/2021 07:40:00 AM,FAILING TO YIELD RIGHT-OF-WAY,FAILING TO YIELD RIGHT-OF-WAY,93,N,BESSIE COLEMAN DR,1654,2,NO INDICATION OF INJURY,0,0,0,0,0,2,0,7,4,11,,,
30,NO CONTROLS,NO CONTROLS,CLEAR,"DARKNESS, LIGHTED ROAD",ANGLE,NOT DIVIDED,STRAIGHT AND LEVEL,DRY,NO DEFECTS,NOT ON SCENE (DESK REPORT),NO INJURY / DRIVE AWAY,Y,,"OVER $1,500",11/17/2020 06:20:00 PM,FAILING TO YIELD RIGHT-OF-WAY,UNABLE TO DETERMINE,3900,S,ARTESIAN AVE,921,2,NO INDICATION OF INJURY,0,0,0,0,0,2,0,17,3,11,41.822862314,-87.686242701,POINT (-87.68624270101 41.822862314026)
30,TRAFFIC SIGNAL,FUNCTIONING PROPERLY,CLEAR,DAYLIGHT,REAR END,NOT DIVIDED,STRAIGHT AND LEVEL,DRY,NO DEFECTS,NOT ON SCENE (DESK REPORT),NO INJURY / DRIVE AWAY,,Y,"$501 - $1,500",05/16/2017 11:30:00 AM,FAILING TO REDUCE SPEED TO AVOID CRASH,FOLLOWING TOO CLOSELY,1502,S,CLARK ST,131,2,NO INDICATION OF INJURY,0,0,0,0,0,2,0,10,3,5,41.861779653,-87.630395592,POINT (-87.630395591955 41.861779652985)
30,NO CONTROLS,NO CONTROLS,CLEAR,DAYLIGHT,REAR END,DIVIDED - W/MEDIAN (NOT RAISED),STRAIGHT AND LEVEL,WET,NO DEFECTS,NOT ON SCENE (DESK REPORT),NO INJURY / DRIVE AWAY,,,"OVER $1,500",12/02/2015 01:00:00 PM,WEATHER,NOT APPLICABLE,9531,S,STONY ISLAND AVE,431,2,NO INDICATION OF INJURY,0,0,0,0,0,2,0,9,4,12,41.721267719,-87.584839485,POINT (-87.584839485043 41.721267718978)
30,TRAFFIC SIGNAL,FUNCTIONING PROPERLY,CLEAR,DAYLIGHT,SIDESWIPE SAME DIRECTION,DIVIDED - W/MEDIAN (NOT RAISED),STRAIGHT AND LEVEL,DRY,NO DEFECTS,NOT ON SCENE (DESK REPORT),NO INJURY / DRIVE AWAY,Y,,"OVER $1,500",05/30/2023 03:25:00 PM,DRIVING SKILLS/KNOWLEDGE/EXPERIENCE,UNABLE TO DETERMINE,3108,N,HALSTED ST,1933,2,NO INDICATION OF INJURY,0,0,0,0,0,2,0,18,1,5,,,
30,NO CONTROLS,NO CONTROLS,CLEAR,DAYLIGHT,PARKED MOTOR VEHICLE,NOT DIVIDED,STRAIGHT AND LEVEL,DRY,NO DEFECTS,NOT ON SCENE (DESK REPORT),NO INJURY / DRIVE AWAY,,Y,"OVER $1,500",12/07/2021 05:40:00 PM,UNABLE TO DETERMINE,UNABLE TO DETERMINE,4447,W,55TH ST,813,2,NO INDICATION OF INJURY,0,0,0,0,0,1,0,13,2,12,41.792992462,-87.734844103,POINT (-87.734844103044 41.792992462024)
30,TRAFFIC SIGNAL,FUNCTIONING PROPERLY,UNKNOWN,DAYLIGHT,SIDESWIPE SAME DIRECTION,NOT DIVIDED,STRAIGHT AND LEVEL,UNKNOWN,NO DEFECTS,NOT ON SCENE (DESK REPORT),NO INJURY / DRIVE AWAY,Y,,"OVER $1,500",10/17/2021 10:30:00 AM,IMPROPER LANE USAGE,FAILING TO YIELD RIGHT-OF-WAY,6900,N,SHERIDAN RD,2431,2,NO INDICATION OF INJURY,0,0,0,0,0,2,0,10,5,10,42.006801604,-87.661457734,POINT (-87.661457733969 42.006801603988)
30,TRAFFIC SIGNAL,FUNCTIONING PROPERLY,CLEAR,"DARKNESS, LIGHTED ROAD",REAR END,CENTER TURN LANE,STRAIGHT AND LEVEL,DRY,NO DEFECTS,ON SCENE,NO INJURY / DRIVE AWAY,Y,,$500 OR LESS,01/28/2018 07:24:00 PM,FOLLOWING TOO CLOSELY,FAILING TO REDUCE SPEED TO AVOID CRASH,4600,S,LA SALLE ST,215,2,NO INDICATION OF INJURY,0,0,0,0,0,4,0,19,1,1,,,
25,NO CONTROLS,NO CONTROLS,CLEAR,DAYLIGHT,PARKED MOTOR VEHICLE,NOT DIVIDED,STRAIGHT AND LEVEL,SNOW OR SLUSH,NO DEFECTS,NOT ON SCENE (DESK REPORT),NO INJURY / DRIVE AWAY,,,"$501 - $1,500",02/03/2021 10:30:00 AM,UNABLE TO DETERMINE,UNABLE TO DETERMINE,2638,W,83RD PL,835,2,NO INDICATION OF INJURY,0,0,0,0,0,1,0,15,1,1,41.741925055,-87.689159451,POINT (-87.689159450967 41.741925054989)
50,UNKNOWN,UNKNOWN,CLEAR,DAYLIGHT,FIXED OBJECT,DIVIDED - W/MEDIAN BARRIER,STRAIGHT AND LEVEL,DRY,UNKNOWN,NOT ON SCENE (DESK REPORT),NO INJURY / DRIVE AWAY,,,"OVER $1,500",07/29/2022 10:11:00 AM,NOT APPLICABLE,NOT APPLICABLE,8800,S,CHICAGO SKYWAY OB,412,1,NO INDICATION OF INJURY,0,0,0,0,0,1,0,16,4,7,,,
30,NO CONTROLS,NO CONTROLS,CLEAR,DARKNESS,PARKED MOTOR VEHICLE,ONE-WAY,STRAIGHT AND LEVEL,DRY,NO DEFECTS,NOT ON SCENE (DESK REPORT),NO INJURY / DRIVE AWAY,,Y,"OVER $1,500",10/09/2018 01:00:00 PM,FAILING TO REDUCE SPEED TO AVOID CRASH,ANIMAL,4600,N,KEYSTONE AVE,1722,2,NO INDICATION OF INJURY,0,0,0,0,0,1,0,8,3,10,41.964157782,-87.729272221,POINT (-87.729272221018 41.964157781994)
30,TRAFFIC SIGNAL,FUNCTIONING PROPERLY,CLEAR,DAYLIGHT,REAR END,NOT DIVIDED,STRAIGHT AND LEVEL,DRY,NO DEFECTS,NOT ON SCENE (DESK REPORT),NO INJURY / DRIVE AWAY,,,"$501 - $1,500",12/15/2018 02:18:00 PM,UNABLE TO DETERMINE,NOT APPLICABLE,3235,N,KIMBALL AVE,1733,3,NO INDICATION OF INJURY,0,0,0,0,0,3,0,13,6,12,41.940313473,-87.712389828,POINT (-87.712389828038 41.940313472966)
20,NO CONTROLS,NO CONTROLS,CLEAR,DAYLIGHT,SIDESWIPE SAME DIRECTION,ONE-WAY,STRAIGHT AND LEVEL,DRY,NO DEFECTS,ON SCENE,NO INJURY / DRIVE AWAY,,,"$501 - $1,500",07/18/2023 12:10:00 PM,IMPROPER LANE USAGE,NOT APPLICABLE,1,W,TERMINAL ST,1651,2,NO INDICATION OF INJURY,0,0,0,0,0,3,0,12,3,7,,,
5,NO CONTROLS,NO CONTROLS,CLEAR,DAYLIGHT,TURNING,PARKING LOT,STRAIGHT AND LEVEL,DRY,NO DEFECTS,NOT ON SCENE (DESK REPORT),NO INJURY / DRIVE AWAY,,Y,"$501 - $1,500",09/25/2015 08:18:00 PM,FAILING TO YIELD RIGHT-OF-WAY,UNABLE TO DETERMINE,110,E,79TH ST,623,2,NO INDICATION OF INJURY,0,0,0,0,0,4,0,18,6,9,41.751124945,-87.620853242,POINT (-87.620853241961 41.751124944981)
20,NO CONTROLS,NO CONTROLS,CLEAR,DAYLIGHT,PARKED MOTOR VEHICLE,PARKING LOT,STRAIGHT AND LEVEL,DRY,NO DEFECTS,ON SCENE,NO INJURY / DRIVE AWAY,,,"OVER $1,500",05/13/2021 06:47:00 AM,IMPROPER BACKING,DRIVING SKILLS/KNOWLEDGE/EXPERIENCE,522,W,OHARE ST,1654,2,NO INDICATION OF INJURY,0,0,0,0,0,1,0,6,5,5,,,
30,NO CONTROLS,NO CONTROLS,CLEAR,DAYLIGHT,SIDESWIPE SAME DIRECTION,NOT DIVIDED,STRAIGHT AND LEVEL,DRY,NO DEFECTS,NOT ON SCENE (DESK REPORT),NO INJURY / DRIVE AWAY,,,"OVER $1,500",05/10/2016 10:00:00 AM,UNABLE TO DETERMINE,UNABLE TO DETERMINE,2516,N,WESTERN AVE,1431,2,NO INDICATION OF INJURY,0,0,0,0,0,4,0,6,7,5,41.927018439,-87.687864302,POINT (-87.687864302034 41.92701843896)
20,NO CONTROLS,NO CONTROLS,CLEAR,"DARKNESS, LIGHTED ROAD",SIDESWIPE SAME DIRECTION,ONE-WAY,STRAIGHT AND LEVEL,DRY,NO DEFECTS,ON SCENE,NO INJURY / DRIVE AWAY,,,"$501 - $1,500",01/05/2022 09:12:00 PM,UNABLE TO DETERMINE,UNABLE TO DETERMINE,5,W,TERMINAL ST,1655,2,NO INDICATION OF INJURY,0,0,0,0,0,2,0,21,4,1,,,
30,TRAFFIC SIGNAL,FUNCTIONING PROPERLY,CLEAR,DAYLIGHT,REAR END,NOT DIVIDED,STRAIGHT AND LEVEL,DRY,NO DEFECTS,NOT ON SCENE (DESK REPORT),INJURY AND / OR TOW DUE TO CRASH,Y,,"$501 - $1,500",09/23/2019 01:40:00 PM,FOLLOWING TOO CLOSELY,NOT APPLICABLE,1625,W,LAWRENCE AVE,1912,2,NONINCAPACITATING INJURY,1,0,0,1,0,2,0,13,6,9,41.968759395,-87.670519772,POINT (-87.670519771961 41.968759395034)
25,STOP SIGN/FLASHER,FUNCTIONING PROPERLY,CLEAR,DAYLIGHT,ANGLE,DIVIDED - W/MEDIAN (NOT RAISED),STRAIGHT AND LEVEL,DRY,NO DEFECTS,NOT ON SCENE (DESK REPORT),NO INJURY / DRIVE AWAY,Y,,"$501 - $1,500",08/24/2021 09:05:00 AM,UNABLE TO DETERMINE,UNABLE TO DETERMINE,1899,S,MORGAN ST,1235,2,NO INDICATION OF INJURY,0,0,0,0,0,4,0,8,3,8,41.856701942,-87.651384148,POINT (-87.651384148029 41.856701941995)
30,STOP SIGN/FLASHER,FUNCTIONING PROPERLY,RAIN,"DARKNESS, LIGHTED ROAD",TURNING,NOT DIVIDED,STRAIGHT AND LEVEL,WET,NO DEFECTS,NOT ON SCENE (DESK REPORT),NO INJURY / DRIVE AWAY,Y,,"OVER $1,500",10/10/2017 08:30:00 PM,DRIVING SKILLS/KNOWLEDGE/EXPERIENCE,WEATHER,5600,S,HYDE PARK DR,331,2,NO INDICATION OF INJURY,0,0,0,0,0,3,0,19,3,10,41.793378954,-87.584053824,POINT (-87.584053824031 41.793378954013)
30,TRAFFIC SIGNAL,FUNCTIONING PROPERLY,CLEAR,DAWN,SIDESWIPE SAME DIRECTION,ONE-WAY,STRAIGHT AND LEVEL,DRY,NO DEFECTS,ON SCENE,NO INJURY / DRIVE AWAY,Y,,$500 OR LESS,09/22/2018 07:30:00 PM,IMPROPER TURNING/NO SIGNAL,FOLLOWING TOO CLOSELY,398,E,GRAND AVE,1834,2,NO INDICATION OF INJURY,0,0,0,0,0,2,0,19,7,9,41.891955277,-87.617777237,POINT (-87.617777237011 41.891955276985)
39,NO CONTROLS,NO CONTROLS,CLEAR,DAYLIGHT,FIXED OBJECT,ONE-WAY,"CURVE, LEVEL",DRY,NO DEFECTS,ON SCENE,INJURY AND / OR TOW DUE TO CRASH,,,"OVER $1,500",05/30/2023 05:59:00 AM,"OPERATING VEHICLE IN ERRATIC, RECKLESS, CARELESS, NEGLIGENT OR AGGRESSIVE MANNER",DRIVING SKILLS/KNOWLEDGE/EXPERIENCE,102,W,I190 EXPY,1654,1,"REPORTED, NOT EVIDENT",1,0,0,0,1,0,0,5,3,5,,,
25,NO CONTROLS,NO CONTROLS,CLOUDY/OVERCAST,DAYLIGHT,REAR END,NOT DIVIDED,STRAIGHT AND LEVEL,WET,UNKNOWN,NOT ON SCENE (DESK REPORT),NO INJURY / DRIVE AWAY,,,"$501 - $1,500",11/13/2021 02:00:00 PM,UNABLE TO DETERMINE,UNABLE TO DETERMINE,2899,E,100TH ST,431,2,NO INDICATION OF INJURY,0,0,0,0,0,2,0,9,7,11,41.71326357,-87.553770285,POINT (-87.55377028505 41.713263570021)
30,NO CONTROLS,NO CONTROLS,CLEAR,DAYLIGHT,TURNING,NOT DIVIDED,STRAIGHT AND LEVEL,DRY,NO DEFECTS,NOT ON SCENE (DESK REPORT),NO INJURY / DRIVE AWAY,,,"OVER $1,500",12/22/2022 11:00:00 AM,FAILING TO YIELD RIGHT-OF-WAY,IMPROPER OVERTAKING/PASSING,8301,S,CICERO AVE,834,2,NO INDICATION OF INJURY,0,0,0,0,0,2,0,10,5,12,41.741803599,-87.740953582,POINT (-87.740953581987 41.741803598989)
30,NO CONTROLS,NO CONTROLS,UNKNOWN,DAYLIGHT,PARKED MOTOR VEHICLE,ONE-WAY,STRAIGHT AND LEVEL,UNKNOWN,UNKNOWN,NOT ON SCENE (DESK REPORT),NO INJURY / DRIVE AWAY,,Y,"OVER $1,500",04/26/2022 10:15:00 AM,UNABLE TO DETERMINE,UNABLE TO DETERMINE,6012,S,FAIRFIELD AVE,825,2,NO INDICATION OF INJURY,0,0,0,0,0,1,0,13,1,4,41.784169008,-87.692458538,POINT (-87.692458537968 41.784169008027)
30,NO CONTROLS,NO CONTROLS,CLEAR,DAWN,REAR END,ONE-WAY,STRAIGHT AND LEVEL,DRY,NO DEFECTS,ON SCENE,NO INJURY / DRIVE AWAY,,,$500 OR LESS,08/14/2018 11:43:00 AM,FAILING TO REDUCE SPEED TO AVOID CRASH,NOT APPLICABLE,4815,W,ERIE ST,1532,2,NO INDICATION OF INJURY,0,0,0,0,0,2,0,11,3,8,41.89215357,-87.746482313,POINT (-87.746482312983 41.892153570026)
50,TRAFFIC SIGNAL,FUNCTIONING PROPERLY,CLEAR,"DARKNESS, LIGHTED ROAD",TURNING,DIVIDED - W/MEDIAN (NOT RAISED),STRAIGHT ON GRADE,DRY,SHOULDER DEFECT,ON SCENE,INJURY AND / OR TOW DUE TO CRASH,Y,Y,"OVER $1,500",11/17/2017 02:46:00 AM,IMPROPER LANE USAGE,NOT APPLICABLE,1780,E,57TH DR,331,2,"REPORTED, NOT EVIDENT",1,0,0,0,1,2,0,2,6,11,,,
5,OTHER,FUNCTIONING PROPERLY,CLEAR,DAYLIGHT,SIDESWIPE SAME DIRECTION,OTHER,STRAIGHT AND LEVEL,DRY,NO DEFECTS,ON SCENE,NO INJURY / DRIVE AWAY,,,"$501 - $1,500",06/13/2022 04:35:00 PM,IMPROPER OVERTAKING/PASSING,UNABLE TO DETERMINE,8800,S,CHICAGO SKYWAY OB,412,2,NO INDICATION OF INJURY,0,0,0,0,0,3,0,16,2,6,,,
10,NO CONTROLS,NO CONTROLS,CLEAR,DAYLIGHT,PARKED MOTOR VEHICLE,PARKING LOT,STRAIGHT AND LEVEL,DRY,NO DEFECTS,NOT ON SCENE (DESK REPORT),NO INJURY / DRIVE AWAY,,,"OVER $1,500",07/15/2020 06:55:00 PM,DRIVING SKILLS/KNOWLEDGE/EXPERIENCE,UNABLE TO DETERMINE,825,W,35TH ST,915,2,NO INDICATION OF INJURY,0,0,0,0,0,1,0,15,5,7,41.83062731,-87.647149469,POINT (-87.647149469 41.830627309988)
30,NO CONTROLS,NO CONTROLS,RAIN,"DARKNESS, LIGHTED ROAD",FIXED OBJECT,PARKING LOT,STRAIGHT AND LEVEL,WET,NO DEFECTS,ON SCENE,NO INJURY / DRIVE AWAY,,,$500 OR LESS,07/15/2020 08:40:00 PM,"VISION OBSCURED (SIGNS, TREE LIMBS, BUILDINGS, ETC.)",NOT APPLICABLE,630,W,OHARE ST,1654,1,NO INDICATION OF INJURY,0,0,0,0,0,1,0,20,4,7,,,
10,NO CONTROLS,NO CONTROLS,CLEAR,DAYLIGHT,ANGLE,PARKING LOT,STRAIGHT AND LEVEL,UNKNOWN,UNKNOWN,NOT ON SCENE (DESK REPORT),NO INJURY / DRIVE AWAY,,,$500 OR LESS,06/18/2016 04:25:00 PM,NOT APPLICABLE,NOT APPLICABLE,7501,S,STONY ISLAND AVE,411,2,NO INDICATION OF INJURY,0,0,0,0,0,2,0,13,7,6,41.75872376,-87.585590902,POINT (-87.585590902031 41.758723759994)
30,NO CONTROLS,NO CONTROLS,CLEAR,DAYLIGHT,PEDALCYCLIST,NOT DIVIDED,STRAIGHT AND LEVEL,DRY,NO DEFECTS,ON SCENE,NO INJURY / DRIVE AWAY,,,$500 OR LESS,07/18/2018 10:39:00 AM,NOT APPLICABLE,NOT APPLICABLE,7400,S,SOUTH SHORE DR,334,2,NO INDICATION OF INJURY,0,0,0,0,0,3,0,10,4,7,41.762174118,-87.558927464,POINT (-87.558927463962 41.762174118016)
35,NO CONTROLS,NO CONTROLS,CLEAR,DAYLIGHT,PARKED MOTOR VEHICLE,DIVIDED - W/MEDIAN BARRIER,STRAIGHT AND LEVEL,DRY,NO DEFECTS,ON SCENE,NO INJURY / DRIVE AWAY,,Y,$500 OR LESS,05/15/2019 01:50:00 PM,UNABLE TO DETERMINE,NOT APPLICABLE,2553,W,79TH ST,835,2,NO INDICATION OF INJURY,0,0,0,0,0,1,0,13,4,5,41.749862453,-87.68732666,POINT (-87.687326660007 41.749862452973)
30,TRAFFIC SIGNAL,FUNCTIONING PROPERLY,CLEAR,DAYLIGHT,SIDESWIPE SAME DIRECTION,NOT DIVIDED,STRAIGHT AND LEVEL,DRY,NO DEFECTS,ON SCENE,NO INJURY / DRIVE AWAY,,,"$501 - $1,500",04/17/2019 04:23:00 PM,IMPROPER OVERTAKING/PASSING,NOT APPLICABLE,501,E,47TH ST,223,2,NO INDICATION OF INJURY,0,0,0,0,0,4,0,16,4,4,41.809316525,-87.613790359,POINT (-87.613790359015 41.809316524975)
30,TRAFFIC SIGNAL,FUNCTIONING PROPERLY,RAIN,DAYLIGHT,TURNING,NOT DIVIDED,STRAIGHT AND LEVEL,WET,NO DEFECTS,ON SCENE,NO INJURY / DRIVE AWAY,Y,,"OVER $1,500",06/26/2018 08:12:00 AM,FAILING TO YIELD RIGHT-OF-WAY,DRIVING SKILLS/KNOWLEDGE/EXPERIENCE,800,W,74TH ST,733,2,NO INDICATION OF INJURY,0,0,0,0,0,3,0,8,3,6,41.759853407,-87.644338447,POINT (-87.644338447024 41.759853407033)
30,OTHER,OTHER,RAIN,"DARKNESS, LIGHTED ROAD",SIDESWIPE OPPOSITE DIRECTION,NOT DIVIDED,STRAIGHT AND LEVEL,WET,NO DEFECTS,ON SCENE,INJURY AND / OR TOW DUE TO CRASH,,,"OVER $1,500",01/25/2020 12:39:00 AM,UNDER THE INFLUENCE OF ALCOHOL/DRUGS (USE WHEN ARREST IS EFFECTED),DRIVING ON WRONG SIDE/WRONG WAY,13000,S,STONY ISLAND AVE,434,3,NONINCAPACITATING INJURY,1,0,0,1,0,5,0,0,7,1,,,
25,SCHOOL ZONE,NO CONTROLS,CLEAR,DAYLIGHT,PEDESTRIAN,DIVIDED - W/MEDIAN BARRIER,STRAIGHT AND LEVEL,DRY,NO DEFECTS,ON SCENE,INJURY AND / OR TOW DUE TO CRASH,,Y,"OVER $1,500",03/04/2022 08:55:00 AM,FAILING TO YIELD RIGHT-OF-WAY,UNABLE TO DETERMINE,8147,S,VINCENNES AVE,622,2,NONINCAPACITATING INJURY,1,0,0,1,0,2,0,8,6,3,41.74579217,-87.635369997,POINT (-87.63536999702 41.745792169991)
30,TRAFFIC SIGNAL,UNKNOWN,CLEAR,DAYLIGHT,REAR END,NOT DIVIDED,STRAIGHT AND LEVEL,UNKNOWN,UNKNOWN,NOT ON SCENE (DESK REPORT),NO INJURY / DRIVE AWAY,,Y,"OVER $1,500",09/08/2022 08:29:00 AM,UNABLE TO DETERMINE,UNABLE TO DETERMINE,13000,S,BRAINARD AVE,433,2,NO INDICATION OF INJURY,0,0,0,0,0,4,0,7,5,9,,,
30,STOP SIGN/FLASHER,FUNCTIONING PROPERLY,RAIN,"DARKNESS, LIGHTED ROAD",TURNING,DIVIDED - W/MEDIAN (NOT RAISED),STRAIGHT AND LEVEL,WET,NO DEFECTS,ON SCENE,NO INJURY / DRIVE AWAY,Y,,"OVER $1,500",10/28/2021 06:00:00 PM,FAILING TO REDUCE SPEED TO AVOID CRASH,WEATHER,10024,S,VINCENNES AVE,2213,2,NO INDICATION OF INJURY,0,0,0,0,0,2,0,17,5,10,,,
30,TRAFFIC SIGNAL,FUNCTIONING PROPERLY,CLEAR,DAYLIGHT,REAR END,DIVIDED - W/MEDIAN (NOT RAISED),STRAIGHT AND LEVEL,DRY,NO DEFECTS,NOT ON SCENE (DESK REPORT),NO INJURY / DRIVE AWAY,Y,Y,"$501 - $1,500",04/27/2018 01:00:00 PM,UNABLE TO DETERMINE,NOT APPLICABLE,5100,N,BROADWAY,2033,2,NO INDICATION OF INJURY,0,0,0,0,0,2,0,12,6,4,41.974645684,-87.659970179,POINT (-87.659970178971 41.974645683985)
30,NO CONTROLS,NO CONTROLS,CLEAR,DAYLIGHT,PARKED MOTOR VEHICLE,NOT DIVIDED,STRAIGHT AND LEVEL,DRY,NO DEFECTS,NOT ON SCENE (DESK REPORT),NO INJURY / DRIVE AWAY,,Y,"OVER $1,500",11/12/2022 04:50:00 PM,"OPERATING VEHICLE IN ERRATIC, RECKLESS, CARELESS, NEGLIGENT OR AGGRESSIVE MANNER",NOT APPLICABLE,800,E,75TH ST,323,2,NO INDICATION OF INJURY,0,0,0,0,0,1,0,16,7,11,41.75869138,-87.60533417,POINT (-87.605334170015 41.75869137995)
25,NO CONTROLS,NO CONTROLS,CLEAR,DAYLIGHT,TURNING,NOT DIVIDED,STRAIGHT AND LEVEL,DRY,NO DEFECTS,NOT ON SCENE (DESK REPORT),NO INJURY / DRIVE AWAY,Y,,"OVER $1,500",07/19/2021 02:20:00 PM,IMPROPER TURNING/NO SIGNAL,NOT APPLICABLE,2098,W,JARVIS AVE,2424,2,NO INDICATION OF INJURY,0,0,0,0,0,2,0,13,2,7,42.015252313,-87.682946513,POINT (-87.682946513024 42.015252313008)
30,UNKNOWN,UNKNOWN,UNKNOWN,UNKNOWN,PEDESTRIAN,UNKNOWN,STRAIGHT AND LEVEL,WET,UNKNOWN,NOT ON SCENE (DESK REPORT),INJURY AND / OR TOW DUE TO CRASH,,,$500 OR LESS,07/13/2023 02:20:00 PM,UNABLE TO DETERMINE,NOT APPLICABLE,6401,W,ADDISON ST,1632,2,NONINCAPACITATING INJURY,1,0,0,1,0,1,0,12,4,7,41.945552923,-87.786368212,POINT (-87.786368212009 41.945552922959)
35,TRAFFIC SIGNAL,FUNCTIONING PROPERLY,CLEAR,"DARKNESS, LIGHTED ROAD",SIDESWIPE OPPOSITE DIRECTION,FOUR WAY,STRAIGHT AND LEVEL,DRY,NO DEFECTS,ON SCENE,INJURY AND / OR TOW DUE TO CRASH,Y,,"OVER $1,500",01/01/2021 05:15:00 AM,DISREGARDING TRAFFIC SIGNALS,FAILING TO REDUCE SPEED TO AVOID CRASH,11299,S,HAMLET AVE,2234,2,NONINCAPACITATING INJURY,2,0,0,2,0,0,0,5,6,1,,,