POSTED_SPEED_LIMIT,TRAFFIC_CONTROL_DEVICE,DEVICE_CONDITION,WEATHER_CONDITION,LIGHTING_CONDITION,FIRST_CRASH_TYPE,TRAFFICWAY_TYPE,ALIGNMENT,ROADWAY_SURFACE_COND,ROAD_DEFECT,REPORT_TYPE,CRASH_TYPE,INTERSECTION_RELATED_I,HIT_AND_RUN_I,DAMAGE,DATE_POLICE_NOTIFIED,PRIM_CONTRIBUTORY_CAUSE,SEC_CONTRIBUTORY_CAUSE,STREET_NO,STREET_DIRECTION,STREET_NAME,BEAT_OF_OCCURRENCE,NUM_UNITS,MOST_SEVERE_INJURY,INJURIES_TOTAL,INJURIES_FATAL,INJURIES_INCAPACITATING,INJURIES_NON_INCAPACITATING,INJURIES_REPORTED_NOT_EVIDENT,INJURIES_NO_INDICATION,INJURIES_UNKNOWN,CRASH_HOUR,CRASH_DAY_OF_WEEK,CRASH_MONTH,LATITUDE,LONGITUDE,LOCATION
15,NO CONTROLS,NO CONTROLS,RAIN,DAYLIGHT,SIDESWIPE SAME DIRECTION,ONE-WAY,STRAIGHT AND LEVEL,WET,NO DEFECTS,ON SCENE,NO INJURY / DRIVE AWAY,,,"OVER $1,500",06/25/2021 07:10:00 AM,UNABLE TO DETERMINE,NOT APPLICABLE,2,W,TERMINAL ST,1652,2,NO INDICATION OF INJURY,0,0,0,0,0,2,0,7,6,6,,,
20,NO CONTROLS,NO CONTROLS,RAIN,"DARKNESS, LIGHTED ROAD",SIDESWIPE SAME DIRECTION,DIVIDED - W/MEDIAN (NOT RAISED),STRAIGHT AND LEVEL,WET,NO DEFECTS,NOT ON SCENE (DESK REPORT),NO INJURY / DRIVE AWAY,,,$500 OR LESS,12/02/2019 10:45:00 AM,IMPROPER LANE USAGE,UNABLE TO DETERMINE,120,N,BESSIE COLEMAN DR,1654,2,NO INDICATION OF INJURY,0,0,0,0,0,2,0,21,1,12,,,
30,TRAFFIC SIGNAL,FUNCTIONING PROPERLY,CLEAR,DAYLIGHT,ANGLE,FOUR WAY,STRAIGHT AND LEVEL,DRY,NO DEFECTS,ON SCENE,INJURY AND / OR TOW DUE TO CRASH,Y,,"OVER $1,500",10/16/2022 10:45:00 AM,DISREGARDING TRAFFIC SIGNALS,UNABLE TO DETERMINE,100,N,BESSIE COLEMAN DR,1654,2,"REPORTED, NOT EVIDENT",4,0,0,0,4,0,0,10,1,10,,,
30,TRAFFIC SIGNAL,FUNCTIONING PROPERLY,CLEAR,DAYLIGHT,REAR END,ONE-WAY,STRAIGHT AND LEVEL,DRY,NO DEFECTS,ON SCENE,INJURY AND / OR TOW DUE TO CRASH,Y,,"OVER $1,500",07/02/2018 04:10:00 PM,FOLLOWING TOO CLOSELY,FOLLOWING TOO CLOSELY,600,E,ILLINOIS ST,1834,3,NONINCAPACITATING INJURY,2,0,0,2,0,3,0,16,2,7,,,
30,NO CONTROLS,NO CONTROLS,UNKNOWN,"DARKNESS, LIGHTED ROAD",PARKED MOTOR VEHICLE,ONE-WAY,STRAIGHT AND LEVEL,UNKNOWN,UNKNOWN,NOT ON SCENE (DESK REPORT),INJURY AND / OR TOW DUE TO CRASH,,,"$501 - $1,500",12/05/2021 12:20:00 PM,UNABLE TO DETERMINE,NOT APPLICABLE,6242,S,FRANCISCO AVE,823,2,NO INDICATION OF INJURY,0,0,0,0,0,1,0,2,1,12,41.779622481,-87.695989918,POINT (-87.695989918014 41.779622481027)
30,TRAFFIC SIGNAL,FUNCTIONING PROPERLY,SNOW,DARKNESS,REAR END,ONE-WAY,STRAIGHT AND LEVEL,ICE,NO DEFECTS,NOT ON SCENE (DESK REPORT),NO INJURY / DRIVE AWAY,,,$500 OR LESS,12/18/2016 06:09:00 PM,UNABLE TO DETERMINE,UNABLE TO DETERMINE,2553,S,HAMLIN AVE,1013,2,NO INDICATION OF INJURY,0,0,0,0,0,2,0,17,1,12,41.84458364,-87.719535104,POINT (-87.719535104048 41.844583640005)
25,NO CONTROLS,NO CONTROLS,CLEAR,DAYLIGHT,SIDESWIPE SAME DIRECTION,ONE-WAY,STRAIGHT AND LEVEL,DRY,UNKNOWN,NOT ON SCENE (DESK REPORT),NO INJURY / DRIVE AWAY,,,"OVER $1,500",11/07/2022 04:00:00 PM,FOLLOWING TOO CLOSELY,NOT APPLICABLE,3,W,TERMINAL ST,1653,2,NO INDICATION OF INJURY,0,0,0,0,0,2,0,16,2,11,,,
30,TRAFFIC SIGNAL,UNKNOWN,CLEAR,"DARKNESS, LIGHTED ROAD",TURNING,FOUR WAY,STRAIGHT AND LEVEL,DRY,UNKNOWN,ON SCENE,INJURY AND / OR TOW DUE TO CRASH,,N,"OVER $1,500",09/14/2021 11:50:00 PM,FAILING TO REDUCE SPEED TO AVOID CRASH,NOT APPLICABLE,7501,S,STONY ISLAND AVE,411,2,NONINCAPACITATING INJURY,1,0,0,1,0,2,0,23,3,9,41.75872376,-87.585590902,POINT (-87.585590902031 41.758723759994)
30,STOP SIGN/FLASHER,OTHER,CLEAR,DAYLIGHT,TURNING,FOUR WAY,STRAIGHT AND LEVEL,DRY,NO DEFECTS,NOT ON SCENE (DESK REPORT),NO INJURY / DRIVE AWAY,Y,,"OVER $1,500",06/21/2020 08:00:00 AM,UNABLE TO DETERMINE,NOT APPLICABLE,5600,S,HYDE PARK DR,331,2,NO INDICATION OF INJURY,0,0,0,0,0,2,0,16,7,6,41.793378954,-87.584053824,POINT (-87.584053824031 41.793378954013)
15,NO CONTROLS,NO CONTROLS,CLEAR,DARKNESS,OTHER OBJECT,PARKING LOT,STRAIGHT AND LEVEL,DRY,NO DEFECTS,NOT ON SCENE (DESK REPORT),NO INJURY / DRIVE AWAY,,,$500 OR LESS,11/06/2020 08:30:00 AM,IMPROPER BACKING,NOT APPLICABLE,11010,S,KEDZIE AVE,2211,2,NO INDICATION OF INJURY,0,0,0,0,0,2,0,18,2,11,41.693015814,-87.701024776,POINT (-87.701024776006 41.693015814018)
25,NO CONTROLS,NO CONTROLS,CLEAR,DAYLIGHT,PARKED MOTOR VEHICLE,NOT DIVIDED,STRAIGHT AND LEVEL,DRY,NO DEFECTS,ON SCENE,NO INJURY / DRIVE AWAY,,Y,"OVER $1,500",02/25/2017 08:45:00 AM,EXCEEDING AUTHORIZED SPEED LIMIT,NOT APPLICABLE,2415,E,74TH ST,334,2,NO INDICATION OF INJURY,0,0,0,0,0,1,0,8,7,2,41.760702111,-87.565792923,POINT (-87.565792922985 41.760702110975)
10,NO CONTROLS,NO CONTROLS,SNOW,DAYLIGHT,FIXED OBJECT,PARKING LOT,STRAIGHT AND LEVEL,SNOW OR SLUSH,NO DEFECTS,ON SCENE,INJURY AND / OR TOW DUE TO CRASH,,,"OVER $1,500",02/13/2021 04:23:00 PM,DRIVING SKILLS/KNOWLEDGE/EXPERIENCE,WEATHER,825,W,OHARE ST,1651,1,NO INDICATION OF INJURY,0,0,0,0,0,2,0,16,7,2,,,
30,TRAFFIC SIGNAL,FUNCTIONING PROPERLY,SNOW,DAYLIGHT,TURNING,NOT DIVIDED,STRAIGHT AND LEVEL,WET,NO DEFECTS,ON SCENE,INJURY AND / OR TOW DUE TO CRASH,Y,Y,"OVER $1,500",12/30/2019 09:35:00 AM,IMPROPER TURNING/NO SIGNAL,DRIVING SKILLS/KNOWLEDGE/EXPERIENCE,845,S,AUSTIN BLVD,1513,3,NONINCAPACITATING INJURY,1,0,0,1,0,6,0,9,2,12,,,
20,NO CONTROLS,NO CONTROLS,CLEAR,"DARKNESS, LIGHTED ROAD",PEDESTRIAN,PARKING LOT,STRAIGHT AND LEVEL,DRY,UNKNOWN,,INJURY AND / OR TOW DUE TO CRASH,,Y,$500 OR LESS,08/17/2021 01:30:00 AM,FAILING TO YIELD RIGHT-OF-WAY,NOT APPLICABLE,368,E,GARFIELD BLVD,231,2,NONINCAPACITATING INJURY,1,0,0,1,0,1,0,23,1,8,41.794908912,-87.616471792,POINT (-87.61647179201 41.794908912028)
30,STOP SIGN/FLASHER,FUNCTIONING PROPERLY,CLEAR,"DARKNESS, LIGHTED ROAD",REAR END,NOT DIVIDED,STRAIGHT AND LEVEL,SNOW OR SLUSH,NO DEFECTS,NOT ON SCENE (DESK REPORT),NO INJURY / DRIVE AWAY,,Y,"OVER $1,500",12/30/2020 10:40:00 PM,"OPERATING VEHICLE IN ERRATIC, RECKLESS, CARELESS, NEGLIGENT OR AGGRESSIVE MANNER",UNABLE TO DETERMINE,632,W,115TH ST,2233,2,NO INDICATION OF INJURY,0,0,0,0,0,2,0,22,4,12,41.68523047,-87.638633159,POINT (-87.638633158992 41.685230469969)
25,NO CONTROLS,NO CONTROLS,CLOUDY/OVERCAST,DAYLIGHT,SIDESWIPE SAME DIRECTION,ONE-WAY,STRAIGHT AND LEVEL,DRY,UNKNOWN,ON SCENE,NO INJURY / DRIVE AWAY,,,"$501 - $1,500",03/13/2023 04:04:00 PM,IMPROPER LANE USAGE,NOT APPLICABLE,5,W,TERMINAL ST,1655,2,NO INDICATION OF INJURY,0,0,0,0,0,2,0,16,2,3,,,
30,NO CONTROLS,NO CONTROLS,CLEAR,DAYLIGHT,PARKED MOTOR VEHICLE,DIVIDED - W/MEDIAN (NOT RAISED),STRAIGHT AND LEVEL,DRY,NO DEFECTS,ON SCENE,NO INJURY / DRIVE AWAY,,Y,"OVER $1,500",08/05/2021 01:24:00 PM,NOT APPLICABLE,NOT APPLICABLE,4725,S,PULASKI RD,821,2,NO INDICATION OF INJURY,0,0,0,0,0,1,0,13,5,8,41.807107438,-87.723415986,POINT (-87.723415985953 41.807107438008)
25,NO CONTROLS,NO CONTROLS,CLEAR,"DARKNESS, LIGHTED ROAD",PARKED MOTOR VEHICLE,DIVIDED - W/MEDIAN (NOT RAISED),STRAIGHT AND LEVEL,DRY,NO DEFECTS,NOT ON SCENE (DESK REPORT),NO INJURY / DRIVE AWAY,,,"$501 - $1,500",01/31/2017 05:58:00 PM,UNABLE TO DETERMINE,UNABLE TO DETERMINE,4109,W,52ND PL,815,2,NO INDICATION OF INJURY,0,0,0,0,0,1,0,16,3,1,41.797224573,-87.72623588,POINT (-87.726235880006 41.79722457299)
30,STOP SIGN/FLASHER,FUNCTIONING PROPERLY,CLEAR,DAYLIGHT,TURNING,NOT DIVIDED,STRAIGHT AND LEVEL,DRY,NO DEFECTS,NOT ON SCENE (DESK REPORT),NO INJURY / DRIVE AWAY,Y,,"OVER $1,500",03/27/2019 03:30:00 PM,FAILING TO YIELD RIGHT-OF-WAY,NOT APPLICABLE,5832,W,GRAND AVE,2515,2,NO INDICATION OF INJURY,0,0,0,0,0,3,0,14,4,3,41.920000585,-87.771951512,POINT (-87.771951512022 41.920000584957)
30,STOP SIGN/FLASHER,FUNCTIONING PROPERLY,CLEAR,"DARKNESS, LIGHTED ROAD",ANGLE,NOT DIVIDED,STRAIGHT AND LEVEL,DRY,NO DEFECTS,ON SCENE,INJURY AND / OR TOW DUE TO CRASH,Y,,"$501 - $1,500",06/08/2019 12:51:00 AM,UNABLE TO DETERMINE,NOT APPLICABLE,3400,W,79TH ST,835,2,NONINCAPACITATING INJURY,6,0,0,6,0,1,0,0,7,6,41.749903242,-87.707348392,POINT (-87.707348392008 41.749903241984)
25,STOP SIGN/FLASHER,FUNCTIONING PROPERLY,CLEAR,DAYLIGHT,HEAD ON,ONE-WAY,STRAIGHT AND LEVEL,DRY,NO DEFECTS,NOT ON SCENE (DESK REPORT),NO INJURY / DRIVE AWAY,,Y,"OVER $1,500",05/27/2022 10:30:00 AM,DRIVING ON WRONG SIDE/WRONG WAY,DRIVING ON WRONG SIDE/WRONG WAY,1901,E,84TH ST,412,2,NO INDICATION OF INJURY,0,0,0,0,0,2,0,16,5,5,41.742372827,-87.578177895,POINT (-87.578177894996 41.742372827015)
10,NO CONTROLS,NO CONTROLS,CLEAR,DAYLIGHT,ANGLE,PARKING LOT,STRAIGHT AND LEVEL,DRY,NO DEFECTS,ON SCENE,NO INJURY / DRIVE AWAY,,,"$501 - $1,500",08/21/2018 05:35:00 PM,IMPROPER BACKING,UNABLE TO DETERMINE,1320,E,47TH ST,222,2,NO INDICATION OF INJURY,0,0,0,0,0,2,0,17,3,8,41.809781151,-87.594212812,POINT (-87.594212812011 41.809781151018)
25,NO CONTROLS,NO CONTROLS,CLEAR,"DARKNESS, LIGHTED ROAD",PARKED MOTOR VEHICLE,ONE-WAY,STRAIGHT AND LEVEL,DRY,NO DEFECTS,ON SCENE,NO INJURY / DRIVE AWAY,,Y,"$501 - $1,500",01/04/2018 06:10:00 PM,UNABLE TO DETERMINE,NOT APPLICABLE,3601,N,PACIFIC AVE,1631,2,NO INDICATION OF INJURY,0,0,0,0,0,1,0,17,5,1,41.945142505,-87.826551149,POINT (-87.826551149023 41.945142505036)
30,TRAFFIC SIGNAL,FUNCTIONING PROPERLY,CLEAR,"DARKNESS, LIGHTED ROAD",TURNING,NOT DIVIDED,STRAIGHT AND LEVEL,DRY,NO DEFECTS,NOT ON SCENE (DESK REPORT),INJURY AND / OR TOW DUE TO CRASH,Y,Y,"OVER $1,500",07/10/2021 11:00:00 PM,IMPROPER TURNING/NO SIGNAL,NOT APPLICABLE,8300,S,LA SALLE ST,622,2,NONINCAPACITATING INJURY,1,0,0,1,0,2,0,22,7,7,41.74350578,-87.62819656,POINT (-87.628196560035 41.743505780006)
20,NO CONTROLS,NO CONTROLS,CLEAR,DAYLIGHT,PARKED MOTOR VEHICLE,PARKING LOT,STRAIGHT AND LEVEL,DRY,NO DEFECTS,ON SCENE,NO INJURY / DRIVE AWAY,,Y,"OVER $1,500",10/17/2018 01:32:00 PM,FOLLOWING TOO CLOSELY,DRIVING SKILLS/KNOWLEDGE/EXPERIENCE,3,W,TERMINAL ST,1653,2,NO INDICATION OF INJURY,0,0,0,0,0,1,0,13,4,10,,,
20,NO CONTROLS,NO CONTROLS,RAIN,DAYLIGHT,SIDESWIPE SAME DIRECTION,ONE-WAY,STRAIGHT AND LEVEL,WET,NO DEFECTS,ON SCENE,NO INJURY / DRIVE AWAY,,,"OVER $1,500",01/09/2020 03:27:00 PM,DRIVING SKILLS/KNOWLEDGE/EXPERIENCE,UNABLE TO DETERMINE,1,W,TERMINAL ST,1651,2,NO INDICATION OF INJURY,0,0,0,0,0,2,0,15,5,1,,,
30,NO CONTROLS,NO CONTROLS,CLEAR,DAYLIGHT,PARKED MOTOR VEHICLE,NOT DIVIDED,STRAIGHT AND LEVEL,DRY,NO DEFECTS,NOT ON SCENE (DESK REPORT),NO INJURY / DRIVE AWAY,,,"$501 - $1,500",05/28/2019 01:10:00 PM,NOT APPLICABLE,NOT APPLICABLE,1415,W,BYRON ST,1922,2,NO INDICATION OF INJURY,0,0,0,0,0,2,0,12,3,5,41.952414254,-87.664818626,POINT (-87.664818625992 41.952414254017)
30,UNKNOWN,UNKNOWN,UNKNOWN,UNKNOWN,REAR TO FRONT,FOUR WAY,STRAIGHT AND LEVEL,UNKNOWN,UNKNOWN,NOT ON SCENE (DESK REPORT),NO INJURY / DRIVE AWAY,,,"OVER $1,500",04/27/2023 02:00:00 PM,UNABLE TO DETERMINE,UNABLE TO DETERMINE,2936,W,WABANSIA AVE,1421,2,NO INDICATION OF INJURY,0,0,0,0,0,2,0,9,4,4,41.912439164,-87.700547655,POINT (-87.700547654991 41.912439164043)
30,TRAFFIC SIGNAL,FUNCTIONING PROPERLY,CLEAR,DAYLIGHT,REAR END,NOT DIVIDED,STRAIGHT AND LEVEL,DRY,NO DEFECTS,NOT ON SCENE (DESK REPORT),NO INJURY / DRIVE AWAY,,,"$501 - $1,500",09/26/2018 08:50:00 AM,FOLLOWING TOO CLOSELY,NOT APPLICABLE,4700,W,59TH ST,813,2,NO INDICATION OF INJURY,0,0,0,0,0,3,0,8,4,9,41.784385694,-87.740065946,POINT (-87.740065945952 41.784385693962)
30,NO CONTROLS,NO CONTROLS,CLEAR,"DARKNESS, LIGHTED ROAD",SIDESWIPE SAME DIRECTION,NOT DIVIDED,STRAIGHT AND LEVEL,ICE,NO DEFECTS,NOT ON SCENE (DESK REPORT),NO INJURY / DRIVE AWAY,,Y,"OVER $1,500",12/12/2016 09:03:00 PM,WEATHER,WEATHER,6299,S,LAKE SHORE DR,331,2,NO INDICATION OF INJURY,0,0,0,0,0,2,0,20,2,12,,,
30,TRAFFIC SIGNAL,FUNCTIONING PROPERLY,CLEAR,DAYLIGHT,SIDESWIPE SAME DIRECTION,T-INTERSECTION,STRAIGHT AND LEVEL,DRY,NO DEFECTS,NOT ON SCENE (DESK REPORT),INJURY AND / OR TOW DUE TO CRASH,,Y,"OVER $1,500",12/20/2021 01:45:00 PM,IMPROPER TURNING/NO SIGNAL,IMPROPER LANE USAGE,302,W,WASHINGTON ST,122,2,NO INDICATION OF INJURY,0,0,0,0,0,2,0,8,2,12,41.883314692,-87.63547051,POINT (-87.635470509974 41.883314691963)
15,NO CONTROLS,NO CONTROLS,CLOUDY/OVERCAST,DAYLIGHT,PARKED MOTOR VEHICLE,OTHER,"CURVE, LEVEL",DRY,NO DEFECTS,ON SCENE,NO INJURY / DRIVE AWAY,,,"$501 - $1,500",01/13/2020 10:37:00 AM,IMPROPER LANE USAGE,NOT APPLICABLE,1,W,TERMINAL ST,1651,2,NO INDICATION OF INJURY,0,0,0,0,0,2,0,10,2,1,,,
30,NO CONTROLS,NO CONTROLS,RAIN,DAYLIGHT,SIDESWIPE SAME DIRECTION,ONE-WAY,STRAIGHT AND LEVEL,WET,NO DEFECTS,ON SCENE,NO INJURY / DRIVE AWAY,,,"$501 - $1,500",05/02/2019 06:05:00 PM,FAILING TO YIELD RIGHT-OF-WAY,FAILING TO YIELD RIGHT-OF-WAY,3,W,TERMINAL ST,1653,2,NO INDICATION OF INJURY,0,0,0,0,0,2,0,17,5,5,,,
30,NO CONTROLS,NO CONTROLS,CLEAR,DAYLIGHT,PARKED MOTOR VEHICLE,NOT DIVIDED,STRAIGHT AND LEVEL,UNKNOWN,UNKNOWN,NOT ON SCENE (DESK REPORT),NO INJURY / DRIVE AWAY,,,$500 OR LESS,02/23/2020 02:23:00 PM,DRIVING SKILLS/KNOWLEDGE/EXPERIENCE,NOT APPLICABLE,3588,N,MILWAUKEE AVE,1731,2,NO INDICATION OF INJURY,0,0,0,0,0,1,0,13,1,2,41.945944089,-87.735326206,POINT (-87.735326206008 41.945944088978)
30,NO CONTROLS,NO CONTROLS,CLEAR,DAYLIGHT,PARKED MOTOR VEHICLE,NOT DIVIDED,STRAIGHT AND LEVEL,DRY,NO DEFECTS,ON SCENE,INJURY AND / OR TOW DUE TO CRASH,,,"OVER $1,500",07/22/2018 02:59:00 PM,UNABLE TO DETERMINE,NOT APPLICABLE,2322,W,107TH ST,2212,2,NONINCAPACITATING INJURY,1,0,0,1,0,0,0,14,1,7,41.699167841,-87.679931602,POINT (-87.679931601972 41.699167840976)
35,TRAFFIC SIGNAL,FUNCTIONING PROPERLY,CLEAR,DAYLIGHT,REAR END,ONE-WAY,STRAIGHT AND LEVEL,WET,NO DEFECTS,ON SCENE,NO INJURY / DRIVE AWAY,Y,,"$501 - $1,500",02/09/2022 07:01:00 AM,WEATHER,UNABLE TO DETERMINE,100,N,BESSIE COLEMAN DR,1654,2,NO INDICATION OF INJURY,0,0,0,0,0,2,0,7,4,2,,,
20,NO CONTROLS,NO CONTROLS,CLEAR,DAYLIGHT,SIDESWIPE SAME DIRECTION,ONE-WAY,STRAIGHT AND LEVEL,DRY,NO DEFECTS,ON SCENE,NO INJURY / DRIVE AWAY,,,"OVER $1,500",04/06/2023 08:09:00 AM,FAILING TO YIELD RIGHT-OF-WAY,DRIVING SKILLS/KNOWLEDGE/EXPERIENCE,2,W,TERMINAL ST,1652,2,NO INDICATION OF INJURY,0,0,0,0,0,2,0,8,5,4,,,
30,NO CONTROLS,NO CONTROLS,CLEAR,DAYLIGHT,REAR END,NOT DIVIDED,STRAIGHT AND LEVEL,DRY,NO DEFECTS,NOT ON SCENE (DESK REPORT),NO INJURY / DRIVE AWAY,,,"$501 - $1,500",09/06/2017 08:20:00 PM,UNABLE TO DETERMINE,NOT APPLICABLE,2557,S,CALIFORNIA AVE,1034,2,NO INDICATION OF INJURY,0,0,0,0,0,2,0,14,4,9,,,
15,DELINEATORS,FUNCTIONING PROPERLY,CLEAR,"DARKNESS, LIGHTED ROAD",OTHER OBJECT,PARKING LOT,STRAIGHT AND LEVEL,DRY,NO DEFECTS,ON SCENE,INJURY AND / OR TOW DUE TO CRASH,,,"OVER $1,500",09/23/2019 11:36:00 PM,DRIVING SKILLS/KNOWLEDGE/EXPERIENCE,UNABLE TO DETERMINE,502,W,OHARE ST,1653,1,NO INDICATION OF INJURY,0,0,0,0,0,1,0,20,2,9,,,
30,TRAFFIC SIGNAL,NO CONTROLS,CLEAR,DUSK,REAR END,DIVIDED - W/MEDIAN (NOT RAISED),STRAIGHT AND LEVEL,DRY,NO DEFECTS,ON SCENE,NO INJURY / DRIVE AWAY,,,"OVER $1,500",06/27/2021 08:00:00 PM,FOLLOWING TOO CLOSELY,NOT APPLICABLE,4725,S,PULASKI RD,821,2,NO INDICATION OF INJURY,0,0,0,0,0,3,0,19,1,6,41.807107438,-87.723415986,POINT (-87.723415985953 41.807107438008)
30,NO CONTROLS,NO CONTROLS,CLEAR,DAYLIGHT,SIDESWIPE SAME DIRECTION,NOT DIVIDED,STRAIGHT AND LEVEL,DRY,NO DEFECTS,ON SCENE,NO INJURY / DRIVE AWAY,,,$500 OR LESS,01/25/2022 08:58:00 AM,DRIVING SKILLS/KNOWLEDGE/EXPERIENCE,IMPROPER LANE USAGE,3138,S,ASHLAND AVE,912,2,NO INDICATION OF INJURY,0,0,0,0,0,3,0,8,3,1,41.83667895,-87.665866034,POINT (-87.665866033994 41.836678949955)
0,OTHER,FUNCTIONING PROPERLY,OTHER,DAYLIGHT,FIXED OBJECT,PARKING LOT,STRAIGHT AND LEVEL,ICE,NO DEFECTS,ON SCENE,NO INJURY / DRIVE AWAY,,,"OVER $1,500",11/26/2018 10:43:00 AM,DRIVING SKILLS/KNOWLEDGE/EXPERIENCE,NOT APPLICABLE,5450,N,CUMBERLAND AVE,1614,2,NO INDICATION OF INJURY,0,0,0,0,0,1,0,10,2,11,41.978973027,-87.836733659,POINT (-87.83673365898 41.978973026997)
15,NO CONTROLS,NO CONTROLS,SNOW,DAYLIGHT,SIDESWIPE SAME DIRECTION,OTHER,"CURVE, LEVEL",WET,NO DEFECTS,ON SCENE,NO INJURY / DRIVE AWAY,,,"$501 - $1,500",11/16/2022 09:10:00 AM,WEATHER,NOT APPLICABLE,3,W,TERMINAL ST,1653,2,NO INDICATION OF INJURY,0,0,0,0,0,2,0,9,4,11,,,
40,NO CONTROLS,NO CONTROLS,OTHER,DAYLIGHT,REAR END,DIVIDED - W/MEDIAN BARRIER,STRAIGHT ON HILLCREST,WET,NO DEFECTS,ON SCENE,NO INJURY / DRIVE AWAY,,,"OVER $1,500",05/24/2017 08:25:00 AM,FOLLOWING TOO CLOSELY,NOT APPLICABLE,3148,N,LAKE SHORE DR SB,1934,2,NO INDICATION OF INJURY,0,0,0,0,0,7,0,7,4,5,41.939537946,-87.637804858,POINT (-87.637804857995 41.939537945974)
15,NO CONTROLS,NO CONTROLS,CLEAR,DAYLIGHT,PARKED MOTOR VEHICLE,PARKING LOT,STRAIGHT AND LEVEL,DRY,NO DEFECTS,ON SCENE,NO INJURY / DRIVE AWAY,,,"OVER $1,500",03/29/2022 10:59:00 AM,FAILING TO REDUCE SPEED TO AVOID CRASH,FAILING TO REDUCE SPEED TO AVOID CRASH,4201,S,ASHLAND AVE,924,3,NO INDICATION OF INJURY,0,0,0,0,0,1,0,10,3,3,41.817683733,-87.6650402,POINT (-87.665040200043 41.817683733038)
35,TRAFFIC SIGNAL,UNKNOWN,RAIN,"DARKNESS, LIGHTED ROAD",FIXED OBJECT,DIVIDED - W/MEDIAN BARRIER,STRAIGHT AND LEVEL,WET,NO DEFECTS,ON SCENE,INJURY AND / OR TOW DUE TO CRASH,Y,,"OVER $1,500",07/23/2022 09:12:00 AM,UNABLE TO DETERMINE,UNABLE TO DETERMINE,6259,S,LAKE SHORE DR,331,1,NO INDICATION OF INJURY,0,0,0,0,0,1,0,0,7,7,,,
15,NO CONTROLS,NO CONTROLS,RAIN,DAYLIGHT,SIDESWIPE SAME DIRECTION,ONE-WAY,STRAIGHT AND LEVEL,WET,NO DEFECTS,ON SCENE,NO INJURY / DRIVE AWAY,,,"$501 - $1,500",04/02/2022 06:33:00 PM,UNABLE TO DETERMINE,NOT APPLICABLE,1,W,TERMINAL ST,1651,2,NO INDICATION OF INJURY,0,0,0,0,0,2,0,18,7,4,,,
30,TRAFFIC SIGNAL,FUNCTIONING PROPERLY,CLEAR,"DARKNESS, LIGHTED ROAD",ANGLE,UNKNOWN INTERSECTION TYPE,STRAIGHT AND LEVEL,DRY,NO DEFECTS,ON SCENE,INJURY AND / OR TOW DUE TO CRASH,Y,,"OVER $1,500",10/08/2019 11:57:00 PM,DISREGARDING TRAFFIC SIGNALS,NOT APPLICABLE,5500,S,WENTWORTH AVE,225,2,NO INDICATION OF INJURY,0,0,0,0,0,3,0,23,3,10,,,
30,NO CONTROLS,NO CONTROLS,SNOW,DARKNESS,REAR END,NOT DIVIDED,STRAIGHT AND LEVEL,SNOW OR SLUSH,NO DEFECTS,ON SCENE,INJURY AND / OR TOW DUE TO CRASH,,,"OVER $1,500",12/16/2016 05:15:00 PM,FOLLOWING TOO CLOSELY,WEATHER,6120,S,STATE ST,311,3,"REPORTED, NOT EVIDENT",1,0,0,0,1,2,0,17,6,12,41.783089902,-87.625548093,POINT (-87.625548092951 41.783089901973)
30,TRAFFIC SIGNAL,FUNCTIONING PROPERLY,CLEAR,"DARKNESS, LIGHTED ROAD",PARKED MOTOR VEHICLE,NOT DIVIDED,STRAIGHT AND LEVEL,DRY,NO DEFECTS,ON SCENE,NO INJURY / DRIVE AWAY,,Y,"$501 - $1,500",01/06/2018 02:07:00 AM,"OPERATING VEHICLE IN ERRATIC, RECKLESS, CARELESS, NEGLIGENT OR AGGRESSIVE MANNER",NOT APPLICABLE,2414,N,MILWAUKEE AVE,1414,2,NO INDICATION OF INJURY,0,0,0,0,0,1,0,2,7,1,41.92499166,-87.700985257,POINT (-87.700985256985 41.924991660021)
30,NO CONTROLS,NO CONTROLS,UNKNOWN,UNKNOWN,PARKED MOTOR VEHICLE,NOT DIVIDED,STRAIGHT AND LEVEL,UNKNOWN,NO DEFECTS,NOT ON SCENE (DESK REPORT),NO INJURY / DRIVE AWAY,,Y,"$501 - $1,500",01/25/2016 07:15:00 PM,UNABLE TO DETERMINE,NOT APPLICABLE,5100,N,MARINE DR,2024,2,NO INDICATION OF INJURY,0,0,0,0,0,1,0,12,1,1,41.975355803,-87.65189745,POINT (-87.651897449989 41.975355802966)
30,TRAFFIC SIGNAL,FUNCTIONING PROPERLY,CLEAR,DAYLIGHT,REAR END,DIVIDED - W/MEDIAN BARRIER,STRAIGHT AND LEVEL,DRY,NO DEFECTS,ON SCENE,INJURY AND / OR TOW DUE TO CRASH,Y,Y,"OVER $1,500",04/12/2021 03:33:00 PM,UNABLE TO DETERMINE,UNABLE TO DETERMINE,8300,S,STONY ISLAND AVE,412,2,NONINCAPACITATING INJURY,1,0,0,1,0,1,0,15,2,4,41.744151639,-87.585945067,POINT (-87.585945066953 41.744151639042)
40,TRAFFIC SIGNAL,FUNCTIONING PROPERLY,CLEAR,"DARKNESS, LIGHTED ROAD",TURNING,DIVIDED - W/MEDIAN BARRIER,STRAIGHT AND LEVEL,DRY,NO DEFECTS,ON SCENE,NO INJURY / DRIVE AWAY,Y,,"OVER $1,500",04/23/2022 08:27:00 PM,UNABLE TO DETERMINE,NOT APPLICABLE,860,N,LAKE SHORE DR SB,1833,2,NO INDICATION OF INJURY,0,0,0,0,0,3,0,20,7,4,41.898341319,-87.618057856,POINT (-87.618057855957 41.898341319021)