POSTED_SPEED_LIMIT,TRAFFIC_CONTROL_DEVICE,DEVICE_CONDITION,WEATHER_CONDITION,LIGHTING_CONDITION,FIRST_CRASH_TYPE,TRAFFICWAY_TYPE,ALIGNMENT,ROADWAY_SURFACE_COND,ROAD_DEFECT,REPORT_TYPE,CRASH_TYPE,INTERSECTION_RELATED_I,HIT_AND_RUN_I,DAMAGE,DATE_POLICE_NOTIFIED,PRIM_CONTRIBUTORY_CAUSE,SEC_CONTRIBUTORY_CAUSE,STREET_NO,STREET_DIRECTION,STREET_NAME,BEAT_OF_OCCURRENCE,NUM_UNITS,MOST_SEVERE_INJURY,INJURIES_TOTAL,INJURIES_FATAL,INJURIES_INCAPACITATING,INJURIES_NON_INCAPACITATING,INJURIES_REPORTED_NOT_EVIDENT,INJURIES_NO_INDICATION,INJURIES_UNKNOWN,CRASH_HOUR,CRASH_DAY_OF_WEEK,CRASH_MONTH,LATITUDE,LONGITUDE,LOCATION
30,NO CONTROLS,NO CONTROLS,CLEAR,"DARKNESS, LIGHTED ROAD",SIDESWIPE SAME DIRECTION,DIVIDED - W/MEDIAN (NOT RAISED),STRAIGHT AND LEVEL,DRY,UNKNOWN,ON SCENE,NO INJURY / DRIVE AWAY,,,"OVER $1,500",11/19/2020 06:21:00 PM,IMPROPER OVERTAKING/PASSING,NOT APPLICABLE,645,N,MICHIGAN AVE,1834,2,NO INDICATION OF INJURY,0,0,0,0,0,2,0,18,5,11,41.893918609,-87.624085833,POINT (-87.624085832985 41.893918609004)
15,NO CONTROLS,NO CONTROLS,SNOW,DAWN,TURNING,ALLEY,STRAIGHT AND LEVEL,SNOW OR SLUSH,NO DEFECTS,NOT ON SCENE (DESK REPORT),NO INJURY / DRIVE AWAY,,,"OVER $1,500",01/20/2016 08:20:00 AM,FAILING TO YIELD RIGHT-OF-WAY,IMPROPER TURNING/NO SIGNAL,2949,W,POPE JOHN PAUL II DR,922,2,NO INDICATION OF INJURY,0,0,0,0,0,2,0,6,4,1,41.81536642,-87.698882005,POINT (-87.698882004954 41.815366419958)
30,STOP SIGN/FLASHER,FUNCTIONING PROPERLY,CLEAR,DAYLIGHT,ANGLE,FOUR WAY,STRAIGHT AND LEVEL,DRY,NO DEFECTS,NOT ON SCENE (DESK REPORT),NO INJURY / DRIVE AWAY,,,"$501 - $1,500",05/30/2019 08:35:00 PM,UNABLE TO DETERMINE,NOT APPLICABLE,10351,W,ZEMKE RD,1654,2,NO INDICATION OF INJURY,0,0,0,0,0,2,0,13,3,5,,,
30,NO CONTROLS,NO CONTROLS,CLEAR,DAYLIGHT,FIXED OBJECT,DIVIDED - W/MEDIAN (NOT RAISED),STRAIGHT AND LEVEL,DRY,NO DEFECTS,ON SCENE,INJURY AND / OR TOW DUE TO CRASH,,,"OVER $1,500",03/30/2023 10:42:00 AM,PHYSICAL CONDITION OF DRIVER,NOT APPLICABLE,40,N,BESSIE COLEMAN DR,1654,1,NONINCAPACITATING INJURY,1,0,0,1,0,0,0,10,5,3,,,
15,NO CONTROLS,NO CONTROLS,CLEAR,DAYLIGHT,ANGLE,DIVIDED - W/MEDIAN (NOT RAISED),STRAIGHT AND LEVEL,UNKNOWN,UNKNOWN,NOT ON SCENE (DESK REPORT),NO INJURY / DRIVE AWAY,Y,,"OVER $1,500",09/21/2016 02:50:00 PM,UNABLE TO DETERMINE,UNABLE TO DETERMINE,5900,S,ALBANY AVE,824,2,NO INDICATION OF INJURY,0,0,0,0,0,2,0,14,4,9,41.786192939,-87.701055579,POINT (-87.70105557902 41.786192938996)
45,NO CONTROLS,NO CONTROLS,CLEAR,DAYLIGHT,REAR END,DIVIDED - W/MEDIAN BARRIER,STRAIGHT AND LEVEL,DRY,NO DEFECTS,NOT ON SCENE (DESK REPORT),NO INJURY / DRIVE AWAY,,,"OVER $1,500",04/19/2019 06:41:00 PM,FAILING TO REDUCE SPEED TO AVOID CRASH,DISTRACTION - FROM OUTSIDE VEHICLE,860,N,LAKE SHORE DR SB,1833,2,NO INDICATION OF INJURY,0,0,0,0,0,2,0,17,6,4,41.898341319,-87.618057856,POINT (-87.618057855957 41.898341319021)
30,NO CONTROLS,NO CONTROLS,CLEAR,DAYLIGHT,PARKED MOTOR VEHICLE,PARKING LOT,STRAIGHT AND LEVEL,DRY,NO DEFECTS,NOT ON SCENE (DESK REPORT),NO INJURY / DRIVE AWAY,,,"OVER $1,500",06/14/2020 09:40:00 AM,UNABLE TO DETERMINE,NOT APPLICABLE,3607,W,FULLERTON AVE,2525,2,NO INDICATION OF INJURY,0,0,0,0,0,1,0,9,1,6,41.924490094,-87.717288131,POINT (-87.717288130979 41.924490093998)
10,NO CONTROLS,NO CONTROLS,CLEAR,"DARKNESS, LIGHTED ROAD",SIDESWIPE SAME DIRECTION,ONE-WAY,"CURVE, LEVEL",DRY,UNKNOWN,ON SCENE,NO INJURY / DRIVE AWAY,,,"$501 - $1,500",03/23/2021 10:45:00 PM,UNABLE TO DETERMINE,NOT APPLICABLE,1,W,PARKING LOT A ST,1654,2,NO INDICATION OF INJURY,0,0,0,0,0,2,0,22,3,3,,,
25,NO CONTROLS,NO CONTROLS,CLEAR,"DARKNESS, LIGHTED ROAD",PARKED MOTOR VEHICLE,ONE-WAY,STRAIGHT AND LEVEL,DRY,NO DEFECTS,ON SCENE,NO INJURY / DRIVE AWAY,,,"OVER $1,500",09/16/2019 08:20:00 PM,IMPROPER OVERTAKING/PASSING,FAILING TO REDUCE SPEED TO AVOID CRASH,3,W,TERMINAL ST,1653,2,NO INDICATION OF INJURY,0,0,0,0,0,3,0,20,2,9,,,
40,TRAFFIC SIGNAL,FUNCTIONING PROPERLY,CLEAR,DAYLIGHT,REAR END,FOUR WAY,STRAIGHT AND LEVEL,DRY,NO DEFECTS,ON SCENE,INJURY AND / OR TOW DUE TO CRASH,Y,,"OVER $1,500",01/27/2020 12:00:00 AM,FAILING TO REDUCE SPEED TO AVOID CRASH,NOT APPLICABLE,13000,S,STONY ISLAND AVE,434,2,INCAPACITATING INJURY,1,0,1,0,0,1,0,0,2,1,,,
30,TRAFFIC SIGNAL,FUNCTIONING PROPERLY,CLEAR,DAYLIGHT,REAR END,NOT DIVIDED,STRAIGHT AND LEVEL,DRY,NO DEFECTS,NOT ON SCENE (DESK REPORT),NO INJURY / DRIVE AWAY,Y,,"OVER $1,500",07/12/2017 04:05:00 PM,UNABLE TO DETERMINE,NOT APPLICABLE,1625,W,LAWRENCE AVE,1912,2,NO INDICATION OF INJURY,0,0,0,0,0,2,0,8,4,7,41.968759395,-87.670519772,POINT (-87.670519771961 41.968759395034)
30,NO CONTROLS,NO CONTROLS,CLEAR,"DARKNESS, LIGHTED ROAD",REAR END,DIVIDED - W/MEDIAN (NOT RAISED),STRAIGHT AND LEVEL,DRY,SHOULDER DEFECT,NOT ON SCENE (DESK REPORT),NO INJURY / DRIVE AWAY,,,"OVER $1,500",11/09/2019 11:57:00 AM,FOLLOWING TOO CLOSELY,UNABLE TO DETERMINE,112,E,WACKER DR,114,2,NO INDICATION OF INJURY,0,0,0,0,0,2,0,20,6,11,41.888399178,-87.623954282,POINT (-87.623954281953 41.888399177959)
30,NO CONTROLS,NO CONTROLS,CLEAR,DAYLIGHT,ANGLE,NOT DIVIDED,STRAIGHT AND LEVEL,DRY,NO DEFECTS,ON SCENE,NO INJURY / DRIVE AWAY,,,"$501 - $1,500",10/08/2016 06:28:00 PM,UNABLE TO DETERMINE,UNABLE TO DETERMINE,4201,S,ASHLAND AVE,924,2,NO INDICATION OF INJURY,0,0,0,0,0,2,0,9,7,10,41.817683733,-87.6650402,POINT (-87.665040200043 41.817683733038)
25,NO CONTROLS,NO CONTROLS,CLEAR,DAYLIGHT,PARKED MOTOR VEHICLE,NOT DIVIDED,STRAIGHT AND LEVEL,SNOW OR SLUSH,NO DEFECTS,NOT ON SCENE (DESK REPORT),NO INJURY / DRIVE AWAY,,,"$501 - $1,500",02/22/2021 02:25:00 PM,NOT APPLICABLE,NOT APPLICABLE,4751,N,LONG AVE,1623,2,NO INDICATION OF INJURY,0,0,0,0,0,1,0,14,2,2,41.967046018,-87.762406364,POINT (-87.762406363953 41.967046017956)
30,NO CONTROLS,NO CONTROLS,CLEAR,DAYLIGHT,SIDESWIPE SAME DIRECTION,NOT DIVIDED,STRAIGHT AND LEVEL,DRY,NO DEFECTS,ON SCENE,NO INJURY / DRIVE AWAY,,,"$501 - $1,500",10/19/2017 03:30:00 PM,DISTRACTION - FROM INSIDE VEHICLE,EXCEEDING SAFE SPEED FOR CONDITIONS,2745,W,OGDEN AVE,1023,2,NO INDICATION OF INJURY,0,0,0,0,0,2,0,15,5,10,41.861508467,-87.694865557,POINT (-87.694865556976 41.861508466954)
30,UNKNOWN,UNKNOWN,UNKNOWN,UNKNOWN,SIDESWIPE SAME DIRECTION,NOT DIVIDED,STRAIGHT AND LEVEL,UNKNOWN,UNKNOWN,NOT ON SCENE (DESK REPORT),NO INJURY / DRIVE AWAY,,Y,$500 OR LESS,09/19/2021 08:40:00 PM,UNABLE TO DETERMINE,UNABLE TO DETERMINE,401,W,OHIO ST,1831,2,NO INDICATION OF INJURY,0,0,0,0,0,2,0,19,1,9,41.892207339,-87.638732966,POINT (-87.638732966003 41.892207338959)
30,NO CONTROLS,NO CONTROLS,CLEAR,DAYLIGHT,TURNING,NOT DIVIDED,STRAIGHT AND LEVEL,DRY,UNKNOWN,NOT ON SCENE (DESK REPORT),NO INJURY / DRIVE AWAY,,Y,$500 OR LESS,10/12/2018 03:10:00 PM,IMPROPER TURNING/NO SIGNAL,IMPROPER TURNING/NO SIGNAL,513,S,SACRAMENTO BLVD,1135,2,NO INDICATION OF INJURY,0,0,0,0,0,3,0,13,6,10,,,
30,STOP SIGN/FLASHER,FUNCTIONING PROPERLY,CLEAR,DAYLIGHT,REAR END,T-INTERSECTION,STRAIGHT AND LEVEL,WET,NO DEFECTS,ON SCENE,NO INJURY / DRIVE AWAY,Y,,"OVER $1,500",01/13/2020 09:10:00 AM,FOLLOWING TOO CLOSELY,FOLLOWING TOO CLOSELY,4998,N,CENTRAL AVE,1622,2,NO INDICATION OF INJURY,0,0,0,0,0,2,0,9,2,1,,,
30,NO CONTROLS,NO CONTROLS,CLEAR,DAYLIGHT,SIDESWIPE SAME DIRECTION,PARKING LOT,STRAIGHT AND LEVEL,DRY,NO DEFECTS,NOT ON SCENE (DESK REPORT),NO INJURY / DRIVE AWAY,,,"OVER $1,500",06/17/2022 08:00:00 PM,IMPROPER OVERTAKING/PASSING,NOT APPLICABLE,6299,S,LAKE SHORE DR,331,2,NO INDICATION OF INJURY,0,0,0,0,0,2,0,18,6,6,,,
25,NO CONTROLS,NO CONTROLS,CLEAR,DAYLIGHT,ANGLE,DIVIDED - W/MEDIAN (NOT RAISED),STRAIGHT AND LEVEL,DRY,NO DEFECTS,NOT ON SCENE (DESK REPORT),NO INJURY / DRIVE AWAY,,,"OVER $1,500",01/01/2023 05:50:00 PM,UNABLE TO DETERMINE,NOT APPLICABLE,5514,S,KOSTNER AVE,813,2,NO INDICATION OF INJURY,0,0,0,0,0,2,0,15,1,1,41.792628542,-87.73309608,POINT (-87.733096079996 41.79262854199)
30,NO CONTROLS,OTHER,CLOUDY/OVERCAST,DAWN,TURNING,DIVIDED - W/MEDIAN (NOT RAISED),STRAIGHT AND LEVEL,WET,UNKNOWN,NOT ON SCENE (DESK REPORT),NO INJURY / DRIVE AWAY,,,"$501 - $1,500",09/25/2018 08:00:00 PM,IMPROPER TURNING/NO SIGNAL,NOT APPLICABLE,112,E,WACKER DR,114,2,NO INDICATION OF INJURY,0,0,0,0,0,3,0,18,3,9,41.888399178,-87.623954282,POINT (-87.623954281953 41.888399177959)
25,NO CONTROLS,NO CONTROLS,CLEAR,"DARKNESS, LIGHTED ROAD",SIDESWIPE SAME DIRECTION,Y-INTERSECTION,CURVE ON GRADE,DRY,NO DEFECTS,NOT ON SCENE (DESK REPORT),NO INJURY / DRIVE AWAY,,Y,"OVER $1,500",06/07/2023 06:49:00 PM,FAILING TO YIELD RIGHT-OF-WAY,NOT APPLICABLE,1,W,TERMINAL ST,1651,2,NO INDICATION OF INJURY,0,0,0,0,0,2,0,0,4,6,,,
30,NO CONTROLS,NO CONTROLS,CLEAR,DAYLIGHT,PARKED MOTOR VEHICLE,NOT DIVIDED,STRAIGHT AND LEVEL,DRY,NO DEFECTS,ON SCENE,INJURY AND / OR TOW DUE TO CRASH,,,"$501 - $1,500",10/17/2020 04:50:00 PM,UNABLE TO DETERMINE,UNABLE TO DETERMINE,1037,W,14TH ST,1232,2,NO INDICATION OF INJURY,0,0,0,0,0,1,0,15,7,10,41.86334902,-87.65245901,POINT (-87.652459009985 41.863349020031)
30,TRAFFIC SIGNAL,FUNCTIONING PROPERLY,CLEAR,DUSK,PEDESTRIAN,NOT DIVIDED,STRAIGHT AND LEVEL,DRY,NO DEFECTS,,INJURY AND / OR TOW DUE TO CRASH,,Y,"OVER $1,500",03/17/2022 08:08:00 PM,UNABLE TO DETERMINE,UNABLE TO DETERMINE,6000,W,GRAND AVE,2512,2,FATAL,1,1,0,0,0,1,0,20,5,3,41.920676631,-87.775630269,POINT (-87.775630269041 41.920676630982)
30,TRAFFIC SIGNAL,FUNCTIONING PROPERLY,RAIN,DAYLIGHT,REAR END,NOT DIVIDED,STRAIGHT AND LEVEL,WET,NO DEFECTS,ON SCENE,INJURY AND / OR TOW DUE TO CRASH,,,"OVER $1,500",12/27/2018 12:38:00 PM,UNABLE TO DETERMINE,UNABLE TO DETERMINE,2101,S,ASHLAND AVE,1235,5,NO INDICATION OF INJURY,0,0,0,0,0,5,0,12,5,12,41.854120263,-87.665902343,POINT (-87.665902342962 41.854120262952)
20,NO CONTROLS,NO CONTROLS,CLEAR,"DARKNESS, LIGHTED ROAD",OTHER OBJECT,ONE-WAY,STRAIGHT AND LEVEL,DRY,NO DEFECTS,ON SCENE,INJURY AND / OR TOW DUE TO CRASH,,,"OVER $1,500",03/20/2021 01:43:00 AM,FAILING TO REDUCE SPEED TO AVOID CRASH,NOT APPLICABLE,6629,S,WINCHESTER AVE,726,1,INCAPACITATING INJURY,2,0,2,0,0,0,0,1,7,3,41.773028656,-87.672383683,POINT (-87.672383682986 41.773028655975)
30,TRAFFIC SIGNAL,FUNCTIONING PROPERLY,CLEAR,DAYLIGHT,SIDESWIPE SAME DIRECTION,NOT DIVIDED,STRAIGHT AND LEVEL,DRY,NO DEFECTS,NOT ON SCENE (DESK REPORT),NO INJURY / DRIVE AWAY,,,"OVER $1,500",01/23/2016 03:30:00 PM,UNABLE TO DETERMINE,UNABLE TO DETERMINE,5800,N,NAGLE AVE,1611,2,NO INDICATION OF INJURY,0,0,0,0,0,2,0,13,5,1,41.985976968,-87.78782345,POINT (-87.787823450015 41.985976968036)
30,NO CONTROLS,NO CONTROLS,FREEZING RAIN/DRIZZLE,"DARKNESS, LIGHTED ROAD",SIDESWIPE SAME DIRECTION,ONE-WAY,CURVE ON GRADE,WET,NO DEFECTS,ON SCENE,NO INJURY / DRIVE AWAY,,,"OVER $1,500",12/14/2022 06:28:00 AM,IMPROPER LANE USAGE,DRIVING SKILLS/KNOWLEDGE/EXPERIENCE,50,W,I190 EXPY,1654,2,NO INDICATION OF INJURY,0,0,0,0,0,2,0,6,4,12,,,
30,TRAFFIC SIGNAL,FUNCTIONING PROPERLY,CLEAR,DAYLIGHT,ANGLE,NOT DIVIDED,STRAIGHT AND LEVEL,DRY,NO DEFECTS,ON SCENE,INJURY AND / OR TOW DUE TO CRASH,Y,,"OVER $1,500",11/10/2015 11:45:00 AM,UNABLE TO DETERMINE,UNABLE TO DETERMINE,1632,E,67TH ST,331,2,NONINCAPACITATING INJURY,1,0,0,1,0,2,0,11,3,11,41.773455972,-87.585022352,POINT (-87.585022352022 41.773455972008)
20,STOP SIGN/FLASHER,FUNCTIONING PROPERLY,CLEAR,DAYLIGHT,ANGLE,PARKING LOT,STRAIGHT AND LEVEL,DRY,NO DEFECTS,ON SCENE,INJURY AND / OR TOW DUE TO CRASH,Y,,"OVER $1,500",06/12/2023 11:22:00 AM,DISREGARDING STOP SIGN,FAILING TO YIELD RIGHT-OF-WAY,539,W,OHARE ST,1654,2,NO INDICATION OF INJURY,0,0,0,0,0,2,0,11,2,6,,,
30,NO CONTROLS,NO CONTROLS,UNKNOWN,UNKNOWN,PARKED MOTOR VEHICLE,ONE-WAY,STRAIGHT AND LEVEL,UNKNOWN,NO DEFECTS,NOT ON SCENE (DESK REPORT),NO INJURY / DRIVE AWAY,,Y,"OVER $1,500",04/22/2019 11:10:00 AM,UNABLE TO DETERMINE,UNABLE TO DETERMINE,3132,W,15TH PL,1022,2,NO INDICATION OF INJURY,0,0,0,0,0,1,0,23,7,4,41.860343721,-87.704313517,POINT (-87.70431351704 41.860343720962)
30,NO CONTROLS,NO CONTROLS,CLOUDY/OVERCAST,DAYLIGHT,SIDESWIPE SAME DIRECTION,ONE-WAY,STRAIGHT AND LEVEL,DRY,NO DEFECTS,ON SCENE,NO INJURY / DRIVE AWAY,,Y,"OVER $1,500",06/19/2019 04:55:00 PM,UNABLE TO DETERMINE,UNABLE TO DETERMINE,3,W,TERMINAL ST,1653,2,NO INDICATION OF INJURY,0,0,0,0,0,2,0,16,4,6,,,
25,NO CONTROLS,NO CONTROLS,CLEAR,DAYLIGHT,PARKED MOTOR VEHICLE,DIVIDED - W/MEDIAN (NOT RAISED),STRAIGHT AND LEVEL,DRY,NO DEFECTS,NOT ON SCENE (DESK REPORT),NO INJURY / DRIVE AWAY,,Y,"$501 - $1,500",02/23/2021 02:15:00 PM,UNABLE TO DETERMINE,NOT APPLICABLE,534,S,LEAMINGTON AVE,1533,2,NO INDICATION OF INJURY,0,0,0,0,0,2,0,14,3,2,41.87301483,-87.753429815,POINT (-87.75342981496 41.873014829988)
25,NO CONTROLS,NO CONTROLS,CLEAR,DAYLIGHT,SIDESWIPE SAME DIRECTION,NOT DIVIDED,STRAIGHT AND LEVEL,DRY,"RUT, HOLES",ON SCENE,INJURY AND / OR TOW DUE TO CRASH,,,"OVER $1,500",01/25/2021 03:36:00 PM,FAILING TO YIELD RIGHT-OF-WAY,UNABLE TO DETERMINE,2231,E,67TH ST,331,5,NONINCAPACITATING INJURY,2,0,0,2,0,1,0,15,2,1,41.773407967,-87.57037243,POINT (-87.570372429966 41.77340796701)
15,NO CONTROLS,NO CONTROLS,CLEAR,DAYLIGHT,TURNING,NOT DIVIDED,STRAIGHT AND LEVEL,DRY,NO DEFECTS,NOT ON SCENE (DESK REPORT),INJURY AND / OR TOW DUE TO CRASH,,,"OVER $1,500",04/16/2018 03:20:00 PM,IMPROPER BACKING,NOT APPLICABLE,3550,N,LOWELL AVE,1731,2,NO INDICATION OF INJURY,0,0,0,0,0,2,0,15,2,4,41.945944152,-87.736151153,POINT (-87.736151152957 41.945944151974)
55,NO CONTROLS,NO CONTROLS,CLEAR,DAYLIGHT,REAR END,DIVIDED - W/MEDIAN BARRIER,STRAIGHT AND LEVEL,DRY,NO DEFECTS,ON SCENE,NO INJURY / DRIVE AWAY,,,"OVER $1,500",04/26/2022 06:05:00 PM,FOLLOWING TOO CLOSELY,NOT APPLICABLE,11500,W,IRVING PARK RD,1654,2,NO INDICATION OF INJURY,0,0,0,0,0,6,0,17,3,4,0,0,POINT (0 0)
30,NO CONTROLS,NO CONTROLS,CLEAR,DAYLIGHT,SIDESWIPE SAME DIRECTION,NOT DIVIDED,STRAIGHT AND LEVEL,DRY,NO DEFECTS,NOT ON SCENE (DESK REPORT),NO INJURY / DRIVE AWAY,,Y,"OVER $1,500",11/14/2018 12:05:00 PM,UNABLE TO DETERMINE,UNABLE TO DETERMINE,947,W,FULLERTON AVE,1812,2,NO INDICATION OF INJURY,0,0,0,0,0,5,0,14,7,11,41.925276478,-87.653035266,POINT (-87.653035266043 41.92527647798)
30,NO CONTROLS,NO CONTROLS,CLEAR,"DARKNESS, LIGHTED ROAD",PARKED MOTOR VEHICLE,NOT DIVIDED,STRAIGHT AND LEVEL,DRY,NO DEFECTS,ON SCENE,NO INJURY / DRIVE AWAY,,,$500 OR LESS,05/25/2021 02:12:00 AM,PHYSICAL CONDITION OF DRIVER,PHYSICAL CONDITION OF DRIVER,4717,W,ARTHINGTON ST,1131,2,NO INDICATION OF INJURY,0,0,0,0,0,2,0,2,3,5,41.869457649,-87.743157599,POINT (-87.743157599033 41.86945764903)
30,NO CONTROLS,NO CONTROLS,CLEAR,DAYLIGHT,PARKED MOTOR VEHICLE,NOT DIVIDED,STRAIGHT AND LEVEL,DRY,NO DEFECTS,ON SCENE,INJURY AND / OR TOW DUE TO CRASH,,,"$501 - $1,500",09/16/2020 11:00:00 AM,UNABLE TO DETERMINE,UNABLE TO DETERMINE,6445,S,WESTERN AVE,825,2,NO INDICATION OF INJURY,0,0,0,0,0,1,0,11,4,9,41.776087494,-87.683412333,POINT (-87.683412332996 41.776087494005)
35,NO CONTROLS,NO CONTROLS,CLEAR,DAYLIGHT,FIXED OBJECT,DIVIDED - W/MEDIAN BARRIER,STRAIGHT AND LEVEL,DRY,NO DEFECTS,ON SCENE,INJURY AND / OR TOW DUE TO CRASH,,,"OVER $1,500",02/05/2023 08:45:00 AM,FAILING TO REDUCE SPEED TO AVOID CRASH,UNDER THE INFLUENCE OF ALCOHOL/DRUGS (USE WHEN ARREST IS EFFECTED),8730,S,CHICAGO SKYWAY OB,412,1,NONINCAPACITATING INJURY,1,0,0,1,0,2,0,8,1,2,,,
30,STOP SIGN/FLASHER,FUNCTIONING PROPERLY,CLEAR,DAYLIGHT,REAR END,NOT DIVIDED,STRAIGHT AND LEVEL,DRY,NO DEFECTS,NOT ON SCENE (DESK REPORT),NO INJURY / DRIVE AWAY,,,"OVER $1,500",02/12/2021 10:40:00 AM,FOLLOWING TOO CLOSELY,UNABLE TO DETERMINE,1439,S,CALIFORNIA BLVD,1023,2,NO INDICATION OF INJURY,0,0,0,0,0,3,0,10,6,2,41.861248347,-87.69560597,POINT (-87.695605970043 41.861248346977)
30,TRAFFIC SIGNAL,FUNCTIONING PROPERLY,CLEAR,DAYLIGHT,TURNING,DIVIDED - W/MEDIAN (NOT RAISED),STRAIGHT AND LEVEL,DRY,NO DEFECTS,ON SCENE,INJURY AND / OR TOW DUE TO CRASH,Y,,"OVER $1,500",07/17/2023 02:06:00 PM,FAILING TO YIELD RIGHT-OF-WAY,UNABLE TO DETERMINE,8301,S,CICERO AVE,834,2,NO INDICATION OF INJURY,0,0,0,0,0,3,0,14,2,7,41.741803599,-87.740953582,POINT (-87.740953581987 41.741803598989)
35,NO CONTROLS,NO CONTROLS,CLEAR,DAYLIGHT,PARKED MOTOR VEHICLE,NOT DIVIDED,STRAIGHT AND LEVEL,DRY,NO DEFECTS,NOT ON SCENE (DESK REPORT),NO INJURY / DRIVE AWAY,,Y,"$501 - $1,500",05/15/2017 01:15:00 PM,UNABLE TO DETERMINE,UNABLE TO DETERMINE,1516,W,16TH ST,1233,2,NO INDICATION OF INJURY,0,0,0,0,0,1,0,7,6,5,41.859744491,-87.664524033,POINT (-87.664524032969 41.85974449104)
30,NO CONTROLS,NO CONTROLS,CLEAR,DAYLIGHT,ANGLE,DIVIDED - W/MEDIAN BARRIER,STRAIGHT AND LEVEL,DRY,NO DEFECTS,ON SCENE,INJURY AND / OR TOW DUE TO CRASH,,,"OVER $1,500",06/12/2018 04:15:00 PM,FAILING TO YIELD RIGHT-OF-WAY,NOT APPLICABLE,5558,W,AUGUSTA BLVD,1524,3,NO INDICATION OF INJURY,0,0,0,0,0,4,0,16,3,6,41.898607736,-87.765435936,POINT (-87.765435935974 41.898607735996)
10,NO CONTROLS,NO CONTROLS,CLOUDY/OVERCAST,DAYLIGHT,SIDESWIPE SAME DIRECTION,ONE-WAY,STRAIGHT AND LEVEL,WET,NO DEFECTS,ON SCENE,NO INJURY / DRIVE AWAY,,Y,"OVER $1,500",06/11/2023 08:06:00 AM,IMPROPER OVERTAKING/PASSING,UNABLE TO DETERMINE,1,S,DOOR 3 ST,813,2,NO INDICATION OF INJURY,0,0,0,0,0,2,0,8,1,6,,,
30,NO CONTROLS,NO CONTROLS,CLEAR,DAYLIGHT,FIXED OBJECT,DIVIDED - W/MEDIAN BARRIER,STRAIGHT AND LEVEL,DRY,NO DEFECTS,ON SCENE,INJURY AND / OR TOW DUE TO CRASH,,,"OVER $1,500",04/23/2022 02:55:00 PM,DISTRACTION - FROM INSIDE VEHICLE,NOT APPLICABLE,8650,S,CHICAGO SKYWAY OB,412,1,NO INDICATION OF INJURY,0,0,0,0,0,4,0,14,7,4,,,
30,TRAFFIC SIGNAL,FUNCTIONING PROPERLY,CLEAR,DAYLIGHT,PEDALCYCLIST,DIVIDED - W/MEDIAN BARRIER,STRAIGHT AND LEVEL,DRY,NO DEFECTS,ON SCENE,NO INJURY / DRIVE AWAY,Y,,$500 OR LESS,09/05/2018 03:01:00 PM,FAILING TO YIELD RIGHT-OF-WAY,UNABLE TO DETERMINE,705,S,DAMEN AVE,1225,2,NO INDICATION OF INJURY,0,0,0,0,0,2,0,14,4,9,0,0,POINT (0 0)
30,NO CONTROLS,NO CONTROLS,CLEAR,DAYLIGHT,PARKED MOTOR VEHICLE,NOT DIVIDED,STRAIGHT AND LEVEL,DRY,NO DEFECTS,NOT ON SCENE (DESK REPORT),NO INJURY / DRIVE AWAY,,Y,"$501 - $1,500",05/14/2019 04:54:00 PM,NOT APPLICABLE,NOT APPLICABLE,8040,S,KNOX AVE,834,2,NO INDICATION OF INJURY,0,0,0,0,0,1,0,4,3,5,41.746513854,-87.737555747,POINT (-87.737555746991 41.746513854029)
30,NO CONTROLS,NO CONTROLS,RAIN,DUSK,TURNING,OTHER,STRAIGHT AND LEVEL,WET,NO DEFECTS,NOT ON SCENE (DESK REPORT),NO INJURY / DRIVE AWAY,,,"OVER $1,500",05/21/2018 05:23:00 PM,IMPROPER TURNING/NO SIGNAL,FAILING TO YIELD RIGHT-OF-WAY,2598,N,WESTERN AVE,1431,2,NO INDICATION OF INJURY,0,0,0,0,0,2,0,17,2,5,41.928615792,-87.687920247,POINT (-87.687920247039 41.928615792006)
30,TRAFFIC SIGNAL,FUNCTIONING PROPERLY,CLEAR,"DARKNESS, LIGHTED ROAD",FIXED OBJECT,ONE-WAY,STRAIGHT AND LEVEL,DRY,UNKNOWN,ON SCENE,INJURY AND / OR TOW DUE TO CRASH,,,"OVER $1,500",07/13/2020 10:11:00 PM,UNABLE TO DETERMINE,NOT APPLICABLE,5548,W,FLOURNOY ST,1522,1,"REPORTED, NOT EVIDENT",2,0,0,0,2,0,0,22,2,7,41.871952583,-87.763502356,POINT (-87.763502356028 41.871952582986)
30,TRAFFIC SIGNAL,FUNCTIONING PROPERLY,FREEZING RAIN/DRIZZLE,"DARKNESS, LIGHTED ROAD",TURNING,DIVIDED - W/MEDIAN (NOT RAISED),STRAIGHT AND LEVEL,WET,NO DEFECTS,NOT ON SCENE (DESK REPORT),NO INJURY / DRIVE AWAY,,Y,"OVER $1,500",03/16/2020 09:30:00 PM,DISREGARDING YIELD SIGN,NOT APPLICABLE,5900,S,MAYFIELD AVE,811,2,NO INDICATION OF INJURY,0,0,0,0,0,2,0,20,2,3,41.785198987,-87.769483699,POINT (-87.769483698961 41.785198986966)