POSTED_SPEED_LIMIT,TRAFFIC_CONTROL_DEVICE,DEVICE_CONDITION,WEATHER_CONDITION,LIGHTING_CONDITION,FIRST_CRASH_TYPE,TRAFFICWAY_TYPE,ALIGNMENT,ROADWAY_SURFACE_COND,ROAD_DEFECT,REPORT_TYPE,CRASH_TYPE,INTERSECTION_RELATED_I,HIT_AND_RUN_I,DAMAGE,DATE_POLICE_NOTIFIED,PRIM_CONTRIBUTORY_CAUSE,SEC_CONTRIBUTORY_CAUSE,STREET_NO,STREET_DIRECTION,STREET_NAME,BEAT_OF_OCCURRENCE,NUM_UNITS,MOST_SEVERE_INJURY,INJURIES_TOTAL,INJURIES_FATAL,INJURIES_INCAPACITATING,INJURIES_NON_INCAPACITATING,INJURIES_REPORTED_NOT_EVIDENT,INJURIES_NO_INDICATION,INJURIES_UNKNOWN,CRASH_HOUR,CRASH_DAY_OF_WEEK,CRASH_MONTH,LATITUDE,LONGITUDE,LOCATION
30,NO CONTROLS,NO CONTROLS,RAIN,"DARKNESS, LIGHTED ROAD",SIDESWIPE SAME DIRECTION,OTHER,STRAIGHT AND LEVEL,WET,UNKNOWN,ON SCENE,NO INJURY / DRIVE AWAY,,,$500 OR LESS,12/14/2022 05:50:00 PM,WEATHER,NOT APPLICABLE,630,W,OHARE ST,1654,2,NO INDICATION OF INJURY,0,0,0,0,0,2,0,17,4,12,,,
30,TRAFFIC SIGNAL,FUNCTIONING PROPERLY,CLOUDY/OVERCAST,DAYLIGHT,TURNING,DIVIDED - W/MEDIAN BARRIER,STRAIGHT AND LEVEL,DRY,NO DEFECTS,ON SCENE,INJURY AND / OR TOW DUE TO CRASH,Y,,"OVER $1,500",05/13/2018 05:26:00 PM,FAILING TO YIELD RIGHT-OF-WAY,FAILING TO REDUCE SPEED TO AVOID CRASH,8300,S,STONY ISLAND AVE,412,2,NO INDICATION OF INJURY,0,0,0,0,0,2,0,17,1,5,41.744151639,-87.585945067,POINT (-87.585945066953 41.744151639042)
15,STOP SIGN/FLASHER,FUNCTIONING PROPERLY,CLEAR,DAYLIGHT,ANGLE,PARKING LOT,STRAIGHT AND LEVEL,DRY,NO DEFECTS,ON SCENE,NO INJURY / DRIVE AWAY,,,"$501 - $1,500",06/02/2019 05:42:00 PM,"VISION OBSCURED (SIGNS, TREE LIMBS, BUILDINGS, ETC.)",NOT APPLICABLE,524,W,OHARE ST,1654,2,NO INDICATION OF INJURY,0,0,0,0,0,4,0,17,1,6,,,
20,NO CONTROLS,NO CONTROLS,CLOUDY/OVERCAST,DAYLIGHT,PARKED MOTOR VEHICLE,OTHER,STRAIGHT AND LEVEL,DRY,NO DEFECTS,ON SCENE,INJURY AND / OR TOW DUE TO CRASH,,,"OVER $1,500",06/15/2019 02:25:00 PM,DISREGARDING ROAD MARKINGS,DRIVING SKILLS/KNOWLEDGE/EXPERIENCE,5,W,TERMINAL ST,1655,2,"REPORTED, NOT EVIDENT",1,0,0,0,1,1,0,14,7,6,,,
25,NO CONTROLS,NO CONTROLS,CLEAR,"DARKNESS, LIGHTED ROAD",PARKED MOTOR VEHICLE,ONE-WAY,STRAIGHT AND LEVEL,DRY,NO DEFECTS,ON SCENE,INJURY AND / OR TOW DUE TO CRASH,,,"OVER $1,500",06/24/2021 12:30:00 AM,UNABLE TO DETERMINE,UNABLE TO DETERMINE,2198,W,FARGO AVE,2424,3,NONINCAPACITATING INJURY,1,0,0,1,0,2,0,0,5,6,,,
35,NO CONTROLS,NO CONTROLS,CLEAR,DAYLIGHT,REAR END,NOT DIVIDED,STRAIGHT AND LEVEL,DRY,NO DEFECTS,NOT ON SCENE (DESK REPORT),NO INJURY / DRIVE AWAY,,,"$501 - $1,500",03/09/2018 11:20:00 PM,FAILING TO REDUCE SPEED TO AVOID CRASH,FOLLOWING TOO CLOSELY,4340,N,MANNHEIM RD,1654,2,NO INDICATION OF INJURY,0,0,0,0,0,2,0,7,6,3,,,
30,UNKNOWN,UNKNOWN,UNKNOWN,DAYLIGHT,SIDESWIPE SAME DIRECTION,DIVIDED - W/MEDIAN (NOT RAISED),STRAIGHT AND LEVEL,UNKNOWN,UNKNOWN,NOT ON SCENE (DESK REPORT),NO INJURY / DRIVE AWAY,,Y,"OVER $1,500",04/15/2021 08:30:00 AM,IMPROPER OVERTAKING/PASSING,UNABLE TO DETERMINE,1951,N,WESTERN AVE,1434,2,NO INDICATION OF INJURY,0,0,0,0,0,2,0,7,5,4,41.917103631,-87.687248767,POINT (-87.687248767006 41.917103631009)
20,NO CONTROLS,NO CONTROLS,CLEAR,DAYLIGHT,PARKED MOTOR VEHICLE,RAMP,STRAIGHT AND LEVEL,DRY,NO DEFECTS,ON SCENE,NO INJURY / DRIVE AWAY,,,"$501 - $1,500",10/16/2017 03:48:00 PM,EQUIPMENT - VEHICLE CONDITION,UNABLE TO DETERMINE,4201,S,ASHLAND AVE,924,2,NO INDICATION OF INJURY,0,0,0,0,0,1,0,15,2,10,41.817683733,-87.6650402,POINT (-87.665040200043 41.817683733038)
25,NO CONTROLS,NO CONTROLS,RAIN,DAYLIGHT,SIDESWIPE SAME DIRECTION,ONE-WAY,STRAIGHT AND LEVEL,WET,UNKNOWN,ON SCENE,NO INJURY / DRIVE AWAY,,,"OVER $1,500",09/11/2022 06:02:00 PM,UNABLE TO DETERMINE,NOT APPLICABLE,3,W,TERMINAL ST,1653,2,NO INDICATION OF INJURY,0,0,0,0,0,2,0,18,1,9,,,
10,NO CONTROLS,NO CONTROLS,CLEAR,"DARKNESS, LIGHTED ROAD",PARKED MOTOR VEHICLE,NOT DIVIDED,STRAIGHT AND LEVEL,DRY,NO DEFECTS,NOT ON SCENE (DESK REPORT),INJURY AND / OR TOW DUE TO CRASH,,,"OVER $1,500",08/07/2017 12:40:00 PM,UNABLE TO DETERMINE,NOT APPLICABLE,10114,S,FAIRFIELD AVE,2211,2,NO INDICATION OF INJURY,0,0,0,0,0,1,0,20,1,8,41.709453774,-87.690494902,POINT (-87.690494901977 41.709453774026)
20,STOP SIGN/FLASHER,OTHER,CLOUDY/OVERCAST,DAYLIGHT,ANGLE,NOT DIVIDED,STRAIGHT AND LEVEL,DRY,NO DEFECTS,ON SCENE,NO INJURY / DRIVE AWAY,Y,,"$501 - $1,500",12/22/2017 12:56:00 PM,UNABLE TO DETERMINE,UNABLE TO DETERMINE,8300,S,KOSTNER AVE,834,2,NO INDICATION OF INJURY,0,0,0,0,0,2,0,12,6,12,41.741916078,-87.731527894,POINT (-87.731527894011 41.741916078034)
30,NO CONTROLS,NO CONTROLS,RAIN,DAYLIGHT,REAR END,NOT DIVIDED,STRAIGHT AND LEVEL,WET,NO DEFECTS,NOT ON SCENE (DESK REPORT),NO INJURY / DRIVE AWAY,,,"OVER $1,500",04/24/2022 01:20:00 PM,UNABLE TO DETERMINE,UNABLE TO DETERMINE,11010,S,KEDZIE AVE,2211,2,NO INDICATION OF INJURY,0,0,0,0,0,3,0,12,1,4,41.693015814,-87.701024776,POINT (-87.701024776006 41.693015814018)
30,NO CONTROLS,NO CONTROLS,RAIN,DARKNESS,FIXED OBJECT,PARKING LOT,STRAIGHT AND LEVEL,WET,NO DEFECTS,ON SCENE,INJURY AND / OR TOW DUE TO CRASH,,,"OVER $1,500",03/08/2019 06:08:00 AM,DISTRACTION - FROM INSIDE VEHICLE,NOT APPLICABLE,2401,W,ROOSEVELT RD,1023,1,NO INDICATION OF INJURY,0,0,0,0,0,1,0,5,6,3,41.866501191,-87.686157599,POINT (-87.686157599021 41.866501191036)
55,NO CONTROLS,NO CONTROLS,CLEAR,DAWN,SIDESWIPE SAME DIRECTION,ONE-WAY,STRAIGHT AND LEVEL,DRY,NO DEFECTS,ON SCENE,NO INJURY / DRIVE AWAY,,,"OVER $1,500",06/25/2022 06:20:00 AM,IMPROPER LANE USAGE,DRIVING SKILLS/KNOWLEDGE/EXPERIENCE,75,W,I190 EXPY,1654,2,NO INDICATION OF INJURY,0,0,0,0,0,2,0,6,7,6,,,
30,NO CONTROLS,NO CONTROLS,CLEAR,DAYLIGHT,REAR END,NOT DIVIDED,STRAIGHT AND LEVEL,DRY,NO DEFECTS,ON SCENE,NO INJURY / DRIVE AWAY,,,"OVER $1,500",05/16/2022 04:14:00 PM,DRIVING ON WRONG SIDE/WRONG WAY,NOT APPLICABLE,1602,W,74TH ST,735,2,NO INDICATION OF INJURY,0,0,0,0,0,3,0,16,2,5,41.759563648,-87.663788589,POINT (-87.663788588964 41.759563648043)
30,NO CONTROLS,NO CONTROLS,CLEAR,DAYLIGHT,PARKED MOTOR VEHICLE,OTHER,STRAIGHT AND LEVEL,DRY,UNKNOWN,NOT ON SCENE (DESK REPORT),INJURY AND / OR TOW DUE TO CRASH,,,"OVER $1,500",06/05/2019 10:13:00 AM,UNABLE TO DETERMINE,UNABLE TO DETERMINE,12127,S,EGGLESTON AVE,523,2,NO INDICATION OF INJURY,0,0,0,0,0,1,0,17,3,6,41.673401606,-87.633195466,POINT (-87.633195465966 41.673401605975)
30,NO CONTROLS,NO CONTROLS,CLEAR,DAYLIGHT,SIDESWIPE SAME DIRECTION,OTHER,STRAIGHT AND LEVEL,DRY,NO DEFECTS,NOT ON SCENE (DESK REPORT),NO INJURY / DRIVE AWAY,,Y,"OVER $1,500",07/19/2023 04:30:00 PM,UNABLE TO DETERMINE,NOT APPLICABLE,3,W,TERMINAL ST,1653,2,NO INDICATION OF INJURY,0,0,0,0,0,2,0,6,4,7,,,
30,TRAFFIC SIGNAL,FUNCTIONING PROPERLY,CLEAR,DAYLIGHT,TURNING,DIVIDED - W/MEDIAN (NOT RAISED),STRAIGHT AND LEVEL,UNKNOWN,UNKNOWN,NOT ON SCENE (DESK REPORT),NO INJURY / DRIVE AWAY,Y,,"$501 - $1,500",06/03/2017 01:20:00 PM,FOLLOWING TOO CLOSELY,FOLLOWING TOO CLOSELY,800,N,OGDEN AVE,1213,2,NO INDICATION OF INJURY,0,0,0,0,0,2,0,12,7,6,41.896393332,-87.654686711,POINT (-87.654686710965 41.89639333201)
35,NO CONTROLS,NO CONTROLS,CLEAR,"DARKNESS, LIGHTED ROAD",REAR END,NOT DIVIDED,STRAIGHT AND LEVEL,DRY,NO DEFECTS,NOT ON SCENE (DESK REPORT),NO INJURY / DRIVE AWAY,,,"OVER $1,500",11/20/2017 01:40:00 AM,FOLLOWING TOO CLOSELY,UNABLE TO DETERMINE,600,W,DIVISION ST,1822,3,NO INDICATION OF INJURY,0,0,0,0,0,4,0,1,2,11,41.903825234,-87.64328636,POINT (-87.643286359995 41.903825233976)
15,NO CONTROLS,NO CONTROLS,CLEAR,"DARKNESS, LIGHTED ROAD",SIDESWIPE SAME DIRECTION,OTHER,STRAIGHT AND LEVEL,DRY,NO DEFECTS,ON SCENE,NO INJURY / DRIVE AWAY,,,"OVER $1,500",07/12/2023 12:55:00 AM,IMPROPER OVERTAKING/PASSING,UNABLE TO DETERMINE,1,S,MIDWAY ST,813,2,NO INDICATION OF INJURY,0,0,0,0,0,2,0,0,4,7,,,
15,NO CONTROLS,NO CONTROLS,CLEAR,DAYLIGHT,ANGLE,PARKING LOT,STRAIGHT ON GRADE,DRY,NO DEFECTS,NOT ON SCENE (DESK REPORT),NO INJURY / DRIVE AWAY,,,"$501 - $1,500",02/13/2023 07:15:00 PM,IMPROPER BACKING,DRIVING SKILLS/KNOWLEDGE/EXPERIENCE,2617,S,CALIFORNIA AVE,1034,2,NO INDICATION OF INJURY,0,0,0,0,0,2,0,16,6,2,,,
30,TRAFFIC SIGNAL,FUNCTIONING PROPERLY,CLEAR,DAYLIGHT,PEDALCYCLIST,OTHER,STRAIGHT AND LEVEL,DRY,NO DEFECTS,ON SCENE,INJURY AND / OR TOW DUE TO CRASH,Y,,"OVER $1,500",05/09/2020 10:46:00 AM,DRIVING ON WRONG SIDE/WRONG WAY,"VISION OBSCURED (SIGNS, TREE LIMBS, BUILDINGS, ETC.)",360,W,MADISON ST,122,2,"REPORTED, NOT EVIDENT",1,0,0,0,1,1,0,10,7,5,41.8820229,-87.637081412,POINT (-87.637081411989 41.88202289998)
35,OTHER,FUNCTIONING PROPERLY,CLEAR,DUSK,FIXED OBJECT,DIVIDED - W/MEDIAN BARRIER,STRAIGHT AND LEVEL,DRY,NO DEFECTS,ON SCENE,INJURY AND / OR TOW DUE TO CRASH,,,"OVER $1,500",05/07/2018 06:11:00 PM,UNABLE TO DETERMINE,NOT APPLICABLE,8801,S,CHICAGO SKYWAY IB,423,1,INCAPACITATING INJURY,1,0,1,0,0,0,0,18,2,5,,,
25,NO CONTROLS,NO CONTROLS,CLEAR,DARKNESS,SIDESWIPE SAME DIRECTION,RAMP,STRAIGHT AND LEVEL,DRY,UNKNOWN,NOT ON SCENE (DESK REPORT),NO INJURY / DRIVE AWAY,,,"$501 - $1,500",01/09/2019 05:50:00 PM,IMPROPER OVERTAKING/PASSING,UNABLE TO DETERMINE,9200,S,CHICAGO SKYWAY OB,423,2,NO INDICATION OF INJURY,0,0,0,0,0,2,0,17,4,1,,,
30,NO CONTROLS,NO CONTROLS,RAIN,DAYLIGHT,SIDESWIPE SAME DIRECTION,ONE-WAY,STRAIGHT AND LEVEL,DRY,UNKNOWN,NOT ON SCENE (DESK REPORT),NO INJURY / DRIVE AWAY,,,"OVER $1,500",08/03/2021 03:30:00 PM,UNABLE TO DETERMINE,NOT APPLICABLE,4003,S,INDIANA AVE,213,2,NO INDICATION OF INJURY,0,0,0,0,0,2,0,14,3,8,41.821872443,-87.62140658,POINT (-87.621406579964 41.821872443028)
30,TRAFFIC SIGNAL,FUNCTIONING PROPERLY,CLEAR,"DARKNESS, LIGHTED ROAD",REAR END,FOUR WAY,STRAIGHT AND LEVEL,DRY,NO DEFECTS,ON SCENE,NO INJURY / DRIVE AWAY,,Y,$500 OR LESS,08/31/2020 10:58:00 PM,NOT APPLICABLE,NOT APPLICABLE,4549,N,WESTERN AVE,1911,2,NO INDICATION OF INJURY,0,0,0,0,0,3,0,22,2,8,41.964611566,-87.688634568,POINT (-87.688634568004 41.964611566013)
30,TRAFFIC SIGNAL,FUNCTIONING PROPERLY,CLEAR,DAYLIGHT,REAR END,FOUR WAY,STRAIGHT AND LEVEL,DRY,NO DEFECTS,NOT ON SCENE (DESK REPORT),NO INJURY / DRIVE AWAY,Y,,$500 OR LESS,10/31/2021 10:40:00 AM,FOLLOWING TOO CLOSELY,FOLLOWING TOO CLOSELY,3956,W,LAWRENCE AVE,1712,2,NO INDICATION OF INJURY,0,0,0,0,0,2,0,10,1,10,41.968353784,-87.727891335,POINT (-87.727891334988 41.968353783982)
30,NO CONTROLS,NO CONTROLS,UNKNOWN,UNKNOWN,PARKED MOTOR VEHICLE,DIVIDED - W/MEDIAN BARRIER,STRAIGHT AND LEVEL,DRY,NO DEFECTS,ON SCENE,INJURY AND / OR TOW DUE TO CRASH,,Y,"OVER $1,500",10/22/2022 03:30:00 PM,UNABLE TO DETERMINE,UNABLE TO DETERMINE,1539,N,CLARK ST,1824,2,NO INDICATION OF INJURY,0,0,0,0,0,1,0,12,7,10,41.910549085,-87.631503251,POINT (-87.631503251016 41.910549084995)
30,TRAFFIC SIGNAL,FUNCTIONING PROPERLY,CLEAR,DAYLIGHT,REAR END,FOUR WAY,STRAIGHT AND LEVEL,DRY,NO DEFECTS,ON SCENE,NO INJURY / DRIVE AWAY,,Y,$500 OR LESS,07/20/2020 02:45:00 PM,UNABLE TO DETERMINE,NOT APPLICABLE,2401,W,ROOSEVELT RD,1023,2,NO INDICATION OF INJURY,0,0,0,0,0,3,0,13,2,7,41.866501191,-87.686157599,POINT (-87.686157599021 41.866501191036)
30,TRAFFIC SIGNAL,FUNCTIONING IMPROPERLY,RAIN,DAYLIGHT,REAR END,NOT DIVIDED,STRAIGHT AND LEVEL,WET,NO DEFECTS,ON SCENE,NO INJURY / DRIVE AWAY,,,"OVER $1,500",06/22/2017 05:44:00 PM,FAILING TO REDUCE SPEED TO AVOID CRASH,DRIVING SKILLS/KNOWLEDGE/EXPERIENCE,1100,W,DIVISION ST,1822,2,NO INDICATION OF INJURY,0,0,0,0,0,2,0,17,5,6,41.903639931,-87.65554697,POINT (-87.655546970003 41.903639930952)
30,NO CONTROLS,NO CONTROLS,CLOUDY/OVERCAST,DAYLIGHT,TURNING,NOT DIVIDED,STRAIGHT AND LEVEL,DRY,NO DEFECTS,NOT ON SCENE (DESK REPORT),NO INJURY / DRIVE AWAY,,,"OVER $1,500",05/04/2016 09:54:00 AM,IMPROPER TURNING/NO SIGNAL,UNABLE TO DETERMINE,1610,N,ELSTON AVE,1433,2,NO INDICATION OF INJURY,0,0,0,0,0,2,0,9,4,5,41.910947364,-87.662496481,POINT (-87.662496481 41.910947364041)
15,NO CONTROLS,NO CONTROLS,CLEAR,DAYLIGHT,SIDESWIPE SAME DIRECTION,PARKING LOT,STRAIGHT AND LEVEL,DRY,NO DEFECTS,ON SCENE,NO INJURY / DRIVE AWAY,,,"OVER $1,500",08/25/2021 04:38:00 PM,FAILING TO YIELD RIGHT-OF-WAY,NOT APPLICABLE,1,W,PARKING LOT G ST,1654,2,NO INDICATION OF INJURY,0,0,0,0,0,2,0,16,4,8,,,
25,NO CONTROLS,NO CONTROLS,CLEAR,"DARKNESS, LIGHTED ROAD",FIXED OBJECT,NOT DIVIDED,"CURVE, LEVEL",DRY,NO DEFECTS,ON SCENE,INJURY AND / OR TOW DUE TO CRASH,,,"$501 - $1,500",08/25/2021 04:00:00 AM,PHYSICAL CONDITION OF DRIVER,NOT APPLICABLE,700,W,OHARE ST,1654,1,"REPORTED, NOT EVIDENT",1,0,0,0,1,0,0,3,4,8,,,
25,YIELD,FUNCTIONING PROPERLY,CLEAR,DAYLIGHT,REAR END,OTHER,"CURVE, LEVEL",DRY,NO DEFECTS,NOT ON SCENE (DESK REPORT),NO INJURY / DRIVE AWAY,,,"OVER $1,500",07/07/2021 11:20:00 AM,"DISTRACTION - OTHER ELECTRONIC DEVICE (NAVIGATION DEVICE, DVD PLAYER, ETC.)",IMPROPER LANE USAGE,3,W,TERMINAL ST,1653,2,NO INDICATION OF INJURY,0,0,0,0,0,3,0,11,4,7,,,
30,TRAFFIC SIGNAL,FUNCTIONING PROPERLY,RAIN,DAYLIGHT,REAR END,DIVIDED - W/MEDIAN (NOT RAISED),STRAIGHT AND LEVEL,WET,NO DEFECTS,NOT ON SCENE (DESK REPORT),NO INJURY / DRIVE AWAY,,,"$501 - $1,500",04/13/2022 04:40:00 PM,UNABLE TO DETERMINE,UNABLE TO DETERMINE,4001,W,PETERSON AVE,1711,2,NO INDICATION OF INJURY,0,0,0,0,0,2,0,16,4,4,41.990024694,-87.728708871,POINT (-87.728708871015 41.990024694008)
20,NO CONTROLS,NO CONTROLS,CLEAR,DAYLIGHT,PARKED MOTOR VEHICLE,NOT DIVIDED,STRAIGHT AND LEVEL,WET,NO DEFECTS,ON SCENE,NO INJURY / DRIVE AWAY,,Y,"OVER $1,500",01/20/2021 11:25:00 AM,UNABLE TO DETERMINE,UNABLE TO DETERMINE,2005,N,KILPATRICK AVE,2522,4,NO INDICATION OF INJURY,0,0,0,0,0,1,0,10,4,1,41.917146981,-87.743558201,POINT (-87.743558201019 41.917146980983)
30,NO CONTROLS,NO CONTROLS,CLEAR,DAYLIGHT,SIDESWIPE SAME DIRECTION,DIVIDED - W/MEDIAN BARRIER,STRAIGHT AND LEVEL,DRY,NO DEFECTS,ON SCENE,INJURY AND / OR TOW DUE TO CRASH,,,"$501 - $1,500",07/02/2021 02:45:00 PM,IMPROPER LANE USAGE,NOT APPLICABLE,15,N,BESSIE COLEMAN DR,1654,2,NO INDICATION OF INJURY,0,0,0,0,0,2,0,14,6,7,,,
30,NO CONTROLS,NO CONTROLS,CLEAR,DAYLIGHT,TURNING,NOT DIVIDED,STRAIGHT AND LEVEL,DRY,NO DEFECTS,ON SCENE,INJURY AND / OR TOW DUE TO CRASH,,,"OVER $1,500",09/18/2018 05:45:00 PM,FAILING TO YIELD RIGHT-OF-WAY,NOT APPLICABLE,3498,N,ASHLAND AVE,1922,2,NO INDICATION OF INJURY,0,0,0,0,0,2,0,17,3,9,41.945072863,-87.668958318,POINT (-87.668958318021 41.945072862978)
30,NO CONTROLS,NO CONTROLS,CLEAR,DAYLIGHT,PARKED MOTOR VEHICLE,ONE-WAY,STRAIGHT AND LEVEL,DRY,NO DEFECTS,ON SCENE,NO INJURY / DRIVE AWAY,,Y,"OVER $1,500",07/14/2020 07:42:00 PM,UNABLE TO DETERMINE,NOT APPLICABLE,2249,S,BELL AVE,1034,3,NO INDICATION OF INJURY,0,0,0,0,0,3,0,16,3,7,41.850644811,-87.681780443,POINT (-87.681780442989 41.850644811027)
15,NO CONTROLS,NO CONTROLS,CLEAR,DAWN,SIDESWIPE SAME DIRECTION,OTHER,STRAIGHT AND LEVEL,DRY,NO DEFECTS,ON SCENE,NO INJURY / DRIVE AWAY,,,"OVER $1,500",08/10/2020 06:03:00 AM,UNABLE TO DETERMINE,UNABLE TO DETERMINE,1,W,TERMINAL ST,1651,2,NO INDICATION OF INJURY,0,0,0,0,0,5,0,6,2,8,,,
10,NO CONTROLS,NO CONTROLS,RAIN,DUSK,REAR END,ONE-WAY,STRAIGHT AND LEVEL,WET,NO DEFECTS,NOT ON SCENE (DESK REPORT),NO INJURY / DRIVE AWAY,,,"OVER $1,500",08/09/2021 08:30:00 PM,UNABLE TO DETERMINE,UNABLE TO DETERMINE,1,W,TERMINAL ST,1651,2,NO INDICATION OF INJURY,0,0,0,0,0,2,0,22,1,8,,,
30,TRAFFIC SIGNAL,FUNCTIONING PROPERLY,CLEAR,"DARKNESS, LIGHTED ROAD",TURNING,DIVIDED - W/MEDIAN (NOT RAISED),STRAIGHT AND LEVEL,DRY,NO DEFECTS,NOT ON SCENE (DESK REPORT),NO INJURY / DRIVE AWAY,,Y,"$501 - $1,500",10/03/2017 06:00:00 PM,IMPROPER TURNING/NO SIGNAL,DISREGARDING TRAFFIC SIGNALS,5500,S,WENTWORTH AVE,225,2,NO INDICATION OF INJURY,0,0,0,0,0,2,0,21,2,10,,,
20,TRAFFIC SIGNAL,FUNCTIONING PROPERLY,CLEAR,DAYLIGHT,SIDESWIPE SAME DIRECTION,NOT DIVIDED,STRAIGHT AND LEVEL,DRY,NO DEFECTS,NOT ON SCENE (DESK REPORT),NO INJURY / DRIVE AWAY,Y,,"$501 - $1,500",03/02/2018 09:15:00 PM,IMPROPER TURNING/NO SIGNAL,NOT APPLICABLE,3551,W,DEVON AVE,1711,2,NO INDICATION OF INJURY,0,0,0,0,0,3,0,13,6,3,41.997167934,-87.71860728,POINT (-87.71860728001 41.997167933953)
35,NO CONTROLS,NO CONTROLS,CLEAR,DAYLIGHT,PARKED MOTOR VEHICLE,NOT DIVIDED,STRAIGHT AND LEVEL,DRY,NO DEFECTS,ON SCENE,NO INJURY / DRIVE AWAY,,Y,$500 OR LESS,10/10/2017 12:56:00 PM,UNABLE TO DETERMINE,UNABLE TO DETERMINE,4126,W,JACKSON BLVD,1115,2,NO INDICATION OF INJURY,0,0,0,0,0,1,0,8,3,10,41.877152911,-87.729111894,POINT (-87.729111893958 41.877152910988)
30,NO CONTROLS,NO CONTROLS,CLEAR,DARKNESS,SIDESWIPE SAME DIRECTION,NOT DIVIDED,STRAIGHT AND LEVEL,DRY,NO DEFECTS,NOT ON SCENE (DESK REPORT),NO INJURY / DRIVE AWAY,,,"OVER $1,500",11/23/2022 09:30:00 PM,NOT APPLICABLE,NOT APPLICABLE,749,N,HAMLIN AVE,1112,2,NO INDICATION OF INJURY,0,0,0,0,0,2,0,19,4,11,41.895088594,-87.721032221,POINT (-87.721032221046 41.895088593981)
30,TRAFFIC SIGNAL,FUNCTIONING PROPERLY,CLEAR,"DARKNESS, LIGHTED ROAD",OTHER OBJECT,DIVIDED - W/MEDIAN (NOT RAISED),STRAIGHT AND LEVEL,DRY,NO DEFECTS,ON SCENE,INJURY AND / OR TOW DUE TO CRASH,Y,,"OVER $1,500",02/05/2023 12:49:00 AM,UNABLE TO DETERMINE,UNABLE TO DETERMINE,5387,W,DIVISION ST,1524,1,NO INDICATION OF INJURY,0,0,0,0,0,1,0,0,1,2,41.902082792,-87.760864427,POINT (-87.760864427018 41.902082791979)
15,NO CONTROLS,NO CONTROLS,CLEAR,DAYLIGHT,FIXED OBJECT,DRIVEWAY,STRAIGHT ON GRADE,DRY,NO DEFECTS,NOT ON SCENE (DESK REPORT),NO INJURY / DRIVE AWAY,,,"$501 - $1,500",07/27/2023 11:15:00 AM,UNABLE TO DETERMINE,UNABLE TO DETERMINE,8524,S,WOODLAWN AVE,412,1,NO INDICATION OF INJURY,0,0,0,0,0,1,0,7,5,7,41.739343359,-87.595108858,POINT (-87.595108858015 41.739343358964)
20,NO CONTROLS,NO CONTROLS,CLOUDY/OVERCAST,"DARKNESS, LIGHTED ROAD",PARKED MOTOR VEHICLE,OTHER,STRAIGHT AND LEVEL,WET,NO DEFECTS,ON SCENE,NO INJURY / DRIVE AWAY,,,"$501 - $1,500",01/23/2020 07:38:00 PM,NOT APPLICABLE,NOT APPLICABLE,5,W,TERMINAL ST,1655,2,NO INDICATION OF INJURY,0,0,0,0,0,2,0,19,5,1,,,
30,NO CONTROLS,NO CONTROLS,CLEAR,DAYLIGHT,PARKED MOTOR VEHICLE,ONE-WAY,STRAIGHT AND LEVEL,DRY,UNKNOWN,NOT ON SCENE (DESK REPORT),NO INJURY / DRIVE AWAY,,,$500 OR LESS,03/28/2017 03:10:00 PM,IMPROPER OVERTAKING/PASSING,DRIVING SKILLS/KNOWLEDGE/EXPERIENCE,321,W,BRIAR PL,1934,2,NO INDICATION OF INJURY,0,0,0,0,0,1,0,13,3,3,,,
35,TRAFFIC SIGNAL,FUNCTIONING PROPERLY,SNOW,DAYLIGHT,SIDESWIPE SAME DIRECTION,ONE-WAY,STRAIGHT AND LEVEL,SNOW OR SLUSH,NO DEFECTS,NOT ON SCENE (DESK REPORT),NO INJURY / DRIVE AWAY,Y,Y,"OVER $1,500",02/05/2021 10:20:00 AM,UNABLE TO DETERMINE,UNABLE TO DETERMINE,5500,S,WENTWORTH AVE,225,2,NO INDICATION OF INJURY,0,0,0,0,0,2,0,12,5,2,,,
30,NO CONTROLS,NO CONTROLS,CLEAR,DAYLIGHT,PARKED MOTOR VEHICLE,DIVIDED - W/MEDIAN (NOT RAISED),STRAIGHT AND LEVEL,DRY,NO DEFECTS,NOT ON SCENE (DESK REPORT),NO INJURY / DRIVE AWAY,,,"$501 - $1,500",06/06/2018 09:58:00 AM,UNABLE TO DETERMINE,NOT APPLICABLE,5407,W,JACKSON BLVD,1522,2,NO INDICATION OF INJURY,0,0,0,0,0,2,0,15,3,6,41.8764808,-87.759928647,POINT (-87.759928647027 41.876480799955)
30,TRAFFIC SIGNAL,FUNCTIONING PROPERLY,CLEAR,DAYLIGHT,REAR END,PARKING LOT,STRAIGHT AND LEVEL,DRY,UNKNOWN,NOT ON SCENE (DESK REPORT),NO INJURY / DRIVE AWAY,Y,,"$501 - $1,500",06/18/2016 08:15:00 PM,NOT APPLICABLE,NOT APPLICABLE,6299,S,LAKE SHORE DR,331,2,NO INDICATION OF INJURY,0,0,0,0,0,2,0,19,7,6,,,
30,NO CONTROLS,NO CONTROLS,CLEAR,DAYLIGHT,SIDESWIPE SAME DIRECTION,ONE-WAY,STRAIGHT AND LEVEL,DRY,NO DEFECTS,ON SCENE,NO INJURY / DRIVE AWAY,,Y,"OVER $1,500",08/12/2017 06:55:00 PM,UNABLE TO DETERMINE,NOT APPLICABLE,6230,S,TRIPP AVE,813,2,NO INDICATION OF INJURY,0,0,0,0,0,2,0,18,7,8,41.779464804,-87.729033822,POINT (-87.729033821963 41.779464804011)