POSTED_SPEED_LIMIT,TRAFFIC_CONTROL_DEVICE,DEVICE_CONDITION,WEATHER_CONDITION,LIGHTING_CONDITION,FIRST_CRASH_TYPE,TRAFFICWAY_TYPE,ALIGNMENT,ROADWAY_SURFACE_COND,ROAD_DEFECT,REPORT_TYPE,CRASH_TYPE,INTERSECTION_RELATED_I,HIT_AND_RUN_I,DAMAGE,DATE_POLICE_NOTIFIED,PRIM_CONTRIBUTORY_CAUSE,SEC_CONTRIBUTORY_CAUSE,STREET_NO,STREET_DIRECTION,STREET_NAME,BEAT_OF_OCCURRENCE,NUM_UNITS,MOST_SEVERE_INJURY,INJURIES_TOTAL,INJURIES_FATAL,INJURIES_INCAPACITATING,INJURIES_NON_INCAPACITATING,INJURIES_REPORTED_NOT_EVIDENT,INJURIES_NO_INDICATION,INJURIES_UNKNOWN,CRASH_HOUR,CRASH_DAY_OF_WEEK,CRASH_MONTH,LATITUDE,LONGITUDE,LOCATION
30,NO CONTROLS,NO CONTROLS,CLEAR,DAYLIGHT,TURNING,ONE-WAY,STRAIGHT AND LEVEL,DRY,NO DEFECTS,NOT ON SCENE (DESK REPORT),INJURY AND / OR TOW DUE TO CRASH,,,"OVER $1,500",07/08/2017 08:15:00 AM,"VISION OBSCURED (SIGNS, TREE LIMBS, BUILDINGS, ETC.)",NOT APPLICABLE,757,N,LECLAIRE AVE,1531,2,NONINCAPACITATING INJURY,4,0,0,4,0,0,0,7,7,7,41.894766278,-87.753001654,POINT (-87.753001653971 41.894766277994)
30,TRAFFIC SIGNAL,FUNCTIONING PROPERLY,CLEAR,DAYLIGHT,REAR END,NOT DIVIDED,STRAIGHT AND LEVEL,DRY,SHOULDER DEFECT,NOT ON SCENE (DESK REPORT),NO INJURY / DRIVE AWAY,Y,,"OVER $1,500",07/20/2020 09:45:00 AM,UNABLE TO DETERMINE,UNABLE TO DETERMINE,2020,S,HOMAN AVE,1024,2,NO INDICATION OF INJURY,0,0,0,0,0,3,0,19,1,7,,,
30,NO CONTROLS,NO CONTROLS,CLEAR,DAYLIGHT,SIDESWIPE SAME DIRECTION,NOT DIVIDED,STRAIGHT AND LEVEL,DRY,UNKNOWN,NOT ON SCENE (DESK REPORT),NO INJURY / DRIVE AWAY,,Y,"OVER $1,500",07/16/2019 12:45:00 PM,UNABLE TO DETERMINE,NOT APPLICABLE,1580,N,MILWAUKEE AVE,1424,2,NO INDICATION OF INJURY,0,0,0,0,0,2,0,17,7,7,41.910132566,-87.677299472,POINT (-87.677299472027 41.910132566012)
30,NO CONTROLS,NO CONTROLS,CLEAR,DAYLIGHT,TURNING,ONE-WAY,STRAIGHT AND LEVEL,DRY,NO DEFECTS,ON SCENE,NO INJURY / DRIVE AWAY,,,"OVER $1,500",05/05/2018 03:30:00 PM,FAILING TO YIELD RIGHT-OF-WAY,UNABLE TO DETERMINE,6312,N,BELL AVE,2413,2,NO INDICATION OF INJURY,0,0,0,0,0,2,0,14,7,5,41.996368003,-87.686317113,POINT (-87.686317112988 41.996368002969)
20,YIELD,FUNCTIONING PROPERLY,CLEAR,"DARKNESS, LIGHTED ROAD",SIDESWIPE SAME DIRECTION,ONE-WAY,STRAIGHT AND LEVEL,DRY,NO DEFECTS,ON SCENE,NO INJURY / DRIVE AWAY,,Y,"$501 - $1,500",06/06/2019 09:01:00 PM,FAILING TO YIELD RIGHT-OF-WAY,UNABLE TO DETERMINE,1,W,TERMINAL ST,1651,2,NO INDICATION OF INJURY,0,0,0,0,0,2,0,20,5,6,,,
30,NO CONTROLS,NO CONTROLS,CLEAR,DAYLIGHT,ANGLE,ONE-WAY,STRAIGHT AND LEVEL,DRY,UNKNOWN,ON SCENE,NO INJURY / DRIVE AWAY,,,"$501 - $1,500",06/18/2017 04:38:00 PM,FAILING TO YIELD RIGHT-OF-WAY,UNABLE TO DETERMINE,6630,S,NORMAL BLVD,722,2,NO INDICATION OF INJURY,0,0,0,0,0,2,0,16,1,6,41.773553081,-87.63697634,POINT (-87.63697634005 41.773553081039)
35,NO CONTROLS,NO CONTROLS,CLEAR,DAYLIGHT,REAR TO SIDE,ALLEY,STRAIGHT AND LEVEL,DRY,NO DEFECTS,NOT ON SCENE (DESK REPORT),NO INJURY / DRIVE AWAY,,,"OVER $1,500",06/02/2022 05:30:00 PM,FAILING TO YIELD RIGHT-OF-WAY,UNABLE TO DETERMINE,7506,S,ABERDEEN ST,612,2,NO INDICATION OF INJURY,0,0,0,0,0,2,0,16,5,6,41.757390908,-87.65163643,POINT (-87.651636429959 41.757390907979)
30,TRAFFIC SIGNAL,FUNCTIONING PROPERLY,CLEAR,DAYLIGHT,REAR END,NOT DIVIDED,STRAIGHT AND LEVEL,DRY,NO DEFECTS,NOT ON SCENE (DESK REPORT),NO INJURY / DRIVE AWAY,,,"$501 - $1,500",06/02/2019 04:30:00 PM,FOLLOWING TOO CLOSELY,NOT APPLICABLE,2602,E,126TH ST,433,2,NO INDICATION OF INJURY,0,0,0,0,0,3,0,16,1,6,,,
20,NO CONTROLS,NO CONTROLS,CLOUDY/OVERCAST,DAYLIGHT,REAR END,ONE-WAY,STRAIGHT AND LEVEL,DRY,NO DEFECTS,ON SCENE,NO INJURY / DRIVE AWAY,,,"OVER $1,500",02/24/2020 06:51:00 AM,FOLLOWING TOO CLOSELY,DRIVING SKILLS/KNOWLEDGE/EXPERIENCE,50,W,I190 EXPY,1654,2,NO INDICATION OF INJURY,0,0,0,0,0,2,0,6,2,2,,,
40,NO CONTROLS,NO CONTROLS,CLEAR,DAYLIGHT,FIXED OBJECT,DIVIDED - W/MEDIAN BARRIER,STRAIGHT ON GRADE,DRY,NO DEFECTS,ON SCENE,INJURY AND / OR TOW DUE TO CRASH,,,"OVER $1,500",05/26/2021 12:05:00 PM,FAILING TO REDUCE SPEED TO AVOID CRASH,DRIVING SKILLS/KNOWLEDGE/EXPERIENCE,1542,N,LAKE SHORE DR SB,1814,1,NO INDICATION OF INJURY,0,0,0,0,0,1,0,12,4,5,41.910899808,-87.626150711,POINT (-87.626150710962 41.910899808009)
30,TRAFFIC SIGNAL,FUNCTIONING PROPERLY,CLEAR,DAYLIGHT,ANGLE,DIVIDED - W/MEDIAN (NOT RAISED),STRAIGHT AND LEVEL,DRY,NO DEFECTS,NOT ON SCENE (DESK REPORT),NO INJURY / DRIVE AWAY,,,"OVER $1,500",09/24/2017 06:25:00 PM,DRIVING SKILLS/KNOWLEDGE/EXPERIENCE,UNABLE TO DETERMINE,8300,S,STONY ISLAND AVE,412,2,NO INDICATION OF INJURY,0,0,0,0,0,5,0,18,1,9,41.744151639,-87.585945067,POINT (-87.585945066953 41.744151639042)
30,TRAFFIC SIGNAL,FUNCTIONING PROPERLY,SNOW,DAYLIGHT,SIDESWIPE SAME DIRECTION,NOT DIVIDED,STRAIGHT AND LEVEL,SNOW OR SLUSH,NO DEFECTS,NOT ON SCENE (DESK REPORT),NO INJURY / DRIVE AWAY,,,"OVER $1,500",01/01/2022 02:34:00 PM,UNABLE TO DETERMINE,NOT APPLICABLE,8658,S,WESTERN AVE,835,2,NO INDICATION OF INJURY,0,0,0,0,0,2,0,13,7,1,41.735617968,-87.682663369,POINT (-87.682663369002 41.735617967973)
30,TRAFFIC SIGNAL,FUNCTIONING PROPERLY,CLEAR,DUSK,TURNING,NOT DIVIDED,STRAIGHT AND LEVEL,DRY,NO DEFECTS,ON SCENE,INJURY AND / OR TOW DUE TO CRASH,Y,,"OVER $1,500",11/21/2017 05:20:00 PM,IMPROPER TURNING/NO SIGNAL,NOT APPLICABLE,5701,S,NORMAL BLVD,711,2,NO INDICATION OF INJURY,0,0,0,0,0,2,0,17,3,11,41.79075221,-87.637615987,POINT (-87.637615986956 41.790752210037)
20,NO CONTROLS,NO CONTROLS,CLOUDY/OVERCAST,DAYLIGHT,SIDESWIPE SAME DIRECTION,OTHER,STRAIGHT AND LEVEL,DRY,NO DEFECTS,ON SCENE,NO INJURY / DRIVE AWAY,,,"OVER $1,500",06/22/2019 07:25:00 AM,UNABLE TO DETERMINE,UNABLE TO DETERMINE,2,W,TERMINAL ST,1652,2,NO INDICATION OF INJURY,0,0,0,0,0,6,0,7,7,6,,,
20,NO CONTROLS,NO CONTROLS,CLEAR,DAYLIGHT,PARKED MOTOR VEHICLE,ONE-WAY,STRAIGHT AND LEVEL,DRY,NO DEFECTS,NOT ON SCENE (DESK REPORT),NO INJURY / DRIVE AWAY,,Y,"OVER $1,500",01/16/2021 04:00:00 PM,UNABLE TO DETERMINE,NOT APPLICABLE,3047,W,GUNNISON ST,1713,2,NO INDICATION OF INJURY,0,0,0,0,0,1,0,13,7,1,41.969277061,-87.705487598,POINT (-87.705487597987 41.969277061011)
30,NO CONTROLS,NO CONTROLS,CLEAR,"DARKNESS, LIGHTED ROAD",PARKED MOTOR VEHICLE,NOT DIVIDED,STRAIGHT AND LEVEL,DRY,NO DEFECTS,NOT ON SCENE (DESK REPORT),NO INJURY / DRIVE AWAY,,Y,"$501 - $1,500",02/15/2019 05:45:00 PM,NOT APPLICABLE,NOT APPLICABLE,2828,N,PULASKI RD,2523,2,NO INDICATION OF INJURY,0,0,0,0,0,1,0,17,6,2,41.932604222,-87.727148226,POINT (-87.727148226037 41.932604221966)
20,TRAFFIC SIGNAL,FUNCTIONING PROPERLY,CLEAR,DAYLIGHT,REAR END,NOT DIVIDED,STRAIGHT AND LEVEL,WET,NO DEFECTS,NOT ON SCENE (DESK REPORT),NO INJURY / DRIVE AWAY,Y,Y,$500 OR LESS,03/08/2022 01:30:00 PM,FOLLOWING TOO CLOSELY,NOT APPLICABLE,2859,W,CHICAGO AVE,1221,2,NO INDICATION OF INJURY,0,0,0,0,0,2,0,13,3,3,41.895527078,-87.699098183,POINT (-87.699098182975 41.895527077955)
30,TRAFFIC SIGNAL,FUNCTIONING PROPERLY,CLEAR,DAYLIGHT,REAR END,NOT DIVIDED,STRAIGHT AND LEVEL,DRY,NO DEFECTS,NOT ON SCENE (DESK REPORT),NO INJURY / DRIVE AWAY,Y,Y,$500 OR LESS,09/22/2016 07:10:00 PM,IMPROPER BACKING,NOT APPLICABLE,2800,N,KIMBALL AVE,1412,2,NO INDICATION OF INJURY,0,0,0,0,0,2,0,15,5,9,,,
30,NO CONTROLS,NO CONTROLS,CLEAR,DAYLIGHT,SIDESWIPE SAME DIRECTION,NOT DIVIDED,STRAIGHT AND LEVEL,DRY,NO DEFECTS,NOT ON SCENE (DESK REPORT),NO INJURY / DRIVE AWAY,,,"OVER $1,500",06/24/2023 04:46:00 PM,IMPROPER LANE USAGE,NOT APPLICABLE,6805,N,SHERIDAN RD,2431,2,NO INDICATION OF INJURY,0,0,0,0,0,2,0,15,6,6,42.005748683,-87.660817462,POINT (-87.660817461963 42.005748682954)
55,NO CONTROLS,NO CONTROLS,RAIN,DAYLIGHT,FIXED OBJECT,DIVIDED - W/MEDIAN BARRIER,CURVE ON GRADE,WET,NO DEFECTS,ON SCENE,INJURY AND / OR TOW DUE TO CRASH,,,"OVER $1,500",09/07/2021 05:06:00 PM,WEATHER,NOT APPLICABLE,6400,S,CHICAGO SKYWAY IB,312,1,NO INDICATION OF INJURY,0,0,0,0,0,1,0,16,3,9,,,
25,NO CONTROLS,NO CONTROLS,CLEAR,DUSK,SIDESWIPE SAME DIRECTION,ONE-WAY,"CURVE, LEVEL",DRY,NO DEFECTS,ON SCENE,NO INJURY / DRIVE AWAY,,,"OVER $1,500",03/17/2019 06:18:00 PM,IMPROPER OVERTAKING/PASSING,FAILING TO YIELD RIGHT-OF-WAY,13,W,I190 EXPY,1654,2,NO INDICATION OF INJURY,0,0,0,0,0,2,0,18,1,3,,,
30,TRAFFIC SIGNAL,FUNCTIONING PROPERLY,CLEAR,DAYLIGHT,TURNING,DIVIDED - W/MEDIAN (NOT RAISED),STRAIGHT AND LEVEL,DRY,NO DEFECTS,NOT ON SCENE (DESK REPORT),NO INJURY / DRIVE AWAY,Y,,"OVER $1,500",07/17/2019 08:00:00 PM,UNABLE TO DETERMINE,UNABLE TO DETERMINE,5500,S,WENTWORTH AVE,225,2,NO INDICATION OF INJURY,0,0,0,0,0,3,0,18,4,7,,,
30,NO CONTROLS,NO CONTROLS,CLEAR,"DARKNESS, LIGHTED ROAD",REAR END,NOT DIVIDED,STRAIGHT AND LEVEL,DRY,NO DEFECTS,NOT ON SCENE (DESK REPORT),NO INJURY / DRIVE AWAY,Y,Y,"$501 - $1,500",06/06/2017 10:50:00 PM,FOLLOWING TOO CLOSELY,UNABLE TO DETERMINE,4700,W,59TH ST,813,2,NO INDICATION OF INJURY,0,0,0,0,0,2,0,22,3,6,41.784385694,-87.740065946,POINT (-87.740065945952 41.784385693962)
15,NO CONTROLS,NO CONTROLS,CLEAR,DAYLIGHT,PARKED MOTOR VEHICLE,PARKING LOT,STRAIGHT AND LEVEL,DRY,NO DEFECTS,ON SCENE,NO INJURY / DRIVE AWAY,,Y,"OVER $1,500",08/25/2019 02:20:00 PM,IMPROPER BACKING,UNABLE TO DETERMINE,714,W,OHARE ST,1654,2,NO INDICATION OF INJURY,0,0,0,0,0,1,0,12,1,8,,,
35,TRAFFIC SIGNAL,FUNCTIONING PROPERLY,RAIN,DAYLIGHT,TURNING,CENTER TURN LANE,STRAIGHT AND LEVEL,DRY,SHOULDER DEFECT,ON SCENE,INJURY AND / OR TOW DUE TO CRASH,Y,,"OVER $1,500",08/26/2021 04:11:00 PM,DISREGARDING ROAD MARKINGS,FAILING TO YIELD RIGHT-OF-WAY,7199,W,ARCHER AVE,811,2,NO INDICATION OF INJURY,0,0,0,0,0,2,0,16,5,8,,,
30,NO CONTROLS,NO CONTROLS,CLEAR,DAYLIGHT,TURNING,ONE-WAY,STRAIGHT AND LEVEL,DRY,NO DEFECTS,ON SCENE,INJURY AND / OR TOW DUE TO CRASH,,,"OVER $1,500",04/24/2018 08:30:00 AM,IMPROPER OVERTAKING/PASSING,FAILING TO YIELD RIGHT-OF-WAY,235,E,LOWER ILLINOIS ST,1834,2,NO INDICATION OF INJURY,0,0,0,0,0,2,0,8,3,4,,,
30,STOP SIGN/FLASHER,UNKNOWN,CLEAR,UNKNOWN,TURNING,NOT DIVIDED,STRAIGHT AND LEVEL,DRY,NO DEFECTS,ON SCENE,INJURY AND / OR TOW DUE TO CRASH,Y,,"$501 - $1,500",03/28/2018 12:50:00 PM,UNABLE TO DETERMINE,UNABLE TO DETERMINE,1749,E,91ST ST,413,2,NO INDICATION OF INJURY,0,0,0,0,0,2,0,12,4,3,41.729582166,-87.580718279,POINT (-87.580718278984 41.729582166003)
30,TRAFFIC SIGNAL,FUNCTIONING PROPERLY,CLEAR,DAYLIGHT,REAR END,ONE-WAY,STRAIGHT AND LEVEL,DRY,UNKNOWN,NOT ON SCENE (DESK REPORT),NO INJURY / DRIVE AWAY,,Y,"OVER $1,500",10/16/2016 03:00:00 PM,UNABLE TO DETERMINE,UNABLE TO DETERMINE,5500,S,WENTWORTH AVE,225,2,NO INDICATION OF INJURY,0,0,0,0,0,2,0,14,6,10,,,
35,TRAFFIC SIGNAL,FUNCTIONING PROPERLY,RAIN,"DARKNESS, LIGHTED ROAD",TURNING,NOT DIVIDED,STRAIGHT AND LEVEL,WET,NO DEFECTS,ON SCENE,INJURY AND / OR TOW DUE TO CRASH,Y,,"OVER $1,500",02/17/2020 08:30:00 PM,FAILING TO YIELD RIGHT-OF-WAY,NOT APPLICABLE,7199,W,ARCHER AVE,811,2,NO INDICATION OF INJURY,0,0,0,0,0,4,0,20,2,2,,,
30,NO CONTROLS,NO CONTROLS,RAIN,DARKNESS,SIDESWIPE SAME DIRECTION,OTHER,STRAIGHT AND LEVEL,WET,NO DEFECTS,ON SCENE,NO INJURY / DRIVE AWAY,,,"OVER $1,500",04/16/2023 07:10:00 PM,IMPROPER LANE USAGE,NOT APPLICABLE,5,W,TERMINAL ST,1655,2,NO INDICATION OF INJURY,0,0,0,0,0,2,0,19,1,4,,,
30,NO CONTROLS,NOT FUNCTIONING,CLEAR,DAYLIGHT,PARKED MOTOR VEHICLE,ONE-WAY,STRAIGHT AND LEVEL,DRY,NO DEFECTS,ON SCENE,NO INJURY / DRIVE AWAY,,,"$501 - $1,500",09/14/2020 05:07:00 PM,UNABLE TO DETERMINE,UNABLE TO DETERMINE,402,E,48TH ST,223,2,NO INDICATION OF INJURY,0,0,0,0,0,1,0,15,2,9,41.807680213,-87.616084798,POINT (-87.616084798046 41.807680212966)
30,TRAFFIC SIGNAL,FUNCTIONING PROPERLY,CLEAR,DAYLIGHT,REAR END,NOT DIVIDED,STRAIGHT AND LEVEL,DRY,NO DEFECTS,NOT ON SCENE (DESK REPORT),INJURY AND / OR TOW DUE TO CRASH,Y,,$500 OR LESS,10/26/2017 04:15:00 PM,FOLLOWING TOO CLOSELY,UNABLE TO DETERMINE,808,N,CALIFORNIA AVE,1211,2,NONINCAPACITATING INJURY,1,0,0,1,0,1,0,15,5,10,41.895951649,-87.696858532,POINT (-87.696858531987 41.895951649044)
30,NO CONTROLS,NO CONTROLS,RAIN,DAYLIGHT,SIDESWIPE SAME DIRECTION,ONE-WAY,STRAIGHT AND LEVEL,WET,UNKNOWN,ON SCENE,NO INJURY / DRIVE AWAY,,,"OVER $1,500",02/27/2023 09:00:00 AM,UNABLE TO DETERMINE,UNABLE TO DETERMINE,1,W,TERMINAL ST,1651,2,NO INDICATION OF INJURY,0,0,0,0,0,2,0,8,2,2,,,
20,NO CONTROLS,NO CONTROLS,CLEAR,DAYLIGHT,SIDESWIPE SAME DIRECTION,ONE-WAY,STRAIGHT AND LEVEL,DRY,NO DEFECTS,ON SCENE,NO INJURY / DRIVE AWAY,,,"OVER $1,500",07/18/2023 10:19:00 AM,"OPERATING VEHICLE IN ERRATIC, RECKLESS, CARELESS, NEGLIGENT OR AGGRESSIVE MANNER",DRIVING SKILLS/KNOWLEDGE/EXPERIENCE,2,W,TERMINAL ST,1652,2,NO INDICATION OF INJURY,0,0,0,0,0,2,0,10,3,7,,,
35,TRAFFIC SIGNAL,FUNCTIONING PROPERLY,CLEAR,DAYLIGHT,REAR END,DIVIDED - W/MEDIAN (NOT RAISED),STRAIGHT AND LEVEL,DRY,NO DEFECTS,ON SCENE,NO INJURY / DRIVE AWAY,Y,Y,"$501 - $1,500",04/22/2020 04:45:00 PM,FOLLOWING TOO CLOSELY,NOT APPLICABLE,12300,W,IRVING PARK RD,1654,2,NO INDICATION OF INJURY,0,0,0,0,0,2,0,16,2,4,41.958986951,-87.933993929,POINT (-87.933993928974 41.958986950953)
30,UNKNOWN,UNKNOWN,UNKNOWN,"DARKNESS, LIGHTED ROAD",REAR TO FRONT,NOT DIVIDED,STRAIGHT AND LEVEL,UNKNOWN,UNKNOWN,NOT ON SCENE (DESK REPORT),NO INJURY / DRIVE AWAY,,,"$501 - $1,500",01/02/2022 09:00:00 PM,FOLLOWING TOO CLOSELY,NOT APPLICABLE,2600,W,LAWRENCE AVE,2031,2,NO INDICATION OF INJURY,0,0,0,0,0,3,0,17,1,1,41.968680809,-87.693861033,POINT (-87.693861033037 41.968680808972)
30,STOP SIGN/FLASHER,FUNCTIONING PROPERLY,RAIN,DAYLIGHT,REAR END,NOT DIVIDED,STRAIGHT AND LEVEL,WET,NO DEFECTS,NOT ON SCENE (DESK REPORT),NO INJURY / DRIVE AWAY,Y,,"$501 - $1,500",04/27/2017 11:20:00 AM,FOLLOWING TOO CLOSELY,UNABLE TO DETERMINE,7212,S,ANTHONY AVE,323,2,NO INDICATION OF INJURY,0,0,0,0,0,3,0,9,5,4,,,
30,TRAFFIC SIGNAL,FUNCTIONING PROPERLY,CLEAR,DAYLIGHT,TURNING,NOT DIVIDED,STRAIGHT AND LEVEL,DRY,NO DEFECTS,NOT ON SCENE (DESK REPORT),NO INJURY / DRIVE AWAY,,,"OVER $1,500",06/02/2023 01:30:00 PM,UNABLE TO DETERMINE,NOT APPLICABLE,7100,S,EXCHANGE AVE,334,2,NO INDICATION OF INJURY,0,0,0,0,0,2,0,10,6,6,,,
30,NO CONTROLS,NO CONTROLS,CLEAR,DAYLIGHT,SIDESWIPE SAME DIRECTION,NOT DIVIDED,STRAIGHT AND LEVEL,DRY,NO DEFECTS,ON SCENE,INJURY AND / OR TOW DUE TO CRASH,,,"OVER $1,500",04/15/2019 02:26:00 PM,IMPROPER OVERTAKING/PASSING,FOLLOWING TOO CLOSELY,7061,N,KEDZIE AVE,2411,2,NONINCAPACITATING INJURY,1,0,0,1,0,2,0,14,2,4,42.010018661,-87.709056552,POINT (-87.709056551967 42.010018660983)
30,STOP SIGN/FLASHER,FUNCTIONING PROPERLY,CLEAR,DAYLIGHT,SIDESWIPE SAME DIRECTION,FOUR WAY,STRAIGHT AND LEVEL,DRY,NO DEFECTS,ON SCENE,INJURY AND / OR TOW DUE TO CRASH,Y,,"OVER $1,500",01/14/2023 03:58:00 PM,DISREGARDING STOP SIGN,FAILING TO YIELD RIGHT-OF-WAY,2100,N,MAGNOLIA AVE,1811,2,NONINCAPACITATING INJURY,2,0,0,2,0,1,0,15,7,1,41.919923616,-87.659648394,POINT (-87.659648393971 41.919923616009)
30,NO CONTROLS,UNKNOWN,UNKNOWN,UNKNOWN,TURNING,NOT DIVIDED,STRAIGHT AND LEVEL,UNKNOWN,UNKNOWN,NOT ON SCENE (DESK REPORT),NO INJURY / DRIVE AWAY,,,"OVER $1,500",04/21/2023 04:05:00 PM,UNABLE TO DETERMINE,UNABLE TO DETERMINE,3223,N,SHEFFIELD AVE,1924,2,NO INDICATION OF INJURY,0,0,0,0,0,2,0,15,6,4,41.940630765,-87.653982104,POINT (-87.653982103976 41.940630765023)
50,NO CONTROLS,NO CONTROLS,BLOWING SNOW,DAYLIGHT,REAR END,ONE-WAY,STRAIGHT AND LEVEL,WET,NO DEFECTS,ON SCENE,NO INJURY / DRIVE AWAY,,,"OVER $1,500",03/29/2023 09:15:00 AM,FOLLOWING TOO CLOSELY,WEATHER,9759,W,KENNEDY EXPY IB,1654,2,NO INDICATION OF INJURY,0,0,0,0,0,2,0,9,4,3,,,
30,TRAFFIC SIGNAL,FUNCTIONING PROPERLY,CLEAR,DAYLIGHT,SIDESWIPE SAME DIRECTION,NOT DIVIDED,STRAIGHT AND LEVEL,DRY,NO DEFECTS,ON SCENE,NO INJURY / DRIVE AWAY,Y,,"OVER $1,500",09/12/2018 04:35:00 PM,IMPROPER LANE USAGE,NOT APPLICABLE,555,N,COLUMBUS DR,1834,2,NO INDICATION OF INJURY,0,0,0,0,0,2,0,16,4,9,,,
35,NO CONTROLS,NO CONTROLS,CLEAR,"DARKNESS, LIGHTED ROAD",FIXED OBJECT,NOT DIVIDED,STRAIGHT AND LEVEL,DRY,NO DEFECTS,ON SCENE,INJURY AND / OR TOW DUE TO CRASH,,,"OVER $1,500",10/16/2018 09:34:00 PM,DRIVING SKILLS/KNOWLEDGE/EXPERIENCE,PHYSICAL CONDITION OF DRIVER,4230,W,BELMONT AVE,1731,1,NONINCAPACITATING INJURY,1,0,0,1,0,0,0,21,3,10,41.939120711,-87.733354387,POINT (-87.733354386994 41.939120711026)
30,NO CONTROLS,NO CONTROLS,CLEAR,DAYLIGHT,SIDESWIPE SAME DIRECTION,ONE-WAY,STRAIGHT AND LEVEL,DRY,NO DEFECTS,NOT ON SCENE (DESK REPORT),NO INJURY / DRIVE AWAY,,,"OVER $1,500",02/27/2023 01:06:00 PM,NOT APPLICABLE,NOT APPLICABLE,999,S,CLINTON ST,124,2,NO INDICATION OF INJURY,0,0,0,0,0,2,0,15,5,2,41.869780623,-87.640655493,POINT (-87.640655493049 41.869780622992)
30,NO CONTROLS,NO CONTROLS,CLEAR,"DARKNESS, LIGHTED ROAD",PARKED MOTOR VEHICLE,NOT DIVIDED,STRAIGHT AND LEVEL,DRY,NO DEFECTS,ON SCENE,INJURY AND / OR TOW DUE TO CRASH,,Y,"OVER $1,500",09/19/2019 03:47:00 AM,UNDER THE INFLUENCE OF ALCOHOL/DRUGS (USE WHEN ARREST IS EFFECTED),UNABLE TO DETERMINE,2427,W,MADISON ST,1125,3,NO INDICATION OF INJURY,0,0,0,0,0,1,0,3,5,9,41.881041889,-87.687423607,POINT (-87.687423607029 41.881041888962)
45,OTHER WARNING SIGN,FUNCTIONING PROPERLY,RAIN,DAYLIGHT,FIXED OBJECT,DIVIDED - W/MEDIAN (NOT RAISED),STRAIGHT AND LEVEL,WET,NO DEFECTS,ON SCENE,INJURY AND / OR TOW DUE TO CRASH,,,"$501 - $1,500",09/28/2019 09:19:00 AM,EQUIPMENT - VEHICLE CONDITION,NOT APPLICABLE,6700,S,CHICAGO SKYWAY OB,322,3,NO INDICATION OF INJURY,0,0,0,0,0,2,0,9,7,9,,,
0,NO CONTROLS,NO CONTROLS,UNKNOWN,DARKNESS,PARKED MOTOR VEHICLE,PARKING LOT,STRAIGHT AND LEVEL,UNKNOWN,UNKNOWN,NOT ON SCENE (DESK REPORT),NO INJURY / DRIVE AWAY,,,"$501 - $1,500",01/08/2023 10:45:00 PM,IMPROPER BACKING,DRIVING SKILLS/KNOWLEDGE/EXPERIENCE,5109,W,FULLERTON AVE,2522,2,NO INDICATION OF INJURY,0,0,0,0,0,1,0,22,4,12,41.924025937,-87.754108923,POINT (-87.754108923036 41.924025936998)
30,NO CONTROLS,NO CONTROLS,CLEAR,DAYLIGHT,PARKED MOTOR VEHICLE,ONE-WAY,STRAIGHT AND LEVEL,DRY,NO DEFECTS,NOT ON SCENE (DESK REPORT),NO INJURY / DRIVE AWAY,,,"OVER $1,500",04/29/2021 07:30:00 AM,UNABLE TO DETERMINE,FAILING TO REDUCE SPEED TO AVOID CRASH,5417,W,BERENICE AVE,1633,2,NO INDICATION OF INJURY,0,0,0,0,0,1,0,7,5,4,41.950467039,-87.762723043,POINT (-87.762723043041 41.950467038955)
30,TRAFFIC SIGNAL,FUNCTIONING PROPERLY,CLOUDY/OVERCAST,DAYLIGHT,SIDESWIPE SAME DIRECTION,NOT DIVIDED,STRAIGHT AND LEVEL,WET,NO DEFECTS,NOT ON SCENE (DESK REPORT),NO INJURY / DRIVE AWAY,,Y,"$501 - $1,500",01/27/2023 11:00:00 AM,IMPROPER LANE USAGE,NOT APPLICABLE,800,N,OGDEN AVE,1213,2,NO INDICATION OF INJURY,0,0,0,0,0,3,0,10,6,1,41.896393332,-87.654686711,POINT (-87.654686710965 41.89639333201)
20,NO CONTROLS,NO CONTROLS,CLOUDY/OVERCAST,"DARKNESS, LIGHTED ROAD",PARKED MOTOR VEHICLE,ONE-WAY,STRAIGHT AND LEVEL,DRY,UNKNOWN,NOT ON SCENE (DESK REPORT),NO INJURY / DRIVE AWAY,,Y,"$501 - $1,500",10/30/2021 09:15:00 AM,IMPROPER LANE USAGE,UNABLE TO DETERMINE,3,W,TERMINAL ST,1653,2,NO INDICATION OF INJURY,0,0,0,0,0,1,0,8,7,10,,,
10,NO CONTROLS,NO CONTROLS,CLEAR,DAYLIGHT,PARKED MOTOR VEHICLE,NOT DIVIDED,STRAIGHT AND LEVEL,DRY,NO DEFECTS,NOT ON SCENE (DESK REPORT),NO INJURY / DRIVE AWAY,,Y,"OVER $1,500",03/25/2022 12:11:00 PM,IMPROPER BACKING,NOT APPLICABLE,4500,W,45TH ST,815,2,NO INDICATION OF INJURY,0,0,0,0,0,1,0,9,6,3,,,