POSTED_SPEED_LIMIT,TRAFFIC_CONTROL_DEVICE,DEVICE_CONDITION,WEATHER_CONDITION,LIGHTING_CONDITION,FIRST_CRASH_TYPE,TRAFFICWAY_TYPE,ALIGNMENT,ROADWAY_SURFACE_COND,ROAD_DEFECT,REPORT_TYPE,CRASH_TYPE,INTERSECTION_RELATED_I,HIT_AND_RUN_I,DAMAGE,DATE_POLICE_NOTIFIED,PRIM_CONTRIBUTORY_CAUSE,SEC_CONTRIBUTORY_CAUSE,STREET_NO,STREET_DIRECTION,STREET_NAME,BEAT_OF_OCCURRENCE,NUM_UNITS,MOST_SEVERE_INJURY,INJURIES_TOTAL,INJURIES_FATAL,INJURIES_INCAPACITATING,INJURIES_NON_INCAPACITATING,INJURIES_REPORTED_NOT_EVIDENT,INJURIES_NO_INDICATION,INJURIES_UNKNOWN,CRASH_HOUR,CRASH_DAY_OF_WEEK,CRASH_MONTH,LATITUDE,LONGITUDE,LOCATION
30,NO CONTROLS,NO CONTROLS,CLEAR,DAYLIGHT,REAR END,NOT DIVIDED,STRAIGHT AND LEVEL,DRY,NO DEFECTS,ON SCENE,NO INJURY / DRIVE AWAY,,,"$501 - $1,500",01/06/2020 04:06:00 PM,FOLLOWING TOO CLOSELY,NOT APPLICABLE,925,S,CICERO AVE,1131,2,NO INDICATION OF INJURY,0,0,0,0,0,4,0,16,2,1,41.868722687,-87.744694322,POINT (-87.744694321987 41.868722686998)
35,NO CONTROLS,NO CONTROLS,CLEAR,DUSK,PEDESTRIAN,ONE-WAY,STRAIGHT AND LEVEL,UNKNOWN,UNKNOWN,ON SCENE,NO INJURY / DRIVE AWAY,,Y,$500 OR LESS,02/20/2023 06:30:00 PM,UNABLE TO DETERMINE,NOT APPLICABLE,3,W,TERMINAL ST,1653,2,NO INDICATION OF INJURY,0,0,0,0,0,2,0,18,2,2,,,
45,STOP SIGN/FLASHER,NO CONTROLS,CLEAR,"DARKNESS, LIGHTED ROAD",SIDESWIPE SAME DIRECTION,DIVIDED - W/MEDIAN BARRIER,"CURVE, LEVEL",DRY,"RUT, HOLES",ON SCENE,INJURY AND / OR TOW DUE TO CRASH,,,"OVER $1,500",02/09/2019 11:50:00 PM,FAILING TO REDUCE SPEED TO AVOID CRASH,IMPROPER LANE USAGE,5001,S,LAKE SHORE DR NB,222,2,NONINCAPACITATING INJURY,1,0,0,1,0,1,0,23,7,2,41.804357658,-87.582050971,POINT (-87.582050971028 41.804357658011)
30,TRAFFIC SIGNAL,FUNCTIONING PROPERLY,CLOUDY/OVERCAST,DAYLIGHT,REAR END,ONE-WAY,STRAIGHT AND LEVEL,WET,NO DEFECTS,ON SCENE,NO INJURY / DRIVE AWAY,,,$500 OR LESS,08/07/2022 09:01:00 AM,UNDER THE INFLUENCE OF ALCOHOL/DRUGS (USE WHEN ARREST IS EFFECTED),FOLLOWING TOO CLOSELY,758,W,RANDOLPH ST,1224,2,NO INDICATION OF INJURY,0,0,0,0,0,2,0,9,1,8,41.884516857,-87.647390682,POINT (-87.647390681951 41.884516857046)
30,NO CONTROLS,NO CONTROLS,CLEAR,DARKNESS,PARKED MOTOR VEHICLE,NOT DIVIDED,STRAIGHT AND LEVEL,SNOW OR SLUSH,NO DEFECTS,ON SCENE,INJURY AND / OR TOW DUE TO CRASH,,,"OVER $1,500",02/19/2021 09:48:00 PM,UNABLE TO DETERMINE,UNABLE TO DETERMINE,5430,W,CHICAGO AVE,1524,3,"REPORTED, NOT EVIDENT",1,0,0,0,1,0,0,21,6,2,41.894989505,-87.761902885,POINT (-87.761902884992 41.894989504972)
35,TRAFFIC SIGNAL,FUNCTIONING PROPERLY,CLEAR,DAYLIGHT,REAR END,DIVIDED - W/MEDIAN (NOT RAISED),STRAIGHT AND LEVEL,DRY,NO DEFECTS,NOT ON SCENE (DESK REPORT),NO INJURY / DRIVE AWAY,N,,"$501 - $1,500",07/29/2019 06:00:00 PM,FOLLOWING TOO CLOSELY,NOT APPLICABLE,8300,S,STONY ISLAND AVE,412,2,NO INDICATION OF INJURY,0,0,0,0,0,2,0,16,7,7,41.744151639,-87.585945067,POINT (-87.585945066953 41.744151639042)
15,NO CONTROLS,NO CONTROLS,RAIN,DARKNESS,PARKED MOTOR VEHICLE,PARKING LOT,STRAIGHT AND LEVEL,WET,UNKNOWN,NOT ON SCENE (DESK REPORT),NO INJURY / DRIVE AWAY,,,"OVER $1,500",02/27/2023 06:00:00 PM,UNABLE TO DETERMINE,UNABLE TO DETERMINE,1120,E,89TH ST,412,2,NO INDICATION OF INJURY,0,0,0,0,0,1,0,5,2,2,41.733225101,-87.596566497,POINT (-87.596566497047 41.73322510098)
30,TRAFFIC SIGNAL,FUNCTIONING PROPERLY,RAIN,DAWN,SIDESWIPE SAME DIRECTION,UNKNOWN INTERSECTION TYPE,STRAIGHT AND LEVEL,WET,NO DEFECTS,ON SCENE,NO INJURY / DRIVE AWAY,Y,,"$501 - $1,500",10/02/2019 10:53:00 AM,FAILING TO YIELD RIGHT-OF-WAY,NOT APPLICABLE,36,W,SUPERIOR ST,1832,2,NO INDICATION OF INJURY,0,0,0,0,0,2,0,10,4,10,41.895768039,-87.629678317,POINT (-87.629678317 41.895768039028)
30,NO CONTROLS,NO CONTROLS,SNOW,"DARKNESS, LIGHTED ROAD",SIDESWIPE SAME DIRECTION,NOT DIVIDED,STRAIGHT AND LEVEL,SNOW OR SLUSH,UNKNOWN,NOT ON SCENE (DESK REPORT),NO INJURY / DRIVE AWAY,,,"OVER $1,500",02/04/2018 06:20:00 PM,IMPROPER LANE USAGE,NOT APPLICABLE,3845,W,FULLERTON AVE,2525,2,NO INDICATION OF INJURY,0,0,0,0,0,2,0,17,1,2,41.924411368,-87.723713186,POINT (-87.723713185987 41.924411367997)
30,NO CONTROLS,NO CONTROLS,CLEAR,DAYLIGHT,ANGLE,NOT DIVIDED,STRAIGHT AND LEVEL,DRY,NO DEFECTS,NOT ON SCENE (DESK REPORT),NO INJURY / DRIVE AWAY,,,"OVER $1,500",01/07/2017 04:25:00 PM,UNABLE TO DETERMINE,UNABLE TO DETERMINE,8400,S,BENNETT AVE,412,2,NO INDICATION OF INJURY,0,0,0,0,0,3,0,14,7,1,41.74238939,-87.578386743,POINT (-87.578386743015 41.742389389983)
25,NO CONTROLS,NO CONTROLS,CLEAR,DAYLIGHT,PARKED MOTOR VEHICLE,ONE-WAY,STRAIGHT AND LEVEL,DRY,NO DEFECTS,ON SCENE,NO INJURY / DRIVE AWAY,,Y,"OVER $1,500",04/16/2019 08:38:00 AM,DRIVING SKILLS/KNOWLEDGE/EXPERIENCE,UNABLE TO DETERMINE,1612,W,FARGO AVE,2422,2,NO INDICATION OF INJURY,0,0,0,0,0,1,0,15,2,4,42.017142143,-87.670910807,POINT (-87.670910806964 42.017142143045)
30,NO CONTROLS,NO CONTROLS,CLEAR,"DARKNESS, LIGHTED ROAD",PARKED MOTOR VEHICLE,NOT DIVIDED,STRAIGHT AND LEVEL,DRY,NO DEFECTS,NOT ON SCENE (DESK REPORT),NO INJURY / DRIVE AWAY,,,"OVER $1,500",12/29/2021 09:27:00 PM,UNABLE TO DETERMINE,NOT APPLICABLE,1130,W,108TH PL,2234,2,NO INDICATION OF INJURY,0,0,0,0,0,2,0,21,4,12,,,
25,NO CONTROLS,NO CONTROLS,SNOW,DAYLIGHT,PARKED MOTOR VEHICLE,NOT DIVIDED,STRAIGHT AND LEVEL,SNOW OR SLUSH,UNKNOWN,NOT ON SCENE (DESK REPORT),NO INJURY / DRIVE AWAY,,,"OVER $1,500",11/10/2017 03:15:00 PM,WEATHER,DRIVING SKILLS/KNOWLEDGE/EXPERIENCE,2747,N,SHEFFIELD AVE,1935,2,NO INDICATION OF INJURY,0,0,0,0,0,1,0,12,6,11,41.932213133,-87.653693816,POINT (-87.65369381597 41.932213133041)
45,TRAFFIC SIGNAL,FUNCTIONING PROPERLY,CLEAR,DARKNESS,REAR TO FRONT,DIVIDED - W/MEDIAN BARRIER,STRAIGHT AND LEVEL,DRY,NO DEFECTS,ON SCENE,NO INJURY / DRIVE AWAY,Y,,"$501 - $1,500",11/02/2020 08:35:00 PM,UNABLE TO DETERMINE,NOT APPLICABLE,12300,W,IRVING PARK RD,1654,2,NO INDICATION OF INJURY,0,0,0,0,0,2,0,20,2,11,41.958986951,-87.933993929,POINT (-87.933993928974 41.958986950953)
20,NO CONTROLS,FUNCTIONING PROPERLY,CLEAR,DAYLIGHT,PEDALCYCLIST,NOT DIVIDED,STRAIGHT AND LEVEL,DRY,NO DEFECTS,ON SCENE,NO INJURY / DRIVE AWAY,,,"$501 - $1,500",10/13/2020 12:06:00 PM,UNABLE TO DETERMINE,NOT APPLICABLE,3300,N,BROADWAY,1925,2,NO INDICATION OF INJURY,0,0,0,0,0,2,0,12,3,10,41.941883022,-87.644605003,POINT (-87.644605003003 41.941883022027)
30,NO CONTROLS,NO CONTROLS,CLEAR,DAYLIGHT,REAR END,NOT DIVIDED,STRAIGHT AND LEVEL,DRY,NO DEFECTS,ON SCENE,INJURY AND / OR TOW DUE TO CRASH,,Y,"OVER $1,500",02/26/2018 08:00:00 AM,FOLLOWING TOO CLOSELY,FOLLOWING TOO CLOSELY,3931,W,ROOSEVELT RD,1011,2,NONINCAPACITATING INJURY,1,0,0,1,0,2,0,7,2,2,41.866080805,-87.723884001,POINT (-87.723884001002 41.866080804984)
30,STOP SIGN/FLASHER,FUNCTIONING PROPERLY,FOG/SMOKE/HAZE,DAYLIGHT,TURNING,NOT DIVIDED,STRAIGHT AND LEVEL,DRY,NO DEFECTS,NOT ON SCENE (DESK REPORT),NO INJURY / DRIVE AWAY,Y,,"$501 - $1,500",02/23/2023 07:30:00 AM,FAILING TO YIELD RIGHT-OF-WAY,NOT APPLICABLE,5028,W,ARMITAGE AVE,2522,2,NO INDICATION OF INJURY,0,0,0,0,0,5,0,7,5,2,41.916965489,-87.75210778,POINT (-87.752107780008 41.916965489023)
30,STOP SIGN/FLASHER,FUNCTIONING IMPROPERLY,RAIN,"DARKNESS, LIGHTED ROAD",OTHER OBJECT,NOT DIVIDED,STRAIGHT AND LEVEL,WET,NO DEFECTS,ON SCENE,INJURY AND / OR TOW DUE TO CRASH,,,"OVER $1,500",12/18/2021 02:39:00 AM,UNABLE TO DETERMINE,UNABLE TO DETERMINE,8101,S,KEDZIE AVE,835,1,NONINCAPACITATING INJURY,1,0,0,1,0,0,0,2,7,12,41.746062636,-87.702143236,POINT (-87.702143235997 41.746062636044)
30,TRAFFIC SIGNAL,FUNCTIONING PROPERLY,CLOUDY/OVERCAST,DAYLIGHT,SIDESWIPE SAME DIRECTION,NOT DIVIDED,STRAIGHT AND LEVEL,DRY,UNKNOWN,NOT ON SCENE (DESK REPORT),NO INJURY / DRIVE AWAY,,,$500 OR LESS,01/30/2020 05:32:00 PM,IMPROPER OVERTAKING/PASSING,NOT APPLICABLE,5237,S,CICERO AVE,815,2,NO INDICATION OF INJURY,0,0,0,0,0,3,0,15,5,1,41.797558326,-87.74274468,POINT (-87.742744680037 41.797558325998)
30,STOP SIGN/FLASHER,FUNCTIONING PROPERLY,UNKNOWN,DAYLIGHT,ANGLE,NOT DIVIDED,STRAIGHT AND LEVEL,UNKNOWN,UNKNOWN,NOT ON SCENE (DESK REPORT),NO INJURY / DRIVE AWAY,,Y,$500 OR LESS,07/26/2019 11:00:00 AM,FAILING TO YIELD RIGHT-OF-WAY,NOT APPLICABLE,1883,W,OGDEN AVE,1231,2,NO INDICATION OF INJURY,0,0,0,0,0,3,0,15,5,7,41.875008491,-87.673536864,POINT (-87.673536864033 41.875008491025)
30,NO CONTROLS,UNKNOWN,CLEAR,DAYLIGHT,PEDALCYCLIST,DIVIDED - W/MEDIAN (NOT RAISED),STRAIGHT AND LEVEL,DRY,NO DEFECTS,ON SCENE,INJURY AND / OR TOW DUE TO CRASH,,Y,$500 OR LESS,05/03/2018 09:28:00 AM,FAILING TO YIELD RIGHT-OF-WAY,NOT APPLICABLE,1332,W,DIVISION ST,1433,2,INCAPACITATING INJURY,2,0,1,1,0,0,0,9,5,5,41.903536788,-87.661859583,POINT (-87.661859582959 41.903536788031)
30,NO CONTROLS,NO CONTROLS,CLEAR,DUSK,FIXED OBJECT,NOT DIVIDED,STRAIGHT AND LEVEL,DRY,NO DEFECTS,ON SCENE,NO INJURY / DRIVE AWAY,,,"$501 - $1,500",08/11/2019 09:04:00 PM,NOT APPLICABLE,UNABLE TO DETERMINE,2030,S,KEDZIE AVE,1022,1,NO INDICATION OF INJURY,0,0,0,0,0,1,0,20,1,8,,,
30,STOP SIGN/FLASHER,FUNCTIONING PROPERLY,CLEAR,DAYLIGHT,ANGLE,NOT DIVIDED,STRAIGHT AND LEVEL,DRY,NO DEFECTS,ON SCENE,INJURY AND / OR TOW DUE TO CRASH,,,"OVER $1,500",06/27/2018 10:05:00 AM,FAILING TO YIELD RIGHT-OF-WAY,NOT APPLICABLE,10300,S,ELIZABETH ST,2232,2,"REPORTED, NOT EVIDENT",1,0,0,0,1,2,0,10,4,6,41.706714203,-87.653813468,POINT (-87.653813467968 41.706714202986)
20,NO CONTROLS,NO CONTROLS,CLEAR,DAYLIGHT,PARKED MOTOR VEHICLE,PARKING LOT,STRAIGHT AND LEVEL,DRY,NO DEFECTS,ON SCENE,NO INJURY / DRIVE AWAY,,,"OVER $1,500",08/15/2018 12:25:00 PM,IMPROPER BACKING,DRIVING SKILLS/KNOWLEDGE/EXPERIENCE,5,W,TERMINAL ST,1655,2,NO INDICATION OF INJURY,0,0,0,0,0,1,0,12,4,8,,,
30,STOP SIGN/FLASHER,FUNCTIONING PROPERLY,CLEAR,DUSK,TURNING,FOUR WAY,STRAIGHT AND LEVEL,WET,NO DEFECTS,ON SCENE,NO INJURY / DRIVE AWAY,Y,,"$501 - $1,500",11/15/2019 04:41:00 PM,UNABLE TO DETERMINE,UNABLE TO DETERMINE,3501,W,ADAMS ST,1123,2,NO INDICATION OF INJURY,0,0,0,0,0,3,0,16,6,11,41.878184306,-87.713631887,POINT (-87.713631886981 41.878184306016)
30,NO CONTROLS,NO CONTROLS,RAIN,"DARKNESS, LIGHTED ROAD",PARKED MOTOR VEHICLE,NOT DIVIDED,STRAIGHT AND LEVEL,WET,NO DEFECTS,ON SCENE,NO INJURY / DRIVE AWAY,,Y,"OVER $1,500",04/12/2020 12:01:00 AM,"OPERATING VEHICLE IN ERRATIC, RECKLESS, CARELESS, NEGLIGENT OR AGGRESSIVE MANNER",UNABLE TO DETERMINE,8157,S,HAMLIN AVE,834,3,NO INDICATION OF INJURY,0,0,0,0,0,1,0,23,7,4,41.744198076,-87.716713223,POINT (-87.716713222964 41.744198076018)
45,NO CONTROLS,NO CONTROLS,CLOUDY/OVERCAST,DAYLIGHT,TURNING,OTHER,STRAIGHT AND LEVEL,DRY,NO DEFECTS,ON SCENE,INJURY AND / OR TOW DUE TO CRASH,,,"OVER $1,500",10/29/2019 12:37:00 PM,FAILING TO YIELD RIGHT-OF-WAY,IMPROPER LANE USAGE,40,N,BESSIE COLEMAN DR,1654,2,NONINCAPACITATING INJURY,2,0,0,2,0,1,0,12,3,10,,,
30,NO CONTROLS,NO CONTROLS,UNKNOWN,DAYLIGHT,OTHER NONCOLLISION,NOT DIVIDED,STRAIGHT AND LEVEL,UNKNOWN,"RUT, HOLES",NOT ON SCENE (DESK REPORT),NO INJURY / DRIVE AWAY,,,"$501 - $1,500",01/11/2023 10:45:00 AM,UNABLE TO DETERMINE,UNABLE TO DETERMINE,151,N,COLUMBUS DR,114,1,NO INDICATION OF INJURY,0,0,0,0,0,1,0,8,7,1,41.884589493,-87.620498427,POINT (-87.620498427013 41.88458949304)
30,TRAFFIC SIGNAL,FUNCTIONING PROPERLY,CLEAR,DAYLIGHT,REAR END,DIVIDED - W/MEDIAN (NOT RAISED),STRAIGHT AND LEVEL,DRY,NO DEFECTS,NOT ON SCENE (DESK REPORT),NO INJURY / DRIVE AWAY,,,"OVER $1,500",12/12/2022 09:45:00 AM,FOLLOWING TOO CLOSELY,FAILING TO REDUCE SPEED TO AVOID CRASH,3555,N,HARLEM AVE,1632,2,NO INDICATION OF INJURY,0,0,0,0,0,2,0,9,2,12,41.945064736,-87.806851953,POINT (-87.806851953014 41.945064736015)
30,TRAFFIC SIGNAL,FUNCTIONING PROPERLY,CLEAR,"DARKNESS, LIGHTED ROAD",ANGLE,NOT DIVIDED,STRAIGHT AND LEVEL,DRY,NO DEFECTS,ON SCENE,INJURY AND / OR TOW DUE TO CRASH,Y,,"OVER $1,500",05/06/2019 03:28:00 AM,DISREGARDING TRAFFIC SIGNALS,NOT APPLICABLE,6759,W,DIVERSEY AVE,2512,2,NO INDICATION OF INJURY,0,0,0,0,0,2,0,3,2,5,41.930775066,-87.795400106,POINT (-87.795400105985 41.930775066023)
25,NO CONTROLS,NO CONTROLS,CLEAR,DAYLIGHT,SIDESWIPE SAME DIRECTION,PARKING LOT,STRAIGHT AND LEVEL,DRY,UNKNOWN,ON SCENE,NO INJURY / DRIVE AWAY,,,$500 OR LESS,02/11/2023 05:31:00 PM,FAILING TO YIELD RIGHT-OF-WAY,NOT APPLICABLE,524,W,OHARE ST,1654,2,NO INDICATION OF INJURY,0,0,0,0,0,2,0,16,7,2,,,
35,NO CONTROLS,NO CONTROLS,CLEAR,"DARKNESS, LIGHTED ROAD",SIDESWIPE SAME DIRECTION,RAMP,STRAIGHT ON GRADE,DRY,NO DEFECTS,ON SCENE,NO INJURY / DRIVE AWAY,,,$500 OR LESS,10/25/2019 06:27:00 PM,NOT APPLICABLE,NOT APPLICABLE,10155,W,KENNEDY EXPY IB,1654,2,NO INDICATION OF INJURY,0,0,0,0,0,2,0,18,6,10,,,
30,STOP SIGN/FLASHER,FUNCTIONING PROPERLY,CLEAR,DAWN,ANGLE,NOT DIVIDED,STRAIGHT AND LEVEL,DRY,NO DEFECTS,NOT ON SCENE (DESK REPORT),NO INJURY / DRIVE AWAY,,Y,$500 OR LESS,04/30/2018 07:00:00 PM,FAILING TO YIELD RIGHT-OF-WAY,NOT APPLICABLE,1600,S,ST LOUIS AVE,1021,2,NO INDICATION OF INJURY,0,0,0,0,0,2,0,18,2,4,41.858906154,-87.712914181,POINT (-87.712914181015 41.858906154029)
30,NO CONTROLS,NO CONTROLS,CLEAR,DAYLIGHT,PARKED MOTOR VEHICLE,NOT DIVIDED,STRAIGHT AND LEVEL,DRY,NO DEFECTS,ON SCENE,NO INJURY / DRIVE AWAY,,,"$501 - $1,500",11/27/2017 02:15:00 PM,IMPROPER BACKING,NOT APPLICABLE,2338,S,INDIANA AVE,132,2,NO INDICATION OF INJURY,0,0,0,0,0,1,0,14,2,11,41.849964917,-87.62235952,POINT (-87.622359520021 41.849964916995)
30,NO CONTROLS,NO CONTROLS,CLEAR,DAYLIGHT,SIDESWIPE SAME DIRECTION,ONE-WAY,STRAIGHT AND LEVEL,DRY,NO DEFECTS,ON SCENE,NO INJURY / DRIVE AWAY,,,"OVER $1,500",04/04/2022 12:36:00 PM,FAILING TO YIELD RIGHT-OF-WAY,FAILING TO YIELD RIGHT-OF-WAY,5,W,TERMINAL ST,1655,2,NO INDICATION OF INJURY,0,0,0,0,0,2,0,12,2,4,,,
30,NO CONTROLS,NO CONTROLS,CLEAR,DAYLIGHT,PARKED MOTOR VEHICLE,ONE-WAY,STRAIGHT AND LEVEL,DRY,NO DEFECTS,NOT ON SCENE (DESK REPORT),NO INJURY / DRIVE AWAY,,Y,$500 OR LESS,02/23/2016 01:55:00 PM,UNABLE TO DETERMINE,UNABLE TO DETERMINE,2737,S,KARLOV AVE,1031,2,NO INDICATION OF INJURY,0,0,0,0,0,1,0,13,3,2,41.841258512,-87.726754515,POINT (-87.726754515002 41.84125851198)
30,TRAFFIC SIGNAL,FUNCTIONING PROPERLY,CLEAR,DAYLIGHT,PEDESTRIAN,DIVIDED - W/MEDIAN (NOT RAISED),STRAIGHT AND LEVEL,DRY,NO DEFECTS,ON SCENE,NO INJURY / DRIVE AWAY,,,"$501 - $1,500",08/05/2022 08:46:00 AM,NOT APPLICABLE,NOT APPLICABLE,3957,N,CICERO AVE,1731,2,NO INDICATION OF INJURY,0,0,0,0,0,2,0,8,6,8,41.953309742,-87.747158693,POINT (-87.747158693019 41.95330974203)
25,UNKNOWN,UNKNOWN,UNKNOWN,DARKNESS,PARKED MOTOR VEHICLE,PARKING LOT,STRAIGHT AND LEVEL,UNKNOWN,UNKNOWN,NOT ON SCENE (DESK REPORT),NO INJURY / DRIVE AWAY,,,"OVER $1,500",12/30/2022 05:30:00 PM,UNABLE TO DETERMINE,NOT APPLICABLE,5109,W,FULLERTON AVE,2522,2,NO INDICATION OF INJURY,0,0,0,0,0,1,0,22,5,12,41.924025937,-87.754108923,POINT (-87.754108923036 41.924025936998)
0,NO CONTROLS,NO CONTROLS,CLEAR,DARKNESS,TURNING,DIVIDED - W/MEDIAN (NOT RAISED),STRAIGHT AND LEVEL,DRY,UNKNOWN,NOT ON SCENE (DESK REPORT),NO INJURY / DRIVE AWAY,,,"$501 - $1,500",04/15/2017 09:30:00 PM,"OPERATING VEHICLE IN ERRATIC, RECKLESS, CARELESS, NEGLIGENT OR AGGRESSIVE MANNER","OPERATING VEHICLE IN ERRATIC, RECKLESS, CARELESS, NEGLIGENT OR AGGRESSIVE MANNER",5521,S,PRAIRIE AVE,231,2,NO INDICATION OF INJURY,0,0,0,0,0,2,0,21,7,4,41.793817032,-87.619055402,POINT (-87.619055401961 41.793817032047)
25,NO CONTROLS,NO CONTROLS,CLEAR,"DARKNESS, LIGHTED ROAD",FIXED OBJECT,NOT DIVIDED,STRAIGHT AND LEVEL,DRY,NO DEFECTS,ON SCENE,INJURY AND / OR TOW DUE TO CRASH,,,"OVER $1,500",09/16/2021 12:08:00 AM,UNABLE TO DETERMINE,UNABLE TO DETERMINE,3950,W,JAMES J OCONNOR RD,1031,1,NO INDICATION OF INJURY,0,0,0,0,0,1,0,0,5,9,,,
40,NO CONTROLS,NO CONTROLS,CLEAR,DAYLIGHT,FIXED OBJECT,DIVIDED - W/MEDIAN BARRIER,CURVE ON GRADE,DRY,NO DEFECTS,ON SCENE,INJURY AND / OR TOW DUE TO CRASH,,,"OVER $1,500",07/27/2020 10:35:00 AM,UNABLE TO DETERMINE,UNABLE TO DETERMINE,1,W,TERMINAL ST,1651,2,NO INDICATION OF INJURY,0,0,0,0,0,2,0,10,2,7,,,
20,NO CONTROLS,NO CONTROLS,CLEAR,DAYLIGHT,SIDESWIPE SAME DIRECTION,ONE-WAY,STRAIGHT AND LEVEL,DRY,NO DEFECTS,NOT ON SCENE (DESK REPORT),NO INJURY / DRIVE AWAY,,,"OVER $1,500",03/26/2018 03:00:00 PM,IMPROPER LANE USAGE,NOT APPLICABLE,6000,S,WENTWORTH AVE,311,2,NO INDICATION OF INJURY,0,0,0,0,0,2,0,14,2,3,,,
30,TRAFFIC SIGNAL,FUNCTIONING PROPERLY,CLEAR,DAYLIGHT,REAR END,NOT DIVIDED,STRAIGHT AND LEVEL,DRY,NO DEFECTS,NOT ON SCENE (DESK REPORT),NO INJURY / DRIVE AWAY,,,"$501 - $1,500",01/09/2021 12:55:00 PM,UNABLE TO DETERMINE,UNABLE TO DETERMINE,4099,N,HARLEM AVE,1632,2,NO INDICATION OF INJURY,0,0,0,0,0,2,0,12,7,1,,,
30,NO CONTROLS,NO CONTROLS,CLOUDY/OVERCAST,DAYLIGHT,SIDESWIPE SAME DIRECTION,ONE-WAY,STRAIGHT AND LEVEL,OTHER,NO DEFECTS,NOT ON SCENE (DESK REPORT),NO INJURY / DRIVE AWAY,,,"OVER $1,500",11/11/2021 02:10:00 PM,IMPROPER LANE USAGE,FAILING TO YIELD RIGHT-OF-WAY,803,W,WAYMAN ST,1214,2,NO INDICATION OF INJURY,0,0,0,0,0,2,0,13,5,11,41.88728187,-87.647669761,POINT (-87.647669761039 41.887281870015)
30,NO CONTROLS,NO CONTROLS,CLEAR,DAYLIGHT,TURNING,NOT DIVIDED,STRAIGHT AND LEVEL,DRY,NO DEFECTS,ON SCENE,INJURY AND / OR TOW DUE TO CRASH,,Y,"OVER $1,500",06/05/2019 11:58:00 AM,IMPROPER TURNING/NO SIGNAL,FAILING TO REDUCE SPEED TO AVOID CRASH,447,W,MARQUETTE RD,722,2,NO INDICATION OF INJURY,0,0,0,0,0,4,0,11,4,6,41.772492963,-87.636698589,POINT (-87.636698589002 41.772492962978)
10,NO CONTROLS,NO CONTROLS,CLEAR,DAYLIGHT,PARKED MOTOR VEHICLE,PARKING LOT,STRAIGHT AND LEVEL,DRY,NO DEFECTS,ON SCENE,NO INJURY / DRIVE AWAY,,,"$501 - $1,500",09/14/2022 03:26:00 PM,DRIVING SKILLS/KNOWLEDGE/EXPERIENCE,UNABLE TO DETERMINE,517,W,OHARE ST,1654,2,NO INDICATION OF INJURY,0,0,0,0,0,1,0,15,4,9,,,
30,NO CONTROLS,NO CONTROLS,CLEAR,DAYLIGHT,ANGLE,ONE-WAY,STRAIGHT AND LEVEL,DRY,NO DEFECTS,NOT ON SCENE (DESK REPORT),INJURY AND / OR TOW DUE TO CRASH,Y,N,"OVER $1,500",08/09/2021 06:45:00 PM,DRIVING ON WRONG SIDE/WRONG WAY,UNABLE TO DETERMINE,3700,S,INDIANA AVE,212,2,NO INDICATION OF INJURY,0,0,0,0,0,2,0,19,7,7,41.827363248,-87.621826931,POINT (-87.62182693101 41.82736324801)
20,NO CONTROLS,NO CONTROLS,CLEAR,DAYLIGHT,ANGLE,PARKING LOT,STRAIGHT AND LEVEL,UNKNOWN,UNKNOWN,NOT ON SCENE (DESK REPORT),NO INJURY / DRIVE AWAY,,,"OVER $1,500",01/06/2018 02:40:00 PM,UNABLE TO DETERMINE,NOT APPLICABLE,1901,W,28TH ST,912,2,NO INDICATION OF INJURY,0,0,0,0,0,2,0,14,7,1,,,
15,NO CONTROLS,NO CONTROLS,CLEAR,DAYLIGHT,REAR END,PARKING LOT,STRAIGHT AND LEVEL,DRY,NO DEFECTS,ON SCENE,NO INJURY / DRIVE AWAY,,,"$501 - $1,500",07/16/2023 12:50:00 PM,FAILING TO YIELD RIGHT-OF-WAY,NOT APPLICABLE,1,W,PARKING LOT G ST,1654,2,NO INDICATION OF INJURY,0,0,0,0,0,2,0,12,1,7,,,
20,NO CONTROLS,NO CONTROLS,CLEAR,DAYLIGHT,SIDESWIPE SAME DIRECTION,ONE-WAY,STRAIGHT AND LEVEL,DRY,NO DEFECTS,ON SCENE,NO INJURY / DRIVE AWAY,,,"$501 - $1,500",11/12/2019 02:55:00 PM,FAILING TO YIELD RIGHT-OF-WAY,NOT APPLICABLE,2,W,TERMINAL ST,1652,2,NO INDICATION OF INJURY,0,0,0,0,0,2,0,14,3,11,,,
30,TRAFFIC SIGNAL,FUNCTIONING PROPERLY,CLEAR,DAYLIGHT,SIDESWIPE SAME DIRECTION,DIVIDED - W/MEDIAN BARRIER,STRAIGHT AND LEVEL,DRY,NO DEFECTS,NOT ON SCENE (DESK REPORT),NO INJURY / DRIVE AWAY,Y,,"OVER $1,500",10/15/2020 09:20:00 AM,IMPROPER LANE USAGE,UNABLE TO DETERMINE,754,W,RANDOLPH ST,1224,2,NO INDICATION OF INJURY,0,0,0,0,0,2,0,9,5,10,41.884516857,-87.647390682,POINT (-87.647390681951 41.884516857046)