POSTED_SPEED_LIMIT,TRAFFIC_CONTROL_DEVICE,DEVICE_CONDITION,WEATHER_CONDITION,LIGHTING_CONDITION,FIRST_CRASH_TYPE,TRAFFICWAY_TYPE,ALIGNMENT,ROADWAY_SURFACE_COND,ROAD_DEFECT,REPORT_TYPE,CRASH_TYPE,INTERSECTION_RELATED_I,HIT_AND_RUN_I,DAMAGE,DATE_POLICE_NOTIFIED,PRIM_CONTRIBUTORY_CAUSE,SEC_CONTRIBUTORY_CAUSE,STREET_NO,STREET_DIRECTION,STREET_NAME,BEAT_OF_OCCURRENCE,NUM_UNITS,MOST_SEVERE_INJURY,INJURIES_TOTAL,INJURIES_FATAL,INJURIES_INCAPACITATING,INJURIES_NON_INCAPACITATING,INJURIES_REPORTED_NOT_EVIDENT,INJURIES_NO_INDICATION,INJURIES_UNKNOWN,CRASH_HOUR,CRASH_DAY_OF_WEEK,CRASH_MONTH,LATITUDE,LONGITUDE,LOCATION
30,NO CONTROLS,NO CONTROLS,CLEAR,"DARKNESS, LIGHTED ROAD",TURNING,ONE-WAY,STRAIGHT AND LEVEL,UNKNOWN,UNKNOWN,NOT ON SCENE (DESK REPORT),NO INJURY / DRIVE AWAY,,,"OVER $1,500",12/29/2018 05:00:00 PM,IMPROPER TURNING/NO SIGNAL,NOT APPLICABLE,5500,S,WENTWORTH AVE,225,2,NO INDICATION OF INJURY,0,0,0,0,0,2,0,16,7,12,,,
30,NO CONTROLS,NO CONTROLS,CLEAR,DAWN,FIXED OBJECT,ONE-WAY,STRAIGHT AND LEVEL,DRY,NO DEFECTS,NOT ON SCENE (DESK REPORT),NO INJURY / DRIVE AWAY,,Y,"OVER $1,500",05/31/2018 07:19:00 AM,UNABLE TO DETERMINE,UNABLE TO DETERMINE,5756,S,ADA ST,713,1,NO INDICATION OF INJURY,0,0,0,0,0,1,0,6,5,5,41.788800392,-87.658527293,POINT (-87.65852729298 41.788800392016)
20,NO CONTROLS,NO CONTROLS,CLEAR,"DARKNESS, LIGHTED ROAD",SIDESWIPE SAME DIRECTION,ONE-WAY,STRAIGHT AND LEVEL,DRY,NO DEFECTS,ON SCENE,NO INJURY / DRIVE AWAY,,,$500 OR LESS,08/19/2021 09:46:00 PM,ROAD CONSTRUCTION/MAINTENANCE,UNABLE TO DETERMINE,1,W,TERMINAL ST,1651,2,NO INDICATION OF INJURY,0,0,0,0,0,2,0,21,5,8,,,
30,TRAFFIC SIGNAL,FUNCTIONING PROPERLY,CLEAR,DAYLIGHT,TURNING,RAMP,STRAIGHT AND LEVEL,DRY,NO DEFECTS,NOT ON SCENE (DESK REPORT),NO INJURY / DRIVE AWAY,,,$500 OR LESS,07/16/2019 04:20:00 PM,IMPROPER TURNING/NO SIGNAL,NOT APPLICABLE,516,S,SACRAMENTO BLVD,1134,2,NO INDICATION OF INJURY,0,0,0,0,0,2,0,15,3,7,,,
30,NO CONTROLS,NO CONTROLS,CLEAR,"DARKNESS, LIGHTED ROAD",TURNING,NOT DIVIDED,STRAIGHT AND LEVEL,DRY,NO DEFECTS,,INJURY AND / OR TOW DUE TO CRASH,,,"OVER $1,500",10/13/2022 08:42:00 PM,IMPROPER TURNING/NO SIGNAL,UNABLE TO DETERMINE,4500,N,MANNHEIM RD,1654,2,NONINCAPACITATING INJURY,6,0,0,6,0,4,0,20,5,10,,,
30,TRAFFIC SIGNAL,FUNCTIONING PROPERLY,CLEAR,"DARKNESS, LIGHTED ROAD",TURNING,NOT DIVIDED,STRAIGHT AND LEVEL,DRY,NO DEFECTS,NOT ON SCENE (DESK REPORT),NO INJURY / DRIVE AWAY,Y,,"$501 - $1,500",08/12/2022 11:30:00 PM,UNABLE TO DETERMINE,UNABLE TO DETERMINE,859,S,AUSTIN BLVD,1513,2,NO INDICATION OF INJURY,0,0,0,0,0,3,0,22,6,8,,,
30,TRAFFIC SIGNAL,FUNCTIONING PROPERLY,CLEAR,DAYLIGHT,TURNING,FOUR WAY,STRAIGHT AND LEVEL,DRY,NO DEFECTS,ON SCENE,INJURY AND / OR TOW DUE TO CRASH,Y,,"OVER $1,500",06/27/2023 08:10:00 AM,UNABLE TO DETERMINE,UNABLE TO DETERMINE,8658,S,WESTERN AVE,835,4,NONINCAPACITATING INJURY,1,0,0,1,0,7,0,8,3,6,41.735617968,-87.682663369,POINT (-87.682663369002 41.735617967973)
30,NO CONTROLS,NO CONTROLS,CLEAR,DUSK,PARKED MOTOR VEHICLE,NOT DIVIDED,STRAIGHT AND LEVEL,DRY,UNKNOWN,NOT ON SCENE (DESK REPORT),INJURY AND / OR TOW DUE TO CRASH,,Y,"OVER $1,500",03/17/2019 01:41:00 PM,UNABLE TO DETERMINE,UNABLE TO DETERMINE,7200,S,MICHIGAN AVE,323,2,NO INDICATION OF INJURY,0,0,0,0,0,1,0,23,7,3,41.763665021,-87.621796302,POINT (-87.621796301972 41.763665021044)
30,STOP SIGN/FLASHER,OTHER,CLEAR,DAYLIGHT,ANGLE,NOT DIVIDED,STRAIGHT AND LEVEL,DRY,NO DEFECTS,NOT ON SCENE (DESK REPORT),NO INJURY / DRIVE AWAY,Y,,"OVER $1,500",08/08/2018 03:17:00 PM,UNABLE TO DETERMINE,NOT APPLICABLE,1881,W,OGDEN AVE,1231,2,NO INDICATION OF INJURY,0,0,0,0,0,3,0,14,4,8,41.875008491,-87.673536864,POINT (-87.673536864033 41.875008491025)
30,TRAFFIC SIGNAL,FUNCTIONING PROPERLY,CLEAR,DAYLIGHT,PEDESTRIAN,FOUR WAY,STRAIGHT AND LEVEL,DRY,NO DEFECTS,ON SCENE,INJURY AND / OR TOW DUE TO CRASH,Y,,$500 OR LESS,04/29/2022 08:33:00 AM,UNABLE TO DETERMINE,UNABLE TO DETERMINE,7198,W,ARCHER AVE,811,2,NONINCAPACITATING INJURY,1,0,0,1,0,1,0,8,6,4,,,
30,TRAFFIC SIGNAL,FUNCTIONING PROPERLY,RAIN,DAYLIGHT,REAR END,RAMP,STRAIGHT ON HILLCREST,WET,UNKNOWN,ON SCENE,INJURY AND / OR TOW DUE TO CRASH,,,"$501 - $1,500",03/24/2021 05:25:00 PM,FAILING TO REDUCE SPEED TO AVOID CRASH,FAILING TO REDUCE SPEED TO AVOID CRASH,2,W,I190 EXPY,1654,2,NO INDICATION OF INJURY,0,0,0,0,0,2,0,17,4,3,,,
30,NO CONTROLS,NO CONTROLS,CLEAR,DAYLIGHT,REAR END,NOT DIVIDED,STRAIGHT AND LEVEL,DRY,NO DEFECTS,NOT ON SCENE (DESK REPORT),INJURY AND / OR TOW DUE TO CRASH,,,"$501 - $1,500",05/26/2022 03:45:00 PM,NOT APPLICABLE,NOT APPLICABLE,4729,W,59TH ST,813,2,NONINCAPACITATING INJURY,1,0,0,1,0,1,0,7,5,5,41.78419815,-87.741365268,POINT (-87.741365267996 41.784198149971)
30,NO CONTROLS,NO CONTROLS,CLEAR,DARKNESS,SIDESWIPE SAME DIRECTION,NOT DIVIDED,STRAIGHT AND LEVEL,DRY,SHOULDER DEFECT,ON SCENE,NO INJURY / DRIVE AWAY,,Y,"$501 - $1,500",11/13/2019 06:01:00 PM,UNABLE TO DETERMINE,UNABLE TO DETERMINE,804,W,51ST ST,933,2,NO INDICATION OF INJURY,0,0,0,0,0,2,0,18,4,11,41.801690698,-87.645620028,POINT (-87.645620027991 41.80169069795)
10,NO CONTROLS,NO CONTROLS,CLEAR,DAYLIGHT,PARKED MOTOR VEHICLE,PARKING LOT,STRAIGHT AND LEVEL,DRY,NO DEFECTS,ON SCENE,NO INJURY / DRIVE AWAY,,,"OVER $1,500",07/07/2021 06:40:00 PM,DRIVING SKILLS/KNOWLEDGE/EXPERIENCE,UNABLE TO DETERMINE,517,W,OHARE ST,1654,2,NO INDICATION OF INJURY,0,0,0,0,0,1,0,18,4,7,,,
30,NO CONTROLS,NO CONTROLS,CLEAR,DAYLIGHT,ANGLE,PARKING LOT,STRAIGHT AND LEVEL,DRY,UNKNOWN,NOT ON SCENE (DESK REPORT),NO INJURY / DRIVE AWAY,,,"OVER $1,500",03/28/2020 07:08:00 PM,UNABLE TO DETERMINE,UNABLE TO DETERMINE,1454,W,47TH ST,924,2,NO INDICATION OF INJURY,0,0,0,0,0,2,0,15,5,3,41.808749374,-87.66230696,POINT (-87.662306960034 41.808749374011)
30,NO CONTROLS,NO CONTROLS,RAIN,DAYLIGHT,REAR END,DIVIDED - W/MEDIAN (NOT RAISED),STRAIGHT AND LEVEL,WET,UNKNOWN,NOT ON SCENE (DESK REPORT),NO INJURY / DRIVE AWAY,,,"$501 - $1,500",11/19/2019 03:35:00 PM,FOLLOWING TOO CLOSELY,UNABLE TO DETERMINE,8147,S,VINCENNES AVE,622,2,NO INDICATION OF INJURY,0,0,0,0,0,2,0,14,3,11,41.74579217,-87.635369997,POINT (-87.63536999702 41.745792169991)
45,NO CONTROLS,NO CONTROLS,RAIN,"DARKNESS, LIGHTED ROAD",FIXED OBJECT,RAMP,STRAIGHT AND LEVEL,WET,NO DEFECTS,ON SCENE,INJURY AND / OR TOW DUE TO CRASH,,,"OVER $1,500",09/22/2019 05:50:00 AM,DRIVING SKILLS/KNOWLEDGE/EXPERIENCE,NOT APPLICABLE,10,W,I190 EXPY,1654,1,NONINCAPACITATING INJURY,3,0,0,3,0,1,0,5,1,9,,,
30,TRAFFIC SIGNAL,FUNCTIONING PROPERLY,CLEAR,"DARKNESS, LIGHTED ROAD",PEDESTRIAN,NOT DIVIDED,STRAIGHT AND LEVEL,DRY,NO DEFECTS,ON SCENE,INJURY AND / OR TOW DUE TO CRASH,Y,Y,"OVER $1,500",02/25/2019 07:05:00 PM,FAILING TO YIELD RIGHT-OF-WAY,DISREGARDING TRAFFIC SIGNALS,3400,W,MONTROSE AVE,1723,2,NONINCAPACITATING INJURY,1,0,0,1,0,1,0,19,2,2,41.961238465,-87.713199375,POINT (-87.713199374979 41.961238465013)
15,NO CONTROLS,NO CONTROLS,RAIN,"DARKNESS, LIGHTED ROAD",SIDESWIPE SAME DIRECTION,ONE-WAY,STRAIGHT AND LEVEL,WET,NO DEFECTS,ON SCENE,NO INJURY / DRIVE AWAY,,,"$501 - $1,500",10/10/2019 05:45:00 PM,IMPROPER OVERTAKING/PASSING,IMPROPER OVERTAKING/PASSING,3,W,TERMINAL ST,1653,2,NO INDICATION OF INJURY,0,0,0,0,0,2,0,17,5,10,,,
25,NO CONTROLS,NO CONTROLS,CLEAR,"DARKNESS, LIGHTED ROAD",PARKED MOTOR VEHICLE,NOT DIVIDED,STRAIGHT AND LEVEL,UNKNOWN,UNKNOWN,NOT ON SCENE (DESK REPORT),NO INJURY / DRIVE AWAY,,Y,"$501 - $1,500",10/10/2021 11:15:00 AM,NOT APPLICABLE,NOT APPLICABLE,1630,E,90TH ST,413,2,NO INDICATION OF INJURY,0,0,0,0,0,1,0,2,1,10,41.731581814,-87.583854135,POINT (-87.583854134972 41.731581813977)
30,UNKNOWN,UNKNOWN,CLEAR,"DARKNESS, LIGHTED ROAD",PARKED MOTOR VEHICLE,DIVIDED - W/MEDIAN (NOT RAISED),STRAIGHT AND LEVEL,DRY,NO DEFECTS,ON SCENE,INJURY AND / OR TOW DUE TO CRASH,,,"OVER $1,500",12/10/2020 12:55:00 AM,UNABLE TO DETERMINE,NOT APPLICABLE,2426,W,DIVERSEY AVE,1411,5,NO INDICATION OF INJURY,0,0,0,0,0,1,0,0,5,12,41.932266379,-87.688985069,POINT (-87.688985068971 41.932266378986)
35,TRAFFIC SIGNAL,FUNCTIONING PROPERLY,RAIN,DAYLIGHT,PEDESTRIAN,NOT DIVIDED,STRAIGHT AND LEVEL,WET,NO DEFECTS,ON SCENE,INJURY AND / OR TOW DUE TO CRASH,,Y,$500 OR LESS,09/07/2018 12:12:00 PM,IMPROPER OVERTAKING/PASSING,NOT APPLICABLE,8259,S,ASHLAND AVE,614,2,"REPORTED, NOT EVIDENT",1,0,0,0,1,1,0,12,6,9,41.743169044,-87.663106556,POINT (-87.663106556014 41.743169044023)
30,NO CONTROLS,NO CONTROLS,CLEAR,DAYLIGHT,PARKED MOTOR VEHICLE,NOT DIVIDED,STRAIGHT AND LEVEL,DRY,NO DEFECTS,AMENDED,NO INJURY / DRIVE AWAY,,,"OVER $1,500",06/08/2016 04:40:00 PM,UNABLE TO DETERMINE,UNABLE TO DETERMINE,947,W,FULLERTON AVE,1812,2,NO INDICATION OF INJURY,0,0,0,0,0,1,0,15,4,6,41.925276478,-87.653035266,POINT (-87.653035266043 41.92527647798)
25,NO CONTROLS,NO CONTROLS,CLOUDY/OVERCAST,"DARKNESS, LIGHTED ROAD",PEDESTRIAN,ONE-WAY,CURVE ON GRADE,DRY,NO DEFECTS,ON SCENE,INJURY AND / OR TOW DUE TO CRASH,,,$500 OR LESS,12/21/2022 05:05:00 PM,UNABLE TO DETERMINE,UNABLE TO DETERMINE,5,W,TERMINAL ST,1655,2,"REPORTED, NOT EVIDENT",1,0,0,0,1,1,0,17,4,12,,,
30,TRAFFIC SIGNAL,FUNCTIONING PROPERLY,CLEAR,DAYLIGHT,REAR END,NOT DIVIDED,STRAIGHT AND LEVEL,UNKNOWN,UNKNOWN,NOT ON SCENE (DESK REPORT),NO INJURY / DRIVE AWAY,,,"OVER $1,500",03/16/2023 09:35:00 PM,UNABLE TO DETERMINE,UNABLE TO DETERMINE,8301,S,CICERO AVE,834,2,NO INDICATION OF INJURY,0,0,0,0,0,3,0,15,5,3,41.741803599,-87.740953582,POINT (-87.740953581987 41.741803598989)
15,NO CONTROLS,NO CONTROLS,RAIN,DAYLIGHT,PARKED MOTOR VEHICLE,NOT DIVIDED,STRAIGHT AND LEVEL,WET,NO DEFECTS,ON SCENE,NO INJURY / DRIVE AWAY,,,$500 OR LESS,09/06/2018 09:00:00 AM,IMPROPER OVERTAKING/PASSING,EXCEEDING AUTHORIZED SPEED LIMIT,1,W,TERMINAL ST,1651,2,NO INDICATION OF INJURY,0,0,0,0,0,3,0,9,5,9,,,
35,TRAFFIC SIGNAL,FUNCTIONING PROPERLY,CLOUDY/OVERCAST,DAYLIGHT,REAR END,DIVIDED - W/MEDIAN BARRIER,STRAIGHT AND LEVEL,DRY,NO DEFECTS,ON SCENE,INJURY AND / OR TOW DUE TO CRASH,,,"$501 - $1,500",08/05/2020 04:15:00 PM,FOLLOWING TOO CLOSELY,NOT APPLICABLE,12300,W,IRVING PARK RD,1654,2,"REPORTED, NOT EVIDENT",2,0,0,0,2,0,0,16,4,8,41.958986951,-87.933993929,POINT (-87.933993928974 41.958986950953)
30,TRAFFIC SIGNAL,FUNCTIONING PROPERLY,RAIN,DAYLIGHT,TURNING,RAMP,STRAIGHT ON GRADE,WET,UNKNOWN,NOT ON SCENE (DESK REPORT),NO INJURY / DRIVE AWAY,,,"OVER $1,500",11/23/2016 04:00:00 PM,FAILING TO YIELD RIGHT-OF-WAY,UNABLE TO DETERMINE,3952,N,LAKE SHORE DR SB,1925,2,NO INDICATION OF INJURY,0,0,0,0,0,4,0,15,4,11,41.95440269,-87.644931396,POINT (-87.644931395979 41.954402690034)
25,SCHOOL ZONE,NO CONTROLS,CLOUDY/OVERCAST,DAYLIGHT,TURNING,DIVIDED - W/MEDIAN (NOT RAISED),STRAIGHT AND LEVEL,DRY,UNKNOWN,NOT ON SCENE (DESK REPORT),NO INJURY / DRIVE AWAY,,Y,"$501 - $1,500",03/25/2022 09:00:00 AM,IMPROPER TURNING/NO SIGNAL,UNABLE TO DETERMINE,8147,S,VINCENNES AVE,622,2,NO INDICATION OF INJURY,0,0,0,0,0,4,0,7,6,3,41.74579217,-87.635369997,POINT (-87.63536999702 41.745792169991)
30,UNKNOWN,UNKNOWN,UNKNOWN,DAYLIGHT,SIDESWIPE SAME DIRECTION,UNKNOWN,STRAIGHT AND LEVEL,UNKNOWN,UNKNOWN,NOT ON SCENE (DESK REPORT),NO INJURY / DRIVE AWAY,Y,,"OVER $1,500",09/07/2016 07:55:00 PM,UNABLE TO DETERMINE,UNABLE TO DETERMINE,804,N,OGDEN AVE,1213,2,NO INDICATION OF INJURY,0,0,0,0,0,2,0,13,4,9,41.896508162,-87.65458548,POINT (-87.654585479969 41.896508162005)
10,NO CONTROLS,NO CONTROLS,CLEAR,DAYLIGHT,PARKED MOTOR VEHICLE,PARKING LOT,STRAIGHT AND LEVEL,DRY,NO DEFECTS,ON SCENE,NO INJURY / DRIVE AWAY,,,"OVER $1,500",03/31/2023 10:10:00 AM,UNABLE TO DETERMINE,NOT APPLICABLE,8300,S,STONY ISLAND AVE,412,2,NO INDICATION OF INJURY,0,0,0,0,0,3,0,10,6,3,41.744151639,-87.585945067,POINT (-87.585945066953 41.744151639042)
30,TRAFFIC SIGNAL,FUNCTIONING PROPERLY,CLEAR,"DARKNESS, LIGHTED ROAD",HEAD ON,NOT DIVIDED,STRAIGHT AND LEVEL,DRY,UNKNOWN,ON SCENE,INJURY AND / OR TOW DUE TO CRASH,Y,Y,"OVER $1,500",05/02/2020 09:32:00 PM,IMPROPER OVERTAKING/PASSING,DRIVING ON WRONG SIDE/WRONG WAY,11500,S,RACINE AVE,524,2,NONINCAPACITATING INJURY,1,0,0,1,0,4,0,21,7,5,41.684859123,-87.652019493,POINT (-87.652019492954 41.684859122993)
30,TRAFFIC SIGNAL,FUNCTIONING PROPERLY,CLEAR,DAYLIGHT,REAR END,DIVIDED - W/MEDIAN (NOT RAISED),STRAIGHT AND LEVEL,DRY,NO DEFECTS,NOT ON SCENE (DESK REPORT),INJURY AND / OR TOW DUE TO CRASH,Y,,"$501 - $1,500",10/16/2020 05:30:00 PM,FAILING TO REDUCE SPEED TO AVOID CRASH,UNABLE TO DETERMINE,701,S,PULASKI RD,1132,2,"REPORTED, NOT EVIDENT",2,0,0,0,2,1,0,16,4,10,41.872497742,-87.725253192,POINT (-87.725253192011 41.872497742004)
30,NO CONTROLS,NO CONTROLS,CLEAR,DAYLIGHT,PARKED MOTOR VEHICLE,NOT DIVIDED,STRAIGHT AND LEVEL,DRY,NO DEFECTS,NOT ON SCENE (DESK REPORT),NO INJURY / DRIVE AWAY,,Y,"OVER $1,500",03/11/2017 04:32:00 PM,"OPERATING VEHICLE IN ERRATIC, RECKLESS, CARELESS, NEGLIGENT OR AGGRESSIVE MANNER",EXCEEDING AUTHORIZED SPEED LIMIT,1810,N,LINDER AVE,2532,2,NO INDICATION OF INJURY,0,0,0,0,0,1,0,13,5,3,41.913424362,-87.763291933,POINT (-87.763291933019 41.913424361981)
30,NO CONTROLS,NO CONTROLS,CLEAR,DAYLIGHT,PARKED MOTOR VEHICLE,ONE-WAY,STRAIGHT AND LEVEL,DRY,NO DEFECTS,NOT ON SCENE (DESK REPORT),NO INJURY / DRIVE AWAY,,Y,"$501 - $1,500",07/05/2020 09:15:00 AM,UNABLE TO DETERMINE,UNABLE TO DETERMINE,5501,S,PAULINA ST,715,2,NO INDICATION OF INJURY,0,0,0,0,0,1,0,8,1,7,41.793606501,-87.666860959,POINT (-87.666860959032 41.793606501021)
10,NO CONTROLS,NO CONTROLS,CLEAR,DAYLIGHT,PARKED MOTOR VEHICLE,ONE-WAY,STRAIGHT AND LEVEL,DRY,NO DEFECTS,ON SCENE,NO INJURY / DRIVE AWAY,,N,"OVER $1,500",07/03/2018 12:55:00 PM,UNABLE TO DETERMINE,UNABLE TO DETERMINE,3650,S,DR MARTIN LUTHER KING JR SD,212,2,NO INDICATION OF INJURY,0,0,0,0,0,1,0,12,3,7,,,
20,NO CONTROLS,NO CONTROLS,CLEAR,"DARKNESS, LIGHTED ROAD",PEDESTRIAN,OTHER,STRAIGHT AND LEVEL,DRY,NO DEFECTS,ON SCENE,INJURY AND / OR TOW DUE TO CRASH,,,$500 OR LESS,11/05/2021 07:25:00 PM,UNABLE TO DETERMINE,NOT APPLICABLE,3,W,TERMINAL ST,1653,3,NONINCAPACITATING INJURY,2,0,0,2,0,1,0,19,6,11,,,
30,TRAFFIC SIGNAL,FUNCTIONING PROPERLY,CLEAR,DAYLIGHT,TURNING,NOT DIVIDED,STRAIGHT AND LEVEL,DRY,NO DEFECTS,ON SCENE,NO INJURY / DRIVE AWAY,Y,,"$501 - $1,500",01/14/2020 07:55:00 AM,UNABLE TO DETERMINE,NOT APPLICABLE,8300,S,STONY ISLAND AVE,412,2,NO INDICATION OF INJURY,0,0,0,0,0,3,0,7,3,1,41.744151639,-87.585945067,POINT (-87.585945066953 41.744151639042)
10,OTHER,OTHER,CLEAR,DAYLIGHT,SIDESWIPE SAME DIRECTION,OTHER,STRAIGHT AND LEVEL,DRY,NO DEFECTS,ON SCENE,NO INJURY / DRIVE AWAY,,,"$501 - $1,500",01/10/2023 01:50:00 PM,IMPROPER OVERTAKING/PASSING,NOT APPLICABLE,8800,S,CHICAGO SKYWAY OB,412,2,NO INDICATION OF INJURY,0,0,0,0,0,2,0,13,3,1,,,
35,NO CONTROLS,NO CONTROLS,RAIN,"DARKNESS, LIGHTED ROAD",TURNING,ALLEY,STRAIGHT AND LEVEL,WET,NO DEFECTS,NOT ON SCENE (DESK REPORT),NO INJURY / DRIVE AWAY,,,"OVER $1,500",01/18/2023 09:20:00 PM,DRIVING SKILLS/KNOWLEDGE/EXPERIENCE,NOT APPLICABLE,1540,N,SEDGWICK ST,1821,2,NO INDICATION OF INJURY,0,0,0,0,0,4,0,20,4,1,41.910510066,-87.638720004,POINT (-87.638720003959 41.910510065958)
30,STOP SIGN/FLASHER,NO CONTROLS,CLEAR,DAYLIGHT,REAR END,NOT DIVIDED,STRAIGHT AND LEVEL,WET,NO DEFECTS,NOT ON SCENE (DESK REPORT),INJURY AND / OR TOW DUE TO CRASH,,,"OVER $1,500",01/27/2021 04:10:00 PM,FOLLOWING TOO CLOSELY,UNABLE TO DETERMINE,3309,E,100TH ST,431,2,NONINCAPACITATING INJURY,1,0,0,1,0,1,0,15,4,1,41.713710444,-87.542943489,POINT (-87.542943489015 41.713710443965)
15,NO CONTROLS,NO CONTROLS,CLEAR,"DARKNESS, LIGHTED ROAD",PARKED MOTOR VEHICLE,PARKING LOT,STRAIGHT AND LEVEL,DRY,NO DEFECTS,ON SCENE,NO INJURY / DRIVE AWAY,,,$500 OR LESS,07/07/2022 10:40:00 PM,UNABLE TO DETERMINE,NOT APPLICABLE,630,W,OHARE ST,1654,2,NO INDICATION OF INJURY,0,0,0,0,0,1,0,14,5,7,,,
5,NO CONTROLS,NO CONTROLS,CLEAR,DARKNESS,PARKED MOTOR VEHICLE,PARKING LOT,STRAIGHT AND LEVEL,DRY,UNKNOWN,ON SCENE,NO INJURY / DRIVE AWAY,,Y,"$501 - $1,500",07/03/2018 09:21:00 PM,UNABLE TO DETERMINE,UNABLE TO DETERMINE,6232,N,CALIFORNIA AVE,2413,4,NO INDICATION OF INJURY,0,0,0,0,0,1,0,21,3,7,41.994954329,-87.699697852,POINT (-87.699697851977 41.994954329009)
30,NO CONTROLS,NO CONTROLS,CLEAR,DAYLIGHT,REAR END,ONE-WAY,STRAIGHT AND LEVEL,DRY,NO DEFECTS,NOT ON SCENE (DESK REPORT),NO INJURY / DRIVE AWAY,,,"OVER $1,500",11/23/2022 10:25:00 AM,IMPROPER OVERTAKING/PASSING,NOT APPLICABLE,9830,S,PEORIA ST,2223,2,NO INDICATION OF INJURY,0,0,0,0,0,2,0,10,4,11,,,
30,NO CONTROLS,NO CONTROLS,CLEAR,UNKNOWN,PARKED MOTOR VEHICLE,PARKING LOT,STRAIGHT AND LEVEL,UNKNOWN,UNKNOWN,NOT ON SCENE (DESK REPORT),NO INJURY / DRIVE AWAY,,N,"$501 - $1,500",07/29/2023 12:50:00 PM,UNABLE TO DETERMINE,NOT APPLICABLE,10000,W,BALMORAL AVE,1650,2,NO INDICATION OF INJURY,0,0,0,0,0,1,0,19,5,7,,,
30,TRAFFIC SIGNAL,FUNCTIONING PROPERLY,CLEAR,"DARKNESS, LIGHTED ROAD",REAR END,DIVIDED - W/MEDIAN (NOT RAISED),STRAIGHT AND LEVEL,WET,NO DEFECTS,NOT ON SCENE (DESK REPORT),NO INJURY / DRIVE AWAY,Y,,"OVER $1,500",03/13/2023 08:15:00 PM,UNABLE TO DETERMINE,UNABLE TO DETERMINE,2553,N,LARAMIE AVE,2521,2,NO INDICATION OF INJURY,0,0,0,0,0,3,0,19,1,3,41.927561087,-87.75612628,POINT (-87.756126279999 41.927561086987)
20,NO CONTROLS,NO CONTROLS,CLEAR,DAYLIGHT,OTHER OBJECT,ALLEY,STRAIGHT AND LEVEL,DRY,NO DEFECTS,ON SCENE,NO INJURY / DRIVE AWAY,,,$500 OR LESS,03/11/2021 07:34:00 AM,NOT APPLICABLE,NOT APPLICABLE,4936,W,PATTERSON AVE,1634,1,NO INDICATION OF INJURY,0,0,0,0,0,2,0,7,5,3,41.947099198,-87.751127087,POINT (-87.751127086954 41.947099197969)
55,NO CONTROLS,NO CONTROLS,CLEAR,DAYLIGHT,SIDESWIPE SAME DIRECTION,DIVIDED - W/MEDIAN BARRIER,STRAIGHT AND LEVEL,OTHER,NO DEFECTS,ON SCENE,INJURY AND / OR TOW DUE TO CRASH,,,"OVER $1,500",08/03/2022 03:52:00 PM,UNABLE TO DETERMINE,NOT APPLICABLE,10500,S,CHICAGO SKYWAY OB,432,2,NO INDICATION OF INJURY,0,0,0,0,0,4,0,15,4,8,,,
10,NO CONTROLS,NO CONTROLS,CLEAR,DAYLIGHT,TURNING,ALLEY,STRAIGHT AND LEVEL,UNKNOWN,UNKNOWN,NOT ON SCENE (DESK REPORT),NO INJURY / DRIVE AWAY,,,"OVER $1,500",04/17/2017 05:11:00 PM,"VISION OBSCURED (SIGNS, TREE LIMBS, BUILDINGS, ETC.)","VISION OBSCURED (SIGNS, TREE LIMBS, BUILDINGS, ETC.)",4030,N,CLARK ST,1912,2,NO INDICATION OF INJURY,0,0,0,0,0,5,0,17,2,4,41.95520994,-87.662932765,POINT (-87.662932764952 41.955209940006)
25,NO CONTROLS,NO CONTROLS,CLEAR,DAYLIGHT,PARKED MOTOR VEHICLE,NOT DIVIDED,STRAIGHT AND LEVEL,DRY,NO DEFECTS,ON SCENE,NO INJURY / DRIVE AWAY,,Y,"OVER $1,500",07/29/2021 07:01:00 PM,UNABLE TO DETERMINE,NOT APPLICABLE,1459,W,IRVING PARK RD,1922,2,NO INDICATION OF INJURY,0,0,0,0,0,1,0,18,5,7,41.954212921,-87.666512458,POINT (-87.666512457952 41.954212920958)
30,TRAFFIC SIGNAL,FUNCTIONING PROPERLY,CLEAR,DAYLIGHT,REAR END,NOT DIVIDED,STRAIGHT AND LEVEL,DRY,NO DEFECTS,NOT ON SCENE (DESK REPORT),NO INJURY / DRIVE AWAY,,,"$501 - $1,500",05/16/2022 10:00:00 AM,IMPROPER BACKING,UNABLE TO DETERMINE,8147,S,VINCENNES AVE,622,2,NO INDICATION OF INJURY,0,0,0,0,0,2,0,8,2,5,41.74579217,-87.635369997,POINT (-87.63536999702 41.745792169991)
15,NO CONTROLS,NO CONTROLS,CLOUDY/OVERCAST,DAYLIGHT,REAR END,PARKING LOT,STRAIGHT AND LEVEL,DRY,NO DEFECTS,ON SCENE,NO INJURY / DRIVE AWAY,,,"$501 - $1,500",07/16/2021 11:20:00 AM,UNABLE TO DETERMINE,UNABLE TO DETERMINE,616,W,OHARE ST,1654,2,NO INDICATION OF INJURY,0,0,0,0,0,2,0,11,6,7,,,