POSTED_SPEED_LIMIT,TRAFFIC_CONTROL_DEVICE,DEVICE_CONDITION,WEATHER_CONDITION,LIGHTING_CONDITION,FIRST_CRASH_TYPE,TRAFFICWAY_TYPE,ALIGNMENT,ROADWAY_SURFACE_COND,ROAD_DEFECT,REPORT_TYPE,CRASH_TYPE,INTERSECTION_RELATED_I,HIT_AND_RUN_I,DAMAGE,DATE_POLICE_NOTIFIED,PRIM_CONTRIBUTORY_CAUSE,SEC_CONTRIBUTORY_CAUSE,STREET_NO,STREET_DIRECTION,STREET_NAME,BEAT_OF_OCCURRENCE,NUM_UNITS,MOST_SEVERE_INJURY,INJURIES_TOTAL,INJURIES_FATAL,INJURIES_INCAPACITATING,INJURIES_NON_INCAPACITATING,INJURIES_REPORTED_NOT_EVIDENT,INJURIES_NO_INDICATION,INJURIES_UNKNOWN,CRASH_HOUR,CRASH_DAY_OF_WEEK,CRASH_MONTH,LATITUDE,LONGITUDE,LOCATION
30,STOP SIGN/FLASHER,UNKNOWN,CLEAR,DAYLIGHT,ANGLE,NOT DIVIDED,STRAIGHT AND LEVEL,UNKNOWN,UNKNOWN,NOT ON SCENE (DESK REPORT),NO INJURY / DRIVE AWAY,Y,,"OVER $1,500",02/15/2022 11:38:00 AM,UNABLE TO DETERMINE,UNABLE TO DETERMINE,10001,S,MAY ST,2232,2,NO INDICATION OF INJURY,0,0,0,0,0,2,0,8,3,2,41.712186303,-87.65133467,POINT (-87.651334669954 41.712186303048)
30,STOP SIGN/FLASHER,FUNCTIONING PROPERLY,SNOW,DAYLIGHT,ANGLE,NOT DIVIDED,STRAIGHT AND LEVEL,SNOW OR SLUSH,NO DEFECTS,ON SCENE,NO INJURY / DRIVE AWAY,Y,,"OVER $1,500",12/24/2017 11:30:00 AM,FAILING TO YIELD RIGHT-OF-WAY,WEATHER,3000,W,JEROME ST,2411,2,NO INDICATION OF INJURY,0,0,0,0,0,2,0,11,1,12,42.018426707,-87.704441479,POINT (-87.704441478962 42.01842670696)
10,NO CONTROLS,NO CONTROLS,CLEAR,DAYLIGHT,PARKED MOTOR VEHICLE,PARKING LOT,STRAIGHT AND LEVEL,DRY,NO DEFECTS,NOT ON SCENE (DESK REPORT),NO INJURY / DRIVE AWAY,,Y,"$501 - $1,500",12/06/2017 12:05:00 PM,UNABLE TO DETERMINE,UNABLE TO DETERMINE,2650,W,FULTON ST,1222,2,NO INDICATION OF INJURY,0,0,0,0,0,1,0,10,4,12,41.886676655,-87.69354148,POINT (-87.693541479988 41.886676655033)
25,UNKNOWN,UNKNOWN,CLEAR,DAYLIGHT,HEAD ON,NOT DIVIDED,STRAIGHT AND LEVEL,DRY,UNKNOWN,ON SCENE,INJURY AND / OR TOW DUE TO CRASH,,,"OVER $1,500",09/25/2020 06:50:00 PM,NOT APPLICABLE,NOT APPLICABLE,10401,S,DOTY AVE E,434,2,NONINCAPACITATING INJURY,1,0,0,1,0,1,0,15,6,9,41.705705738,-87.58631682,POINT (-87.586316820015 41.705705737973)
15,NO CONTROLS,NO CONTROLS,RAIN,DAYLIGHT,PARKED MOTOR VEHICLE,PARKING LOT,STRAIGHT AND LEVEL,WET,NO DEFECTS,ON SCENE,NO INJURY / DRIVE AWAY,,,"OVER $1,500",02/22/2023 11:50:00 AM,UNABLE TO DETERMINE,NOT APPLICABLE,516,W,OHARE ST,1654,2,NO INDICATION OF INJURY,0,0,0,0,0,1,0,11,4,2,,,
30,STOP SIGN/FLASHER,FUNCTIONING PROPERLY,RAIN,DARKNESS,HEAD ON,NOT DIVIDED,STRAIGHT AND LEVEL,WET,NO DEFECTS,NOT ON SCENE (DESK REPORT),NO INJURY / DRIVE AWAY,,,"OVER $1,500",01/16/2017 10:20:00 PM,UNABLE TO DETERMINE,UNABLE TO DETERMINE,3685,S,SACRAMENTO AVE,911,2,NO INDICATION OF INJURY,0,0,0,0,0,3,0,21,2,1,,,
10,NO CONTROLS,NO CONTROLS,CLEAR,DAYLIGHT,PARKED MOTOR VEHICLE,PARKING LOT,STRAIGHT AND LEVEL,DRY,NO DEFECTS,NOT ON SCENE (DESK REPORT),NO INJURY / DRIVE AWAY,,,"$501 - $1,500",01/13/2021 04:30:00 PM,IMPROPER BACKING,UNABLE TO DETERMINE,6300,N,RIDGE AVE,2413,2,NO INDICATION OF INJURY,0,0,0,0,0,1,0,15,4,1,41.995579197,-87.675876884,POINT (-87.675876883986 41.995579196996)
30,NO CONTROLS,UNKNOWN,UNKNOWN,UNKNOWN,PARKED MOTOR VEHICLE,ONE-WAY,STRAIGHT AND LEVEL,UNKNOWN,UNKNOWN,NOT ON SCENE (DESK REPORT),NO INJURY / DRIVE AWAY,,Y,"OVER $1,500",05/12/2017 05:23:00 PM,NOT APPLICABLE,NOT APPLICABLE,2850,S,DRAKE AVE,1032,2,NO INDICATION OF INJURY,0,0,0,0,0,1,0,7,6,5,41.839224846,-87.713573488,POINT (-87.713573487964 41.839224845951)
25,NO CONTROLS,NO CONTROLS,CLOUDY/OVERCAST,DAYLIGHT,PARKED MOTOR VEHICLE,NOT DIVIDED,STRAIGHT AND LEVEL,WET,UNKNOWN,ON SCENE,INJURY AND / OR TOW DUE TO CRASH,,,"OVER $1,500",01/04/2023 10:39:00 AM,NOT APPLICABLE,NOT APPLICABLE,530,W,14TH PL,124,3,NO INDICATION OF INJURY,0,0,0,0,0,2,0,10,4,1,41.862555058,-87.640397616,POINT (-87.640397615988 41.862555058045)
25,NO CONTROLS,NO CONTROLS,CLEAR,DAYLIGHT,PARKED MOTOR VEHICLE,ONE-WAY,STRAIGHT AND LEVEL,DRY,NO DEFECTS,ON SCENE,NO INJURY / DRIVE AWAY,Y,,"$501 - $1,500",11/15/2019 06:45:00 AM,UNABLE TO DETERMINE,UNABLE TO DETERMINE,1658,N,MASON AVE,2531,2,NO INDICATION OF INJURY,0,0,0,0,0,1,0,6,6,11,41.911001887,-87.774171516,POINT (-87.774171515978 41.911001887034)
30,UNKNOWN,UNKNOWN,UNKNOWN,UNKNOWN,PARKED MOTOR VEHICLE,UNKNOWN,STRAIGHT AND LEVEL,UNKNOWN,UNKNOWN,NOT ON SCENE (DESK REPORT),NO INJURY / DRIVE AWAY,,Y,$500 OR LESS,12/05/2017 06:00:00 PM,"OPERATING VEHICLE IN ERRATIC, RECKLESS, CARELESS, NEGLIGENT OR AGGRESSIVE MANNER",NOT APPLICABLE,2301,N,MONITOR AVE,2515,2,NO INDICATION OF INJURY,0,0,0,0,0,1,0,7,3,12,41.92215784,-87.771860156,POINT (-87.771860156029 41.922157839981)
30,NO CONTROLS,NO CONTROLS,CLEAR,UNKNOWN,PARKED MOTOR VEHICLE,NOT DIVIDED,STRAIGHT AND LEVEL,DRY,NO DEFECTS,ON SCENE,NO INJURY / DRIVE AWAY,,Y,"$501 - $1,500",04/13/2023 11:00:00 AM,UNABLE TO DETERMINE,NOT APPLICABLE,2455,W,LUNT AVE,2411,2,NO INDICATION OF INJURY,0,0,0,0,0,1,0,9,5,4,42.008503058,-87.692291736,POINT (-87.692291736035 42.00850305799)
30,NO CONTROLS,NO CONTROLS,CLEAR,DAYLIGHT,PARKED MOTOR VEHICLE,ONE-WAY,STRAIGHT AND LEVEL,DRY,NO DEFECTS,NOT ON SCENE (DESK REPORT),NO INJURY / DRIVE AWAY,,,"$501 - $1,500",06/23/2020 01:28:00 PM,NOT APPLICABLE,NOT APPLICABLE,2428,W,63RD ST,825,2,NO INDICATION OF INJURY,0,0,0,0,0,5,0,12,3,6,41.779351179,-87.684804466,POINT (-87.684804465996 41.779351179003)
30,NO CONTROLS,NO CONTROLS,UNKNOWN,UNKNOWN,PARKED MOTOR VEHICLE,DIVIDED - W/MEDIAN (NOT RAISED),STRAIGHT AND LEVEL,WET,NO DEFECTS,ON SCENE,NO INJURY / DRIVE AWAY,,Y,"OVER $1,500",01/18/2018 11:01:00 AM,NOT APPLICABLE,NOT APPLICABLE,5239,N,CENTRAL AVE,1623,2,NO INDICATION OF INJURY,0,0,0,0,0,1,0,22,4,1,41.976534052,-87.768327467,POINT (-87.768327467035 41.976534051981)
30,TRAFFIC SIGNAL,FUNCTIONING PROPERLY,CLEAR,"DARKNESS, LIGHTED ROAD",REAR END,NOT DIVIDED,STRAIGHT AND LEVEL,DRY,NO DEFECTS,NOT ON SCENE (DESK REPORT),NO INJURY / DRIVE AWAY,Y,,"$501 - $1,500",03/19/2021 09:10:00 AM,UNABLE TO DETERMINE,NOT APPLICABLE,1700,S,KEDZIE AVE,1022,2,NO INDICATION OF INJURY,0,0,0,0,0,3,0,23,5,3,,,
30,STOP SIGN/FLASHER,FUNCTIONING PROPERLY,CLEAR,DAYLIGHT,TURNING,NOT DIVIDED,STRAIGHT AND LEVEL,DRY,NO DEFECTS,NOT ON SCENE (DESK REPORT),NO INJURY / DRIVE AWAY,,,"OVER $1,500",06/29/2017 09:30:00 AM,UNABLE TO DETERMINE,UNABLE TO DETERMINE,2005,N,KILPATRICK AVE,2522,2,NO INDICATION OF INJURY,0,0,0,0,0,3,0,8,5,6,41.917146981,-87.743558201,POINT (-87.743558201019 41.917146980983)
10,OTHER,FUNCTIONING PROPERLY,CLEAR,DAYLIGHT,PARKED MOTOR VEHICLE,PARKING LOT,STRAIGHT AND LEVEL,DRY,NO DEFECTS,ON SCENE,INJURY AND / OR TOW DUE TO CRASH,,,"OVER $1,500",05/29/2023 07:30:00 PM,FAILING TO REDUCE SPEED TO AVOID CRASH,PHYSICAL CONDITION OF DRIVER,1,W,PARKING LOT G ST,1654,7,NONINCAPACITATING INJURY,3,0,0,3,0,1,0,19,2,5,,,
35,NO CONTROLS,NO CONTROLS,CLEAR,"DARKNESS, LIGHTED ROAD",SIDESWIPE SAME DIRECTION,DIVIDED - W/MEDIAN BARRIER,CURVE ON HILLCREST,DRY,NO DEFECTS,ON SCENE,INJURY AND / OR TOW DUE TO CRASH,,,"OVER $1,500",01/28/2021 11:23:00 PM,DRIVING SKILLS/KNOWLEDGE/EXPERIENCE,UNABLE TO DETERMINE,10830,W,HIGGINS RD,1654,2,NO INDICATION OF INJURY,0,0,0,0,0,3,0,23,5,1,,,
30,NO CONTROLS,NO CONTROLS,CLEAR,DAYLIGHT,PARKED MOTOR VEHICLE,DIVIDED - W/MEDIAN (NOT RAISED),STRAIGHT AND LEVEL,DRY,NO DEFECTS,NOT ON SCENE (DESK REPORT),NO INJURY / DRIVE AWAY,,Y,"OVER $1,500",07/30/2022 09:40:00 PM,UNABLE TO DETERMINE,UNABLE TO DETERMINE,2027,W,AUGUSTA BLVD,1212,2,NO INDICATION OF INJURY,0,0,0,0,0,1,0,14,6,7,41.899422807,-87.678260554,POINT (-87.678260554048 41.899422807039)
30,NO CONTROLS,NO CONTROLS,CLEAR,DAWN,PARKED MOTOR VEHICLE,ONE-WAY,STRAIGHT AND LEVEL,UNKNOWN,UNKNOWN,,NO INJURY / DRIVE AWAY,,Y,"$501 - $1,500",11/26/2022 01:30:00 PM,IMPROPER BACKING,UNABLE TO DETERMINE,5126,N,RAVENSWOOD AVE,2032,2,NO INDICATION OF INJURY,0,0,0,0,0,1,0,6,6,11,41.975649632,-87.675054273,POINT (-87.675054273016 41.97564963204)
35,NO CONTROLS,FUNCTIONING PROPERLY,CLEAR,DAYLIGHT,REAR END,DIVIDED - W/MEDIAN (NOT RAISED),STRAIGHT AND LEVEL,DRY,NO DEFECTS,NOT ON SCENE (DESK REPORT),NO INJURY / DRIVE AWAY,,Y,"OVER $1,500",09/30/2021 06:00:00 PM,FOLLOWING TOO CLOSELY,UNABLE TO DETERMINE,8700,S,HONORE ST,2221,2,NO INDICATION OF INJURY,0,0,0,0,0,2,0,15,5,9,41.735617589,-87.669285839,POINT (-87.669285839025 41.735617589025)
35,NO CONTROLS,NO CONTROLS,CLEAR,"DARKNESS, LIGHTED ROAD",PEDALCYCLIST,DIVIDED - W/MEDIAN (NOT RAISED),STRAIGHT AND LEVEL,DRY,NO DEFECTS,ON SCENE,NO INJURY / DRIVE AWAY,,Y,$500 OR LESS,07/13/2020 09:56:00 PM,UNABLE TO DETERMINE,UNABLE TO DETERMINE,2600,W,LAWRENCE AVE,2031,2,NO INDICATION OF INJURY,0,0,0,0,0,2,0,21,2,7,41.968680809,-87.693861033,POINT (-87.693861033037 41.968680808972)
30,TRAFFIC SIGNAL,UNKNOWN,RAIN,DAYLIGHT,TURNING,FOUR WAY,STRAIGHT AND LEVEL,WET,UNKNOWN,NOT ON SCENE (DESK REPORT),NO INJURY / DRIVE AWAY,Y,,"OVER $1,500",03/30/2022 04:15:00 PM,FAILING TO YIELD RIGHT-OF-WAY,NOT APPLICABLE,1500,N,ELSTON AVE,1433,2,NO INDICATION OF INJURY,0,0,0,0,0,3,0,11,4,3,41.909091248,-87.66131723,POINT (-87.661317230018 41.909091248043)
30,TRAFFIC SIGNAL,FUNCTIONING PROPERLY,CLEAR,DARKNESS,SIDESWIPE SAME DIRECTION,DIVIDED - W/MEDIAN (NOT RAISED),STRAIGHT AND LEVEL,DRY,NO DEFECTS,NOT ON SCENE (DESK REPORT),NO INJURY / DRIVE AWAY,Y,,$500 OR LESS,12/03/2017 09:25:00 PM,FOLLOWING TOO CLOSELY,UNABLE TO DETERMINE,239,W,63RD ST,722,2,NO INDICATION OF INJURY,0,0,0,0,0,3,0,21,1,12,41.779853803,-87.631809648,POINT (-87.631809647996 41.779853802992)
35,NO CONTROLS,NO CONTROLS,RAIN,DAYLIGHT,PEDALCYCLIST,NOT DIVIDED,STRAIGHT AND LEVEL,WET,NO DEFECTS,ON SCENE,INJURY AND / OR TOW DUE TO CRASH,,,$500 OR LESS,10/28/2021 03:54:00 PM,UNABLE TO DETERMINE,UNABLE TO DETERMINE,9502,S,BEVERLY AVE,2213,2,NONINCAPACITATING INJURY,1,0,0,1,0,2,0,15,5,10,,,
30,NO CONTROLS,NO CONTROLS,CLEAR,DAYLIGHT,PARKED MOTOR VEHICLE,DIVIDED - W/MEDIAN (NOT RAISED),STRAIGHT AND LEVEL,DRY,NO DEFECTS,NOT ON SCENE (DESK REPORT),NO INJURY / DRIVE AWAY,,,$500 OR LESS,10/17/2017 03:25:00 PM,UNABLE TO DETERMINE,NOT APPLICABLE,5910,W,WASHINGTON BLVD,1512,2,NO INDICATION OF INJURY,0,0,0,0,0,3,0,14,3,10,41.882250367,-87.7723612,POINT (-87.772361200048 41.882250366972)
30,NO CONTROLS,NO CONTROLS,CLEAR,DAYLIGHT,SIDESWIPE SAME DIRECTION,DIVIDED - W/MEDIAN (NOT RAISED),STRAIGHT AND LEVEL,DRY,NO DEFECTS,NOT ON SCENE (DESK REPORT),NO INJURY / DRIVE AWAY,N,,"OVER $1,500",08/08/2019 04:08:00 PM,UNABLE TO DETERMINE,IMPROPER LANE USAGE,3330,W,CHICAGO AVE,1121,2,NO INDICATION OF INJURY,0,0,0,0,0,2,0,15,5,8,41.895627547,-87.710202502,POINT (-87.710202501959 41.895627546974)
30,NO CONTROLS,NO CONTROLS,CLEAR,DAYLIGHT,PARKED MOTOR VEHICLE,NOT DIVIDED,STRAIGHT AND LEVEL,DRY,NO DEFECTS,ON SCENE,INJURY AND / OR TOW DUE TO CRASH,,Y,"OVER $1,500",01/25/2021 12:22:00 PM,UNDER THE INFLUENCE OF ALCOHOL/DRUGS (USE WHEN ARREST IS EFFECTED),UNDER THE INFLUENCE OF ALCOHOL/DRUGS (USE WHEN ARREST IS EFFECTED),4531,N,BROADWAY,1914,2,NO INDICATION OF INJURY,0,0,0,0,0,2,0,12,2,1,41.964541591,-87.656762551,POINT (-87.65676255096 41.964541590956)
30,TRAFFIC SIGNAL,FUNCTIONING PROPERLY,CLEAR,DAYLIGHT,SIDESWIPE SAME DIRECTION,NOT DIVIDED,STRAIGHT AND LEVEL,DRY,NO DEFECTS,NOT ON SCENE (DESK REPORT),NO INJURY / DRIVE AWAY,Y,,"OVER $1,500",09/01/2019 07:15:00 PM,IMPROPER OVERTAKING/PASSING,UNABLE TO DETERMINE,4700,W,59TH ST,813,2,NO INDICATION OF INJURY,0,0,0,0,0,5,0,17,1,9,41.784385694,-87.740065946,POINT (-87.740065945952 41.784385693962)
10,NO CONTROLS,OTHER,CLOUDY/OVERCAST,"DARKNESS, LIGHTED ROAD",SIDESWIPE SAME DIRECTION,ONE-WAY,STRAIGHT AND LEVEL,WET,NO DEFECTS,ON SCENE,NO INJURY / DRIVE AWAY,,,"$501 - $1,500",02/09/2020 07:36:00 PM,FAILING TO YIELD RIGHT-OF-WAY,NOT APPLICABLE,1,W,TERMINAL ST,1651,2,NO INDICATION OF INJURY,0,0,0,0,0,2,0,19,1,2,,,
30,NO CONTROLS,UNKNOWN,CLEAR,"DARKNESS, LIGHTED ROAD",PARKED MOTOR VEHICLE,NOT DIVIDED,STRAIGHT AND LEVEL,DRY,NO DEFECTS,ON SCENE,INJURY AND / OR TOW DUE TO CRASH,,Y,"OVER $1,500",03/02/2019 01:45:00 AM,UNABLE TO DETERMINE,UNABLE TO DETERMINE,3542,W,CHICAGO AVE,1121,3,NO INDICATION OF INJURY,0,0,0,0,0,2,0,1,7,3,41.895578486,-87.715579397,POINT (-87.715579397022 41.895578486018)
30,NO CONTROLS,NO CONTROLS,CLEAR,DAYLIGHT,REAR END,NOT DIVIDED,STRAIGHT AND LEVEL,ICE,NO DEFECTS,NOT ON SCENE (DESK REPORT),NO INJURY / DRIVE AWAY,,,"OVER $1,500",12/14/2016 12:20:00 PM,FOLLOWING TOO CLOSELY,NOT APPLICABLE,3555,N,HARLEM AVE,1632,2,NO INDICATION OF INJURY,0,0,0,0,0,2,0,11,4,12,41.945064736,-87.806851953,POINT (-87.806851953014 41.945064736015)
30,NO CONTROLS,NO CONTROLS,CLEAR,"DARKNESS, LIGHTED ROAD",FIXED OBJECT,DRIVEWAY,STRAIGHT AND LEVEL,DRY,NO DEFECTS,ON SCENE,NO INJURY / DRIVE AWAY,,,"OVER $1,500",07/12/2019 10:07:00 PM,UNDER THE INFLUENCE OF ALCOHOL/DRUGS (USE WHEN ARREST IS EFFECTED),NOT APPLICABLE,315,E,130TH ST,533,1,NO INDICATION OF INJURY,0,0,0,0,0,2,0,22,6,7,41.659003412,-87.614901778,POINT (-87.614901777985 41.659003411956)
25,NO CONTROLS,NO CONTROLS,CLEAR,"DARKNESS, LIGHTED ROAD",PARKED MOTOR VEHICLE,ONE-WAY,STRAIGHT AND LEVEL,DRY,NO DEFECTS,NOT ON SCENE (DESK REPORT),NO INJURY / DRIVE AWAY,,Y,"OVER $1,500",06/19/2022 09:00:00 AM,IMPROPER OVERTAKING/PASSING,DRIVING SKILLS/KNOWLEDGE/EXPERIENCE,3,W,TERMINAL ST,1653,2,NO INDICATION OF INJURY,0,0,0,0,0,1,0,0,4,6,,,
25,TRAFFIC SIGNAL,FUNCTIONING PROPERLY,CLEAR,DAYLIGHT,REAR END,ONE-WAY,STRAIGHT AND LEVEL,DRY,NO DEFECTS,NOT ON SCENE (DESK REPORT),NO INJURY / DRIVE AWAY,Y,,"OVER $1,500",05/27/2023 08:00:00 PM,FOLLOWING TOO CLOSELY,FOLLOWING TOO CLOSELY,4659,S,WELLS ST,925,2,NO INDICATION OF INJURY,0,0,0,0,0,2,0,11,7,5,,,
30,TRAFFIC SIGNAL,FUNCTIONING PROPERLY,CLEAR,DAYLIGHT,REAR END,DIVIDED - W/MEDIAN (NOT RAISED),STRAIGHT AND LEVEL,DRY,NO DEFECTS,NOT ON SCENE (DESK REPORT),INJURY AND / OR TOW DUE TO CRASH,Y,,"$501 - $1,500",06/14/2021 09:50:00 PM,UNABLE TO DETERMINE,UNABLE TO DETERMINE,6401,W,ADDISON ST,1632,2,"REPORTED, NOT EVIDENT",1,0,0,0,1,3,0,15,2,6,41.945552923,-87.786368212,POINT (-87.786368212009 41.945552922959)
30,NO CONTROLS,NO CONTROLS,CLOUDY/OVERCAST,DARKNESS,FIXED OBJECT,ONE-WAY,STRAIGHT AND LEVEL,DRY,NO DEFECTS,ON SCENE,NO INJURY / DRIVE AWAY,,,"OVER $1,500",04/10/2019 07:30:00 PM,UNABLE TO DETERMINE,UNABLE TO DETERMINE,8537,S,ESCANABA AVE,423,1,NO INDICATION OF INJURY,0,0,0,0,0,1,0,19,4,4,41.739882555,-87.553759062,POINT (-87.553759062011 41.73988255496)
30,STOP SIGN/FLASHER,FUNCTIONING PROPERLY,CLEAR,DAYLIGHT,ANGLE,DIVIDED - W/MEDIAN BARRIER,CURVE ON GRADE,DRY,NO DEFECTS,ON SCENE,INJURY AND / OR TOW DUE TO CRASH,,,"OVER $1,500",06/27/2022 07:34:00 PM,FAILING TO YIELD RIGHT-OF-WAY,NOT APPLICABLE,1,W,HELIPAD ST,1654,2,"REPORTED, NOT EVIDENT",1,0,0,0,1,1,0,19,2,6,,,
30,TRAFFIC SIGNAL,FUNCTIONING PROPERLY,CLEAR,DAYLIGHT,SIDESWIPE SAME DIRECTION,NOT DIVIDED,STRAIGHT AND LEVEL,DRY,NO DEFECTS,NOT ON SCENE (DESK REPORT),NO INJURY / DRIVE AWAY,Y,,"OVER $1,500",06/12/2021 03:45:00 PM,UNABLE TO DETERMINE,UNABLE TO DETERMINE,349,N,LOWER COLUMBUS DR,114,2,NO INDICATION OF INJURY,0,0,0,0,0,2,0,15,7,6,,,
30,TRAFFIC SIGNAL,FUNCTIONING PROPERLY,CLEAR,DAYLIGHT,FIXED OBJECT,OTHER,STRAIGHT AND LEVEL,DRY,NO DEFECTS,ON SCENE,INJURY AND / OR TOW DUE TO CRASH,,,"OVER $1,500",11/05/2018 07:45:00 AM,UNABLE TO DETERMINE,UNABLE TO DETERMINE,501,S,SACRAMENTO BLVD,1135,1,NO INDICATION OF INJURY,0,0,0,0,0,1,0,7,2,11,,,
35,TRAFFIC SIGNAL,FUNCTIONING PROPERLY,CLEAR,"DARKNESS, LIGHTED ROAD",REAR END,DIVIDED - W/MEDIAN (NOT RAISED),STRAIGHT AND LEVEL,DRY,NO DEFECTS,ON SCENE,NO INJURY / DRIVE AWAY,Y,,"OVER $1,500",11/08/2016 07:10:00 PM,DISREGARDING TRAFFIC SIGNALS,UNABLE TO DETERMINE,2599,W,PETERSON AVE,2011,2,NO INDICATION OF INJURY,0,0,0,0,0,3,0,18,3,11,41.990361416,-87.694471537,POINT (-87.694471536961 41.990361416049)
30,NO CONTROLS,NO CONTROLS,CLEAR,DAYLIGHT,SIDESWIPE SAME DIRECTION,DIVIDED - W/MEDIAN (NOT RAISED),STRAIGHT AND LEVEL,DRY,NO DEFECTS,NOT ON SCENE (DESK REPORT),NO INJURY / DRIVE AWAY,,,"OVER $1,500",08/12/2019 01:30:00 PM,UNABLE TO DETERMINE,UNABLE TO DETERMINE,13000,S,STONY ISLAND AVE,434,2,NO INDICATION OF INJURY,0,0,0,0,0,2,0,12,2,8,,,
10,NO CONTROLS,NO CONTROLS,CLEAR,DAYLIGHT,ANGLE,PARKING LOT,STRAIGHT AND LEVEL,DRY,NO DEFECTS,ON SCENE,NO INJURY / DRIVE AWAY,,,"OVER $1,500",02/27/2020 03:20:00 PM,FAILING TO REDUCE SPEED TO AVOID CRASH,UNABLE TO DETERMINE,25,N,BESSIE COLEMAN DR,1654,2,NO INDICATION OF INJURY,0,0,0,0,0,2,0,15,5,2,,,
30,NO CONTROLS,NO CONTROLS,UNKNOWN,DAYLIGHT,PARKED MOTOR VEHICLE,ONE-WAY,STRAIGHT AND LEVEL,UNKNOWN,UNKNOWN,NOT ON SCENE (DESK REPORT),NO INJURY / DRIVE AWAY,,Y,"$501 - $1,500",04/03/2018 02:35:00 PM,UNABLE TO DETERMINE,UNABLE TO DETERMINE,5350,N,RUTHERFORD AVE,1613,2,NO INDICATION OF INJURY,0,0,0,0,0,1,0,11,1,4,,,
30,NO CONTROLS,NO CONTROLS,CLEAR,"DARKNESS, LIGHTED ROAD",SIDESWIPE SAME DIRECTION,NOT DIVIDED,STRAIGHT AND LEVEL,DRY,NO DEFECTS,NOT ON SCENE (DESK REPORT),NO INJURY / DRIVE AWAY,,,"OVER $1,500",12/19/2019 06:45:00 PM,FAILING TO YIELD RIGHT-OF-WAY,NOT APPLICABLE,5630,N,MILWAUKEE AVE,1622,2,NO INDICATION OF INJURY,0,0,0,0,0,2,0,17,4,12,41.983815182,-87.775349867,POINT (-87.775349867038 41.983815182028)
30,STOP SIGN/FLASHER,FUNCTIONING PROPERLY,CLEAR,DAYLIGHT,SIDESWIPE SAME DIRECTION,DIVIDED - W/MEDIAN (NOT RAISED),STRAIGHT AND LEVEL,DRY,NO DEFECTS,NOT ON SCENE (DESK REPORT),NO INJURY / DRIVE AWAY,,,"$501 - $1,500",04/21/2023 06:22:00 PM,IMPROPER LANE USAGE,NOT APPLICABLE,3607,W,FULLERTON AVE,2525,2,NO INDICATION OF INJURY,0,0,0,0,0,2,0,7,6,4,41.924490094,-87.717288131,POINT (-87.717288130979 41.924490093998)
30,TRAFFIC SIGNAL,NOT FUNCTIONING,CLEAR,"DARKNESS, LIGHTED ROAD",ANGLE,T-INTERSECTION,STRAIGHT AND LEVEL,DRY,UNKNOWN,ON SCENE,INJURY AND / OR TOW DUE TO CRASH,Y,,"OVER $1,500",07/25/2022 12:20:00 AM,FAILING TO YIELD RIGHT-OF-WAY,DISREGARDING TRAFFIC SIGNALS,5500,S,WENTWORTH AVE,225,2,NONINCAPACITATING INJURY,1,0,0,1,0,1,0,0,2,7,,,
30,NO CONTROLS,NO CONTROLS,CLEAR,"DARKNESS, LIGHTED ROAD",FIXED OBJECT,DIVIDED - W/MEDIAN BARRIER,STRAIGHT AND LEVEL,DRY,NO DEFECTS,NOT ON SCENE (DESK REPORT),INJURY AND / OR TOW DUE TO CRASH,,,"OVER $1,500",10/01/2021 09:00:00 AM,UNABLE TO DETERMINE,UNABLE TO DETERMINE,6535,S,STONY ISLAND AVE,331,1,INCAPACITATING INJURY,1,0,1,0,0,0,0,22,1,9,41.775981135,-87.586149007,POINT (-87.586149007038 41.775981134986)
30,NO CONTROLS,NO CONTROLS,CLEAR,DAYLIGHT,REAR END,NOT DIVIDED,STRAIGHT AND LEVEL,UNKNOWN,UNKNOWN,NOT ON SCENE (DESK REPORT),NO INJURY / DRIVE AWAY,,,$500 OR LESS,09/20/2018 02:12:00 PM,FOLLOWING TOO CLOSELY,FOLLOWING TOO CLOSELY,2600,W,IRVING PARK RD,1911,2,NO INDICATION OF INJURY,0,0,0,0,0,2,0,11,1,9,41.954105717,-87.693290369,POINT (-87.693290369008 41.954105716988)
30,NO CONTROLS,NO CONTROLS,CLEAR,DAYLIGHT,PARKED MOTOR VEHICLE,NOT DIVIDED,STRAIGHT AND LEVEL,DRY,NO DEFECTS,NOT ON SCENE (DESK REPORT),NO INJURY / DRIVE AWAY,,,"$501 - $1,500",02/26/2019 08:40:00 PM,NOT APPLICABLE,NOT APPLICABLE,5801,S,ELLIS AVE,235,2,NO INDICATION OF INJURY,0,0,0,0,0,3,0,15,3,2,41.789542093,-87.601115068,POINT (-87.601115067998 41.78954209303)
30,NO CONTROLS,NO CONTROLS,CLEAR,DAYLIGHT,PARKED MOTOR VEHICLE,ONE-WAY,STRAIGHT AND LEVEL,DRY,NO DEFECTS,NOT ON SCENE (DESK REPORT),NO INJURY / DRIVE AWAY,,Y,"$501 - $1,500",10/12/2017 02:00:00 PM,UNABLE TO DETERMINE,UNABLE TO DETERMINE,43,N,HOMAN BLVD,1123,2,NO INDICATION OF INJURY,0,0,0,0,0,1,0,15,4,10,41.882211292,-87.710898608,POINT (-87.710898608036 41.882211292041)