POSTED_SPEED_LIMIT,TRAFFIC_CONTROL_DEVICE,DEVICE_CONDITION,WEATHER_CONDITION,LIGHTING_CONDITION,FIRST_CRASH_TYPE,TRAFFICWAY_TYPE,ALIGNMENT,ROADWAY_SURFACE_COND,ROAD_DEFECT,REPORT_TYPE,CRASH_TYPE,INTERSECTION_RELATED_I,HIT_AND_RUN_I,DAMAGE,DATE_POLICE_NOTIFIED,PRIM_CONTRIBUTORY_CAUSE,SEC_CONTRIBUTORY_CAUSE,STREET_NO,STREET_DIRECTION,STREET_NAME,BEAT_OF_OCCURRENCE,NUM_UNITS,MOST_SEVERE_INJURY,INJURIES_TOTAL,INJURIES_FATAL,INJURIES_INCAPACITATING,INJURIES_NON_INCAPACITATING,INJURIES_REPORTED_NOT_EVIDENT,INJURIES_NO_INDICATION,INJURIES_UNKNOWN,CRASH_HOUR,CRASH_DAY_OF_WEEK,CRASH_MONTH,LATITUDE,LONGITUDE,LOCATION
30,NO CONTROLS,NO CONTROLS,CLEAR,DAYLIGHT,ANGLE,NOT DIVIDED,STRAIGHT AND LEVEL,DRY,NO DEFECTS,NOT ON SCENE (DESK REPORT),NO INJURY / DRIVE AWAY,,,"OVER $1,500",11/02/2017 03:13:00 PM,UNABLE TO DETERMINE,UNABLE TO DETERMINE,2351,E,93RD ST,413,2,NO INDICATION OF INJURY,0,0,0,0,0,2,0,15,5,11,41.726124591,-87.56609904,POINT (-87.566099040043 41.726124590973)
15,NO CONTROLS,NO CONTROLS,CLEAR,"DARKNESS, LIGHTED ROAD",ANGLE,PARKING LOT,STRAIGHT AND LEVEL,DRY,NO DEFECTS,ON SCENE,INJURY AND / OR TOW DUE TO CRASH,,,"OVER $1,500",05/27/2023 08:34:00 PM,UNABLE TO DETERMINE,NOT APPLICABLE,6259,S,LAKE SHORE DR,331,2,NONINCAPACITATING INJURY,1,0,0,1,0,2,0,20,7,5,,,
30,NO CONTROLS,NO CONTROLS,CLEAR,"DARKNESS, LIGHTED ROAD",ANGLE,NOT DIVIDED,STRAIGHT AND LEVEL,UNKNOWN,UNKNOWN,NOT ON SCENE (DESK REPORT),INJURY AND / OR TOW DUE TO CRASH,,Y,"OVER $1,500",12/12/2021 01:30:00 AM,UNABLE TO DETERMINE,NOT APPLICABLE,1632,E,67TH ST,331,3,NONINCAPACITATING INJURY,2,0,0,1,1,1,0,1,1,12,41.773455972,-87.585022352,POINT (-87.585022352022 41.773455972008)
20,NO CONTROLS,NO CONTROLS,UNKNOWN,UNKNOWN,PARKED MOTOR VEHICLE,ONE-WAY,STRAIGHT ON GRADE,DRY,NO DEFECTS,NOT ON SCENE (DESK REPORT),NO INJURY / DRIVE AWAY,,Y,"$501 - $1,500",10/06/2021 06:38:00 PM,UNABLE TO DETERMINE,UNABLE TO DETERMINE,4335,S,MOZART ST,922,2,NO INDICATION OF INJURY,0,0,0,0,0,1,0,9,4,10,41.814479352,-87.695475672,POINT (-87.695475671994 41.814479351973)
30,TRAFFIC SIGNAL,FUNCTIONING PROPERLY,CLOUDY/OVERCAST,DAYLIGHT,TURNING,T-INTERSECTION,STRAIGHT AND LEVEL,WET,NO DEFECTS,NOT ON SCENE (DESK REPORT),NO INJURY / DRIVE AWAY,Y,,"$501 - $1,500",03/16/2020 03:25:00 PM,IMPROPER TURNING/NO SIGNAL,NOT APPLICABLE,524,W,OHARE ST,1654,2,NO INDICATION OF INJURY,0,0,0,0,0,2,0,15,2,3,,,
35,NO CONTROLS,NO CONTROLS,CLEAR,DAYLIGHT,SIDESWIPE SAME DIRECTION,DIVIDED - W/MEDIAN BARRIER,CURVE ON GRADE,DRY,NO DEFECTS,ON SCENE,NO INJURY / DRIVE AWAY,,,"OVER $1,500",01/09/2022 12:41:00 PM,UNABLE TO DETERMINE,UNABLE TO DETERMINE,5401,S,CICERO AVE,815,2,NO INDICATION OF INJURY,0,0,0,0,0,3,0,12,1,1,41.794602529,-87.742607215,POINT (-87.742607214988 41.794602528951)
30,NO CONTROLS,NO CONTROLS,CLEAR,DAYLIGHT,SIDESWIPE OPPOSITE DIRECTION,NOT DIVIDED,STRAIGHT AND LEVEL,DRY,NO DEFECTS,ON SCENE,INJURY AND / OR TOW DUE TO CRASH,,,$500 OR LESS,04/30/2018 11:25:00 AM,IMPROPER LANE USAGE,NOT APPLICABLE,3300,N,BROADWAY,1925,2,NONINCAPACITATING INJURY,1,0,0,1,0,1,0,11,2,4,41.941883022,-87.644605003,POINT (-87.644605003003 41.941883022027)
20,NO CONTROLS,NO CONTROLS,CLEAR,"DARKNESS, LIGHTED ROAD",PARKED MOTOR VEHICLE,PARKING LOT,STRAIGHT AND LEVEL,DRY,NO DEFECTS,ON SCENE,NO INJURY / DRIVE AWAY,,,"OVER $1,500",01/28/2020 11:30:00 AM,IMPROPER TURNING/NO SIGNAL,DRIVING SKILLS/KNOWLEDGE/EXPERIENCE,1,W,PARKING LOT G ST,1654,3,NO INDICATION OF INJURY,0,0,0,0,0,1,0,0,3,1,,,
30,UNKNOWN,UNKNOWN,CLEAR,"DARKNESS, LIGHTED ROAD",OTHER OBJECT,NOT DIVIDED,STRAIGHT AND LEVEL,DRY,NO DEFECTS,NOT ON SCENE (DESK REPORT),NO INJURY / DRIVE AWAY,N,,"OVER $1,500",07/24/2019 05:15:00 PM,NOT APPLICABLE,NOT APPLICABLE,1100,W,DIVISION ST,1822,1,NO INDICATION OF INJURY,0,0,0,0,0,1,0,22,2,7,41.903639931,-87.65554697,POINT (-87.655546970003 41.903639930952)
35,OTHER REG. SIGN,FUNCTIONING PROPERLY,CLOUDY/OVERCAST,DAYLIGHT,REAR TO FRONT,DIVIDED - W/MEDIAN BARRIER,"CURVE, LEVEL",DRY,NO DEFECTS,ON SCENE,NO INJURY / DRIVE AWAY,,,"OVER $1,500",08/07/2022 06:01:00 AM,IMPROPER BACKING,DISREGARDING OTHER TRAFFIC SIGNS,8701,S,CHICAGO SKYWAY IB,412,2,NO INDICATION OF INJURY,0,0,0,0,0,8,0,6,1,8,,,
20,NO CONTROLS,NO CONTROLS,CLEAR,DAWN,REAR END,ONE-WAY,STRAIGHT AND LEVEL,DRY,NO DEFECTS,ON SCENE,NO INJURY / DRIVE AWAY,,,"OVER $1,500",05/17/2019 06:11:00 AM,FOLLOWING TOO CLOSELY,DRIVING SKILLS/KNOWLEDGE/EXPERIENCE,2,W,TERMINAL ST,1652,2,NO INDICATION OF INJURY,0,0,0,0,0,2,0,6,6,5,,,
10,NO CONTROLS,NO CONTROLS,CLEAR,DAYLIGHT,REAR TO REAR,PARKING LOT,STRAIGHT AND LEVEL,DRY,NO DEFECTS,NOT ON SCENE (DESK REPORT),NO INJURY / DRIVE AWAY,,,"OVER $1,500",08/25/2021 01:10:00 PM,UNABLE TO DETERMINE,UNABLE TO DETERMINE,1220,S,WABASH AVE,131,2,NO INDICATION OF INJURY,0,0,0,0,0,2,0,12,4,8,41.86682801,-87.625963269,POINT (-87.62596326902 41.866828010004)
35,TRAFFIC SIGNAL,UNKNOWN,CLEAR,"DARKNESS, LIGHTED ROAD",ANGLE,NOT DIVIDED,STRAIGHT AND LEVEL,UNKNOWN,UNKNOWN,ON SCENE,INJURY AND / OR TOW DUE TO CRASH,Y,,"OVER $1,500",04/23/2022 08:47:00 PM,NOT APPLICABLE,NOT APPLICABLE,4200,W,16TH ST,1012,2,NONINCAPACITATING INJURY,2,0,0,1,1,1,0,20,7,4,41.858908833,-87.729904272,POINT (-87.729904271964 41.85890883299)
15,NO CONTROLS,NO CONTROLS,CLEAR,DAYLIGHT,REAR END,PARKING LOT,STRAIGHT AND LEVEL,DRY,NO DEFECTS,NOT ON SCENE (DESK REPORT),NO INJURY / DRIVE AWAY,,Y,"OVER $1,500",04/03/2020 09:40:00 AM,UNABLE TO DETERMINE,NOT APPLICABLE,1951,N,WESTERN AVE,1434,2,NO INDICATION OF INJURY,0,0,0,0,0,2,0,9,6,4,41.917103631,-87.687248767,POINT (-87.687248767006 41.917103631009)
30,NO CONTROLS,NO CONTROLS,CLEAR,"DARKNESS, LIGHTED ROAD",TURNING,OTHER,STRAIGHT AND LEVEL,DRY,NO DEFECTS,NOT ON SCENE (DESK REPORT),NO INJURY / DRIVE AWAY,,,"OVER $1,500",11/20/2017 07:15:00 PM,IMPROPER LANE USAGE,DRIVING SKILLS/KNOWLEDGE/EXPERIENCE,5500,S,WENTWORTH AVE,225,2,NO INDICATION OF INJURY,0,0,0,0,0,2,0,18,2,11,,,
30,NO CONTROLS,FUNCTIONING PROPERLY,CLEAR,DAYLIGHT,SIDESWIPE SAME DIRECTION,NOT DIVIDED,STRAIGHT AND LEVEL,DRY,NO DEFECTS,NOT ON SCENE (DESK REPORT),NO INJURY / DRIVE AWAY,,,"$501 - $1,500",09/11/2021 12:30:00 PM,FAILING TO YIELD RIGHT-OF-WAY,IMPROPER OVERTAKING/PASSING,5700,S,WENTWORTH AVE,232,2,NO INDICATION OF INJURY,0,0,0,0,0,2,0,14,6,9,,,
20,NO CONTROLS,NO CONTROLS,CLEAR,"DARKNESS, LIGHTED ROAD",FIXED OBJECT,ONE-WAY,CURVE ON GRADE,DRY,NO DEFECTS,ON SCENE,INJURY AND / OR TOW DUE TO CRASH,,,"OVER $1,500",04/16/2019 05:15:00 AM,EXCEEDING AUTHORIZED SPEED LIMIT,PHYSICAL CONDITION OF DRIVER,190,W,OHARE ST,1652,1,NO INDICATION OF INJURY,0,0,0,0,0,1,0,4,3,4,,,
20,NO CONTROLS,NO CONTROLS,CLEAR,"DARKNESS, LIGHTED ROAD",SIDESWIPE SAME DIRECTION,OTHER,STRAIGHT AND LEVEL,DRY,NO DEFECTS,ON SCENE,NO INJURY / DRIVE AWAY,,,"$501 - $1,500",08/03/2021 09:05:00 PM,IMPROPER TURNING/NO SIGNAL,IMPROPER TURNING/NO SIGNAL,1,W,TERMINAL ST,1651,2,NO INDICATION OF INJURY,0,0,0,0,0,2,0,21,3,8,,,
30,TRAFFIC SIGNAL,FUNCTIONING PROPERLY,CLEAR,"DARKNESS, LIGHTED ROAD",TURNING,DIVIDED - W/MEDIAN (NOT RAISED),STRAIGHT AND LEVEL,DRY,NO DEFECTS,ON SCENE,INJURY AND / OR TOW DUE TO CRASH,Y,Y,"OVER $1,500",08/14/2022 01:42:00 AM,UNABLE TO DETERMINE,NOT APPLICABLE,4700,W,59TH ST,813,2,NO INDICATION OF INJURY,0,0,0,0,0,4,0,1,1,8,41.784385694,-87.740065946,POINT (-87.740065945952 41.784385693962)
25,UNKNOWN,UNKNOWN,UNKNOWN,DAYLIGHT,REAR END,NOT DIVIDED,STRAIGHT AND LEVEL,UNKNOWN,UNKNOWN,NOT ON SCENE (DESK REPORT),NO INJURY / DRIVE AWAY,,Y,"OVER $1,500",03/14/2022 03:10:00 PM,UNABLE TO DETERMINE,UNABLE TO DETERMINE,5109,W,FULLERTON AVE,2522,2,NO INDICATION OF INJURY,0,0,0,0,0,2,0,16,7,3,41.924025937,-87.754108923,POINT (-87.754108923036 41.924025936998)
30,TRAFFIC SIGNAL,FUNCTIONING PROPERLY,RAIN,DAYLIGHT,ANGLE,FOUR WAY,STRAIGHT AND LEVEL,WET,NO DEFECTS,ON SCENE,INJURY AND / OR TOW DUE TO CRASH,Y,,"OVER $1,500",01/16/2023 02:14:00 PM,FAILING TO YIELD RIGHT-OF-WAY,NOT APPLICABLE,7458,S,LAFAYETTE AVE,731,2,NONINCAPACITATING INJURY,1,0,0,1,0,1,0,14,2,1,41.758245505,-87.626521907,POINT (-87.626521907009 41.758245504966)
30,NO CONTROLS,NO CONTROLS,CLEAR,DAYLIGHT,SIDESWIPE SAME DIRECTION,DIVIDED - W/MEDIAN BARRIER,STRAIGHT AND LEVEL,DRY,NO DEFECTS,NOT ON SCENE (DESK REPORT),NO INJURY / DRIVE AWAY,,,"$501 - $1,500",05/27/2017 07:00:00 PM,IMPROPER LANE USAGE,UNABLE TO DETERMINE,6299,S,LAKE SHORE DR,331,2,NO INDICATION OF INJURY,0,0,0,0,0,2,0,18,7,5,,,
30,STOP SIGN/FLASHER,FUNCTIONING PROPERLY,CLEAR,"DARKNESS, LIGHTED ROAD",ANGLE,FOUR WAY,STRAIGHT AND LEVEL,DRY,NO DEFECTS,ON SCENE,INJURY AND / OR TOW DUE TO CRASH,Y,Y,"OVER $1,500",02/15/2023 06:49:00 PM,FAILING TO YIELD RIGHT-OF-WAY,UNABLE TO DETERMINE,5900,S,ALBANY AVE,824,2,NO INDICATION OF INJURY,0,0,0,0,0,2,0,18,4,2,41.786192939,-87.701055579,POINT (-87.70105557902 41.786192938996)
10,NO CONTROLS,NO CONTROLS,CLEAR,"DARKNESS, LIGHTED ROAD",PARKED MOTOR VEHICLE,PARKING LOT,STRAIGHT AND LEVEL,DRY,NO DEFECTS,NOT ON SCENE (DESK REPORT),NO INJURY / DRIVE AWAY,,Y,"OVER $1,500",03/09/2021 04:30:00 PM,UNABLE TO DETERMINE,UNABLE TO DETERMINE,1220,S,WABASH AVE,131,2,NO INDICATION OF INJURY,0,0,0,0,0,1,0,18,4,2,41.86682801,-87.625963269,POINT (-87.62596326902 41.866828010004)
30,NO CONTROLS,NO CONTROLS,CLEAR,DUSK,SIDESWIPE SAME DIRECTION,NOT DIVIDED,STRAIGHT AND LEVEL,DRY,NO DEFECTS,NOT ON SCENE (DESK REPORT),NO INJURY / DRIVE AWAY,,Y,"$501 - $1,500",02/10/2022 04:00:00 PM,FAILING TO YIELD RIGHT-OF-WAY,NOT APPLICABLE,4011,W,ARMITAGE AVE,2534,2,NO INDICATION OF INJURY,0,0,0,0,0,3,0,17,4,2,41.917049819,-87.727076061,POINT (-87.727076061047 41.917049818976)
20,NO CONTROLS,NO CONTROLS,RAIN,DAYLIGHT,FIXED OBJECT,NOT DIVIDED,STRAIGHT AND LEVEL,WET,NO DEFECTS,ON SCENE,NO INJURY / DRIVE AWAY,,,"$501 - $1,500",05/09/2021 07:17:00 AM,UNABLE TO DETERMINE,NOT APPLICABLE,1,W,PARKING LOT D ST,1654,1,NO INDICATION OF INJURY,0,0,0,0,0,1,0,7,1,5,,,
30,NO CONTROLS,NO CONTROLS,CLEAR,DAYLIGHT,PEDALCYCLIST,NOT DIVIDED,STRAIGHT AND LEVEL,DRY,NO DEFECTS,NOT ON SCENE (DESK REPORT),NO INJURY / DRIVE AWAY,,,$500 OR LESS,07/03/2018 08:17:00 PM,UNABLE TO DETERMINE,UNABLE TO DETERMINE,3413,N,BROADWAY,1925,2,NO INDICATION OF INJURY,0,0,0,0,0,2,0,18,3,7,41.94375169,-87.644915824,POINT (-87.644915824017 41.943751690028)
30,TRAFFIC SIGNAL,FUNCTIONING PROPERLY,CLEAR,DAYLIGHT,SIDESWIPE SAME DIRECTION,NOT DIVIDED,STRAIGHT AND LEVEL,DRY,NO DEFECTS,NOT ON SCENE (DESK REPORT),NO INJURY / DRIVE AWAY,,,"OVER $1,500",09/04/2019 07:53:00 AM,IMPROPER OVERTAKING/PASSING,UNABLE TO DETERMINE,2401,W,ROOSEVELT RD,1023,2,NO INDICATION OF INJURY,0,0,0,0,0,2,0,7,4,9,41.866501191,-87.686157599,POINT (-87.686157599021 41.866501191036)
20,NO CONTROLS,NO CONTROLS,CLEAR,DAYLIGHT,OTHER OBJECT,ONE-WAY,STRAIGHT AND LEVEL,DRY,NO DEFECTS,ON SCENE,NO INJURY / DRIVE AWAY,,,"$501 - $1,500",01/05/2019 01:40:00 PM,UNABLE TO DETERMINE,NOT APPLICABLE,6346,N,LEADER AVE,1621,1,NO INDICATION OF INJURY,0,0,0,0,0,1,0,13,7,1,41.995942204,-87.751127598,POINT (-87.751127598024 41.995942204018)
30,STOP SIGN/FLASHER,FUNCTIONING PROPERLY,RAIN,DAYLIGHT,REAR END,NOT DIVIDED,STRAIGHT AND LEVEL,WET,NO DEFECTS,ON SCENE,NO INJURY / DRIVE AWAY,,,$500 OR LESS,11/30/2019 09:05:00 AM,UNABLE TO DETERMINE,NOT APPLICABLE,400,S,LARAMIE AVE,1522,2,NO INDICATION OF INJURY,0,0,0,0,0,2,0,8,7,11,41.87479856,-87.755004029,POINT (-87.755004029038 41.874798560005)
20,NO CONTROLS,NO CONTROLS,CLEAR,DAYLIGHT,PARKED MOTOR VEHICLE,ALLEY,STRAIGHT AND LEVEL,DRY,NO DEFECTS,ON SCENE,NO INJURY / DRIVE AWAY,,,"OVER $1,500",06/13/2021 11:15:00 AM,IMPROPER BACKING,DRIVING SKILLS/KNOWLEDGE/EXPERIENCE,3555,W,SUNNYSIDE AVE,1723,2,NO INDICATION OF INJURY,0,0,0,0,0,1,0,11,1,6,41.962782731,-87.717865336,POINT (-87.717865336044 41.962782731047)
30,UNKNOWN,UNKNOWN,UNKNOWN,UNKNOWN,REAR END,UNKNOWN,STRAIGHT AND LEVEL,UNKNOWN,UNKNOWN,NOT ON SCENE (DESK REPORT),NO INJURY / DRIVE AWAY,,,"OVER $1,500",06/02/2018 03:55:00 PM,UNABLE TO DETERMINE,NOT APPLICABLE,3,W,TERMINAL ST,1653,2,NO INDICATION OF INJURY,0,0,0,0,0,3,0,6,6,6,,,
20,NO CONTROLS,NO CONTROLS,CLEAR,DAYLIGHT,SIDESWIPE SAME DIRECTION,ONE-WAY,STRAIGHT AND LEVEL,DRY,NO DEFECTS,ON SCENE,NO INJURY / DRIVE AWAY,,,"$501 - $1,500",01/17/2022 10:10:00 AM,FAILING TO YIELD RIGHT-OF-WAY,FAILING TO YIELD RIGHT-OF-WAY,1,W,TERMINAL ST,1651,2,NO INDICATION OF INJURY,0,0,0,0,0,2,0,10,2,1,,,
35,OTHER,NO CONTROLS,CLEAR,DARKNESS,HEAD ON,ONE-WAY,STRAIGHT AND LEVEL,WET,NO DEFECTS,ON SCENE,INJURY AND / OR TOW DUE TO CRASH,,,"OVER $1,500",03/10/2023 09:51:00 PM,DRIVING ON WRONG SIDE/WRONG WAY,DRIVING ON WRONG SIDE/WRONG WAY,10500,S,CHICAGO SKYWAY OB,432,2,NONINCAPACITATING INJURY,3,0,0,1,2,0,0,21,6,3,,,
30,TRAFFIC SIGNAL,FUNCTIONING PROPERLY,CLEAR,DAYLIGHT,TURNING,NOT DIVIDED,STRAIGHT AND LEVEL,WET,NO DEFECTS,ON SCENE,NO INJURY / DRIVE AWAY,Y,Y,"OVER $1,500",06/25/2021 03:34:00 PM,IMPROPER TURNING/NO SIGNAL,FAILING TO YIELD RIGHT-OF-WAY,598,N,COLUMBUS DR,1834,2,NO INDICATION OF INJURY,0,0,0,0,0,3,0,15,6,6,,,
30,NO CONTROLS,NO CONTROLS,CLEAR,UNKNOWN,ANGLE,OTHER,STRAIGHT AND LEVEL,DRY,NO DEFECTS,NOT ON SCENE (DESK REPORT),NO INJURY / DRIVE AWAY,,,"OVER $1,500",01/11/2018 10:55:00 AM,DRIVING SKILLS/KNOWLEDGE/EXPERIENCE,UNABLE TO DETERMINE,2909,S,MILLARD AVE,1032,2,NO INDICATION OF INJURY,0,0,0,0,0,2,0,16,2,1,,,
35,NO CONTROLS,NO CONTROLS,CLEAR,DAYLIGHT,SIDESWIPE SAME DIRECTION,NOT DIVIDED,STRAIGHT AND LEVEL,DRY,NO DEFECTS,ON SCENE,NO INJURY / DRIVE AWAY,,,"OVER $1,500",07/01/2021 05:42:00 PM,UNABLE TO DETERMINE,NOT APPLICABLE,7198,W,ARCHER AVE,811,2,NO INDICATION OF INJURY,0,0,0,0,0,2,0,17,5,7,,,
30,NO CONTROLS,NO CONTROLS,CLEAR,DAYLIGHT,PEDALCYCLIST,ONE-WAY,STRAIGHT AND LEVEL,DRY,NO DEFECTS,NOT ON SCENE (DESK REPORT),INJURY AND / OR TOW DUE TO CRASH,,,$500 OR LESS,06/13/2017 01:00:00 PM,UNABLE TO DETERMINE,UNABLE TO DETERMINE,1220,W,ARTHUR AVE,2432,2,"REPORTED, NOT EVIDENT",1,0,0,0,1,1,0,10,3,6,42.000538814,-87.661614359,POINT (-87.661614359046 42.000538814032)
20,NO CONTROLS,NO CONTROLS,CLEAR,DAYLIGHT,SIDESWIPE SAME DIRECTION,ONE-WAY,STRAIGHT AND LEVEL,DRY,NO DEFECTS,ON SCENE,INJURY AND / OR TOW DUE TO CRASH,,,"OVER $1,500",09/07/2020 01:30:00 PM,FAILING TO YIELD RIGHT-OF-WAY,FAILING TO YIELD RIGHT-OF-WAY,475,W,OHARE ST,1654,2,"REPORTED, NOT EVIDENT",1,0,0,0,1,2,0,13,2,9,,,
30,NO CONTROLS,NO CONTROLS,CLEAR,"DARKNESS, LIGHTED ROAD",ANGLE,NOT DIVIDED,STRAIGHT AND LEVEL,DRY,NO DEFECTS,NOT ON SCENE (DESK REPORT),NO INJURY / DRIVE AWAY,,Y,"OVER $1,500",01/02/2016 12:30:00 AM,IMPROPER TURNING/NO SIGNAL,IMPROPER TURNING/NO SIGNAL,360,W,LOWER WACKER DR,122,2,NO INDICATION OF INJURY,0,0,0,0,0,2,0,0,7,1,,,
30,UNKNOWN,UNKNOWN,UNKNOWN,"DARKNESS, LIGHTED ROAD",REAR END,UNKNOWN,STRAIGHT AND LEVEL,DRY,UNKNOWN,NOT ON SCENE (DESK REPORT),NO INJURY / DRIVE AWAY,,Y,"$501 - $1,500",11/30/2017 05:39:00 PM,IMPROPER BACKING,IMPROPER BACKING,3900,W,CHICAGO AVE,1112,2,NO INDICATION OF INJURY,0,0,0,0,0,2,0,16,5,11,41.895499511,-87.723699547,POINT (-87.723699546998 41.895499510995)
30,TRAFFIC SIGNAL,FUNCTIONING PROPERLY,CLEAR,"DARKNESS, LIGHTED ROAD",PEDESTRIAN,NOT DIVIDED,STRAIGHT AND LEVEL,DRY,UNKNOWN,ON SCENE,INJURY AND / OR TOW DUE TO CRASH,Y,,$500 OR LESS,06/02/2023 09:50:00 PM,FAILING TO YIELD RIGHT-OF-WAY,FAILING TO YIELD RIGHT-OF-WAY,799,N,FAIRBANKS CT,1833,2,NONINCAPACITATING INJURY,1,0,0,1,0,1,0,21,6,6,41.896737923,-87.620221354,POINT (-87.620221354034 41.896737923045)
30,TRAFFIC SIGNAL,FUNCTIONING PROPERLY,CLEAR,"DARKNESS, LIGHTED ROAD",REAR END,Y-INTERSECTION,STRAIGHT AND LEVEL,DRY,NO DEFECTS,NOT ON SCENE (DESK REPORT),INJURY AND / OR TOW DUE TO CRASH,Y,,"OVER $1,500",09/15/2021 10:30:00 PM,"OPERATING VEHICLE IN ERRATIC, RECKLESS, CARELESS, NEGLIGENT OR AGGRESSIVE MANNER","OPERATING VEHICLE IN ERRATIC, RECKLESS, CARELESS, NEGLIGENT OR AGGRESSIVE MANNER",172,N,BESSIE COLEMAN DR,1654,2,NONINCAPACITATING INJURY,1,0,0,1,0,1,0,18,4,9,,,
30,NO CONTROLS,NO CONTROLS,CLEAR,DAYLIGHT,PARKED MOTOR VEHICLE,DIVIDED - W/MEDIAN BARRIER,STRAIGHT AND LEVEL,DRY,NO DEFECTS,ON SCENE,NO INJURY / DRIVE AWAY,,,"OVER $1,500",06/20/2023 09:33:00 AM,NOT APPLICABLE,NOT APPLICABLE,3711,W,79TH ST,834,2,NO INDICATION OF INJURY,0,0,0,0,0,4,0,9,3,6,41.749435388,-87.715038878,POINT (-87.715038878015 41.749435387996)
30,NO CONTROLS,NO CONTROLS,RAIN,"DARKNESS, LIGHTED ROAD",SIDESWIPE SAME DIRECTION,NOT DIVIDED,STRAIGHT AND LEVEL,WET,NO DEFECTS,NOT ON SCENE (DESK REPORT),NO INJURY / DRIVE AWAY,,,"OVER $1,500",01/24/2020 11:20:00 AM,UNABLE TO DETERMINE,UNABLE TO DETERMINE,2741,N,CLARK ST,1935,2,NO INDICATION OF INJURY,0,0,0,0,0,3,0,6,6,1,41.932458683,-87.644690381,POINT (-87.644690381015 41.932458682964)
25,NO CONTROLS,NO CONTROLS,RAIN,"DARKNESS, LIGHTED ROAD",SIDESWIPE SAME DIRECTION,ONE-WAY,STRAIGHT AND LEVEL,WET,NO DEFECTS,ON SCENE,NO INJURY / DRIVE AWAY,,,"OVER $1,500",09/11/2022 07:23:00 PM,DRIVING SKILLS/KNOWLEDGE/EXPERIENCE,UNABLE TO DETERMINE,2,W,TERMINAL ST,1652,2,NO INDICATION OF INJURY,0,0,0,0,0,2,0,19,1,9,,,
20,NO CONTROLS,NO CONTROLS,SNOW,DAYLIGHT,FIXED OBJECT,ONE-WAY,STRAIGHT AND LEVEL,WET,NO DEFECTS,ON SCENE,INJURY AND / OR TOW DUE TO CRASH,,,"OVER $1,500",01/25/2023 12:30:00 PM,UNABLE TO DETERMINE,UNABLE TO DETERMINE,3,W,TERMINAL ST,1653,1,NO INDICATION OF INJURY,0,0,0,0,0,2,0,12,4,1,,,
30,STOP SIGN/FLASHER,FUNCTIONING PROPERLY,CLEAR,DAYLIGHT,ANGLE,NOT DIVIDED,STRAIGHT AND LEVEL,DRY,UNKNOWN,ON SCENE,INJURY AND / OR TOW DUE TO CRASH,Y,,"OVER $1,500",09/01/2018 03:19:00 PM,FAILING TO YIELD RIGHT-OF-WAY,"VISION OBSCURED (SIGNS, TREE LIMBS, BUILDINGS, ETC.)",2523,S,CALIFORNIA AVE,1034,2,NO INDICATION OF INJURY,0,0,0,0,0,2,0,15,7,9,,,
10,NO CONTROLS,NO CONTROLS,CLEAR,"DARKNESS, LIGHTED ROAD",PARKED MOTOR VEHICLE,OTHER,STRAIGHT AND LEVEL,DRY,NO DEFECTS,ON SCENE,NO INJURY / DRIVE AWAY,,,"$501 - $1,500",03/08/2023 08:35:00 PM,NOT APPLICABLE,NOT APPLICABLE,412,W,OHARE ST,1654,2,NO INDICATION OF INJURY,0,0,0,0,0,1,0,20,4,3,,,
30,TRAFFIC SIGNAL,UNKNOWN,CLEAR,DARKNESS,ANGLE,UNKNOWN INTERSECTION TYPE,STRAIGHT AND LEVEL,DRY,UNKNOWN,NOT ON SCENE (DESK REPORT),NO INJURY / DRIVE AWAY,,,"$501 - $1,500",12/06/2021 07:00:00 AM,UNABLE TO DETERMINE,UNABLE TO DETERMINE,5500,S,WENTWORTH AVE,225,2,NO INDICATION OF INJURY,0,0,0,0,0,2,0,6,2,12,,,
15,OTHER,OTHER,CLEAR,DAYLIGHT,FIXED OBJECT,PARKING LOT,STRAIGHT AND LEVEL,DRY,OTHER,ON SCENE,NO INJURY / DRIVE AWAY,,,"OVER $1,500",02/20/2021 09:10:00 AM,UNABLE TO DETERMINE,NOT APPLICABLE,1,W,PARKING LOT A ST,1654,1,NO INDICATION OF INJURY,0,0,0,0,0,1,0,9,7,2,,,
25,STOP SIGN/FLASHER,FUNCTIONING PROPERLY,RAIN,"DARKNESS, LIGHTED ROAD",TURNING,NOT DIVIDED,STRAIGHT AND LEVEL,WET,NO DEFECTS,ON SCENE,NO INJURY / DRIVE AWAY,,,"$501 - $1,500",03/23/2022 01:35:00 AM,IMPROPER TURNING/NO SIGNAL,NOT APPLICABLE,1,W,PARKING LOT E ST,1654,2,NO INDICATION OF INJURY,0,0,0,0,0,2,0,1,4,3,,,
30,STOP SIGN/FLASHER,FUNCTIONING PROPERLY,CLEAR,DAYLIGHT,ANGLE,T-INTERSECTION,STRAIGHT AND LEVEL,DRY,UNKNOWN,NOT ON SCENE (DESK REPORT),NO INJURY / DRIVE AWAY,Y,,"OVER $1,500",05/04/2023 06:00:00 PM,UNABLE TO DETERMINE,NOT APPLICABLE,1,N,BESSIE COLEMAN DR,1654,2,NO INDICATION OF INJURY,0,0,0,0,0,2,0,18,5,5,,,