POSTED_SPEED_LIMIT,TRAFFIC_CONTROL_DEVICE,DEVICE_CONDITION,WEATHER_CONDITION,LIGHTING_CONDITION,FIRST_CRASH_TYPE,TRAFFICWAY_TYPE,ALIGNMENT,ROADWAY_SURFACE_COND,ROAD_DEFECT,REPORT_TYPE,CRASH_TYPE,INTERSECTION_RELATED_I,HIT_AND_RUN_I,DAMAGE,DATE_POLICE_NOTIFIED,PRIM_CONTRIBUTORY_CAUSE,SEC_CONTRIBUTORY_CAUSE,STREET_NO,STREET_DIRECTION,STREET_NAME,BEAT_OF_OCCURRENCE,NUM_UNITS,MOST_SEVERE_INJURY,INJURIES_TOTAL,INJURIES_FATAL,INJURIES_INCAPACITATING,INJURIES_NON_INCAPACITATING,INJURIES_REPORTED_NOT_EVIDENT,INJURIES_NO_INDICATION,INJURIES_UNKNOWN,CRASH_HOUR,CRASH_DAY_OF_WEEK,CRASH_MONTH,LATITUDE,LONGITUDE,LOCATION
30,STOP SIGN/FLASHER,FUNCTIONING PROPERLY,RAIN,DAYLIGHT,REAR END,NOT DIVIDED,STRAIGHT AND LEVEL,WET,NO DEFECTS,ON SCENE,NO INJURY / DRIVE AWAY,,,"$501 - $1,500",07/16/2019 02:34:00 PM,DRIVING SKILLS/KNOWLEDGE/EXPERIENCE,WEATHER,2050,W,CERMAK RD,1234,2,NO INDICATION OF INJURY,0,0,0,0,0,2,0,14,3,7,41.852253085,-87.677868298,POINT (-87.677868297976 41.852253085034)
30,TRAFFIC SIGNAL,FUNCTIONING PROPERLY,RAIN,DAYLIGHT,SIDESWIPE SAME DIRECTION,DIVIDED - W/MEDIAN (NOT RAISED),STRAIGHT AND LEVEL,WET,UNKNOWN,NOT ON SCENE (DESK REPORT),NO INJURY / DRIVE AWAY,,,"OVER $1,500",11/28/2016 04:35:00 PM,IMPROPER LANE USAGE,UNABLE TO DETERMINE,750,W,BELMONT AVE,1925,2,NO INDICATION OF INJURY,0,0,0,0,0,2,0,15,2,11,41.94009648,-87.64884604,POINT (-87.648846039986 41.940096480034)
30,NO CONTROLS,NO CONTROLS,CLEAR,"DARKNESS, LIGHTED ROAD",TURNING,DIVIDED - W/MEDIAN (NOT RAISED),STRAIGHT AND LEVEL,DRY,NO DEFECTS,ON SCENE,INJURY AND / OR TOW DUE TO CRASH,,,"OVER $1,500",09/05/2022 09:42:00 PM,IMPROPER OVERTAKING/PASSING,IMPROPER OVERTAKING/PASSING,4201,S,ASHLAND AVE,924,2,INCAPACITATING INJURY,2,0,1,0,1,1,0,20,2,9,41.817683733,-87.6650402,POINT (-87.665040200043 41.817683733038)
30,TRAFFIC SIGNAL,UNKNOWN,CLEAR,"DARKNESS, LIGHTED ROAD",TURNING,TRAFFIC ROUTE,STRAIGHT AND LEVEL,DRY,NO DEFECTS,ON SCENE,INJURY AND / OR TOW DUE TO CRASH,Y,Y,"$501 - $1,500",09/09/2022 10:00:00 PM,UNABLE TO DETERMINE,UNABLE TO DETERMINE,5100,S,WENTWORTH AVE,225,2,"REPORTED, NOT EVIDENT",2,0,0,0,2,0,0,22,6,9,,,
30,NO CONTROLS,NO CONTROLS,CLEAR,"DARKNESS, LIGHTED ROAD",PARKED MOTOR VEHICLE,ONE-WAY,STRAIGHT AND LEVEL,DRY,NO DEFECTS,ON SCENE,INJURY AND / OR TOW DUE TO CRASH,,,"OVER $1,500",09/27/2020 06:54:00 PM,FAILING TO REDUCE SPEED TO AVOID CRASH,UNABLE TO DETERMINE,4562,S,LAKE PARK AVE,222,6,NO INDICATION OF INJURY,0,0,0,0,0,1,0,18,1,9,41.811773718,-87.59512191,POINT (-87.59512190997 41.811773718034)
40,TRAFFIC SIGNAL,FUNCTIONING PROPERLY,CLEAR,DAYLIGHT,REAR END,DIVIDED - W/MEDIAN BARRIER,STRAIGHT AND LEVEL,DRY,NO DEFECTS,ON SCENE,INJURY AND / OR TOW DUE TO CRASH,,,"OVER $1,500",07/07/2021 09:31:00 AM,UNABLE TO DETERMINE,NOT APPLICABLE,12809,W,IRVING PARK RD,1654,2,NO INDICATION OF INJURY,0,0,0,0,0,2,0,9,4,7,,,
30,STOP SIGN/FLASHER,NO CONTROLS,CLEAR,DAYLIGHT,TURNING,NOT DIVIDED,STRAIGHT AND LEVEL,DRY,NO DEFECTS,ON SCENE,INJURY AND / OR TOW DUE TO CRASH,Y,,"OVER $1,500",12/13/2022 04:33:00 PM,"VISION OBSCURED (SIGNS, TREE LIMBS, BUILDINGS, ETC.)",UNABLE TO DETERMINE,1500,N,ELSTON AVE,1433,2,NO INDICATION OF INJURY,0,0,0,0,0,2,0,16,3,12,41.909091248,-87.66131723,POINT (-87.661317230018 41.909091248043)
40,TRAFFIC SIGNAL,FUNCTIONING PROPERLY,CLEAR,DAYLIGHT,REAR END,DIVIDED - W/MEDIAN (NOT RAISED),STRAIGHT AND LEVEL,DRY,NO DEFECTS,ON SCENE,INJURY AND / OR TOW DUE TO CRASH,,,"OVER $1,500",05/26/2019 04:35:00 PM,EQUIPMENT - VEHICLE CONDITION,NOT APPLICABLE,860,N,LAKE SHORE DR SB,1833,2,"REPORTED, NOT EVIDENT",2,0,0,0,2,2,0,16,1,5,41.898341319,-87.618057856,POINT (-87.618057855957 41.898341319021)
30,TRAFFIC SIGNAL,FUNCTIONING PROPERLY,UNKNOWN,DAYLIGHT,REAR END,NOT DIVIDED,STRAIGHT AND LEVEL,WET,NO DEFECTS,NOT ON SCENE (DESK REPORT),INJURY AND / OR TOW DUE TO CRASH,,,"OVER $1,500",04/15/2018 05:02:00 PM,FOLLOWING TOO CLOSELY,UNABLE TO DETERMINE,1341,S,KEDZIE AVE,1022,2,"REPORTED, NOT EVIDENT",2,0,0,0,2,1,0,18,6,4,41.86328638,-87.705436575,POINT (-87.705436574961 41.863286380003)
25,UNKNOWN,UNKNOWN,CLEAR,DAYLIGHT,TURNING,NOT DIVIDED,STRAIGHT AND LEVEL,UNKNOWN,UNKNOWN,NOT ON SCENE (DESK REPORT),NO INJURY / DRIVE AWAY,,,"$501 - $1,500",06/17/2017 02:45:00 PM,IMPROPER TURNING/NO SIGNAL,NOT APPLICABLE,5955,S,RUSSELL DR,233,2,NO INDICATION OF INJURY,0,0,0,0,0,2,0,13,7,6,,,
30,NO CONTROLS,NO CONTROLS,UNKNOWN,UNKNOWN,PARKED MOTOR VEHICLE,UNKNOWN,STRAIGHT AND LEVEL,UNKNOWN,NO DEFECTS,ON SCENE,INJURY AND / OR TOW DUE TO CRASH,,Y,"OVER $1,500",11/23/2022 11:30:00 AM,UNABLE TO DETERMINE,UNABLE TO DETERMINE,873,W,SCOTT ST,1822,3,NO INDICATION OF INJURY,0,0,0,0,0,1,0,11,4,11,,,
30,TRAFFIC SIGNAL,FUNCTIONING PROPERLY,CLEAR,DAYLIGHT,REAR END,DIVIDED - W/MEDIAN (NOT RAISED),STRAIGHT AND LEVEL,DRY,NO DEFECTS,NOT ON SCENE (DESK REPORT),NO INJURY / DRIVE AWAY,Y,,"$501 - $1,500",05/07/2017 02:34:00 PM,FOLLOWING TOO CLOSELY,FAILING TO YIELD RIGHT-OF-WAY,645,N,MICHIGAN AVE,1834,2,NO INDICATION OF INJURY,0,0,0,0,0,3,0,14,1,5,41.893918609,-87.624085833,POINT (-87.624085832985 41.893918609004)
30,NO CONTROLS,NO CONTROLS,CLEAR,"DARKNESS, LIGHTED ROAD",SIDESWIPE SAME DIRECTION,DIVIDED - W/MEDIAN (NOT RAISED),STRAIGHT AND LEVEL,DRY,NO DEFECTS,NOT ON SCENE (DESK REPORT),NO INJURY / DRIVE AWAY,,Y,"OVER $1,500",02/18/2023 09:31:00 AM,UNABLE TO DETERMINE,UNABLE TO DETERMINE,8301,S,CICERO AVE,834,2,NO INDICATION OF INJURY,0,0,0,0,0,2,0,23,6,2,41.741803599,-87.740953582,POINT (-87.740953581987 41.741803598989)
30,NO CONTROLS,NO CONTROLS,CLEAR,DAYLIGHT,FIXED OBJECT,NOT DIVIDED,STRAIGHT AND LEVEL,DRY,NO DEFECTS,ON SCENE,INJURY AND / OR TOW DUE TO CRASH,,,"OVER $1,500",07/14/2019 06:45:00 AM,UNABLE TO DETERMINE,UNABLE TO DETERMINE,1701,S,WESTERN AVE,1233,1,NONINCAPACITATING INJURY,3,0,0,3,0,1,0,6,1,7,41.858385392,-87.685663432,POINT (-87.685663431987 41.858385392021)
30,NO CONTROLS,NO CONTROLS,CLEAR,DAYLIGHT,TURNING,PARKING LOT,STRAIGHT AND LEVEL,WET,NO DEFECTS,NOT ON SCENE (DESK REPORT),NO INJURY / DRIVE AWAY,,,"OVER $1,500",03/24/2022 01:00:00 PM,UNABLE TO DETERMINE,NOT APPLICABLE,1951,N,WESTERN AVE,1434,2,NO INDICATION OF INJURY,0,0,0,0,0,2,0,17,4,3,41.917103631,-87.687248767,POINT (-87.687248767006 41.917103631009)
20,NO CONTROLS,NO CONTROLS,CLOUDY/OVERCAST,DAYLIGHT,PARKED MOTOR VEHICLE,PARKING LOT,STRAIGHT AND LEVEL,DRY,NO DEFECTS,NOT ON SCENE (DESK REPORT),NO INJURY / DRIVE AWAY,,,"OVER $1,500",02/17/2022 11:30:00 AM,FOLLOWING TOO CLOSELY,DRIVING SKILLS/KNOWLEDGE/EXPERIENCE,5,W,TERMINAL ST,1655,2,NO INDICATION OF INJURY,0,0,0,0,0,1,0,12,3,2,,,
20,STOP SIGN/FLASHER,FUNCTIONING PROPERLY,CLEAR,DAYLIGHT,SIDESWIPE OPPOSITE DIRECTION,NOT DIVIDED,STRAIGHT AND LEVEL,DRY,NO DEFECTS,NOT ON SCENE (DESK REPORT),NO INJURY / DRIVE AWAY,Y,,"OVER $1,500",04/17/2018 05:40:00 PM,DRIVING SKILLS/KNOWLEDGE/EXPERIENCE,NOT APPLICABLE,1548,N,KILDARE AVE,2534,2,NO INDICATION OF INJURY,0,0,0,0,0,5,0,17,3,4,41.909037789,-87.734005707,POINT (-87.73400570697 41.909037788991)
30,STOP SIGN/FLASHER,FUNCTIONING PROPERLY,CLEAR,DARKNESS,TURNING,DIVIDED - W/MEDIAN (NOT RAISED),STRAIGHT AND LEVEL,DRY,NO DEFECTS,NOT ON SCENE (DESK REPORT),NO INJURY / DRIVE AWAY,Y,,"OVER $1,500",12/17/2020 07:18:00 PM,IMPROPER TURNING/NO SIGNAL,UNABLE TO DETERMINE,2027,W,EDMAIRE ST,2212,2,NO INDICATION OF INJURY,0,0,0,0,0,2,0,19,5,12,,,
30,NO CONTROLS,NO CONTROLS,CLEAR,DAYLIGHT,PARKED MOTOR VEHICLE,NOT DIVIDED,STRAIGHT AND LEVEL,DRY,NO DEFECTS,NOT ON SCENE (DESK REPORT),INJURY AND / OR TOW DUE TO CRASH,,,$500 OR LESS,01/02/2017 03:51:00 PM,DISTRACTION - FROM INSIDE VEHICLE,FAILING TO REDUCE SPEED TO AVOID CRASH,2449,S,PRINCETON AVE,914,2,NONINCAPACITATING INJURY,1,0,0,1,0,0,0,8,1,1,,,
30,TRAFFIC SIGNAL,FUNCTIONING PROPERLY,CLEAR,DAYLIGHT,SIDESWIPE SAME DIRECTION,DIVIDED - W/MEDIAN BARRIER,STRAIGHT AND LEVEL,DRY,NO DEFECTS,ON SCENE,NO INJURY / DRIVE AWAY,,,"$501 - $1,500",07/11/2018 02:47:00 PM,UNABLE TO DETERMINE,UNABLE TO DETERMINE,500,W,ONTARIO ST,1831,2,NO INDICATION OF INJURY,0,0,0,0,0,2,0,14,4,7,,,
30,NO CONTROLS,NO CONTROLS,CLEAR,"DARKNESS, LIGHTED ROAD",REAR END,ONE-WAY,STRAIGHT AND LEVEL,DRY,NO DEFECTS,NOT ON SCENE (DESK REPORT),NO INJURY / DRIVE AWAY,,,$500 OR LESS,10/03/2019 08:05:00 PM,FOLLOWING TOO CLOSELY,NOT APPLICABLE,3,W,TERMINAL ST,1653,2,NO INDICATION OF INJURY,0,0,0,0,0,2,0,20,5,10,,,
15,NO CONTROLS,NO CONTROLS,CLEAR,DAYLIGHT,FIXED OBJECT,PARKING LOT,STRAIGHT AND LEVEL,DRY,UNKNOWN,NOT ON SCENE (DESK REPORT),NO INJURY / DRIVE AWAY,,,"OVER $1,500",06/12/2021 06:45:00 PM,UNABLE TO DETERMINE,UNABLE TO DETERMINE,1,W,PARKING LOT A ST,1654,1,NO INDICATION OF INJURY,0,0,0,0,0,1,0,17,7,6,,,
30,STOP SIGN/FLASHER,FUNCTIONING PROPERLY,UNKNOWN,DARKNESS,TURNING,T-INTERSECTION,STRAIGHT AND LEVEL,UNKNOWN,UNKNOWN,NOT ON SCENE (DESK REPORT),NO INJURY / DRIVE AWAY,Y,N,"OVER $1,500",02/07/2021 06:44:00 PM,IMPROPER TURNING/NO SIGNAL,NOT APPLICABLE,3330,W,CHICAGO AVE,1121,2,NO INDICATION OF INJURY,0,0,0,0,0,2,0,19,6,2,41.895627547,-87.710202502,POINT (-87.710202501959 41.895627546974)
35,STOP SIGN/FLASHER,FUNCTIONING PROPERLY,CLEAR,"DARKNESS, LIGHTED ROAD",REAR END,OTHER,STRAIGHT AND LEVEL,DRY,NO DEFECTS,ON SCENE,NO INJURY / DRIVE AWAY,,,$500 OR LESS,12/27/2019 11:10:00 PM,IMPROPER LANE USAGE,UNABLE TO DETERMINE,8800,S,CHICAGO SKYWAY OB,412,2,NO INDICATION OF INJURY,0,0,0,0,0,2,0,23,6,12,,,
20,LANE USE MARKING,FUNCTIONING PROPERLY,CLEAR,DAYLIGHT,PEDESTRIAN,OTHER,STRAIGHT AND LEVEL,DRY,NO DEFECTS,ON SCENE,INJURY AND / OR TOW DUE TO CRASH,,,"OVER $1,500",03/22/2019 10:40:00 AM,IMPROPER LANE USAGE,DRIVING SKILLS/KNOWLEDGE/EXPERIENCE,1,W,TERMINAL ST,1651,2,"REPORTED, NOT EVIDENT",1,0,0,0,1,1,0,10,6,3,,,
15,NO CONTROLS,NO CONTROLS,CLOUDY/OVERCAST,DAYLIGHT,PARKED MOTOR VEHICLE,OTHER,STRAIGHT AND LEVEL,DRY,NO DEFECTS,ON SCENE,NO INJURY / DRIVE AWAY,,,$500 OR LESS,09/11/2019 04:26:00 PM,NOT APPLICABLE,NOT APPLICABLE,516,W,OHARE ST,1654,2,NO INDICATION OF INJURY,0,0,0,0,0,1,0,16,4,9,,,
30,NO CONTROLS,NO CONTROLS,SNOW,"DARKNESS, LIGHTED ROAD",REAR END,NOT DIVIDED,STRAIGHT AND LEVEL,DRY,NO DEFECTS,NOT ON SCENE (DESK REPORT),NO INJURY / DRIVE AWAY,,,"$501 - $1,500",12/30/2019 06:50:00 PM,FOLLOWING TOO CLOSELY,FOLLOWING TOO CLOSELY,6743,S,PULASKI RD,833,2,NO INDICATION OF INJURY,0,0,0,0,0,2,0,18,2,12,41.770102562,-87.722395885,POINT (-87.722395884989 41.770102561983)
30,NO CONTROLS,NO CONTROLS,CLEAR,"DARKNESS, LIGHTED ROAD",REAR END,RAMP,CURVE ON HILLCREST,DRY,NO DEFECTS,ON SCENE,INJURY AND / OR TOW DUE TO CRASH,,,"OVER $1,500",08/27/2021 10:10:00 PM,FAILING TO YIELD RIGHT-OF-WAY,UNABLE TO DETERMINE,330,W,OHARE ST,1654,2,NO INDICATION OF INJURY,0,0,0,0,0,2,0,22,6,8,,,
30,NO CONTROLS,NO CONTROLS,CLEAR,DAYLIGHT,PEDALCYCLIST,PARKING LOT,STRAIGHT AND LEVEL,DRY,NO DEFECTS,NOT ON SCENE (DESK REPORT),NO INJURY / DRIVE AWAY,,,$500 OR LESS,08/15/2022 05:30:00 PM,UNABLE TO DETERMINE,UNABLE TO DETERMINE,5133,W,IRVING PARK RD,1634,2,NO INDICATION OF INJURY,0,0,0,0,0,2,0,15,6,8,41.953203301,-87.756048735,POINT (-87.756048735038 41.953203300975)
30,TRAFFIC SIGNAL,FUNCTIONING PROPERLY,CLEAR,DAYLIGHT,TURNING,DIVIDED - W/MEDIAN (NOT RAISED),STRAIGHT AND LEVEL,DRY,NO DEFECTS,ON SCENE,NO INJURY / DRIVE AWAY,Y,,"$501 - $1,500",09/05/2019 11:37:00 AM,UNABLE TO DETERMINE,UNABLE TO DETERMINE,501,S,SACRAMENTO BLVD,1135,2,NO INDICATION OF INJURY,0,0,0,0,0,2,0,11,5,9,,,
35,TRAFFIC SIGNAL,FUNCTIONING IMPROPERLY,CLEAR,DAYLIGHT,SIDESWIPE SAME DIRECTION,DIVIDED - W/MEDIAN (NOT RAISED),STRAIGHT AND LEVEL,DRY,NO DEFECTS,NOT ON SCENE (DESK REPORT),NO INJURY / DRIVE AWAY,,,"$501 - $1,500",05/09/2019 09:43:00 PM,UNABLE TO DETERMINE,UNABLE TO DETERMINE,229,E,75TH ST,623,2,NO INDICATION OF INJURY,0,0,0,0,0,4,0,17,4,5,41.758234861,-87.618639687,POINT (-87.618639687028 41.758234860997)
30,NO CONTROLS,NO CONTROLS,CLEAR,"DARKNESS, LIGHTED ROAD",ANGLE,ONE-WAY,STRAIGHT AND LEVEL,DRY,NO DEFECTS,ON SCENE,INJURY AND / OR TOW DUE TO CRASH,Y,,"$501 - $1,500",04/02/2021 10:03:00 PM,UNABLE TO DETERMINE,UNABLE TO DETERMINE,360,W,MADISON ST,122,2,NO INDICATION OF INJURY,0,0,0,0,0,4,0,21,6,4,41.8820229,-87.637081412,POINT (-87.637081411989 41.88202289998)
30,NO CONTROLS,NO CONTROLS,CLEAR,DAYLIGHT,PARKED MOTOR VEHICLE,ONE-WAY,STRAIGHT AND LEVEL,UNKNOWN,UNKNOWN,NOT ON SCENE (DESK REPORT),NO INJURY / DRIVE AWAY,,,$500 OR LESS,03/13/2021 02:54:00 PM,IMPROPER BACKING,IMPROPER BACKING,301,W,BRIAR PL,1934,2,NO INDICATION OF INJURY,0,0,0,0,0,3,0,12,7,3,,,
5,NO CONTROLS,NO CONTROLS,RAIN,DAYLIGHT,PARKED MOTOR VEHICLE,PARKING LOT,STRAIGHT AND LEVEL,WET,NO DEFECTS,NOT ON SCENE (DESK REPORT),NO INJURY / DRIVE AWAY,,,"$501 - $1,500",06/15/2019 04:00:00 PM,FOLLOWING TOO CLOSELY,NOT APPLICABLE,10140,S,HALSTED ST,2232,2,NO INDICATION OF INJURY,0,0,0,0,0,3,0,15,7,6,41.709334666,-87.643042361,POINT (-87.643042360966 41.709334666032)
30,TRAFFIC SIGNAL,FUNCTIONING PROPERLY,CLEAR,DAYLIGHT,TURNING,DIVIDED - W/MEDIAN (NOT RAISED),STRAIGHT AND LEVEL,DRY,NO DEFECTS,ON SCENE,INJURY AND / OR TOW DUE TO CRASH,Y,,"OVER $1,500",11/28/2021 10:40:00 AM,FAILING TO YIELD RIGHT-OF-WAY,FAILING TO YIELD RIGHT-OF-WAY,162,N,BESSIE COLEMAN DR,1654,2,NO INDICATION OF INJURY,0,0,0,0,0,2,0,10,1,11,,,
30,NO CONTROLS,NO CONTROLS,CLEAR,DAYLIGHT,PARKED MOTOR VEHICLE,PARKING LOT,STRAIGHT AND LEVEL,DRY,NO DEFECTS,NOT ON SCENE (DESK REPORT),NO INJURY / DRIVE AWAY,,Y,"OVER $1,500",12/06/2022 03:10:00 PM,IMPROPER TURNING/NO SIGNAL,NOT APPLICABLE,2640,W,PERSHING RD,911,3,NO INDICATION OF INJURY,0,0,0,0,0,1,0,13,3,12,41.822958463,-87.691425915,POINT (-87.691425915045 41.822958462973)
30,NO CONTROLS,NO CONTROLS,RAIN,DAWN,SIDESWIPE OPPOSITE DIRECTION,NOT DIVIDED,STRAIGHT AND LEVEL,WET,NO DEFECTS,ON SCENE,INJURY AND / OR TOW DUE TO CRASH,,,"OVER $1,500",06/10/2018 06:21:00 AM,DRIVING ON WRONG SIDE/WRONG WAY,NOT APPLICABLE,3917,W,DIVERSEY AVE,2524,2,NO INDICATION OF INJURY,0,0,0,0,0,2,0,6,1,6,41.931701804,-87.725225564,POINT (-87.725225563989 41.931701804043)
35,TRAFFIC SIGNAL,FUNCTIONING PROPERLY,CLEAR,DAYLIGHT,TURNING,ONE-WAY,STRAIGHT AND LEVEL,DRY,NO DEFECTS,ON SCENE,INJURY AND / OR TOW DUE TO CRASH,Y,Y,"OVER $1,500",05/28/2022 02:16:00 PM,DISREGARDING TRAFFIC SIGNALS,NOT APPLICABLE,3700,S,INDIANA AVE,212,2,NO INDICATION OF INJURY,0,0,0,0,0,2,0,14,7,5,41.827363248,-87.621826931,POINT (-87.62182693101 41.82736324801)
25,NO CONTROLS,NO CONTROLS,CLOUDY/OVERCAST,DAYLIGHT,REAR END,NOT DIVIDED,STRAIGHT AND LEVEL,WET,NO DEFECTS,ON SCENE,NO INJURY / DRIVE AWAY,,,"OVER $1,500",12/31/2019 10:22:00 AM,FOLLOWING TOO CLOSELY,DRIVING SKILLS/KNOWLEDGE/EXPERIENCE,618,W,OHARE ST,1654,2,NO INDICATION OF INJURY,0,0,0,0,0,2,0,10,3,12,,,
35,NO CONTROLS,NO CONTROLS,CLEAR,DUSK,PARKED MOTOR VEHICLE,NOT DIVIDED,STRAIGHT AND LEVEL,DRY,NO DEFECTS,ON SCENE,INJURY AND / OR TOW DUE TO CRASH,,,"OVER $1,500",04/15/2020 06:30:00 PM,PHYSICAL CONDITION OF DRIVER,UNABLE TO DETERMINE,400,S,LARAMIE AVE,1522,4,NO INDICATION OF INJURY,0,0,0,0,0,2,0,18,4,4,41.87479856,-87.755004029,POINT (-87.755004029038 41.874798560005)
15,NO CONTROLS,NO CONTROLS,CLEAR,DAYLIGHT,TURNING,PARKING LOT,STRAIGHT AND LEVEL,DRY,NO DEFECTS,ON SCENE,NO INJURY / DRIVE AWAY,,,"$501 - $1,500",06/03/2019 01:04:00 PM,UNABLE TO DETERMINE,NOT APPLICABLE,4201,S,ASHLAND AVE,924,3,NO INDICATION OF INJURY,0,0,0,0,0,2,0,12,2,6,41.817683733,-87.6650402,POINT (-87.665040200043 41.817683733038)
0,NO CONTROLS,NO CONTROLS,CLEAR,DAYLIGHT,PARKED MOTOR VEHICLE,PARKING LOT,STRAIGHT AND LEVEL,DRY,NO DEFECTS,NOT ON SCENE (DESK REPORT),NO INJURY / DRIVE AWAY,,Y,"$501 - $1,500",12/14/2020 10:12:00 PM,UNABLE TO DETERMINE,UNABLE TO DETERMINE,350,N,LOWER LA SALLE ST,1831,2,NO INDICATION OF INJURY,0,0,0,0,0,1,0,4,1,12,,,
15,NO CONTROLS,NO CONTROLS,CLEAR,DAYLIGHT,PARKED MOTOR VEHICLE,PARKING LOT,STRAIGHT AND LEVEL,DRY,NO DEFECTS,ON SCENE,NO INJURY / DRIVE AWAY,,,"OVER $1,500",07/08/2019 08:50:00 AM,UNABLE TO DETERMINE,NOT APPLICABLE,517,W,OHARE ST,1654,2,NO INDICATION OF INJURY,0,0,0,0,0,1,0,8,2,7,,,
40,NO CONTROLS,NO CONTROLS,SLEET/HAIL,"DARKNESS, LIGHTED ROAD",FIXED OBJECT,DIVIDED - W/MEDIAN BARRIER,STRAIGHT AND LEVEL,ICE,NO DEFECTS,ON SCENE,INJURY AND / OR TOW DUE TO CRASH,,,"$501 - $1,500",02/11/2019 09:30:00 PM,WEATHER,UNABLE TO DETERMINE,9800,S,CHICAGO SKYWAY OB,432,1,NO INDICATION OF INJURY,0,0,0,0,0,1,0,21,2,2,,,
35,TRAFFIC SIGNAL,FUNCTIONING PROPERLY,CLEAR,DAYLIGHT,SIDESWIPE SAME DIRECTION,DIVIDED - W/MEDIAN (NOT RAISED),STRAIGHT AND LEVEL,DRY,NO DEFECTS,NOT ON SCENE (DESK REPORT),NO INJURY / DRIVE AWAY,Y,,"OVER $1,500",06/18/2021 04:20:00 PM,IMPROPER OVERTAKING/PASSING,IMPROPER OVERTAKING/PASSING,8658,S,WESTERN AVE,835,2,NO INDICATION OF INJURY,0,0,0,0,0,3,0,14,6,6,41.735617968,-87.682663369,POINT (-87.682663369002 41.735617967973)
30,NO CONTROLS,NO CONTROLS,CLEAR,DAYLIGHT,ANGLE,NOT DIVIDED,STRAIGHT AND LEVEL,DRY,NO DEFECTS,NOT ON SCENE (DESK REPORT),NO INJURY / DRIVE AWAY,Y,,"OVER $1,500",11/13/2020 10:45:00 AM,"OPERATING VEHICLE IN ERRATIC, RECKLESS, CARELESS, NEGLIGENT OR AGGRESSIVE MANNER",UNABLE TO DETERMINE,1001,S,CICERO AVE,1131,2,NO INDICATION OF INJURY,0,0,0,0,0,2,0,9,6,11,41.868505893,-87.744688538,POINT (-87.744688537963 41.868505892977)
30,NO CONTROLS,NO CONTROLS,RAIN,DAYLIGHT,PARKED MOTOR VEHICLE,NOT DIVIDED,STRAIGHT AND LEVEL,WET,NO DEFECTS,NOT ON SCENE (DESK REPORT),NO INJURY / DRIVE AWAY,,Y,"$501 - $1,500",03/30/2017 08:43:00 PM,IMPROPER OVERTAKING/PASSING,FAILING TO YIELD RIGHT-OF-WAY,3724,N,LAWNDALE AVE,1732,2,NO INDICATION OF INJURY,0,0,0,0,0,1,0,11,5,3,41.949143414,-87.720279415,POINT (-87.720279415003 41.949143413965)
30,TRAFFIC SIGNAL,FUNCTIONING PROPERLY,CLEAR,DAYLIGHT,TURNING,FOUR WAY,STRAIGHT AND LEVEL,DRY,NO DEFECTS,ON SCENE,INJURY AND / OR TOW DUE TO CRASH,Y,,"OVER $1,500",05/24/2022 05:17:00 PM,FAILING TO YIELD RIGHT-OF-WAY,NOT APPLICABLE,2600,S,CALIFORNIA BLVD,1034,2,NONINCAPACITATING INJURY,1,0,0,1,0,1,0,17,3,5,41.844607515,-87.694804642,POINT (-87.694804642033 41.844607514956)
30,NO CONTROLS,NO CONTROLS,CLEAR,"DARKNESS, LIGHTED ROAD",PARKED MOTOR VEHICLE,ONE-WAY,STRAIGHT AND LEVEL,DRY,NO DEFECTS,ON SCENE,NO INJURY / DRIVE AWAY,,Y,"OVER $1,500",08/22/2021 03:35:00 AM,FAILING TO REDUCE SPEED TO AVOID CRASH,UNABLE TO DETERMINE,21,W,GOETHE ST,1824,2,NO INDICATION OF INJURY,0,0,0,0,0,1,0,3,1,8,41.905697826,-87.629704561,POINT (-87.629704560956 41.905697826047)
30,UNKNOWN,UNKNOWN,SNOW,UNKNOWN,PARKED MOTOR VEHICLE,NOT DIVIDED,STRAIGHT AND LEVEL,SNOW OR SLUSH,UNKNOWN,NOT ON SCENE (DESK REPORT),NO INJURY / DRIVE AWAY,,Y,"OVER $1,500",01/02/2022 10:40:00 AM,NOT APPLICABLE,NOT APPLICABLE,2379,W,GRACE ST,1921,2,NO INDICATION OF INJURY,0,0,0,0,0,1,0,9,1,1,41.950270563,-87.688296664,POINT (-87.688296664031 41.950270563011)
30,NO CONTROLS,NO CONTROLS,CLEAR,DAYLIGHT,PARKED MOTOR VEHICLE,ONE-WAY,STRAIGHT AND LEVEL,WET,NO DEFECTS,NOT ON SCENE (DESK REPORT),NO INJURY / DRIVE AWAY,,,"OVER $1,500",01/20/2016 11:15:00 AM,NOT APPLICABLE,NOT APPLICABLE,5039,S,DR MARTIN LUTHER KING JR SD,223,2,NO INDICATION OF INJURY,0,0,0,0,0,1,0,10,4,1,,,
25,NO CONTROLS,NO CONTROLS,CLEAR,DAYLIGHT,SIDESWIPE SAME DIRECTION,ONE-WAY,STRAIGHT AND LEVEL,DRY,NO DEFECTS,ON SCENE,NO INJURY / DRIVE AWAY,,,"OVER $1,500",08/12/2022 04:50:00 PM,UNABLE TO DETERMINE,UNABLE TO DETERMINE,1,W,TERMINAL ST,1651,2,NO INDICATION OF INJURY,0,0,0,0,0,2,0,16,6,8,,,