POSTED_SPEED_LIMIT,TRAFFIC_CONTROL_DEVICE,DEVICE_CONDITION,WEATHER_CONDITION,LIGHTING_CONDITION,FIRST_CRASH_TYPE,TRAFFICWAY_TYPE,ALIGNMENT,ROADWAY_SURFACE_COND,ROAD_DEFECT,REPORT_TYPE,CRASH_TYPE,INTERSECTION_RELATED_I,HIT_AND_RUN_I,DAMAGE,DATE_POLICE_NOTIFIED,PRIM_CONTRIBUTORY_CAUSE,SEC_CONTRIBUTORY_CAUSE,STREET_NO,STREET_DIRECTION,STREET_NAME,BEAT_OF_OCCURRENCE,NUM_UNITS,MOST_SEVERE_INJURY,INJURIES_TOTAL,INJURIES_FATAL,INJURIES_INCAPACITATING,INJURIES_NON_INCAPACITATING,INJURIES_REPORTED_NOT_EVIDENT,INJURIES_NO_INDICATION,INJURIES_UNKNOWN,CRASH_HOUR,CRASH_DAY_OF_WEEK,CRASH_MONTH,LATITUDE,LONGITUDE,LOCATION
30,UNKNOWN,UNKNOWN,CLEAR,DAYLIGHT,TURNING,NOT DIVIDED,STRAIGHT AND LEVEL,DRY,UNKNOWN,ON SCENE,INJURY AND / OR TOW DUE TO CRASH,,,"$501 - $1,500",05/15/2023 02:47:00 PM,UNABLE TO DETERMINE,NOT APPLICABLE,2305,W,47TH ST,931,2,NO INDICATION OF INJURY,0,0,0,0,0,2,0,14,2,5,41.808320647,-87.682240771,POINT (-87.68224077098 41.808320646996)
30,NO CONTROLS,NO CONTROLS,CLEAR,DAYLIGHT,PARKED MOTOR VEHICLE,ONE-WAY,STRAIGHT AND LEVEL,DRY,UNKNOWN,NOT ON SCENE (DESK REPORT),NO INJURY / DRIVE AWAY,,Y,"OVER $1,500",05/06/2020 05:35:00 PM,UNABLE TO DETERMINE,UNABLE TO DETERMINE,1035,N,MASON AVE,1511,2,NO INDICATION OF INJURY,0,0,0,0,0,1,0,16,3,5,41.899427256,-87.773923812,POINT (-87.773923812004 41.899427255963)
30,STOP SIGN/FLASHER,OTHER,CLEAR,"DARKNESS, LIGHTED ROAD",ANGLE,FOUR WAY,STRAIGHT AND LEVEL,UNKNOWN,UNKNOWN,NOT ON SCENE (DESK REPORT),NO INJURY / DRIVE AWAY,Y,,"OVER $1,500",12/07/2021 06:00:00 PM,DISREGARDING STOP SIGN,UNABLE TO DETERMINE,2959,S,SPRINGFIELD AVE,1031,2,NO INDICATION OF INJURY,0,0,0,0,0,2,0,17,3,12,,,
30,STOP SIGN/FLASHER,FUNCTIONING PROPERLY,CLEAR,DAYLIGHT,PEDALCYCLIST,ONE-WAY,STRAIGHT AND LEVEL,WET,NO DEFECTS,ON SCENE,INJURY AND / OR TOW DUE TO CRASH,,,$500 OR LESS,11/30/2018 08:00:00 AM,UNABLE TO DETERMINE,UNABLE TO DETERMINE,740,W,RANDOLPH ST,1224,2,NONINCAPACITATING INJURY,1,0,0,1,0,2,0,7,6,11,41.884516857,-87.647390682,POINT (-87.647390681951 41.884516857046)
30,NO CONTROLS,NO CONTROLS,CLEAR,DUSK,REAR END,NOT DIVIDED,STRAIGHT AND LEVEL,DRY,NO DEFECTS,NOT ON SCENE (DESK REPORT),NO INJURY / DRIVE AWAY,,Y,"OVER $1,500",06/01/2020 02:30:00 PM,UNABLE TO DETERMINE,UNABLE TO DETERMINE,5500,S,WENTWORTH AVE,225,2,NO INDICATION OF INJURY,0,0,0,0,0,3,0,20,1,5,,,
30,NO CONTROLS,NO CONTROLS,RAIN,DAYLIGHT,PARKED MOTOR VEHICLE,NOT DIVIDED,STRAIGHT AND LEVEL,WET,NO DEFECTS,NOT ON SCENE (DESK REPORT),NO INJURY / DRIVE AWAY,,,"$501 - $1,500",04/29/2023 01:39:00 PM,UNABLE TO DETERMINE,UNABLE TO DETERMINE,1668,N,HUDSON AVE,1813,2,NO INDICATION OF INJURY,0,0,0,0,0,1,0,13,7,4,41.912783232,-87.640004986,POINT (-87.64000498599 41.912783231988)
30,NO CONTROLS,NO CONTROLS,CLEAR,"DARKNESS, LIGHTED ROAD",FIXED OBJECT,DIVIDED - W/MEDIAN BARRIER,STRAIGHT AND LEVEL,DRY,NO DEFECTS,ON SCENE,INJURY AND / OR TOW DUE TO CRASH,,,"OVER $1,500",05/28/2023 12:14:00 AM,IMPROPER TURNING/NO SIGNAL,UNABLE TO DETERMINE,1,N,BESSIE COLEMAN DR,1654,1,NO INDICATION OF INJURY,0,0,0,0,0,1,0,0,1,5,,,
30,TRAFFIC SIGNAL,FUNCTIONING PROPERLY,RAIN,DAYLIGHT,SIDESWIPE SAME DIRECTION,ONE-WAY,STRAIGHT AND LEVEL,WET,NO DEFECTS,NOT ON SCENE (DESK REPORT),NO INJURY / DRIVE AWAY,,Y,"$501 - $1,500",05/06/2022 09:30:00 AM,ANIMAL,IMPROPER LANE USAGE,125,S,CLARK ST,112,2,NO INDICATION OF INJURY,0,0,0,0,0,2,0,8,6,5,41.879988513,-87.630688841,POINT (-87.630688841031 41.879988513046)
30,NO CONTROLS,NO CONTROLS,CLEAR,DAYLIGHT,PARKED MOTOR VEHICLE,DIVIDED - W/MEDIAN (NOT RAISED),STRAIGHT AND LEVEL,DRY,NO DEFECTS,ON SCENE,NO INJURY / DRIVE AWAY,,,$500 OR LESS,05/17/2018 04:30:00 PM,UNABLE TO DETERMINE,UNABLE TO DETERMINE,1542,S,WESTERN AVE,1023,2,NO INDICATION OF INJURY,0,0,0,0,0,5,0,16,5,5,41.859949337,-87.685996725,POINT (-87.685996725044 41.859949336999)
35,TRAFFIC SIGNAL,FUNCTIONING PROPERLY,CLEAR,DAYLIGHT,TURNING,ONE-WAY,STRAIGHT AND LEVEL,DRY,NO DEFECTS,ON SCENE,INJURY AND / OR TOW DUE TO CRASH,,,"OVER $1,500",06/10/2020 02:38:00 PM,DRIVING SKILLS/KNOWLEDGE/EXPERIENCE,UNABLE TO DETERMINE,2,E,RANDOLPH ST,111,2,NO INDICATION OF INJURY,0,0,0,0,0,4,0,14,4,6,41.884600962,-87.627828521,POINT (-87.627828520965 41.884600961961)
30,TRAFFIC SIGNAL,FUNCTIONING PROPERLY,CLEAR,DAYLIGHT,TURNING,NOT DIVIDED,STRAIGHT AND LEVEL,DRY,NO DEFECTS,NOT ON SCENE (DESK REPORT),NO INJURY / DRIVE AWAY,,,"$501 - $1,500",05/12/2020 03:46:00 PM,UNABLE TO DETERMINE,UNABLE TO DETERMINE,1199,N,STATE ST,1824,2,NO INDICATION OF INJURY,0,0,0,0,0,2,0,14,3,5,41.903902732,-87.628531494,POINT (-87.628531494008 41.903902731961)
30,NO CONTROLS,NO CONTROLS,CLEAR,"DARKNESS, LIGHTED ROAD",PARKED MOTOR VEHICLE,NOT DIVIDED,STRAIGHT AND LEVEL,DRY,NO DEFECTS,ON SCENE,INJURY AND / OR TOW DUE TO CRASH,,,"OVER $1,500",05/16/2021 04:04:00 AM,FAILING TO REDUCE SPEED TO AVOID CRASH,NOT APPLICABLE,4854,W,ARMITAGE AVE,2522,3,NO INDICATION OF INJURY,0,0,0,0,0,1,0,4,1,5,41.917014145,-87.748270028,POINT (-87.748270028031 41.917014144979)
30,NO CONTROLS,NO CONTROLS,CLEAR,DAYLIGHT,SIDESWIPE SAME DIRECTION,DIVIDED - W/MEDIAN BARRIER,STRAIGHT AND LEVEL,DRY,UNKNOWN,ON SCENE,NO INJURY / DRIVE AWAY,,,"OVER $1,500",04/22/2021 04:00:00 PM,IMPROPER LANE USAGE,UNABLE TO DETERMINE,163,N,BESSIE COLEMAN DR,1654,2,NO INDICATION OF INJURY,0,0,0,0,0,2,0,16,5,4,,,
30,TRAFFIC SIGNAL,FUNCTIONING PROPERLY,RAIN,"DARKNESS, LIGHTED ROAD",FIXED OBJECT,DIVIDED - W/MEDIAN BARRIER,STRAIGHT AND LEVEL,WET,NO DEFECTS,ON SCENE,INJURY AND / OR TOW DUE TO CRASH,,Y,"OVER $1,500",09/28/2020 02:43:00 AM,UNABLE TO DETERMINE,UNABLE TO DETERMINE,7600,S,WALLACE ST,621,1,NO INDICATION OF INJURY,0,0,0,0,0,1,0,2,2,9,41.756061973,-87.639583836,POINT (-87.639583836047 41.756061972991)
20,TRAFFIC SIGNAL,FUNCTIONING PROPERLY,CLEAR,DAYLIGHT,TURNING,T-INTERSECTION,STRAIGHT AND LEVEL,DRY,NO DEFECTS,NOT ON SCENE (DESK REPORT),NO INJURY / DRIVE AWAY,,,"$501 - $1,500",07/23/2019 11:10:00 PM,FAILING TO YIELD RIGHT-OF-WAY,UNABLE TO DETERMINE,514,S,SACRAMENTO BLVD,1134,2,NO INDICATION OF INJURY,0,0,0,0,0,2,0,14,2,7,,,
30,NO CONTROLS,NO CONTROLS,CLEAR,DAYLIGHT,REAR END,NOT DIVIDED,STRAIGHT AND LEVEL,DRY,NO DEFECTS,ON SCENE,INJURY AND / OR TOW DUE TO CRASH,,,"OVER $1,500",05/29/2021 12:14:00 PM,FAILING TO REDUCE SPEED TO AVOID CRASH,UNABLE TO DETERMINE,3912,W,59TH ST,822,2,"REPORTED, NOT EVIDENT",1,0,0,0,1,1,0,12,7,5,41.786076863,-87.721089648,POINT (-87.721089647953 41.786076862974)
30,STOP SIGN/FLASHER,NO CONTROLS,CLEAR,DAYLIGHT,REAR END,DIVIDED - W/MEDIAN (NOT RAISED),STRAIGHT AND LEVEL,DRY,NO DEFECTS,NOT ON SCENE (DESK REPORT),NO INJURY / DRIVE AWAY,,Y,"OVER $1,500",10/25/2018 07:30:00 PM,FOLLOWING TOO CLOSELY,UNABLE TO DETERMINE,8300,S,HONORE ST,614,2,NO INDICATION OF INJURY,0,0,0,0,0,2,0,19,5,10,41.742898771,-87.669467161,POINT (-87.669467161008 41.742898770977)
35,NO CONTROLS,NO CONTROLS,CLEAR,DAYLIGHT,PARKED MOTOR VEHICLE,NOT DIVIDED,STRAIGHT AND LEVEL,DRY,UNKNOWN,NOT ON SCENE (DESK REPORT),NO INJURY / DRIVE AWAY,,,$500 OR LESS,04/12/2019 08:00:00 PM,UNABLE TO DETERMINE,UNABLE TO DETERMINE,7732,S,COTTAGE GROVE AVE,624,2,NO INDICATION OF INJURY,0,0,0,0,0,1,0,17,6,4,41.753933237,-87.605418426,POINT (-87.605418425972 41.753933237014)
30,STOP SIGN/FLASHER,FUNCTIONING PROPERLY,CLEAR,"DARKNESS, LIGHTED ROAD",REAR END,NOT DIVIDED,STRAIGHT AND LEVEL,DRY,NO DEFECTS,NOT ON SCENE (DESK REPORT),NO INJURY / DRIVE AWAY,,Y,$500 OR LESS,02/06/2021 11:00:00 AM,UNABLE TO DETERMINE,NOT APPLICABLE,3358,S,VERNON AVE,211,2,NO INDICATION OF INJURY,0,0,0,0,0,2,0,23,6,2,,,
30,NO CONTROLS,NO CONTROLS,CLEAR,DAYLIGHT,REAR END,DIVIDED - W/MEDIAN (NOT RAISED),STRAIGHT AND LEVEL,DRY,NO DEFECTS,ON SCENE,NO INJURY / DRIVE AWAY,,,"OVER $1,500",03/27/2019 07:12:00 AM,FOLLOWING TOO CLOSELY,UNABLE TO DETERMINE,4933,W,DIVERSEY AVE,2521,2,NO INDICATION OF INJURY,0,0,0,0,0,2,0,6,4,3,41.931372851,-87.750391963,POINT (-87.750391963 41.931372850962)
10,NO CONTROLS,NO CONTROLS,CLEAR,DAYLIGHT,REAR TO REAR,PARKING LOT,STRAIGHT AND LEVEL,DRY,NO DEFECTS,ON SCENE,NO INJURY / DRIVE AWAY,,Y,"$501 - $1,500",03/13/2020 04:45:00 PM,UNABLE TO DETERMINE,NOT APPLICABLE,1,W,PARKING LOT C ST,1654,3,NO INDICATION OF INJURY,0,0,0,0,0,1,0,16,6,3,,,
30,NO CONTROLS,NO CONTROLS,CLEAR,DAYLIGHT,PARKED MOTOR VEHICLE,NOT DIVIDED,STRAIGHT AND LEVEL,DRY,NO DEFECTS,NOT ON SCENE (DESK REPORT),NO INJURY / DRIVE AWAY,,Y,$500 OR LESS,12/27/2019 11:20:00 AM,UNABLE TO DETERMINE,UNABLE TO DETERMINE,211,N,KILBOURN AVE,1113,2,NO INDICATION OF INJURY,0,0,0,0,0,1,0,9,6,12,41.883633604,-87.73787932,POINT (-87.73787932003 41.883633604041)
30,TRAFFIC SIGNAL,FUNCTIONING PROPERLY,CLEAR,"DARKNESS, LIGHTED ROAD",REAR END,DIVIDED - W/MEDIAN (NOT RAISED),STRAIGHT AND LEVEL,DRY,NO DEFECTS,NOT ON SCENE (DESK REPORT),NO INJURY / DRIVE AWAY,,Y,"OVER $1,500",03/16/2020 08:35:00 PM,FOLLOWING TOO CLOSELY,UNABLE TO DETERMINE,6650,S,CORNELL DR,331,3,NO INDICATION OF INJURY,0,0,0,0,0,5,0,20,2,3,41.773723921,-87.585794899,POINT (-87.585794899028 41.773723920965)
5,NO CONTROLS,NO CONTROLS,CLEAR,DAYLIGHT,REAR TO REAR,PARKING LOT,STRAIGHT AND LEVEL,DRY,NO DEFECTS,NOT ON SCENE (DESK REPORT),NO INJURY / DRIVE AWAY,,,"$501 - $1,500",07/24/2021 07:42:00 PM,IMPROPER BACKING,IMPROPER BACKING,6040,W,FULLERTON AVE,2512,2,NO INDICATION OF INJURY,0,0,0,0,0,2,0,18,7,7,41.923910668,-87.777386127,POINT (-87.777386127036 41.923910667953)
30,NO CONTROLS,FUNCTIONING PROPERLY,CLEAR,DAYLIGHT,REAR END,NOT DIVIDED,STRAIGHT AND LEVEL,DRY,NO DEFECTS,ON SCENE,NO INJURY / DRIVE AWAY,,,"OVER $1,500",03/06/2018 03:07:00 PM,PHYSICAL CONDITION OF DRIVER,FOLLOWING TOO CLOSELY,231,W,HARRISON ST,123,3,NO INDICATION OF INJURY,0,0,0,0,0,4,0,15,3,3,41.874366822,-87.634508236,POINT (-87.634508235979 41.87436682198)
30,TRAFFIC SIGNAL,FUNCTIONING PROPERLY,CLEAR,DAYLIGHT,REAR END,DIVIDED - W/MEDIAN (NOT RAISED),STRAIGHT AND LEVEL,DRY,NO DEFECTS,NOT ON SCENE (DESK REPORT),NO INJURY / DRIVE AWAY,,,"$501 - $1,500",07/23/2022 01:13:00 PM,FOLLOWING TOO CLOSELY,NOT APPLICABLE,4053,N,HARLEM AVE,1632,2,NO INDICATION OF INJURY,0,0,0,0,0,2,0,12,7,7,,,
30,NO CONTROLS,NO CONTROLS,CLOUDY/OVERCAST,DAYLIGHT,REAR END,NOT DIVIDED,STRAIGHT AND LEVEL,DRY,NO DEFECTS,ON SCENE,NO INJURY / DRIVE AWAY,,,$500 OR LESS,02/06/2021 12:26:00 PM,FOLLOWING TOO CLOSELY,FOLLOWING TOO CLOSELY,31,S,PULASKI RD,1122,2,NO INDICATION OF INJURY,0,0,0,0,0,2,0,12,7,2,41.879813058,-87.725492182,POINT (-87.725492182032 41.879813057952)
30,NO CONTROLS,NO CONTROLS,RAIN,DAYLIGHT,REAR END,DIVIDED - W/MEDIAN BARRIER,STRAIGHT AND LEVEL,WET,NO DEFECTS,ON SCENE,INJURY AND / OR TOW DUE TO CRASH,,,"$501 - $1,500",08/24/2018 11:25:00 AM,FOLLOWING TOO CLOSELY,WEATHER,9759,W,KENNEDY EXPY IB,1654,2,NONINCAPACITATING INJURY,1,0,0,1,0,2,0,11,6,8,,,
30,TRAFFIC SIGNAL,FUNCTIONING PROPERLY,CLEAR,DAYLIGHT,REAR END,NOT DIVIDED,STRAIGHT AND LEVEL,DRY,NO DEFECTS,NOT ON SCENE (DESK REPORT),NO INJURY / DRIVE AWAY,,,"$501 - $1,500",06/29/2017 06:15:00 PM,FOLLOWING TOO CLOSELY,FOLLOWING TOO CLOSELY,7854,S,COTTAGE GROVE AVE,624,2,NO INDICATION OF INJURY,0,0,0,0,0,2,0,17,5,6,41.751488337,-87.605358362,POINT (-87.60535836196 41.751488336994)
30,STOP SIGN/FLASHER,FUNCTIONING PROPERLY,CLEAR,DUSK,TURNING,ONE-WAY,STRAIGHT AND LEVEL,DRY,NO DEFECTS,NOT ON SCENE (DESK REPORT),NO INJURY / DRIVE AWAY,,,"OVER $1,500",04/15/2017 08:20:00 AM,FOLLOWING TOO CLOSELY,NOT APPLICABLE,4948,W,OHIO ST,1532,2,NO INDICATION OF INJURY,0,0,0,0,0,5,0,20,6,4,41.891450046,-87.750076569,POINT (-87.750076568954 41.891450046032)
30,NO CONTROLS,NO CONTROLS,CLEAR,DAYLIGHT,SIDESWIPE SAME DIRECTION,NOT DIVIDED,STRAIGHT AND LEVEL,DRY,NO DEFECTS,NOT ON SCENE (DESK REPORT),NO INJURY / DRIVE AWAY,,Y,"OVER $1,500",09/03/2021 05:30:00 PM,FOLLOWING TOO CLOSELY,UNABLE TO DETERMINE,3957,W,OGDEN AVE,1013,2,NO INDICATION OF INJURY,0,0,0,0,0,2,0,16,6,9,41.851075754,-87.724428464,POINT (-87.724428463973 41.851075753951)
25,NO CONTROLS,NO CONTROLS,CLEAR,DUSK,SIDESWIPE SAME DIRECTION,ONE-WAY,STRAIGHT AND LEVEL,WET,NO DEFECTS,ON SCENE,NO INJURY / DRIVE AWAY,,,"OVER $1,500",05/18/2019 07:35:00 PM,FAILING TO YIELD RIGHT-OF-WAY,NOT APPLICABLE,3,W,TERMINAL ST,1653,2,NO INDICATION OF INJURY,0,0,0,0,0,2,0,19,7,5,,,
45,NO CONTROLS,NO CONTROLS,CLEAR,"DARKNESS, LIGHTED ROAD",FIXED OBJECT,DIVIDED - W/MEDIAN BARRIER,"CURVE, LEVEL",DRY,WORN SURFACE,ON SCENE,INJURY AND / OR TOW DUE TO CRASH,,,"OVER $1,500",08/18/2022 04:20:00 AM,PHYSICAL CONDITION OF DRIVER,NOT APPLICABLE,3050,S,LAKE SHORE DR NB,133,1,NO INDICATION OF INJURY,0,0,0,0,0,1,0,4,5,8,41.838792961,-87.608902658,POINT (-87.608902658017 41.838792960988)
30,NO CONTROLS,NO CONTROLS,CLEAR,DAYLIGHT,SIDESWIPE SAME DIRECTION,NOT DIVIDED,STRAIGHT AND LEVEL,DRY,NO DEFECTS,NOT ON SCENE (DESK REPORT),NO INJURY / DRIVE AWAY,,,"OVER $1,500",03/28/2019 08:42:00 AM,FAILING TO YIELD RIGHT-OF-WAY,UNABLE TO DETERMINE,3904,W,ROOSEVELT RD,1132,2,NO INDICATION OF INJURY,0,0,0,0,0,4,0,8,5,3,41.866312657,-87.722954344,POINT (-87.722954344006 41.86631265701)
30,TRAFFIC SIGNAL,FUNCTIONING PROPERLY,RAIN,DAYLIGHT,REAR END,NOT DIVIDED,CURVE ON GRADE,WET,NO DEFECTS,NOT ON SCENE (DESK REPORT),NO INJURY / DRIVE AWAY,Y,,"OVER $1,500",02/21/2017 06:50:00 AM,FOLLOWING TOO CLOSELY,EXCEEDING SAFE SPEED FOR CONDITIONS,6668,S,SOUTH SHORE DR,331,2,NO INDICATION OF INJURY,0,0,0,0,0,2,0,6,3,2,,,
30,TRAFFIC SIGNAL,FUNCTIONING PROPERLY,SNOW,DAYLIGHT,REAR END,NOT DIVIDED,STRAIGHT AND LEVEL,SNOW OR SLUSH,NO DEFECTS,NOT ON SCENE (DESK REPORT),NO INJURY / DRIVE AWAY,,,"OVER $1,500",02/18/2019 10:00:00 AM,UNABLE TO DETERMINE,UNABLE TO DETERMINE,8401,S,JEFFERY BLVD,412,2,NO INDICATION OF INJURY,0,0,0,0,0,2,0,8,2,2,41.742554288,-87.575667714,POINT (-87.575667714004 41.742554288042)
25,NO CONTROLS,NO CONTROLS,CLEAR,DARKNESS,SIDESWIPE SAME DIRECTION,ONE-WAY,STRAIGHT ON GRADE,DRY,NO DEFECTS,ON SCENE,NO INJURY / DRIVE AWAY,,,"OVER $1,500",05/23/2019 08:38:00 PM,FAILING TO YIELD RIGHT-OF-WAY,IMPROPER OVERTAKING/PASSING,3,W,TERMINAL ST,1653,2,NO INDICATION OF INJURY,0,0,0,0,0,4,0,20,5,5,,,
30,TRAFFIC SIGNAL,FUNCTIONING PROPERLY,CLEAR,DAYLIGHT,TURNING,T-INTERSECTION,STRAIGHT AND LEVEL,DRY,NO DEFECTS,NOT ON SCENE (DESK REPORT),NO INJURY / DRIVE AWAY,Y,,"$501 - $1,500",06/09/2021 04:20:00 PM,IMPROPER TURNING/NO SIGNAL,IMPROPER OVERTAKING/PASSING,500,S,SACRAMENTO BLVD,1134,2,NO INDICATION OF INJURY,0,0,0,0,0,3,0,15,4,6,,,
30,NO CONTROLS,NO CONTROLS,RAIN,DUSK,SIDESWIPE SAME DIRECTION,DIVIDED - W/MEDIAN (NOT RAISED),STRAIGHT AND LEVEL,WET,UNKNOWN,NOT ON SCENE (DESK REPORT),NO INJURY / DRIVE AWAY,Y,Y,"OVER $1,500",10/27/2019 02:45:00 AM,IMPROPER OVERTAKING/PASSING,IMPROPER OVERTAKING/PASSING,5500,S,WENTWORTH AVE,225,2,NO INDICATION OF INJURY,0,0,0,0,0,5,0,2,1,10,,,
30,NO CONTROLS,NO CONTROLS,RAIN,"DARKNESS, LIGHTED ROAD",REAR END,NOT DIVIDED,STRAIGHT AND LEVEL,WET,NO DEFECTS,NOT ON SCENE (DESK REPORT),NO INJURY / DRIVE AWAY,,,"OVER $1,500",05/02/2017 01:55:00 PM,FOLLOWING TOO CLOSELY,UNABLE TO DETERMINE,4537,W,26TH ST,1031,2,NO INDICATION OF INJURY,0,0,0,0,0,2,0,22,7,4,41.843952777,-87.738047625,POINT (-87.738047625035 41.843952777003)
30,TRAFFIC SIGNAL,FUNCTIONING PROPERLY,CLEAR,"DARKNESS, LIGHTED ROAD",PEDESTRIAN,NOT DIVIDED,STRAIGHT AND LEVEL,DRY,NO DEFECTS,ON SCENE,INJURY AND / OR TOW DUE TO CRASH,Y,,"OVER $1,500",12/21/2018 11:41:00 PM,UNABLE TO DETERMINE,UNABLE TO DETERMINE,6427,N,HARLEM AVE,1611,2,NONINCAPACITATING INJURY,1,0,0,1,0,1,0,23,6,12,41.997730287,-87.806645117,POINT (-87.806645117018 41.997730287008)
25,UNKNOWN,UNKNOWN,CLEAR,DAYLIGHT,REAR END,NOT DIVIDED,STRAIGHT AND LEVEL,DRY,NO DEFECTS,NOT ON SCENE (DESK REPORT),NO INJURY / DRIVE AWAY,,,"$501 - $1,500",01/02/2021 02:01:00 PM,NOT APPLICABLE,NOT APPLICABLE,2950,W,HARRISON ST,1135,2,NO INDICATION OF INJURY,0,0,0,0,0,2,0,13,7,1,41.873860438,-87.700586149,POINT (-87.700586148982 41.873860438041)
30,TRAFFIC SIGNAL,UNKNOWN,CLEAR,DAYLIGHT,REAR END,NOT DIVIDED,STRAIGHT AND LEVEL,DRY,UNKNOWN,NOT ON SCENE (DESK REPORT),NO INJURY / DRIVE AWAY,,Y,$500 OR LESS,07/26/2018 01:50:00 PM,EXCEEDING AUTHORIZED SPEED LIMIT,FOLLOWING TOO CLOSELY,6263,N,KIMBALL AVE,1711,2,NO INDICATION OF INJURY,0,0,0,0,0,3,0,16,4,7,,,
25,NO CONTROLS,NO CONTROLS,CLEAR,DAYLIGHT,SIDESWIPE SAME DIRECTION,DIVIDED - W/MEDIAN BARRIER,STRAIGHT AND LEVEL,DRY,NO DEFECTS,ON SCENE,NO INJURY / DRIVE AWAY,,,"OVER $1,500",07/24/2019 04:21:00 PM,UNABLE TO DETERMINE,UNABLE TO DETERMINE,415,W,95TH ST,2223,2,NO INDICATION OF INJURY,0,0,0,0,0,5,0,16,4,7,41.721476101,-87.634089094,POINT (-87.63408909403 41.721476101032)
30,NO CONTROLS,NO CONTROLS,SNOW,DAYLIGHT,PARKED MOTOR VEHICLE,DIVIDED - W/MEDIAN (NOT RAISED),STRAIGHT AND LEVEL,SNOW OR SLUSH,UNKNOWN,NOT ON SCENE (DESK REPORT),NO INJURY / DRIVE AWAY,,Y,"OVER $1,500",12/30/2020 01:46:00 PM,UNABLE TO DETERMINE,UNABLE TO DETERMINE,3336,S,WESTERN AVE,911,2,NO INDICATION OF INJURY,0,0,0,0,0,1,0,15,3,12,41.832771331,-87.685235314,POINT (-87.68523531401 41.832771331043)
30,STOP SIGN/FLASHER,FUNCTIONING PROPERLY,CLEAR,DAYLIGHT,ANGLE,NOT DIVIDED,STRAIGHT AND LEVEL,DRY,NO DEFECTS,ON SCENE,INJURY AND / OR TOW DUE TO CRASH,,,"OVER $1,500",05/07/2018 03:14:00 PM,FAILING TO YIELD RIGHT-OF-WAY,NOT APPLICABLE,4499,W,AUGUSTA BLVD,1111,2,NONINCAPACITATING INJURY,1,0,0,1,0,3,0,14,2,5,41.898711995,-87.73837944,POINT (-87.738379440019 41.89871199496)
30,NO CONTROLS,NO CONTROLS,CLEAR,"DARKNESS, LIGHTED ROAD",HEAD ON,ONE-WAY,STRAIGHT AND LEVEL,WET,NO DEFECTS,NOT ON SCENE (DESK REPORT),NO INJURY / DRIVE AWAY,,Y,"OVER $1,500",05/23/2019 01:55:00 PM,UNABLE TO DETERMINE,NOT APPLICABLE,2214,W,BLOOMINGDALE TRL,1434,2,NO INDICATION OF INJURY,0,0,0,0,0,2,0,0,5,5,,,
30,NO CONTROLS,NO CONTROLS,CLEAR,DAYLIGHT,PARKED MOTOR VEHICLE,NOT DIVIDED,STRAIGHT AND LEVEL,DRY,NO DEFECTS,NOT ON SCENE (DESK REPORT),NO INJURY / DRIVE AWAY,,Y,"OVER $1,500",10/24/2019 02:20:00 PM,UNABLE TO DETERMINE,HAD BEEN DRINKING (USE WHEN ARREST IS NOT MADE),1858,W,21ST ST,1234,2,NO INDICATION OF INJURY,0,0,0,0,0,1,0,13,5,10,41.854157235,-87.673321725,POINT (-87.673321725035 41.854157234988)
30,NO CONTROLS,UNKNOWN,CLEAR,DAYLIGHT,REAR END,UNKNOWN,STRAIGHT AND LEVEL,DRY,NO DEFECTS,NOT ON SCENE (DESK REPORT),NO INJURY / DRIVE AWAY,,,"$501 - $1,500",06/04/2019 06:46:00 PM,FOLLOWING TOO CLOSELY,FOLLOWING TOO CLOSELY,6803,W,FOREST PRESERVE AVE,1632,2,NO INDICATION OF INJURY,0,0,0,0,0,2,0,17,3,6,41.958855917,-87.796567158,POINT (-87.796567158001 41.958855917036)
30,STOP SIGN/FLASHER,FUNCTIONING PROPERLY,CLEAR,DAYLIGHT,SIDESWIPE SAME DIRECTION,ONE-WAY,STRAIGHT AND LEVEL,DRY,NO DEFECTS,NOT ON SCENE (DESK REPORT),INJURY AND / OR TOW DUE TO CRASH,Y,,"OVER $1,500",05/15/2017 06:12:00 PM,IMPROPER OVERTAKING/PASSING,FOLLOWING TOO CLOSELY,5301,W,ADAMS ST,1522,2,NO INDICATION OF INJURY,0,0,0,0,0,2,0,18,2,5,41.878327715,-87.757721073,POINT (-87.757721072965 41.878327715041)
55,NO CONTROLS,NO CONTROLS,CLEAR,DAYLIGHT,OTHER OBJECT,DIVIDED - W/MEDIAN BARRIER,STRAIGHT ON HILLCREST,DRY,NO DEFECTS,ON SCENE,INJURY AND / OR TOW DUE TO CRASH,,,"OVER $1,500",08/19/2018 09:00:00 AM,NOT APPLICABLE,NOT APPLICABLE,6900,S,CHICAGO SKYWAY OB,322,1,NONINCAPACITATING INJURY,2,0,0,2,0,0,0,8,1,8,,,