POSTED_SPEED_LIMIT,TRAFFIC_CONTROL_DEVICE,DEVICE_CONDITION,WEATHER_CONDITION,LIGHTING_CONDITION,FIRST_CRASH_TYPE,TRAFFICWAY_TYPE,ALIGNMENT,ROADWAY_SURFACE_COND,ROAD_DEFECT,REPORT_TYPE,CRASH_TYPE,INTERSECTION_RELATED_I,HIT_AND_RUN_I,DAMAGE,DATE_POLICE_NOTIFIED,PRIM_CONTRIBUTORY_CAUSE,SEC_CONTRIBUTORY_CAUSE,STREET_NO,STREET_DIRECTION,STREET_NAME,BEAT_OF_OCCURRENCE,NUM_UNITS,MOST_SEVERE_INJURY,INJURIES_TOTAL,INJURIES_FATAL,INJURIES_INCAPACITATING,INJURIES_NON_INCAPACITATING,INJURIES_REPORTED_NOT_EVIDENT,INJURIES_NO_INDICATION,INJURIES_UNKNOWN,CRASH_HOUR,CRASH_DAY_OF_WEEK,CRASH_MONTH,LATITUDE,LONGITUDE,LOCATION
30,NO CONTROLS,NO CONTROLS,UNKNOWN,UNKNOWN,PARKED MOTOR VEHICLE,NOT DIVIDED,STRAIGHT AND LEVEL,DRY,UNKNOWN,NOT ON SCENE (DESK REPORT),NO INJURY / DRIVE AWAY,,Y,"$501 - $1,500",02/29/2016 04:00:00 PM,UNABLE TO DETERMINE,UNABLE TO DETERMINE,6335,S,CALIFORNIA AVE,825,2,NO INDICATION OF INJURY,0,0,0,0,0,1,0,16,6,2,41.778044783,-87.693217276,POINT (-87.693217275991 41.778044783014)
30,TRAFFIC SIGNAL,FUNCTIONING PROPERLY,CLEAR,DAYLIGHT,SIDESWIPE SAME DIRECTION,DIVIDED - W/MEDIAN BARRIER,STRAIGHT AND LEVEL,DRY,NO DEFECTS,NOT ON SCENE (DESK REPORT),NO INJURY / DRIVE AWAY,,,"OVER $1,500",12/18/2018 10:00:00 AM,FAILING TO YIELD RIGHT-OF-WAY,NOT APPLICABLE,151,N,COLUMBUS DR,114,2,NO INDICATION OF INJURY,0,0,0,0,0,2,0,8,3,12,41.884589493,-87.620498427,POINT (-87.620498427013 41.88458949304)
20,NO CONTROLS,NO CONTROLS,CLEAR,DAYLIGHT,SIDESWIPE SAME DIRECTION,OTHER,STRAIGHT AND LEVEL,WET,NO DEFECTS,ON SCENE,NO INJURY / DRIVE AWAY,,,"OVER $1,500",02/26/2020 10:45:00 AM,FAILING TO YIELD RIGHT-OF-WAY,IMPROPER LANE USAGE,3,W,TERMINAL ST,1653,2,NO INDICATION OF INJURY,0,0,0,0,0,3,0,10,4,2,,,
15,NO CONTROLS,NO CONTROLS,CLEAR,DAYLIGHT,SIDESWIPE SAME DIRECTION,ONE-WAY,STRAIGHT AND LEVEL,SNOW OR SLUSH,NO DEFECTS,ON SCENE,NO INJURY / DRIVE AWAY,,,"OVER $1,500",04/01/2019 06:45:00 AM,IMPROPER OVERTAKING/PASSING,NOT APPLICABLE,3,W,TERMINAL ST,1653,2,NO INDICATION OF INJURY,0,0,0,0,0,2,0,6,2,4,,,
30,STOP SIGN/FLASHER,OTHER,CLEAR,DAYLIGHT,ANGLE,NOT DIVIDED,STRAIGHT AND LEVEL,DRY,NO DEFECTS,ON SCENE,INJURY AND / OR TOW DUE TO CRASH,Y,,"$501 - $1,500",03/10/2022 11:50:00 AM,FAILING TO YIELD RIGHT-OF-WAY,FAILING TO YIELD RIGHT-OF-WAY,7132,W,SCHOOL ST,1632,2,NO INDICATION OF INJURY,0,0,0,0,0,2,0,11,5,3,41.939939616,-87.80571399,POINT (-87.80571399001 41.939939615957)
10,NO CONTROLS,NO CONTROLS,CLEAR,DAYLIGHT,ANGLE,PARKING LOT,STRAIGHT AND LEVEL,DRY,NO DEFECTS,NOT ON SCENE (DESK REPORT),INJURY AND / OR TOW DUE TO CRASH,,,"OVER $1,500",06/05/2018 01:28:00 PM,FAILING TO YIELD RIGHT-OF-WAY,NOT APPLICABLE,3607,W,FULLERTON AVE,2525,2,NONINCAPACITATING INJURY,1,0,0,1,0,2,0,12,3,6,41.924490094,-87.717288131,POINT (-87.717288130979 41.924490093998)
30,TRAFFIC SIGNAL,FUNCTIONING IMPROPERLY,CLEAR,"DARKNESS, LIGHTED ROAD",ANGLE,NOT DIVIDED,STRAIGHT AND LEVEL,DRY,NO DEFECTS,ON SCENE,INJURY AND / OR TOW DUE TO CRASH,Y,,"OVER $1,500",11/25/2016 01:27:00 AM,DISREGARDING TRAFFIC SIGNALS,DISREGARDING TRAFFIC SIGNALS,2703,S,PULASKI RD,1031,2,NO INDICATION OF INJURY,0,0,0,0,0,2,0,1,6,11,41.842261161,-87.724350853,POINT (-87.724350852971 41.842261160991)
30,TRAFFIC SIGNAL,FUNCTIONING PROPERLY,CLEAR,DARKNESS,TURNING,ONE-WAY,STRAIGHT AND LEVEL,DRY,NO DEFECTS,ON SCENE,NO INJURY / DRIVE AWAY,,Y,$500 OR LESS,08/30/2019 07:25:00 PM,IMPROPER OVERTAKING/PASSING,NOT APPLICABLE,1201,N,LEAVITT ST,1424,2,NO INDICATION OF INJURY,0,0,0,0,0,2,0,19,6,8,41.903156214,-87.681994938,POINT (-87.681994937961 41.903156214027)
30,NO CONTROLS,NO CONTROLS,RAIN,DAWN,REAR END,NOT DIVIDED,STRAIGHT AND LEVEL,WET,NO DEFECTS,NOT ON SCENE (DESK REPORT),NO INJURY / DRIVE AWAY,,,"$501 - $1,500",01/20/2017 07:10:00 AM,UNABLE TO DETERMINE,UNABLE TO DETERMINE,1812,W,PETERSON AVE,2413,2,NO INDICATION OF INJURY,0,0,0,0,0,2,0,6,6,1,41.990853025,-87.675780234,POINT (-87.675780233996 41.990853024988)
20,NO CONTROLS,NO CONTROLS,CLEAR,DAYLIGHT,PEDESTRIAN,ONE-WAY,STRAIGHT AND LEVEL,DRY,NO DEFECTS,ON SCENE,INJURY AND / OR TOW DUE TO CRASH,,,$500 OR LESS,01/17/2023 12:50:00 PM,UNABLE TO DETERMINE,NOT APPLICABLE,1,W,TERMINAL ST,1651,2,NONINCAPACITATING INJURY,1,0,0,1,0,1,0,12,3,1,,,
20,NO CONTROLS,NO CONTROLS,CLEAR,DAYLIGHT,REAR END,NOT DIVIDED,STRAIGHT AND LEVEL,DRY,NO DEFECTS,NOT ON SCENE (DESK REPORT),NO INJURY / DRIVE AWAY,,,"$501 - $1,500",01/06/2022 05:30:00 PM,UNABLE TO DETERMINE,NOT APPLICABLE,2529,E,71ST ST,334,2,NO INDICATION OF INJURY,0,0,0,0,0,2,0,16,4,1,,,
20,NO CONTROLS,NO CONTROLS,CLEAR,DAYLIGHT,PARKED MOTOR VEHICLE,PARKING LOT,STRAIGHT AND LEVEL,DRY,NO DEFECTS,ON SCENE,NO INJURY / DRIVE AWAY,,Y,"OVER $1,500",10/06/2019 10:00:00 AM,UNABLE TO DETERMINE,NOT APPLICABLE,2526,W,21ST PL,1023,2,NO INDICATION OF INJURY,0,0,0,0,0,1,0,9,1,10,,,
30,NO CONTROLS,NO CONTROLS,CLEAR,DAYLIGHT,TURNING,ONE-WAY,STRAIGHT AND LEVEL,DRY,NO DEFECTS,NOT ON SCENE (DESK REPORT),NO INJURY / DRIVE AWAY,Y,,"OVER $1,500",08/15/2017 12:05:00 PM,IMPROPER TURNING/NO SIGNAL,IMPROPER TURNING/NO SIGNAL,2819,S,STEWART AVE,914,2,NO INDICATION OF INJURY,0,0,0,0,0,2,0,11,3,8,41.841973133,-87.636321927,POINT (-87.636321926987 41.841973133034)
45,TRAFFIC SIGNAL,FUNCTIONING PROPERLY,CLEAR,DAYLIGHT,SIDESWIPE SAME DIRECTION,DIVIDED - W/MEDIAN BARRIER,"CURVE, LEVEL",DRY,NO DEFECTS,ON SCENE,NO INJURY / DRIVE AWAY,Y,,"$501 - $1,500",04/13/2023 09:00:00 AM,UNABLE TO DETERMINE,NOT APPLICABLE,12300,W,IRVING PARK RD,1654,2,NO INDICATION OF INJURY,0,0,0,0,0,2,0,8,5,4,41.958986951,-87.933993929,POINT (-87.933993928974 41.958986950953)
35,TRAFFIC SIGNAL,FUNCTIONING PROPERLY,RAIN,DAYLIGHT,ANGLE,NOT DIVIDED,STRAIGHT AND LEVEL,WET,NO DEFECTS,ON SCENE,INJURY AND / OR TOW DUE TO CRASH,Y,Y,"$501 - $1,500",06/24/2021 05:26:00 PM,UNABLE TO DETERMINE,NOT APPLICABLE,7404,N,WESTERN AVE,2411,2,NO INDICATION OF INJURY,0,0,0,0,0,2,0,17,5,6,42.01603378,-87.690064013,POINT (-87.690064012981 42.01603377998)
30,NO CONTROLS,NO CONTROLS,CLEAR,"DARKNESS, LIGHTED ROAD",TURNING,NOT DIVIDED,STRAIGHT AND LEVEL,DRY,NO DEFECTS,ON SCENE,NO INJURY / DRIVE AWAY,,Y,"OVER $1,500",03/02/2018 09:45:00 PM,FAILING TO REDUCE SPEED TO AVOID CRASH,NOT APPLICABLE,6255,S,YALE AVE,711,2,NO INDICATION OF INJURY,0,0,0,0,0,3,0,21,6,3,,,
30,TRAFFIC SIGNAL,FUNCTIONING PROPERLY,CLEAR,DAYLIGHT,TURNING,NOT DIVIDED,STRAIGHT AND LEVEL,DRY,NO DEFECTS,,NO INJURY / DRIVE AWAY,,,"OVER $1,500",09/11/2019 01:30:00 PM,UNABLE TO DETERMINE,NOT APPLICABLE,1700,S,KEDZIE AVE,1022,2,NO INDICATION OF INJURY,0,0,0,0,0,2,0,11,4,9,,,
30,NO CONTROLS,NO CONTROLS,CLEAR,"DARKNESS, LIGHTED ROAD",PARKED MOTOR VEHICLE,ONE-WAY,STRAIGHT AND LEVEL,WET,NO DEFECTS,NOT ON SCENE (DESK REPORT),NO INJURY / DRIVE AWAY,,Y,"OVER $1,500",12/28/2022 05:50:00 PM,UNABLE TO DETERMINE,NOT APPLICABLE,1,W,TERMINAL ST,1651,2,NO INDICATION OF INJURY,0,0,0,0,0,1,0,17,4,12,,,
35,TRAFFIC SIGNAL,FUNCTIONING PROPERLY,CLEAR,"DARKNESS, LIGHTED ROAD",REAR END,DIVIDED - W/MEDIAN BARRIER,STRAIGHT AND LEVEL,DRY,NO DEFECTS,ON SCENE,INJURY AND / OR TOW DUE TO CRASH,,,$500 OR LESS,03/11/2020 12:30:00 AM,DISTRACTION - FROM INSIDE VEHICLE,DRIVING SKILLS/KNOWLEDGE/EXPERIENCE,170,N,BESSIE COLEMAN DR,1654,2,"REPORTED, NOT EVIDENT",1,0,0,0,1,4,0,0,4,3,,,
30,TRAFFIC SIGNAL,FUNCTIONING PROPERLY,CLEAR,"DARKNESS, LIGHTED ROAD",SIDESWIPE SAME DIRECTION,FOUR WAY,STRAIGHT AND LEVEL,WET,UNKNOWN,ON SCENE,INJURY AND / OR TOW DUE TO CRASH,Y,,"OVER $1,500",12/22/2022 03:43:00 AM,UNABLE TO DETERMINE,NOT APPLICABLE,8300,S,STONY ISLAND AVE,412,2,NO INDICATION OF INJURY,0,0,0,0,0,2,0,3,5,12,41.744151639,-87.585945067,POINT (-87.585945066953 41.744151639042)
20,NO CONTROLS,NO CONTROLS,CLEAR,DAYLIGHT,SIDESWIPE SAME DIRECTION,ONE-WAY,STRAIGHT AND LEVEL,DRY,NO DEFECTS,ON SCENE,NO INJURY / DRIVE AWAY,,,"OVER $1,500",02/28/2020 12:09:00 PM,FAILING TO YIELD RIGHT-OF-WAY,DRIVING SKILLS/KNOWLEDGE/EXPERIENCE,2,W,TERMINAL ST,1652,2,NO INDICATION OF INJURY,0,0,0,0,0,2,0,12,6,2,,,
10,OTHER,FUNCTIONING PROPERLY,CLEAR,DAYLIGHT,REAR TO FRONT,OTHER,STRAIGHT AND LEVEL,DRY,NO DEFECTS,ON SCENE,NO INJURY / DRIVE AWAY,,,"$501 - $1,500",12/21/2022 03:00:00 PM,UNABLE TO DETERMINE,UNABLE TO DETERMINE,8700,S,CHICAGO SKYWAY OB,412,2,NO INDICATION OF INJURY,0,0,0,0,0,3,0,15,4,12,,,
30,NO CONTROLS,NO CONTROLS,CLEAR,"DARKNESS, LIGHTED ROAD",PEDESTRIAN,NOT DIVIDED,STRAIGHT AND LEVEL,DRY,NO DEFECTS,ON SCENE,INJURY AND / OR TOW DUE TO CRASH,,Y,$500 OR LESS,12/16/2017 01:11:00 AM,UNABLE TO DETERMINE,NOT APPLICABLE,2245,S,MICHIGAN AVE,132,2,NONINCAPACITATING INJURY,1,0,0,1,0,1,0,1,7,12,41.851584026,-87.623623384,POINT (-87.623623384015 41.851584025965)
30,NO CONTROLS,NO CONTROLS,CLEAR,DAYLIGHT,PARKED MOTOR VEHICLE,NOT DIVIDED,STRAIGHT AND LEVEL,DRY,NO DEFECTS,NOT ON SCENE (DESK REPORT),NO INJURY / DRIVE AWAY,,Y,"OVER $1,500",07/02/2022 05:30:00 PM,IMPROPER BACKING,NOT APPLICABLE,1258,W,NORWOOD ST,2433,2,NO INDICATION OF INJURY,0,0,0,0,0,1,0,16,7,7,41.991904767,-87.662554045,POINT (-87.662554044964 41.991904767047)
35,TRAFFIC SIGNAL,UNKNOWN,CLEAR,"DARKNESS, LIGHTED ROAD",SIDESWIPE SAME DIRECTION,NOT DIVIDED,STRAIGHT AND LEVEL,DRY,NO DEFECTS,NOT ON SCENE (DESK REPORT),NO INJURY / DRIVE AWAY,,,"OVER $1,500",07/01/2017 02:12:00 PM,UNABLE TO DETERMINE,UNABLE TO DETERMINE,250,N,LOWER COLUMBUS DR,114,2,NO INDICATION OF INJURY,0,0,0,0,0,3,0,12,7,7,,,
30,TRAFFIC SIGNAL,FUNCTIONING PROPERLY,CLEAR,"DARKNESS, LIGHTED ROAD",ANGLE,DIVIDED - W/MEDIAN BARRIER,STRAIGHT AND LEVEL,DRY,NO DEFECTS,ON SCENE,INJURY AND / OR TOW DUE TO CRASH,Y,,"OVER $1,500",05/03/2020 10:49:00 PM,DISREGARDING TRAFFIC SIGNALS,NOT APPLICABLE,111,E,ONTARIO ST,1834,2,NONINCAPACITATING INJURY,2,0,0,1,1,0,0,22,1,5,41.893216223,-87.624812444,POINT (-87.624812443976 41.893216223021)
30,TRAFFIC SIGNAL,FUNCTIONING PROPERLY,CLEAR,DAYLIGHT,SIDESWIPE SAME DIRECTION,NOT DIVIDED,STRAIGHT AND LEVEL,DRY,NO DEFECTS,NOT ON SCENE (DESK REPORT),NO INJURY / DRIVE AWAY,,,"$501 - $1,500",02/18/2016 01:45:00 PM,IMPROPER TURNING/NO SIGNAL,IMPROPER TURNING/NO SIGNAL,3982,S,CALIFORNIA AVE,921,2,NO INDICATION OF INJURY,0,0,0,0,0,3,0,12,5,2,41.821072094,-87.694749076,POINT (-87.694749075969 41.821072094005)
45,NO CONTROLS,NO CONTROLS,CLEAR,"DARKNESS, LIGHTED ROAD",FIXED OBJECT,DIVIDED - W/MEDIAN BARRIER,"CURVE, LEVEL",DRY,WORN SURFACE,ON SCENE,INJURY AND / OR TOW DUE TO CRASH,,Y,"OVER $1,500",05/29/2021 02:33:00 AM,IMPROPER LANE USAGE,NOT APPLICABLE,5001,S,LAKE SHORE DR SB,222,1,NO INDICATION OF INJURY,0,0,0,0,0,1,0,2,7,5,41.804357658,-87.582050971,POINT (-87.582050971028 41.804357658011)
30,STOP SIGN/FLASHER,FUNCTIONING PROPERLY,CLEAR,"DARKNESS, LIGHTED ROAD",ANGLE,ALLEY,STRAIGHT AND LEVEL,DRY,NO DEFECTS,ON SCENE,INJURY AND / OR TOW DUE TO CRASH,Y,,"OVER $1,500",10/08/2019 05:30:00 AM,UNABLE TO DETERMINE,UNABLE TO DETERMINE,3214,E,136TH ST,433,2,NO INDICATION OF INJURY,0,0,0,0,0,4,0,5,3,10,41.648314124,-87.545234984,POINT (-87.545234983989 41.648314124036)
30,STOP SIGN/FLASHER,FUNCTIONING PROPERLY,CLEAR,DAYLIGHT,ANGLE,NOT DIVIDED,STRAIGHT AND LEVEL,DRY,NO DEFECTS,NOT ON SCENE (DESK REPORT),NO INJURY / DRIVE AWAY,Y,,"OVER $1,500",06/03/2023 06:15:00 PM,UNABLE TO DETERMINE,UNABLE TO DETERMINE,5500,W,FULTON ST,1523,2,NO INDICATION OF INJURY,0,0,0,0,0,2,0,17,7,6,41.885850057,-87.763462584,POINT (-87.763462583999 41.885850056955)
30,NO CONTROLS,NO CONTROLS,CLEAR,"DARKNESS, LIGHTED ROAD",PARKED MOTOR VEHICLE,NOT DIVIDED,STRAIGHT AND LEVEL,DRY,UNKNOWN,ON SCENE,INJURY AND / OR TOW DUE TO CRASH,,,"OVER $1,500",11/16/2020 07:47:00 PM,UNABLE TO DETERMINE,UNABLE TO DETERMINE,2540,S,KEDZIE AVE,1024,5,INCAPACITATING INJURY,1,0,1,0,0,4,0,19,2,11,41.845112295,-87.705201536,POINT (-87.705201536014 41.845112294966)
30,NO CONTROLS,NO CONTROLS,CLEAR,DAYLIGHT,REAR END,NOT DIVIDED,STRAIGHT AND LEVEL,DRY,NO DEFECTS,ON SCENE,NO INJURY / DRIVE AWAY,,Y,"OVER $1,500",07/03/2023 06:24:00 PM,FOLLOWING TOO CLOSELY,FAILING TO REDUCE SPEED TO AVOID CRASH,4400,N,BEACON ST,1913,2,NO INDICATION OF INJURY,0,0,0,0,0,6,0,18,2,7,41.961753352,-87.663885141,POINT (-87.663885141038 41.961753351994)
25,NO CONTROLS,NO CONTROLS,CLEAR,DARKNESS,PARKED MOTOR VEHICLE,NOT DIVIDED,STRAIGHT AND LEVEL,DRY,NO DEFECTS,NOT ON SCENE (DESK REPORT),NO INJURY / DRIVE AWAY,,Y,"OVER $1,500",04/17/2017 07:09:00 AM,NOT APPLICABLE,NOT APPLICABLE,6100,W,STRONG ST,1622,2,NO INDICATION OF INJURY,0,0,0,0,0,1,0,3,2,4,41.970394026,-87.780773805,POINT (-87.780773804994 41.970394025964)
30,NO CONTROLS,NO CONTROLS,UNKNOWN,UNKNOWN,PARKED MOTOR VEHICLE,ONE-WAY,STRAIGHT AND LEVEL,UNKNOWN,UNKNOWN,NOT ON SCENE (DESK REPORT),NO INJURY / DRIVE AWAY,,Y,"$501 - $1,500",06/20/2022 02:00:00 PM,UNABLE TO DETERMINE,NOT APPLICABLE,8027,S,CARPENTER ST,612,2,NO INDICATION OF INJURY,0,0,0,0,0,1,0,11,2,6,41.747906244,-87.649882019,POINT (-87.649882018964 41.747906243964)
25,NO CONTROLS,NO CONTROLS,CLEAR,DAYLIGHT,SIDESWIPE SAME DIRECTION,ONE-WAY,CURVE ON GRADE,DRY,NO DEFECTS,NOT ON SCENE (DESK REPORT),NO INJURY / DRIVE AWAY,,,"OVER $1,500",05/15/2022 08:15:00 AM,IMPROPER OVERTAKING/PASSING,NOT APPLICABLE,102,W,I190 EXPY,1654,2,NO INDICATION OF INJURY,0,0,0,0,0,4,0,8,1,5,,,
30,NO CONTROLS,NO CONTROLS,CLEAR,DAYLIGHT,SIDESWIPE SAME DIRECTION,ONE-WAY,STRAIGHT AND LEVEL,DRY,NO DEFECTS,ON SCENE,NO INJURY / DRIVE AWAY,,,"OVER $1,500",05/28/2019 11:50:00 AM,UNABLE TO DETERMINE,UNABLE TO DETERMINE,2,W,TERMINAL ST,1652,2,NO INDICATION OF INJURY,0,0,0,0,0,2,0,11,3,5,,,
15,NO CONTROLS,NO CONTROLS,CLEAR,DAYLIGHT,PARKED MOTOR VEHICLE,PARKING LOT,STRAIGHT AND LEVEL,DRY,NO DEFECTS,ON SCENE,NO INJURY / DRIVE AWAY,,Y,"OVER $1,500",04/10/2023 08:30:00 AM,IMPROPER BACKING,UNABLE TO DETERMINE,1,W,PARKING LOT G ST,1654,2,NO INDICATION OF INJURY,0,0,0,0,0,1,0,7,2,4,,,
30,NO CONTROLS,NO CONTROLS,CLEAR,DAYLIGHT,PEDESTRIAN,NOT DIVIDED,STRAIGHT AND LEVEL,DRY,UNKNOWN,ON SCENE,NO INJURY / DRIVE AWAY,,Y,$500 OR LESS,03/08/2016 05:40:00 PM,UNABLE TO DETERMINE,UNABLE TO DETERMINE,805,E,63RD ST,312,2,NO INDICATION OF INJURY,0,0,0,0,0,2,0,17,3,3,41.780304839,-87.605684765,POINT (-87.605684764957 41.780304839023)
30,NO CONTROLS,NO CONTROLS,CLEAR,DAYLIGHT,REAR END,NOT DIVIDED,STRAIGHT AND LEVEL,DRY,NO DEFECTS,NOT ON SCENE (DESK REPORT),NO INJURY / DRIVE AWAY,,,"$501 - $1,500",05/08/2020 03:52:00 PM,UNABLE TO DETERMINE,UNABLE TO DETERMINE,598,N,COLUMBUS DR,1834,2,NO INDICATION OF INJURY,0,0,0,0,0,3,0,15,6,5,,,
15,STOP SIGN/FLASHER,FUNCTIONING PROPERLY,SNOW,DAYLIGHT,ANGLE,DIVIDED - W/MEDIAN (NOT RAISED),STRAIGHT AND LEVEL,SNOW OR SLUSH,NO DEFECTS,NOT ON SCENE (DESK REPORT),NO INJURY / DRIVE AWAY,Y,,"$501 - $1,500",04/14/2019 11:57:00 AM,EXCEEDING SAFE SPEED FOR CONDITIONS,DRIVING SKILLS/KNOWLEDGE/EXPERIENCE,200,W,101ST ST,511,2,NO INDICATION OF INJURY,0,0,0,0,0,4,0,11,1,4,41.710859781,-87.628468438,POINT (-87.628468437997 41.710859780955)
30,TRAFFIC SIGNAL,FUNCTIONING PROPERLY,CLEAR,"DARKNESS, LIGHTED ROAD",REAR END,DIVIDED - W/MEDIAN (NOT RAISED),STRAIGHT AND LEVEL,DRY,NO DEFECTS,NOT ON SCENE (DESK REPORT),NO INJURY / DRIVE AWAY,Y,Y,"OVER $1,500",10/22/2021 09:40:00 PM,FOLLOWING TOO CLOSELY,NOT APPLICABLE,7601,S,SOUTH CHICAGO AVE,411,2,NO INDICATION OF INJURY,0,0,0,0,0,3,0,21,6,10,41.756894455,-87.59286789,POINT (-87.592867889958 41.756894454967)
30,TRAFFIC SIGNAL,FUNCTIONING PROPERLY,RAIN,DAYLIGHT,PEDESTRIAN,DIVIDED - W/MEDIAN (NOT RAISED),STRAIGHT AND LEVEL,WET,NO DEFECTS,ON SCENE,INJURY AND / OR TOW DUE TO CRASH,,Y,$500 OR LESS,03/30/2022 06:45:00 PM,FAILING TO YIELD RIGHT-OF-WAY,UNABLE TO DETERMINE,540,N,CLINTON ST,1214,2,NONINCAPACITATING INJURY,1,0,0,1,0,1,0,10,4,3,,,
30,NO CONTROLS,NO CONTROLS,CLEAR,DAYLIGHT,PARKED MOTOR VEHICLE,ONE-WAY,STRAIGHT AND LEVEL,DRY,NO DEFECTS,NOT ON SCENE (DESK REPORT),NO INJURY / DRIVE AWAY,,Y,"OVER $1,500",09/27/2020 06:30:00 PM,UNABLE TO DETERMINE,UNABLE TO DETERMINE,11412,S,WALLACE ST,2233,2,NO INDICATION OF INJURY,0,0,0,0,0,1,0,8,5,9,41.686530516,-87.637501618,POINT (-87.637501617978 41.68653051601)
25,NO CONTROLS,NO CONTROLS,CLEAR,DAYLIGHT,SIDESWIPE SAME DIRECTION,ONE-WAY,STRAIGHT AND LEVEL,DRY,NO DEFECTS,ON SCENE,NO INJURY / DRIVE AWAY,,,"$501 - $1,500",05/16/2019 06:37:00 PM,DISTRACTION - FROM INSIDE VEHICLE,NOT APPLICABLE,1,W,TERMINAL ST,1651,2,NO INDICATION OF INJURY,0,0,0,0,0,2,0,18,5,5,,,
35,TRAFFIC SIGNAL,FUNCTIONING PROPERLY,CLEAR,DAYLIGHT,TURNING,DIVIDED - W/MEDIAN BARRIER,STRAIGHT AND LEVEL,DRY,NO DEFECTS,ON SCENE,INJURY AND / OR TOW DUE TO CRASH,Y,,"OVER $1,500",08/08/2021 07:40:00 AM,FAILING TO YIELD RIGHT-OF-WAY,UNABLE TO DETERMINE,1799,E,57TH DR,331,2,NO INDICATION OF INJURY,0,0,0,0,0,3,0,7,1,8,,,
30,NO CONTROLS,NO CONTROLS,CLEAR,DAYLIGHT,SIDESWIPE SAME DIRECTION,DIVIDED - W/MEDIAN BARRIER,STRAIGHT AND LEVEL,DRY,NO DEFECTS,NOT ON SCENE (DESK REPORT),NO INJURY / DRIVE AWAY,,,"$501 - $1,500",12/17/2015 09:41:00 AM,IMPROPER LANE USAGE,FAILING TO REDUCE SPEED TO AVOID CRASH,400,N,LOWER LAKE SHORE DR,1834,2,NO INDICATION OF INJURY,0,0,0,0,0,2,0,8,5,12,,,
50,NO CONTROLS,NO CONTROLS,CLEAR,DAYLIGHT,SIDESWIPE SAME DIRECTION,DIVIDED - W/MEDIAN BARRIER,STRAIGHT AND LEVEL,DRY,NO DEFECTS,NOT ON SCENE (DESK REPORT),NO INJURY / DRIVE AWAY,,,"$501 - $1,500",10/15/2015 01:45:00 PM,FAILING TO YIELD RIGHT-OF-WAY,NOT APPLICABLE,8800,S,CHICAGO SKYWAY OB,412,2,NO INDICATION OF INJURY,0,0,0,0,0,2,0,16,6,9,,,
30,NO CONTROLS,NO CONTROLS,UNKNOWN,UNKNOWN,PARKED MOTOR VEHICLE,ONE-WAY,STRAIGHT AND LEVEL,UNKNOWN,UNKNOWN,NOT ON SCENE (DESK REPORT),NO INJURY / DRIVE AWAY,,,"$501 - $1,500",10/21/2018 05:34:00 PM,UNABLE TO DETERMINE,UNABLE TO DETERMINE,524,W,OHARE ST,1654,2,NO INDICATION OF INJURY,0,0,0,0,0,1,0,4,6,10,,,
25,NO CONTROLS,NO CONTROLS,CLEAR,DUSK,REAR END,NOT DIVIDED,STRAIGHT AND LEVEL,DRY,NO DEFECTS,ON SCENE,NO INJURY / DRIVE AWAY,,Y,"$501 - $1,500",04/23/2019 07:52:00 PM,NOT APPLICABLE,NOT APPLICABLE,2325,W,AINSLIE ST,2031,2,NO INDICATION OF INJURY,0,0,0,0,0,1,0,17,3,4,41.970333488,-87.687606198,POINT (-87.68760619802 41.970333488046)
30,NO CONTROLS,NO CONTROLS,CLEAR,"DARKNESS, LIGHTED ROAD",FIXED OBJECT,NOT DIVIDED,STRAIGHT AND LEVEL,DRY,NO DEFECTS,ON SCENE,INJURY AND / OR TOW DUE TO CRASH,,Y,"OVER $1,500",07/26/2018 08:45:00 PM,UNABLE TO DETERMINE,NOT APPLICABLE,1710,W,OGDEN AVE,1225,1,INCAPACITATING INJURY,1,0,1,0,0,1,0,20,5,7,41.878685793,-87.669614611,POINT (-87.669614610988 41.878685792957)
15,NO CONTROLS,NO CONTROLS,CLEAR,DAYLIGHT,PARKED MOTOR VEHICLE,PARKING LOT,STRAIGHT AND LEVEL,DRY,NO DEFECTS,ON SCENE,INJURY AND / OR TOW DUE TO CRASH,,Y,"OVER $1,500",09/06/2019 05:20:00 PM,UNABLE TO DETERMINE,UNABLE TO DETERMINE,3099,S,CALIFORNIA BLVD,1034,2,NO INDICATION OF INJURY,0,0,0,0,0,1,0,6,6,9,,,
20,NO CONTROLS,NO CONTROLS,CLEAR,DAYLIGHT,SIDESWIPE SAME DIRECTION,ONE-WAY,"CURVE, LEVEL",DRY,NO DEFECTS,NOT ON SCENE (DESK REPORT),NO INJURY / DRIVE AWAY,,,"OVER $1,500",08/09/2022 07:45:00 AM,IMPROPER OVERTAKING/PASSING,NOT APPLICABLE,1,W,TERMINAL ST,1651,2,NO INDICATION OF INJURY,0,0,0,0,0,2,0,7,3,8,,,
30,NO CONTROLS,NO CONTROLS,RAIN,DAYLIGHT,SIDESWIPE SAME DIRECTION,NOT DIVIDED,STRAIGHT AND LEVEL,WET,NO DEFECTS,NOT ON SCENE (DESK REPORT),NO INJURY / DRIVE AWAY,,,"OVER $1,500",11/01/2017 05:25:00 PM,IMPROPER LANE USAGE,UNABLE TO DETERMINE,3356,W,BELMONT AVE,1733,2,NO INDICATION OF INJURY,0,0,0,0,0,2,0,17,4,11,41.939393673,-87.712358819,POINT (-87.71235881898 41.939393673023)