POSTED_SPEED_LIMIT,TRAFFIC_CONTROL_DEVICE,DEVICE_CONDITION,WEATHER_CONDITION,LIGHTING_CONDITION,FIRST_CRASH_TYPE,TRAFFICWAY_TYPE,ALIGNMENT,ROADWAY_SURFACE_COND,ROAD_DEFECT,REPORT_TYPE,CRASH_TYPE,INTERSECTION_RELATED_I,HIT_AND_RUN_I,DAMAGE,DATE_POLICE_NOTIFIED,PRIM_CONTRIBUTORY_CAUSE,SEC_CONTRIBUTORY_CAUSE,STREET_NO,STREET_DIRECTION,STREET_NAME,BEAT_OF_OCCURRENCE,NUM_UNITS,MOST_SEVERE_INJURY,INJURIES_TOTAL,INJURIES_FATAL,INJURIES_INCAPACITATING,INJURIES_NON_INCAPACITATING,INJURIES_REPORTED_NOT_EVIDENT,INJURIES_NO_INDICATION,INJURIES_UNKNOWN,CRASH_HOUR,CRASH_DAY_OF_WEEK,CRASH_MONTH,LATITUDE,LONGITUDE,LOCATION
10,NO CONTROLS,NO CONTROLS,CLEAR,DAYLIGHT,PARKED MOTOR VEHICLE,PARKING LOT,STRAIGHT AND LEVEL,DRY,UNKNOWN,NOT ON SCENE (DESK REPORT),NO INJURY / DRIVE AWAY,,,"OVER $1,500",08/30/2019 09:13:00 AM,UNABLE TO DETERMINE,UNABLE TO DETERMINE,6014,S,COTTAGE GROVE AVE,313,2,NO INDICATION OF INJURY,0,0,0,0,0,1,0,9,6,8,41.785387445,-87.606183761,POINT (-87.606183761008 41.785387444959)
30,NO CONTROLS,NO CONTROLS,CLOUDY/OVERCAST,DAYLIGHT,REAR END,ONE-WAY,STRAIGHT AND LEVEL,DRY,NO DEFECTS,ON SCENE,INJURY AND / OR TOW DUE TO CRASH,,,"OVER $1,500",06/10/2019 06:51:00 AM,UNABLE TO DETERMINE,UNABLE TO DETERMINE,10,W,I190 EXPY,1654,2,NO INDICATION OF INJURY,0,0,0,0,0,2,0,6,2,6,,,
15,NO CONTROLS,NO CONTROLS,CLEAR,DAYLIGHT,PARKED MOTOR VEHICLE,DIVIDED - W/MEDIAN BARRIER,STRAIGHT AND LEVEL,DRY,NO DEFECTS,ON SCENE,NO INJURY / DRIVE AWAY,,,"$501 - $1,500",11/09/2021 04:00:00 PM,DRIVING SKILLS/KNOWLEDGE/EXPERIENCE,UNABLE TO DETERMINE,412,W,OHARE ST,1654,2,NO INDICATION OF INJURY,0,0,0,0,0,1,0,15,3,11,,,
30,TRAFFIC SIGNAL,FUNCTIONING PROPERLY,RAIN,DAYLIGHT,ANGLE,NOT DIVIDED,STRAIGHT AND LEVEL,WET,NO DEFECTS,ON SCENE,INJURY AND / OR TOW DUE TO CRASH,Y,,"OVER $1,500",03/14/2019 01:29:00 PM,DISREGARDING TRAFFIC SIGNALS,NOT APPLICABLE,201,W,GARFIELD BLVD,225,2,"REPORTED, NOT EVIDENT",2,0,0,0,2,1,0,13,5,3,41.794090446,-87.630527331,POINT (-87.630527331008 41.794090445987)
30,NO CONTROLS,NO CONTROLS,CLEAR,"DARKNESS, LIGHTED ROAD",REAR TO FRONT,NOT DIVIDED,STRAIGHT AND LEVEL,DRY,NO DEFECTS,ON SCENE,NO INJURY / DRIVE AWAY,,Y,"OVER $1,500",09/03/2021 04:00:00 PM,IMPROPER BACKING,NOT APPLICABLE,3821,W,ROOSEVELT RD,1011,2,NO INDICATION OF INJURY,0,0,0,0,0,2,0,21,5,9,41.866119494,-87.720927574,POINT (-87.720927573996 41.866119493974)
30,TRAFFIC SIGNAL,FUNCTIONING PROPERLY,CLEAR,DAYLIGHT,REAR END,DIVIDED - W/MEDIAN (NOT RAISED),STRAIGHT AND LEVEL,DRY,NO DEFECTS,NOT ON SCENE (DESK REPORT),NO INJURY / DRIVE AWAY,,,"OVER $1,500",12/14/2015 03:00:00 PM,FOLLOWING TOO CLOSELY,UNABLE TO DETERMINE,9500,S,BEVERLY AVE,2213,2,NO INDICATION OF INJURY,0,0,0,0,0,2,0,13,2,12,,,
30,NO CONTROLS,NO CONTROLS,CLEAR,DAYLIGHT,ANGLE,NOT DIVIDED,STRAIGHT AND LEVEL,DRY,NO DEFECTS,NOT ON SCENE (DESK REPORT),NO INJURY / DRIVE AWAY,,,"OVER $1,500",07/17/2019 02:40:00 PM,UNABLE TO DETERMINE,UNABLE TO DETERMINE,13,E,35TH ST,213,2,NO INDICATION OF INJURY,0,0,0,0,0,2,0,13,4,7,41.830912925,-87.625968761,POINT (-87.625968761002 41.830912924969)
30,NO CONTROLS,NO CONTROLS,CLEAR,DAYLIGHT,PEDALCYCLIST,OTHER,STRAIGHT AND LEVEL,DRY,NO DEFECTS,ON SCENE,INJURY AND / OR TOW DUE TO CRASH,,,"$501 - $1,500",08/01/2019 09:12:00 AM,UNABLE TO DETERMINE,NOT APPLICABLE,808,W,LAKE ST,1214,2,"REPORTED, NOT EVIDENT",1,0,0,0,1,2,0,9,5,8,41.885767285,-87.647885669,POINT (-87.64788566901 41.885767285022)
10,NO CONTROLS,NO CONTROLS,CLEAR,DAYLIGHT,PARKED MOTOR VEHICLE,PARKING LOT,STRAIGHT AND LEVEL,DRY,NO DEFECTS,,NO INJURY / DRIVE AWAY,,,"OVER $1,500",04/02/2021 04:45:00 PM,UNABLE TO DETERMINE,NOT APPLICABLE,1,W,TERMINAL ST,1651,2,NO INDICATION OF INJURY,0,0,0,0,0,1,0,16,6,4,,,
30,NO CONTROLS,NO CONTROLS,RAIN,"DARKNESS, LIGHTED ROAD",PARKED MOTOR VEHICLE,DIVIDED - W/MEDIAN (NOT RAISED),STRAIGHT AND LEVEL,WET,NO DEFECTS,ON SCENE,NO INJURY / DRIVE AWAY,N,Y,"OVER $1,500",07/02/2023 03:40:00 AM,UNABLE TO DETERMINE,UNABLE TO DETERMINE,3905,W,71ST ST,833,3,NO INDICATION OF INJURY,0,0,0,0,0,1,0,3,1,7,41.764014392,-87.720187951,POINT (-87.720187951029 41.764014392026)
30,NO CONTROLS,NOT FUNCTIONING,CLEAR,DAYLIGHT,PARKED MOTOR VEHICLE,NOT DIVIDED,STRAIGHT AND LEVEL,DRY,NO DEFECTS,ON SCENE,NO INJURY / DRIVE AWAY,,Y,"$501 - $1,500",05/26/2019 07:17:00 PM,IMPROPER BACKING,NOT APPLICABLE,2996,W,53RD ST,923,2,NO INDICATION OF INJURY,0,0,0,0,0,1,0,19,1,5,41.797363274,-87.698723828,POINT (-87.698723828042 41.797363274043)
30,TRAFFIC SIGNAL,FUNCTIONING PROPERLY,CLEAR,DAYLIGHT,SIDESWIPE SAME DIRECTION,DIVIDED - W/MEDIAN (NOT RAISED),STRAIGHT AND LEVEL,DRY,NO DEFECTS,ON SCENE,INJURY AND / OR TOW DUE TO CRASH,,N,"OVER $1,500",05/23/2021 06:42:00 PM,FAILING TO REDUCE SPEED TO AVOID CRASH,UNABLE TO DETERMINE,3732,W,87TH ST,834,5,NO INDICATION OF INJURY,0,0,0,0,0,2,0,18,1,5,41.735070957,-87.715474617,POINT (-87.71547461699 41.735070957004)
30,NO CONTROLS,NO CONTROLS,CLEAR,DAYLIGHT,PARKED MOTOR VEHICLE,ONE-WAY,STRAIGHT AND LEVEL,DRY,NO DEFECTS,ON SCENE,NO INJURY / DRIVE AWAY,,Y,"OVER $1,500",07/02/2020 03:15:00 PM,UNABLE TO DETERMINE,NOT APPLICABLE,4101,S,DR MARTIN LUTHER KING JR SD,214,2,NO INDICATION OF INJURY,0,0,0,0,0,1,0,15,5,7,,,
20,NO CONTROLS,NO CONTROLS,SNOW,DAYLIGHT,REAR END,ONE-WAY,"CURVE, LEVEL",SNOW OR SLUSH,NO DEFECTS,ON SCENE,INJURY AND / OR TOW DUE TO CRASH,,,"OVER $1,500",04/14/2019 11:20:00 AM,UNABLE TO DETERMINE,UNABLE TO DETERMINE,1,W,TERMINAL ST,1651,2,NO INDICATION OF INJURY,0,0,0,0,0,2,0,11,1,4,,,
25,NO CONTROLS,NO CONTROLS,CLEAR,DAWN,SIDESWIPE SAME DIRECTION,OTHER,STRAIGHT AND LEVEL,DRY,NO DEFECTS,ON SCENE,NO INJURY / DRIVE AWAY,,,"OVER $1,500",03/18/2019 06:30:00 AM,UNABLE TO DETERMINE,UNABLE TO DETERMINE,1,W,TERMINAL ST,1651,2,NO INDICATION OF INJURY,0,0,0,0,0,2,0,6,2,3,,,
30,NO CONTROLS,NO CONTROLS,CLEAR,"DARKNESS, LIGHTED ROAD",FIXED OBJECT,DIVIDED - W/MEDIAN BARRIER,STRAIGHT AND LEVEL,DRY,NO DEFECTS,ON SCENE,INJURY AND / OR TOW DUE TO CRASH,,N,"$501 - $1,500",03/03/2018 11:06:00 PM,NOT APPLICABLE,NOT APPLICABLE,8902,S,COLFAX AVE,423,1,NO INDICATION OF INJURY,0,0,0,0,0,1,0,23,7,3,,,
30,TRAFFIC SIGNAL,FUNCTIONING PROPERLY,CLEAR,DAYLIGHT,ANGLE,DIVIDED - W/MEDIAN BARRIER,STRAIGHT AND LEVEL,DRY,NO DEFECTS,ON SCENE,INJURY AND / OR TOW DUE TO CRASH,,,"OVER $1,500",01/25/2018 10:14:00 AM,FAILING TO YIELD RIGHT-OF-WAY,"VISION OBSCURED (SIGNS, TREE LIMBS, BUILDINGS, ETC.)",9531,S,STONY ISLAND AVE,431,2,NONINCAPACITATING INJURY,1,0,0,1,0,1,0,9,5,1,41.721267719,-87.584839485,POINT (-87.584839485043 41.721267718978)
30,STOP SIGN/FLASHER,FUNCTIONING PROPERLY,SNOW,"DARKNESS, LIGHTED ROAD",ANGLE,NOT DIVIDED,STRAIGHT AND LEVEL,ICE,NO DEFECTS,ON SCENE,INJURY AND / OR TOW DUE TO CRASH,Y,,"OVER $1,500",02/24/2023 11:54:00 PM,WEATHER,WEATHER,631,W,OHARE ST,1654,2,NO INDICATION OF INJURY,0,0,0,0,0,2,0,23,6,2,,,
30,TRAFFIC SIGNAL,FUNCTIONING PROPERLY,CLEAR,DAYLIGHT,TURNING,T-INTERSECTION,STRAIGHT AND LEVEL,WET,NO DEFECTS,ON SCENE,NO INJURY / DRIVE AWAY,Y,,"OVER $1,500",03/12/2023 11:06:00 AM,IMPROPER LANE USAGE,IMPROPER TURNING/NO SIGNAL,129,E,GRAND AVE,1834,2,NO INDICATION OF INJURY,0,0,0,0,0,4,0,11,1,3,41.891621161,-87.624253929,POINT (-87.624253929022 41.891621161011)
20,NO CONTROLS,NO CONTROLS,CLEAR,DAYLIGHT,ANGLE,ONE-WAY,STRAIGHT AND LEVEL,DRY,NO DEFECTS,NOT ON SCENE (DESK REPORT),NO INJURY / DRIVE AWAY,Y,Y,"OVER $1,500",02/23/2017 08:30:00 AM,FAILING TO YIELD RIGHT-OF-WAY,NOT APPLICABLE,5317,W,BELDEN AVE,2515,2,NO INDICATION OF INJURY,0,0,0,0,0,2,0,7,5,2,41.922127057,-87.759288684,POINT (-87.759288684047 41.922127056997)
20,NO CONTROLS,NO CONTROLS,CLEAR,DAYLIGHT,SIDESWIPE SAME DIRECTION,ONE-WAY,STRAIGHT AND LEVEL,DRY,NO DEFECTS,NOT ON SCENE (DESK REPORT),NO INJURY / DRIVE AWAY,,,"OVER $1,500",05/11/2022 09:45:00 AM,NOT APPLICABLE,NOT APPLICABLE,4435,S,DR MARTIN LUTHER KING JR SD,221,2,NO INDICATION OF INJURY,0,0,0,0,0,7,0,8,4,5,,,
25,NO CONTROLS,NO CONTROLS,CLEAR,DAYLIGHT,SIDESWIPE SAME DIRECTION,ONE-WAY,STRAIGHT AND LEVEL,DRY,NO DEFECTS,NOT ON SCENE (DESK REPORT),NO INJURY / DRIVE AWAY,,,"OVER $1,500",04/01/2022 10:48:00 AM,FAILING TO YIELD RIGHT-OF-WAY,DRIVING SKILLS/KNOWLEDGE/EXPERIENCE,1,W,TERMINAL ST,1651,2,NO INDICATION OF INJURY,0,0,0,0,0,2,0,10,6,4,,,
20,NO CONTROLS,NO CONTROLS,CLEAR,DAYLIGHT,PARKED MOTOR VEHICLE,ONE-WAY,STRAIGHT AND LEVEL,DRY,NO DEFECTS,NOT ON SCENE (DESK REPORT),NO INJURY / DRIVE AWAY,,,"$501 - $1,500",02/23/2018 06:00:00 PM,FAILING TO YIELD RIGHT-OF-WAY,UNABLE TO DETERMINE,4415,S,DR MARTIN LUTHER KING JR SD,221,2,NO INDICATION OF INJURY,0,0,0,0,0,2,0,16,6,2,,,
15,NO CONTROLS,NO CONTROLS,CLEAR,"DARKNESS, LIGHTED ROAD",FIXED OBJECT,NOT DIVIDED,STRAIGHT AND LEVEL,DRY,NO DEFECTS,NOT ON SCENE (DESK REPORT),NO INJURY / DRIVE AWAY,,,"OVER $1,500",04/06/2018 05:30:00 PM,UNABLE TO DETERMINE,NOT APPLICABLE,1385,E,HYDE PARK BLVD,234,1,,,,,,,,,20,5,4,41.802310396,-87.591930532,POINT (-87.59193053204 41.802310395993)
30,NO CONTROLS,NO CONTROLS,CLEAR,DAYLIGHT,SIDESWIPE SAME DIRECTION,NOT DIVIDED,STRAIGHT AND LEVEL,DRY,NO DEFECTS,ON SCENE,NO INJURY / DRIVE AWAY,Y,,"OVER $1,500",08/31/2022 09:17:00 AM,UNABLE TO DETERMINE,NOT APPLICABLE,4930,S,PEORIA ST,933,2,NO INDICATION OF INJURY,0,0,0,0,0,2,0,9,4,8,,,
30,TRAFFIC SIGNAL,FUNCTIONING PROPERLY,CLEAR,"DARKNESS, LIGHTED ROAD",TURNING,DIVIDED - W/MEDIAN (NOT RAISED),STRAIGHT AND LEVEL,DRY,NO DEFECTS,ON SCENE,INJURY AND / OR TOW DUE TO CRASH,Y,,"OVER $1,500",12/17/2018 01:31:00 AM,FAILING TO YIELD RIGHT-OF-WAY,NOT APPLICABLE,5324,S,CENTRAL AVE,811,2,NO INDICATION OF INJURY,0,0,0,0,0,2,0,1,2,12,41.79573461,-87.762555326,POINT (-87.762555325992 41.795734610035)
30,TRAFFIC SIGNAL,FUNCTIONING PROPERLY,CLEAR,DAYLIGHT,TURNING,DIVIDED - W/MEDIAN (NOT RAISED),STRAIGHT AND LEVEL,DRY,NO DEFECTS,NOT ON SCENE (DESK REPORT),NO INJURY / DRIVE AWAY,Y,,"OVER $1,500",11/01/2022 02:30:00 PM,UNABLE TO DETERMINE,UNABLE TO DETERMINE,500,S,SACRAMENTO BLVD,1134,2,NO INDICATION OF INJURY,0,0,0,0,0,2,0,8,7,10,,,
20,NO CONTROLS,NO CONTROLS,CLEAR,DAYLIGHT,PARKED MOTOR VEHICLE,PARKING LOT,STRAIGHT AND LEVEL,WET,UNKNOWN,NOT ON SCENE (DESK REPORT),NO INJURY / DRIVE AWAY,,,"$501 - $1,500",11/09/2018 02:40:00 PM,IMPROPER OVERTAKING/PASSING,UNABLE TO DETERMINE,2616,E,126TH ST,433,2,NO INDICATION OF INJURY,0,0,0,0,0,1,0,13,6,11,,,
30,TRAFFIC SIGNAL,FUNCTIONING PROPERLY,CLEAR,DAYLIGHT,SIDESWIPE SAME DIRECTION,ONE-WAY,STRAIGHT AND LEVEL,DRY,NO DEFECTS,NOT ON SCENE (DESK REPORT),NO INJURY / DRIVE AWAY,Y,,"OVER $1,500",07/19/2023 06:15:00 AM,IMPROPER OVERTAKING/PASSING,IMPROPER OVERTAKING/PASSING,1120,E,89TH ST,412,2,NO INDICATION OF INJURY,0,0,0,0,0,2,0,4,4,7,41.733225101,-87.596566497,POINT (-87.596566497047 41.73322510098)
30,TRAFFIC SIGNAL,FUNCTIONING PROPERLY,CLEAR,DAYLIGHT,TURNING,NOT DIVIDED,STRAIGHT AND LEVEL,DRY,NO DEFECTS,NOT ON SCENE (DESK REPORT),NO INJURY / DRIVE AWAY,,,"OVER $1,500",01/19/2018 12:00:00 PM,UNABLE TO DETERMINE,UNABLE TO DETERMINE,4050,N,MARINE DR,1915,2,NO INDICATION OF INJURY,0,0,0,0,0,2,0,11,6,1,41.955688916,-87.645669582,POINT (-87.645669582022 41.95568891602)
30,TRAFFIC SIGNAL,FUNCTIONING PROPERLY,CLEAR,DARKNESS,SIDESWIPE SAME DIRECTION,NOT DIVIDED,STRAIGHT AND LEVEL,DRY,NO DEFECTS,NOT ON SCENE (DESK REPORT),NO INJURY / DRIVE AWAY,,,"OVER $1,500",10/20/2020 06:23:00 PM,NOT APPLICABLE,NOT APPLICABLE,1220,S,WABASH AVE,131,2,NO INDICATION OF INJURY,0,0,0,0,0,2,0,17,3,10,41.86682801,-87.625963269,POINT (-87.62596326902 41.866828010004)
35,TRAFFIC SIGNAL,FUNCTIONING PROPERLY,CLEAR,"DARKNESS, LIGHTED ROAD",TURNING,T-INTERSECTION,"CURVE, LEVEL",DRY,NO DEFECTS,NOT ON SCENE (DESK REPORT),INJURY AND / OR TOW DUE TO CRASH,Y,,"OVER $1,500",06/03/2020 11:20:00 PM,IMPROPER TURNING/NO SIGNAL,HAD BEEN DRINKING (USE WHEN ARREST IS NOT MADE),6299,S,LAKE SHORE DR,331,2,NONINCAPACITATING INJURY,3,0,0,3,0,0,0,23,4,6,,,
30,OTHER WARNING SIGN,FUNCTIONING PROPERLY,CLEAR,DAYLIGHT,SIDESWIPE SAME DIRECTION,NOT DIVIDED,STRAIGHT AND LEVEL,DRY,NO DEFECTS,NOT ON SCENE (DESK REPORT),NO INJURY / DRIVE AWAY,,,$500 OR LESS,06/05/2018 12:15:00 PM,IMPROPER LANE USAGE,UNABLE TO DETERMINE,6189,N,CALDWELL AVE,1621,2,NO INDICATION OF INJURY,0,0,0,0,0,2,0,15,6,6,41.993772949,-87.758867947,POINT (-87.758867947042 41.993772948986)
30,TRAFFIC SIGNAL,FUNCTIONING PROPERLY,CLEAR,DAYLIGHT,SIDESWIPE SAME DIRECTION,DIVIDED - W/MEDIAN BARRIER,STRAIGHT AND LEVEL,DRY,NO DEFECTS,ON SCENE,INJURY AND / OR TOW DUE TO CRASH,,Y,"OVER $1,500",12/02/2022 09:10:00 AM,FOLLOWING TOO CLOSELY,FAILING TO REDUCE SPEED TO AVOID CRASH,4943,N,BROADWAY,2033,2,"REPORTED, NOT EVIDENT",1,0,0,0,1,1,0,8,6,12,41.972770902,-87.659623311,POINT (-87.659623310954 41.972770902028)
30,TRAFFIC SIGNAL,FUNCTIONING PROPERLY,CLEAR,DAYLIGHT,REAR END,DIVIDED - W/MEDIAN (NOT RAISED),STRAIGHT AND LEVEL,DRY,NO DEFECTS,ON SCENE,INJURY AND / OR TOW DUE TO CRASH,,,"OVER $1,500",03/22/2021 11:28:00 AM,EQUIPMENT - VEHICLE CONDITION,NOT APPLICABLE,6856,S,HALSTED ST,723,2,NO INDICATION OF INJURY,0,0,0,0,0,3,0,11,2,3,41.768982672,-87.644657428,POINT (-87.644657428037 41.768982671979)
30,NO CONTROLS,NO CONTROLS,CLEAR,DAYLIGHT,REAR END,NOT DIVIDED,STRAIGHT AND LEVEL,WET,NO DEFECTS,NOT ON SCENE (DESK REPORT),INJURY AND / OR TOW DUE TO CRASH,,,$500 OR LESS,09/25/2018 12:02:00 PM,UNABLE TO DETERMINE,NOT APPLICABLE,2598,N,WESTERN AVE,1431,2,"REPORTED, NOT EVIDENT",1,0,0,0,1,2,0,7,3,9,41.928615792,-87.687920247,POINT (-87.687920247039 41.928615792006)
30,TRAFFIC SIGNAL,FUNCTIONING PROPERLY,CLEAR,DAYLIGHT,SIDESWIPE SAME DIRECTION,NOT DIVIDED,STRAIGHT AND LEVEL,DRY,NO DEFECTS,NOT ON SCENE (DESK REPORT),NO INJURY / DRIVE AWAY,Y,Y,"$501 - $1,500",01/17/2019 04:30:00 PM,UNABLE TO DETERMINE,NOT APPLICABLE,800,W,GRAND AVE,1214,2,NO INDICATION OF INJURY,0,0,0,0,0,2,0,11,5,1,41.891293713,-87.647680593,POINT (-87.647680593026 41.891293712961)
20,NO CONTROLS,NO CONTROLS,CLEAR,"DARKNESS, LIGHTED ROAD",SIDESWIPE SAME DIRECTION,PARKING LOT,STRAIGHT AND LEVEL,DRY,NO DEFECTS,ON SCENE,NO INJURY / DRIVE AWAY,,,"OVER $1,500",06/23/2022 09:35:00 PM,UNABLE TO DETERMINE,UNABLE TO DETERMINE,1,W,PARKING LOT E ST,1654,2,NO INDICATION OF INJURY,0,0,0,0,0,2,0,21,5,6,,,
30,TRAFFIC SIGNAL,FUNCTIONING PROPERLY,CLEAR,"DARKNESS, LIGHTED ROAD",TURNING,FOUR WAY,STRAIGHT AND LEVEL,DRY,NO DEFECTS,NOT ON SCENE (DESK REPORT),NO INJURY / DRIVE AWAY,Y,,"OVER $1,500",06/06/2023 11:00:00 AM,FAILING TO YIELD RIGHT-OF-WAY,FAILING TO REDUCE SPEED TO AVOID CRASH,200,W,HARRISON ST,123,2,NO INDICATION OF INJURY,0,0,0,0,0,5,0,0,7,6,41.874590031,-87.633704185,POINT (-87.633704184958 41.874590031007)
30,TRAFFIC SIGNAL,FUNCTIONING PROPERLY,CLEAR,DAYLIGHT,TURNING,NOT DIVIDED,STRAIGHT AND LEVEL,DRY,NO DEFECTS,ON SCENE,INJURY AND / OR TOW DUE TO CRASH,,,"$501 - $1,500",06/28/2018 05:08:00 PM,UNABLE TO DETERMINE,UNABLE TO DETERMINE,3898,S,DR MARTIN LUTHER KING JR SD,212,2,NONINCAPACITATING INJURY,1,0,0,1,0,2,0,17,5,6,,,
40,TRAFFIC SIGNAL,FUNCTIONING PROPERLY,RAIN,DAYLIGHT,REAR END,ONE-WAY,STRAIGHT AND LEVEL,WET,NO DEFECTS,NOT ON SCENE (DESK REPORT),NO INJURY / DRIVE AWAY,Y,Y,"OVER $1,500",11/13/2017 07:50:00 AM,UNABLE TO DETERMINE,UNABLE TO DETERMINE,10,N,BESSIE COLEMAN DR,1654,2,NO INDICATION OF INJURY,0,0,0,0,0,3,0,13,1,11,,,
30,NO CONTROLS,NO CONTROLS,CLEAR,"DARKNESS, LIGHTED ROAD",REAR END,NOT DIVIDED,STRAIGHT AND LEVEL,WET,NO DEFECTS,ON SCENE,INJURY AND / OR TOW DUE TO CRASH,,,"OVER $1,500",02/15/2018 05:45:00 PM,FOLLOWING TOO CLOSELY,FAILING TO REDUCE SPEED TO AVOID CRASH,1459,N,CICERO AVE,2533,2,"REPORTED, NOT EVIDENT",1,0,0,0,1,2,0,17,5,2,41.907717718,-87.745916874,POINT (-87.745916874041 41.907717717976)
20,TRAFFIC SIGNAL,FUNCTIONING PROPERLY,CLEAR,DAYLIGHT,REAR END,DIVIDED - W/MEDIAN (NOT RAISED),STRAIGHT AND LEVEL,DRY,NO DEFECTS,NOT ON SCENE (DESK REPORT),NO INJURY / DRIVE AWAY,,,$500 OR LESS,03/28/2019 09:28:00 AM,UNABLE TO DETERMINE,NOT APPLICABLE,853,S,AUSTIN BLVD,1513,2,NO INDICATION OF INJURY,0,0,0,0,0,2,0,8,5,3,,,
20,TRAFFIC SIGNAL,FUNCTIONING PROPERLY,SNOW,DAYLIGHT,REAR END,UNKNOWN,STRAIGHT AND LEVEL,UNKNOWN,UNKNOWN,NOT ON SCENE (DESK REPORT),NO INJURY / DRIVE AWAY,,,"OVER $1,500",01/25/2023 11:15:00 AM,FOLLOWING TOO CLOSELY,UNABLE TO DETERMINE,4548,N,KEELER AVE,1722,2,NO INDICATION OF INJURY,0,0,0,0,0,2,0,10,4,1,,,
25,NO CONTROLS,NO CONTROLS,CLEAR,DUSK,PARKED MOTOR VEHICLE,NOT DIVIDED,STRAIGHT AND LEVEL,DRY,NO DEFECTS,NOT ON SCENE (DESK REPORT),INJURY AND / OR TOW DUE TO CRASH,,Y,"OVER $1,500",11/29/2019 06:30:00 AM,DISTRACTION - FROM OUTSIDE VEHICLE,DISTRACTION - FROM OUTSIDE VEHICLE,7145,N,GLENWOOD AVE,2423,2,NO INDICATION OF INJURY,0,0,0,0,0,1,0,17,5,11,,,
20,OTHER,OTHER,CLEAR,"DARKNESS, LIGHTED ROAD",FIXED OBJECT,NOT DIVIDED,STRAIGHT AND LEVEL,DRY,UNKNOWN,ON SCENE,INJURY AND / OR TOW DUE TO CRASH,,,"OVER $1,500",06/18/2023 11:00:00 PM,UNDER THE INFLUENCE OF ALCOHOL/DRUGS (USE WHEN ARREST IS EFFECTED),UNDER THE INFLUENCE OF ALCOHOL/DRUGS (USE WHEN ARREST IS EFFECTED),6659,S,RACINE AVE,724,1,NO INDICATION OF INJURY,0,0,0,0,0,1,0,22,1,6,41.772425724,-87.654164978,POINT (-87.654164977951 41.772425724016)
30,NO CONTROLS,NO CONTROLS,CLEAR,DAYLIGHT,SIDESWIPE SAME DIRECTION,NOT DIVIDED,STRAIGHT AND LEVEL,DRY,NO DEFECTS,ON SCENE,NO INJURY / DRIVE AWAY,,,"OVER $1,500",10/20/2018 08:07:00 AM,IMPROPER LANE USAGE,DRIVING SKILLS/KNOWLEDGE/EXPERIENCE,1700,E,130TH ST,434,2,NO INDICATION OF INJURY,0,0,0,0,0,5,0,8,7,10,41.660125762,-87.58501516,POINT (-87.585015160022 41.660125762023)
30,TRAFFIC SIGNAL,FUNCTIONING PROPERLY,CLEAR,"DARKNESS, LIGHTED ROAD",TURNING,CENTER TURN LANE,STRAIGHT AND LEVEL,DRY,NO DEFECTS,ON SCENE,INJURY AND / OR TOW DUE TO CRASH,Y,,"$501 - $1,500",08/04/2018 09:52:00 PM,FAILING TO YIELD RIGHT-OF-WAY,NOT APPLICABLE,313,W,63RD ST,722,2,NO INDICATION OF INJURY,0,0,0,0,0,2,0,21,7,8,41.77983271,-87.633146399,POINT (-87.633146399017 41.779832710019)
30,TRAFFIC SIGNAL,FUNCTIONING PROPERLY,CLEAR,"DARKNESS, LIGHTED ROAD",REAR END,T-INTERSECTION,STRAIGHT AND LEVEL,DRY,NO DEFECTS,ON SCENE,INJURY AND / OR TOW DUE TO CRASH,Y,,"OVER $1,500",11/17/2022 01:48:00 AM,UNABLE TO DETERMINE,UNABLE TO DETERMINE,6259,S,LAKE SHORE DR,331,3,NO INDICATION OF INJURY,0,0,0,0,0,3,0,1,5,11,,,
30,NO CONTROLS,NO CONTROLS,CLEAR,DAYLIGHT,REAR END,NOT DIVIDED,STRAIGHT AND LEVEL,DRY,NO DEFECTS,NOT ON SCENE (DESK REPORT),NO INJURY / DRIVE AWAY,,,"$501 - $1,500",09/28/2016 09:20:00 AM,UNABLE TO DETERMINE,NOT APPLICABLE,6255,S,LAKE SHORE DR,331,2,NO INDICATION OF INJURY,0,0,0,0,0,2,0,7,4,9,,,
30,TRAFFIC SIGNAL,FUNCTIONING PROPERLY,CLEAR,DAYLIGHT,SIDESWIPE SAME DIRECTION,NOT DIVIDED,STRAIGHT AND LEVEL,DRY,NO DEFECTS,NOT ON SCENE (DESK REPORT),NO INJURY / DRIVE AWAY,Y,,"OVER $1,500",01/19/2017 07:45:00 AM,UNABLE TO DETERMINE,UNABLE TO DETERMINE,1780,N,LA SALLE DR,1814,2,NO INDICATION OF INJURY,0,0,0,0,0,2,0,17,4,1,,,
55,NO CONTROLS,NO CONTROLS,SNOW,"DARKNESS, LIGHTED ROAD",FIXED OBJECT,ONE-WAY,STRAIGHT AND LEVEL,SNOW OR SLUSH,UNKNOWN,NOT ON SCENE (DESK REPORT),INJURY AND / OR TOW DUE TO CRASH,,,"$501 - $1,500",01/15/2018 11:23:00 PM,WEATHER,EQUIPMENT - VEHICLE CONDITION,4300,S,DAN RYAN LOCAL OB,925,1,NO INDICATION OF INJURY,0,0,0,0,0,2,0,23,2,1,,,