POSTED_SPEED_LIMIT,TRAFFIC_CONTROL_DEVICE,DEVICE_CONDITION,WEATHER_CONDITION,LIGHTING_CONDITION,FIRST_CRASH_TYPE,TRAFFICWAY_TYPE,ALIGNMENT,ROADWAY_SURFACE_COND,ROAD_DEFECT,REPORT_TYPE,CRASH_TYPE,INTERSECTION_RELATED_I,HIT_AND_RUN_I,DAMAGE,DATE_POLICE_NOTIFIED,PRIM_CONTRIBUTORY_CAUSE,SEC_CONTRIBUTORY_CAUSE,STREET_NO,STREET_DIRECTION,STREET_NAME,BEAT_OF_OCCURRENCE,NUM_UNITS,MOST_SEVERE_INJURY,INJURIES_TOTAL,INJURIES_FATAL,INJURIES_INCAPACITATING,INJURIES_NON_INCAPACITATING,INJURIES_REPORTED_NOT_EVIDENT,INJURIES_NO_INDICATION,INJURIES_UNKNOWN,CRASH_HOUR,CRASH_DAY_OF_WEEK,CRASH_MONTH,LATITUDE,LONGITUDE,LOCATION
30,NO CONTROLS,NO CONTROLS,CLEAR,"DARKNESS, LIGHTED ROAD",FIXED OBJECT,DIVIDED - W/MEDIAN BARRIER,STRAIGHT AND LEVEL,DRY,UNKNOWN,ON SCENE,INJURY AND / OR TOW DUE TO CRASH,,,"OVER $1,500",09/02/2022 03:14:00 AM,EQUIPMENT - VEHICLE CONDITION,EQUIPMENT - VEHICLE CONDITION,1431,W,95TH ST,2213,1,NO INDICATION OF INJURY,0,0,0,0,0,1,0,3,6,9,41.721150404,-87.658966651,POINT (-87.658966651043 41.721150403976)
30,NO CONTROLS,NO CONTROLS,CLEAR,DAYLIGHT,REAR END,DIVIDED - W/MEDIAN (NOT RAISED),STRAIGHT AND LEVEL,DRY,NO DEFECTS,NOT ON SCENE (DESK REPORT),NO INJURY / DRIVE AWAY,,Y,"$501 - $1,500",08/31/2022 04:21:00 PM,FOLLOWING TOO CLOSELY,NOT APPLICABLE,5109,W,FULLERTON AVE,2522,2,NO INDICATION OF INJURY,0,0,0,0,0,2,0,7,4,8,41.924025937,-87.754108923,POINT (-87.754108923036 41.924025936998)
30,UNKNOWN,UNKNOWN,UNKNOWN,UNKNOWN,SIDESWIPE SAME DIRECTION,NOT DIVIDED,STRAIGHT AND LEVEL,UNKNOWN,UNKNOWN,NOT ON SCENE (DESK REPORT),NO INJURY / DRIVE AWAY,,,"OVER $1,500",03/02/2016 04:35:00 PM,UNABLE TO DETERMINE,NOT APPLICABLE,6148,W,BRYN MAWR AVE,1622,2,NO INDICATION OF INJURY,0,0,0,0,0,3,0,15,4,3,41.983014558,-87.78220528,POINT (-87.782205279991 41.983014558005)
30,STOP SIGN/FLASHER,FUNCTIONING PROPERLY,RAIN,DUSK,REAR END,NOT DIVIDED,STRAIGHT AND LEVEL,WET,NO DEFECTS,NOT ON SCENE (DESK REPORT),NO INJURY / DRIVE AWAY,,,"$501 - $1,500",10/12/2017 09:30:00 AM,FOLLOWING TOO CLOSELY,NOT APPLICABLE,7301,W,HIGGINS AVE,1613,2,NO INDICATION OF INJURY,0,0,0,0,0,2,0,17,4,10,,,
25,NO CONTROLS,NO CONTROLS,CLEAR,DAYLIGHT,SIDESWIPE SAME DIRECTION,ONE-WAY,STRAIGHT AND LEVEL,DRY,NO DEFECTS,ON SCENE,NO INJURY / DRIVE AWAY,,,"$501 - $1,500",06/17/2019 10:20:00 AM,UNABLE TO DETERMINE,UNABLE TO DETERMINE,3,W,TERMINAL ST,1653,2,NO INDICATION OF INJURY,0,0,0,0,0,3,0,9,2,6,,,
30,NO CONTROLS,NO CONTROLS,CLEAR,DAYLIGHT,REAR END,NOT DIVIDED,STRAIGHT AND LEVEL,DRY,NO DEFECTS,NOT ON SCENE (DESK REPORT),NO INJURY / DRIVE AWAY,,,"$501 - $1,500",08/21/2016 04:00:00 PM,CELL PHONE USE OTHER THAN TEXTING,NOT APPLICABLE,6135,N,SEELEY AVE,2413,2,NO INDICATION OF INJURY,0,0,0,0,0,3,0,15,1,8,41.992896163,-87.680973163,POINT (-87.680973163042 41.992896163009)
30,NO CONTROLS,NO CONTROLS,CLEAR,"DARKNESS, LIGHTED ROAD",SIDESWIPE SAME DIRECTION,NOT DIVIDED,STRAIGHT AND LEVEL,DRY,NO DEFECTS,ON SCENE,NO INJURY / DRIVE AWAY,,,"OVER $1,500",11/26/2017 05:45:00 PM,NOT APPLICABLE,NOT APPLICABLE,1204,N,CLARK ST,1821,2,NO INDICATION OF INJURY,0,0,0,0,0,2,0,17,1,11,41.904101491,-87.631598255,POINT (-87.63159825499 41.904101490958)
30,STOP SIGN/FLASHER,FUNCTIONING PROPERLY,CLEAR,DARKNESS,ANGLE,FOUR WAY,STRAIGHT AND LEVEL,DRY,NO DEFECTS,NOT ON SCENE (DESK REPORT),NO INJURY / DRIVE AWAY,Y,Y,"OVER $1,500",07/02/2022 01:20:00 PM,DRIVING ON WRONG SIDE/WRONG WAY,DRIVING ON WRONG SIDE/WRONG WAY,8330,S,HOMAN AVE,834,2,NO INDICATION OF INJURY,0,0,0,0,0,2,0,23,6,7,41.741546432,-87.70718841,POINT (-87.707188410036 41.741546432016)
30,STOP SIGN/FLASHER,FUNCTIONING PROPERLY,RAIN,DAWN,REAR END,ONE-WAY,STRAIGHT AND LEVEL,WET,NO DEFECTS,NOT ON SCENE (DESK REPORT),NO INJURY / DRIVE AWAY,,Y,"OVER $1,500",10/12/2022 07:25:00 AM,FAILING TO YIELD RIGHT-OF-WAY,FAILING TO REDUCE SPEED TO AVOID CRASH,7301,W,HIGGINS AVE,1613,2,NO INDICATION OF INJURY,0,0,0,0,0,2,0,6,4,10,,,
20,OTHER,FUNCTIONING PROPERLY,CLEAR,DAYLIGHT,FIXED OBJECT,ONE-WAY,STRAIGHT AND LEVEL,DRY,NO DEFECTS,ON SCENE,INJURY AND / OR TOW DUE TO CRASH,,,"OVER $1,500",07/04/2020 12:45:00 PM,IMPROPER LANE USAGE,NOT APPLICABLE,1,W,PARKING LOT A ST,1654,1,NO INDICATION OF INJURY,0,0,0,0,0,1,0,12,7,7,,,
20,NO CONTROLS,NO CONTROLS,CLEAR,"DARKNESS, LIGHTED ROAD",SIDESWIPE SAME DIRECTION,ONE-WAY,STRAIGHT AND LEVEL,DRY,NO DEFECTS,ON SCENE,NO INJURY / DRIVE AWAY,,,"OVER $1,500",03/17/2023 06:25:00 AM,DRIVING SKILLS/KNOWLEDGE/EXPERIENCE,UNABLE TO DETERMINE,1,W,TERMINAL ST,1651,2,NO INDICATION OF INJURY,0,0,0,0,0,2,0,6,6,3,,,
30,NO CONTROLS,NO CONTROLS,CLEAR,DAYLIGHT,SIDESWIPE SAME DIRECTION,OTHER,STRAIGHT AND LEVEL,DRY,NO DEFECTS,NOT ON SCENE (DESK REPORT),NO INJURY / DRIVE AWAY,,,"OVER $1,500",05/19/2018 12:00:00 PM,"OPERATING VEHICLE IN ERRATIC, RECKLESS, CARELESS, NEGLIGENT OR AGGRESSIVE MANNER",NOT APPLICABLE,8000,S,CHICAGO SKYWAY OB,411,2,NO INDICATION OF INJURY,0,0,0,0,0,2,0,17,5,5,,,
30,TRAFFIC SIGNAL,FUNCTIONING PROPERLY,CLEAR,"DARKNESS, LIGHTED ROAD",REAR END,NOT DIVIDED,STRAIGHT AND LEVEL,UNKNOWN,UNKNOWN,NOT ON SCENE (DESK REPORT),NO INJURY / DRIVE AWAY,,,"OVER $1,500",01/06/2023 05:40:00 PM,UNABLE TO DETERMINE,NOT APPLICABLE,8300,S,STONY ISLAND AVE,412,2,NO INDICATION OF INJURY,0,0,0,0,0,3,0,16,6,1,41.744151639,-87.585945067,POINT (-87.585945066953 41.744151639042)
45,NO CONTROLS,NO CONTROLS,CLEAR,DAYLIGHT,TURNING,DIVIDED - W/MEDIAN BARRIER,STRAIGHT AND LEVEL,DRY,NO DEFECTS,ON SCENE,NO INJURY / DRIVE AWAY,,,"$501 - $1,500",10/13/2020 04:05:00 PM,IMPROPER LANE USAGE,NOT APPLICABLE,4331,N,MANNHEIM RD,1654,2,NO INDICATION OF INJURY,0,0,0,0,0,2,0,16,3,10,,,
25,NO CONTROLS,NO CONTROLS,CLOUDY/OVERCAST,DAYLIGHT,SIDESWIPE SAME DIRECTION,OTHER,STRAIGHT AND LEVEL,WET,NO DEFECTS,ON SCENE,NO INJURY / DRIVE AWAY,,,$500 OR LESS,10/21/2019 09:16:00 AM,FAILING TO YIELD RIGHT-OF-WAY,NOT APPLICABLE,1,W,TERMINAL ST,1651,2,NO INDICATION OF INJURY,0,0,0,0,0,4,0,9,2,10,,,
0,NO CONTROLS,NO CONTROLS,CLEAR,DAYLIGHT,FIXED OBJECT,ALLEY,STRAIGHT AND LEVEL,DRY,NO DEFECTS,ON SCENE,NO INJURY / DRIVE AWAY,,,"$501 - $1,500",05/11/2020 12:50:00 PM,"VISION OBSCURED (SIGNS, TREE LIMBS, BUILDINGS, ETC.)",UNABLE TO DETERMINE,9035,S,HALSTED ST,2223,1,NO INDICATION OF INJURY,0,0,0,0,0,2,0,12,2,5,41.729738814,-87.64329779,POINT (-87.643297790027 41.729738814043)
15,NO CONTROLS,NO CONTROLS,CLEAR,DAYLIGHT,SIDESWIPE SAME DIRECTION,ONE-WAY,STRAIGHT AND LEVEL,DRY,NO DEFECTS,ON SCENE,NO INJURY / DRIVE AWAY,,,"OVER $1,500",04/05/2023 01:15:00 PM,UNABLE TO DETERMINE,NOT APPLICABLE,1,S,DOOR 4 ST,813,2,NO INDICATION OF INJURY,0,0,0,0,0,2,0,13,4,4,,,
30,NO CONTROLS,NO CONTROLS,CLEAR,"DARKNESS, LIGHTED ROAD",PARKED MOTOR VEHICLE,NOT DIVIDED,STRAIGHT AND LEVEL,DRY,NO DEFECTS,ON SCENE,INJURY AND / OR TOW DUE TO CRASH,,,"OVER $1,500",04/13/2022 04:00:00 AM,UNABLE TO DETERMINE,NOT APPLICABLE,128,S,KOSTNER AVE,1113,2,NO INDICATION OF INJURY,0,0,0,0,0,1,0,3,4,4,41.87879283,-87.735560757,POINT (-87.735560757035 41.878792829979)
35,NO CONTROLS,NO CONTROLS,CLEAR,"DARKNESS, LIGHTED ROAD",PARKED MOTOR VEHICLE,NOT DIVIDED,STRAIGHT AND LEVEL,DRY,NO DEFECTS,ON SCENE,NO INJURY / DRIVE AWAY,,Y,"$501 - $1,500",09/27/2020 01:33:00 AM,"OPERATING VEHICLE IN ERRATIC, RECKLESS, CARELESS, NEGLIGENT OR AGGRESSIVE MANNER",NOT APPLICABLE,401,S,HOMAN AVE,1134,2,NO INDICATION OF INJURY,0,0,0,0,0,1,0,1,1,9,41.87540852,-87.710679097,POINT (-87.71067909701 41.875408519999)
10,NO CONTROLS,NO CONTROLS,CLEAR,DAYLIGHT,REAR TO SIDE,PARKING LOT,STRAIGHT AND LEVEL,DRY,NO DEFECTS,NOT ON SCENE (DESK REPORT),NO INJURY / DRIVE AWAY,,,$500 OR LESS,06/11/2019 01:30:00 PM,IMPROPER BACKING,IMPROPER BACKING,172,N,BESSIE COLEMAN DR,1654,2,NO INDICATION OF INJURY,0,0,0,0,0,3,0,15,2,6,,,
0,TRAFFIC SIGNAL,FUNCTIONING PROPERLY,CLEAR,"DARKNESS, LIGHTED ROAD",TURNING,ONE-WAY,STRAIGHT AND LEVEL,DRY,NO DEFECTS,NOT ON SCENE (DESK REPORT),NO INJURY / DRIVE AWAY,Y,,"OVER $1,500",12/30/2015 06:20:00 AM,IMPROPER LANE USAGE,NOT APPLICABLE,636,N,RACINE AVE,1215,2,NO INDICATION OF INJURY,0,0,0,0,0,2,0,5,4,12,41.893380429,-87.657587738,POINT (-87.657587737968 41.893380429025)
10,OTHER,FUNCTIONING PROPERLY,CLEAR,DAYLIGHT,SIDESWIPE SAME DIRECTION,OTHER,STRAIGHT AND LEVEL,DRY,NO DEFECTS,ON SCENE,NO INJURY / DRIVE AWAY,,,"$501 - $1,500",02/02/2023 03:40:00 PM,UNABLE TO DETERMINE,NOT APPLICABLE,8700,S,CHICAGO SKYWAY OB,412,2,NO INDICATION OF INJURY,0,0,0,0,0,2,0,15,5,2,,,
15,NO CONTROLS,NO CONTROLS,RAIN,"DARKNESS, LIGHTED ROAD",PARKED MOTOR VEHICLE,DRIVEWAY,STRAIGHT AND LEVEL,WET,NO DEFECTS,ON SCENE,NO INJURY / DRIVE AWAY,,,$500 OR LESS,07/15/2020 11:49:00 PM,UNABLE TO DETERMINE,NOT APPLICABLE,513,W,OHARE ST,1654,2,NO INDICATION OF INJURY,0,0,0,0,0,1,0,23,4,7,,,
30,NO CONTROLS,NO CONTROLS,CLEAR,DAYLIGHT,PARKED MOTOR VEHICLE,NOT DIVIDED,STRAIGHT AND LEVEL,DRY,NO DEFECTS,NOT ON SCENE (DESK REPORT),NO INJURY / DRIVE AWAY,,,$500 OR LESS,02/05/2020 12:24:00 PM,UNABLE TO DETERMINE,UNABLE TO DETERMINE,2434,W,FULLERTON AVE,1431,2,NO INDICATION OF INJURY,0,0,0,0,0,1,0,12,4,2,41.924997008,-87.68905401,POINT (-87.689054009972 41.924997008049)
30,TRAFFIC SIGNAL,FUNCTIONING PROPERLY,CLEAR,DAYLIGHT,TURNING,DIVIDED - W/MEDIAN (NOT RAISED),STRAIGHT AND LEVEL,DRY,NO DEFECTS,ON SCENE,NO INJURY / DRIVE AWAY,Y,,"OVER $1,500",07/25/2021 11:25:00 AM,FAILING TO YIELD RIGHT-OF-WAY,FAILING TO YIELD RIGHT-OF-WAY,1332,W,DIVISION ST,1433,2,NO INDICATION OF INJURY,0,0,0,0,0,2,0,11,1,7,41.903536788,-87.661859583,POINT (-87.661859582959 41.903536788031)
25,NO CONTROLS,NO CONTROLS,CLEAR,DAYLIGHT,REAR END,NOT DIVIDED,STRAIGHT AND LEVEL,DRY,NO DEFECTS,NOT ON SCENE (DESK REPORT),NO INJURY / DRIVE AWAY,,,"OVER $1,500",09/09/2019 01:10:00 PM,FOLLOWING TOO CLOSELY,NOT APPLICABLE,3244,W,59TH ST,822,2,NO INDICATION OF INJURY,0,0,0,0,0,2,0,12,2,9,41.786328045,-87.705136175,POINT (-87.705136175049 41.786328044987)
30,TRAFFIC SIGNAL,FUNCTIONING PROPERLY,RAIN,DAYLIGHT,TURNING,ONE-WAY,STRAIGHT AND LEVEL,WET,NO DEFECTS,NOT ON SCENE (DESK REPORT),NO INJURY / DRIVE AWAY,Y,,"OVER $1,500",07/06/2016 09:30:00 AM,IMPROPER TURNING/NO SIGNAL,NOT APPLICABLE,36,W,SUPERIOR ST,1832,2,NO INDICATION OF INJURY,0,0,0,0,0,3,0,8,4,7,41.895768039,-87.629678317,POINT (-87.629678317 41.895768039028)
30,NO CONTROLS,NO CONTROLS,RAIN,"DARKNESS, LIGHTED ROAD",REAR END,ONE-WAY,STRAIGHT AND LEVEL,WET,NO DEFECTS,NOT ON SCENE (DESK REPORT),NO INJURY / DRIVE AWAY,,,"OVER $1,500",07/17/2022 03:58:00 AM,UNABLE TO DETERMINE,NOT APPLICABLE,3338,S,ABERDEEN ST,913,2,NO INDICATION OF INJURY,0,0,0,0,0,2,0,3,1,7,41.83321922,-87.653610293,POINT (-87.65361029304 41.833219220019)
30,NO CONTROLS,NO CONTROLS,CLEAR,DAYLIGHT,PARKED MOTOR VEHICLE,NOT DIVIDED,STRAIGHT AND LEVEL,DRY,NO DEFECTS,ON SCENE,INJURY AND / OR TOW DUE TO CRASH,,Y,"OVER $1,500",01/23/2023 05:20:00 PM,PHYSICAL CONDITION OF DRIVER,UNABLE TO DETERMINE,4509,S,PRAIRIE AVE,215,2,NONINCAPACITATING INJURY,1,0,0,1,0,1,0,12,4,1,41.812651248,-87.619538078,POINT (-87.619538078019 41.81265124805)
30,TRAFFIC SIGNAL,FUNCTIONING PROPERLY,CLEAR,DAYLIGHT,REAR END,NOT DIVIDED,STRAIGHT AND LEVEL,DRY,NO DEFECTS,NOT ON SCENE (DESK REPORT),NO INJURY / DRIVE AWAY,Y,,"$501 - $1,500",07/18/2019 05:53:00 PM,UNABLE TO DETERMINE,UNABLE TO DETERMINE,127,E,GRAND AVE,1834,2,NO INDICATION OF INJURY,0,0,0,0,0,2,0,17,5,7,41.891621161,-87.624253929,POINT (-87.624253929022 41.891621161011)
25,TRAFFIC SIGNAL,FUNCTIONING PROPERLY,CLEAR,DAYLIGHT,REAR END,OTHER,STRAIGHT AND LEVEL,DRY,NO DEFECTS,ON SCENE,INJURY AND / OR TOW DUE TO CRASH,,,"OVER $1,500",12/02/2020 09:01:00 AM,FAILING TO REDUCE SPEED TO AVOID CRASH,UNABLE TO DETERMINE,11247,S,HAMLET AVE,2234,2,NONINCAPACITATING INJURY,1,0,0,1,0,2,0,9,4,12,,,
30,NO CONTROLS,NO CONTROLS,CLEAR,DARKNESS,SIDESWIPE SAME DIRECTION,NOT DIVIDED,STRAIGHT AND LEVEL,DRY,NO DEFECTS,NOT ON SCENE (DESK REPORT),NO INJURY / DRIVE AWAY,,Y,"OVER $1,500",03/17/2023 09:51:00 PM,IMPROPER OVERTAKING/PASSING,IMPROPER OVERTAKING/PASSING,9300,S,ST LAWRENCE AVE,633,2,NO INDICATION OF INJURY,0,0,0,0,0,6,0,20,6,3,,,
10,NO CONTROLS,NO CONTROLS,CLEAR,DAYLIGHT,PARKED MOTOR VEHICLE,PARKING LOT,STRAIGHT AND LEVEL,DRY,NO DEFECTS,NOT ON SCENE (DESK REPORT),NO INJURY / DRIVE AWAY,,,$500 OR LESS,08/15/2018 05:35:00 PM,UNABLE TO DETERMINE,UNABLE TO DETERMINE,2640,W,PERSHING RD,911,2,NO INDICATION OF INJURY,0,0,0,0,0,1,0,17,4,8,41.822958463,-87.691425915,POINT (-87.691425915045 41.822958462973)
30,NO CONTROLS,NO CONTROLS,CLEAR,DAYLIGHT,REAR END,DIVIDED - W/MEDIAN BARRIER,STRAIGHT AND LEVEL,DRY,NO DEFECTS,ON SCENE,INJURY AND / OR TOW DUE TO CRASH,,,"OVER $1,500",05/19/2019 04:23:00 PM,FOLLOWING TOO CLOSELY,UNABLE TO DETERMINE,401,N,LOWER LAKE SHORE DR,1834,2,NO INDICATION OF INJURY,0,0,0,0,0,3,0,16,1,5,,,
35,TRAFFIC SIGNAL,FUNCTIONING PROPERLY,CLEAR,DAYLIGHT,REAR END,ONE-WAY,STRAIGHT AND LEVEL,DRY,NO DEFECTS,ON SCENE,NO INJURY / DRIVE AWAY,Y,,"OVER $1,500",05/09/2019 06:35:00 PM,"OPERATING VEHICLE IN ERRATIC, RECKLESS, CARELESS, NEGLIGENT OR AGGRESSIVE MANNER",UNDER THE INFLUENCE OF ALCOHOL/DRUGS (USE WHEN ARREST IS EFFECTED),10,N,BESSIE COLEMAN DR,1654,2,NO INDICATION OF INJURY,0,0,0,0,0,2,0,18,5,5,,,
30,TRAFFIC SIGNAL,FUNCTIONING PROPERLY,CLEAR,DAYLIGHT,REAR END,DIVIDED - W/MEDIAN BARRIER,STRAIGHT AND LEVEL,DRY,NO DEFECTS,ON SCENE,INJURY AND / OR TOW DUE TO CRASH,,,"OVER $1,500",12/16/2019 10:17:00 AM,FOLLOWING TOO CLOSELY,UNABLE TO DETERMINE,809,S,DAMEN AVE,1231,2,NONINCAPACITATING INJURY,1,0,0,1,0,1,0,10,2,12,41.871207853,-87.676228848,POINT (-87.676228847973 41.871207853017)
20,OTHER,NO CONTROLS,CLEAR,"DARKNESS, LIGHTED ROAD",ANGLE,PARKING LOT,STRAIGHT AND LEVEL,DRY,NO DEFECTS,ON SCENE,NO INJURY / DRIVE AWAY,,,$500 OR LESS,10/16/2022 07:30:00 PM,NOT APPLICABLE,NOT APPLICABLE,524,W,OHARE ST,1654,2,NO INDICATION OF INJURY,0,0,0,0,0,2,0,19,1,10,,,
30,STOP SIGN/FLASHER,FUNCTIONING PROPERLY,CLEAR,DAWN,REAR END,DIVIDED - W/MEDIAN (NOT RAISED),STRAIGHT AND LEVEL,DRY,NO DEFECTS,NOT ON SCENE (DESK REPORT),NO INJURY / DRIVE AWAY,,,"$501 - $1,500",09/11/2021 05:55:00 AM,UNABLE TO DETERMINE,UNABLE TO DETERMINE,711,S,DAMEN AVE,1231,2,NO INDICATION OF INJURY,0,0,0,0,0,2,0,5,7,9,0,0,POINT (0 0)
30,NO CONTROLS,NO CONTROLS,CLEAR,"DARKNESS, LIGHTED ROAD",PARKED MOTOR VEHICLE,NOT DIVIDED,STRAIGHT AND LEVEL,DRY,UNKNOWN,NOT ON SCENE (DESK REPORT),NO INJURY / DRIVE AWAY,,Y,"$501 - $1,500",09/30/2017 05:49:00 PM,UNABLE TO DETERMINE,UNABLE TO DETERMINE,2427,W,MADISON ST,1125,2,NO INDICATION OF INJURY,0,0,0,0,0,1,0,2,7,9,41.881041889,-87.687423607,POINT (-87.687423607029 41.881041888962)
40,TRAFFIC SIGNAL,FUNCTIONING PROPERLY,RAIN,DARKNESS,REAR END,FOUR WAY,STRAIGHT AND LEVEL,WET,NO DEFECTS,NOT ON SCENE (DESK REPORT),NO INJURY / DRIVE AWAY,,Y,"OVER $1,500",11/30/2019 05:55:00 PM,FOLLOWING TOO CLOSELY,DRIVING SKILLS/KNOWLEDGE/EXPERIENCE,8300,S,STONY ISLAND AVE,412,2,NO INDICATION OF INJURY,0,0,0,0,0,2,0,17,7,11,41.744151639,-87.585945067,POINT (-87.585945066953 41.744151639042)
30,TRAFFIC SIGNAL,FUNCTIONING PROPERLY,CLEAR,DAYLIGHT,TURNING,CENTER TURN LANE,STRAIGHT AND LEVEL,DRY,NO DEFECTS,NOT ON SCENE (DESK REPORT),INJURY AND / OR TOW DUE TO CRASH,,,"OVER $1,500",10/16/2018 09:30:00 PM,FAILING TO YIELD RIGHT-OF-WAY,UNABLE TO DETERMINE,1632,E,67TH ST,331,2,NO INDICATION OF INJURY,0,0,0,0,0,2,0,13,3,10,41.773455972,-87.585022352,POINT (-87.585022352022 41.773455972008)
30,NO CONTROLS,NO CONTROLS,CLEAR,DAYLIGHT,REAR END,DIVIDED - W/MEDIAN (NOT RAISED),STRAIGHT AND LEVEL,DRY,NO DEFECTS,NOT ON SCENE (DESK REPORT),NO INJURY / DRIVE AWAY,,,"$501 - $1,500",10/06/2017 06:36:00 PM,UNABLE TO DETERMINE,NOT APPLICABLE,756,E,RAINEY DR,233,2,NO INDICATION OF INJURY,0,0,0,0,0,3,0,16,5,10,,,
35,TRAFFIC SIGNAL,FUNCTIONING PROPERLY,CLEAR,DAYLIGHT,HEAD ON,NOT DIVIDED,STRAIGHT AND LEVEL,DRY,NO DEFECTS,ON SCENE,NO INJURY / DRIVE AWAY,,,$500 OR LESS,10/25/2017 10:34:00 AM,EXCEEDING AUTHORIZED SPEED LIMIT,IMPROPER LANE USAGE,1632,E,67TH ST,331,2,NO INDICATION OF INJURY,0,0,0,0,0,2,0,10,4,10,41.773455972,-87.585022352,POINT (-87.585022352022 41.773455972008)
10,NO CONTROLS,NO CONTROLS,CLOUDY/OVERCAST,DAYLIGHT,FIXED OBJECT,OTHER,STRAIGHT AND LEVEL,DRY,NO DEFECTS,ON SCENE,NO INJURY / DRIVE AWAY,,,"OVER $1,500",01/11/2017 08:00:00 AM,NOT APPLICABLE,NOT APPLICABLE,8801,S,CHICAGO SKYWAY IB,423,1,NO INDICATION OF INJURY,0,0,0,0,0,1,0,7,4,1,,,
20,NO CONTROLS,NO CONTROLS,CLEAR,DAYLIGHT,SIDESWIPE OPPOSITE DIRECTION,OTHER,STRAIGHT AND LEVEL,DRY,NO DEFECTS,ON SCENE,NO INJURY / DRIVE AWAY,,,$500 OR LESS,06/23/2021 04:58:00 PM,NOT APPLICABLE,NOT APPLICABLE,1,W,TERMINAL ST,1651,2,NO INDICATION OF INJURY,0,0,0,0,0,2,0,16,4,6,,,
30,TRAFFIC SIGNAL,FUNCTIONING PROPERLY,CLEAR,DAYLIGHT,REAR END,NOT DIVIDED,STRAIGHT AND LEVEL,DRY,NO DEFECTS,ON SCENE,NO INJURY / DRIVE AWAY,Y,,"$501 - $1,500",01/12/2018 01:45:00 PM,FAILING TO YIELD RIGHT-OF-WAY,UNABLE TO DETERMINE,205,N,COLUMBUS DR,114,2,NO INDICATION OF INJURY,0,0,0,0,0,2,0,12,6,1,41.886070174,-87.620536589,POINT (-87.620536589034 41.88607017398)
35,TRAFFIC SIGNAL,FUNCTIONING PROPERLY,SEVERE CROSS WIND GATE,DARKNESS,REAR END,DIVIDED - W/MEDIAN BARRIER,STRAIGHT AND LEVEL,DRY,UNKNOWN,ON SCENE,INJURY AND / OR TOW DUE TO CRASH,,,"OVER $1,500",09/02/2022 08:05:00 PM,NOT APPLICABLE,NOT APPLICABLE,8300,S,STONY ISLAND AVE,412,2,NONINCAPACITATING INJURY,1,0,0,1,0,1,0,20,6,9,41.744151639,-87.585945067,POINT (-87.585945066953 41.744151639042)
35,TRAFFIC SIGNAL,FUNCTIONING PROPERLY,RAIN,DAYLIGHT,SIDESWIPE SAME DIRECTION,DIVIDED - W/MEDIAN BARRIER,STRAIGHT AND LEVEL,DRY,NO DEFECTS,NOT ON SCENE (DESK REPORT),NO INJURY / DRIVE AWAY,,,"OVER $1,500",04/04/2017 02:20:00 PM,UNABLE TO DETERMINE,UNABLE TO DETERMINE,2402,W,87TH ST,835,2,NO INDICATION OF INJURY,0,0,0,0,0,2,0,11,7,3,41.735634268,-87.682733396,POINT (-87.682733396015 41.735634268007)
30,NO CONTROLS,NO CONTROLS,CLEAR,DAYLIGHT,TURNING,NOT DIVIDED,STRAIGHT AND LEVEL,DRY,NO DEFECTS,NOT ON SCENE (DESK REPORT),NO INJURY / DRIVE AWAY,,,"OVER $1,500",11/03/2020 07:30:00 AM,UNABLE TO DETERMINE,UNABLE TO DETERMINE,2828,N,PULASKI RD,2523,2,NO INDICATION OF INJURY,0,0,0,0,0,2,0,17,2,11,41.932604222,-87.727148226,POINT (-87.727148226037 41.932604221966)
30,UNKNOWN,UNKNOWN,UNKNOWN,UNKNOWN,PARKED MOTOR VEHICLE,NOT DIVIDED,STRAIGHT AND LEVEL,UNKNOWN,UNKNOWN,NOT ON SCENE (DESK REPORT),NO INJURY / DRIVE AWAY,,Y,"OVER $1,500",06/20/2019 02:00:00 PM,UNABLE TO DETERMINE,UNABLE TO DETERMINE,43,N,HOMAN BLVD,1123,2,NO INDICATION OF INJURY,0,0,0,0,0,1,0,12,5,6,41.882211292,-87.710898608,POINT (-87.710898608036 41.882211292041)
30,TRAFFIC SIGNAL,FUNCTIONING PROPERLY,CLEAR,"DARKNESS, LIGHTED ROAD",TURNING,NOT DIVIDED,STRAIGHT AND LEVEL,DRY,NO DEFECTS,NOT ON SCENE (DESK REPORT),NO INJURY / DRIVE AWAY,,,"$501 - $1,500",03/01/2018 06:40:00 PM,FOLLOWING TOO CLOSELY,FAILING TO REDUCE SPEED TO AVOID CRASH,6158,W,FULLERTON AVE,2512,2,NO INDICATION OF INJURY,0,0,0,0,0,6,0,18,5,3,41.92386239,-87.780518942,POINT (-87.780518941961 41.923862390023)
20,NO CONTROLS,NO CONTROLS,SNOW,DAYLIGHT,PARKED MOTOR VEHICLE,ONE-WAY,CURVE ON GRADE,SNOW OR SLUSH,WORN SURFACE,ON SCENE,NO INJURY / DRIVE AWAY,,,"OVER $1,500",02/18/2019 03:35:00 PM,DRIVING SKILLS/KNOWLEDGE/EXPERIENCE,NOT APPLICABLE,2035,N,LAVERGNE AVE,2522,3,NO INDICATION OF INJURY,0,0,0,0,0,1,0,15,2,2,41.917930176,-87.75081849,POINT (-87.750818490016 41.917930176024)