POSTED_SPEED_LIMIT,TRAFFIC_CONTROL_DEVICE,DEVICE_CONDITION,WEATHER_CONDITION,LIGHTING_CONDITION,FIRST_CRASH_TYPE,TRAFFICWAY_TYPE,ALIGNMENT,ROADWAY_SURFACE_COND,ROAD_DEFECT,REPORT_TYPE,CRASH_TYPE,INTERSECTION_RELATED_I,HIT_AND_RUN_I,DAMAGE,DATE_POLICE_NOTIFIED,PRIM_CONTRIBUTORY_CAUSE,SEC_CONTRIBUTORY_CAUSE,STREET_NO,STREET_DIRECTION,STREET_NAME,BEAT_OF_OCCURRENCE,NUM_UNITS,MOST_SEVERE_INJURY,INJURIES_TOTAL,INJURIES_FATAL,INJURIES_INCAPACITATING,INJURIES_NON_INCAPACITATING,INJURIES_REPORTED_NOT_EVIDENT,INJURIES_NO_INDICATION,INJURIES_UNKNOWN,CRASH_HOUR,CRASH_DAY_OF_WEEK,CRASH_MONTH,LATITUDE,LONGITUDE,LOCATION
30,TRAFFIC SIGNAL,FUNCTIONING PROPERLY,CLEAR,"DARKNESS, LIGHTED ROAD",ANGLE,FOUR WAY,STRAIGHT AND LEVEL,DRY,UNKNOWN,ON SCENE,INJURY AND / OR TOW DUE TO CRASH,Y,Y,"OVER $1,500",10/08/2022 12:21:00 AM,FAILING TO YIELD RIGHT-OF-WAY,UNABLE TO DETERMINE,501,S,SACRAMENTO BLVD,1135,2,NO INDICATION OF INJURY,0,0,0,0,0,1,0,0,7,10,,,
35,NO CONTROLS,NO CONTROLS,CLEAR,DAYLIGHT,REAR END,NOT DIVIDED,STRAIGHT AND LEVEL,WET,NO DEFECTS,NOT ON SCENE (DESK REPORT),NO INJURY / DRIVE AWAY,,,"OVER $1,500",12/03/2018 10:03:00 AM,UNABLE TO DETERMINE,UNABLE TO DETERMINE,204,N,COLUMBUS DR,114,2,NO INDICATION OF INJURY,0,0,0,0,0,2,0,9,2,12,41.886066456,-87.620830331,POINT (-87.620830331034 41.886066456019)
30,NO CONTROLS,NO CONTROLS,CLEAR,"DARKNESS, LIGHTED ROAD",FIXED OBJECT,PARKING LOT,STRAIGHT AND LEVEL,DRY,NO DEFECTS,ON SCENE,INJURY AND / OR TOW DUE TO CRASH,,Y,"OVER $1,500",10/08/2020 02:47:00 AM,UNABLE TO DETERMINE,NOT APPLICABLE,3152,N,CHRISTIANA AVE,1412,1,NO INDICATION OF INJURY,0,0,0,0,0,2,0,2,5,10,41.939037368,-87.711409514,POINT (-87.711409513979 41.939037368047)
30,NO CONTROLS,NO CONTROLS,CLEAR,DAYLIGHT,TURNING,DIVIDED - W/MEDIAN (NOT RAISED),STRAIGHT AND LEVEL,DRY,NO DEFECTS,NOT ON SCENE (DESK REPORT),NO INJURY / DRIVE AWAY,,,$500 OR LESS,07/17/2016 03:40:00 PM,FAILING TO YIELD RIGHT-OF-WAY,NOT APPLICABLE,700,S,DAMEN AVE,1225,2,NO INDICATION OF INJURY,0,0,0,0,0,2,0,20,7,7,0,0,POINT (0 0)
15,NO CONTROLS,NO CONTROLS,CLEAR,DAYLIGHT,HEAD ON,PARKING LOT,STRAIGHT AND LEVEL,DRY,NO DEFECTS,ON SCENE,INJURY AND / OR TOW DUE TO CRASH,,Y,"OVER $1,500",06/26/2019 04:38:00 PM,UNABLE TO DETERMINE,NOT APPLICABLE,2640,W,PERSHING RD,911,2,NO INDICATION OF INJURY,0,0,0,0,0,3,0,16,4,6,41.822958463,-87.691425915,POINT (-87.691425915045 41.822958462973)
35,NO CONTROLS,NO CONTROLS,CLEAR,DAYLIGHT,TURNING,ONE-WAY,STRAIGHT AND LEVEL,DRY,NO DEFECTS,ON SCENE,NO INJURY / DRIVE AWAY,,,"OVER $1,500",07/10/2019 06:16:00 PM,IMPROPER BACKING,UNABLE TO DETERMINE,2158,N,MARMORA AVE,2515,2,NO INDICATION OF INJURY,0,0,0,0,0,3,0,17,4,7,41.919663833,-87.773287883,POINT (-87.773287883007 41.919663832993)
20,NO CONTROLS,NO CONTROLS,CLOUDY/OVERCAST,DAYLIGHT,SIDESWIPE SAME DIRECTION,ONE-WAY,STRAIGHT AND LEVEL,DRY,NO DEFECTS,ON SCENE,NO INJURY / DRIVE AWAY,,,"$501 - $1,500",11/06/2019 09:38:00 AM,FAILING TO YIELD RIGHT-OF-WAY,UNABLE TO DETERMINE,2,W,TERMINAL ST,1652,2,NO INDICATION OF INJURY,0,0,0,0,0,2,0,9,4,11,,,
30,NO CONTROLS,NO CONTROLS,CLEAR,DAYLIGHT,REAR END,NOT DIVIDED,STRAIGHT AND LEVEL,DRY,NO DEFECTS,NOT ON SCENE (DESK REPORT),NO INJURY / DRIVE AWAY,,,"OVER $1,500",07/03/2023 03:40:00 PM,FOLLOWING TOO CLOSELY,FOLLOWING TOO CLOSELY,10000,W,BALMORAL AVE,1650,2,NO INDICATION OF INJURY,0,0,0,0,0,2,0,14,2,7,,,
20,NO CONTROLS,NO CONTROLS,CLEAR,DAWN,SIDESWIPE SAME DIRECTION,DIVIDED - W/MEDIAN (NOT RAISED),STRAIGHT AND LEVEL,DRY,NO DEFECTS,ON SCENE,NO INJURY / DRIVE AWAY,,,"$501 - $1,500",10/16/2018 06:50:00 AM,FAILING TO YIELD RIGHT-OF-WAY,IMPROPER TURNING/NO SIGNAL,1,W,TERMINAL ST,1651,2,NO INDICATION OF INJURY,0,0,0,0,0,2,0,6,3,10,,,
30,NO CONTROLS,NO CONTROLS,CLEAR,DAYLIGHT,PARKED MOTOR VEHICLE,PARKING LOT,STRAIGHT AND LEVEL,DRY,UNKNOWN,NOT ON SCENE (DESK REPORT),NO INJURY / DRIVE AWAY,,,"$501 - $1,500",05/04/2018 01:38:00 PM,FAILING TO YIELD RIGHT-OF-WAY,NOT APPLICABLE,6540,S,PULASKI RD,833,2,NO INDICATION OF INJURY,0,0,0,0,0,1,0,13,6,5,41.773765662,-87.722781154,POINT (-87.72278115402 41.773765661984)
30,TRAFFIC SIGNAL,FUNCTIONING PROPERLY,CLEAR,DAYLIGHT,REAR END,DIVIDED - W/MEDIAN (NOT RAISED),STRAIGHT AND LEVEL,DRY,NO DEFECTS,NOT ON SCENE (DESK REPORT),INJURY AND / OR TOW DUE TO CRASH,,Y,"OVER $1,500",06/21/2023 01:25:00 PM,NOT APPLICABLE,NOT APPLICABLE,3956,W,LAWRENCE AVE,1712,2,"REPORTED, NOT EVIDENT",1,0,0,0,1,3,0,13,3,6,41.968353784,-87.727891335,POINT (-87.727891334988 41.968353783982)
30,TRAFFIC SIGNAL,FUNCTIONING PROPERLY,CLEAR,DAYLIGHT,ANGLE,NOT DIVIDED,STRAIGHT AND LEVEL,DRY,NO DEFECTS,ON SCENE,NO INJURY / DRIVE AWAY,Y,,"OVER $1,500",07/05/2017 10:06:00 AM,UNABLE TO DETERMINE,NOT APPLICABLE,1632,E,67TH ST,331,2,NO INDICATION OF INJURY,0,0,0,0,0,2,0,9,4,7,41.773455972,-87.585022352,POINT (-87.585022352022 41.773455972008)
30,UNKNOWN,UNKNOWN,RAIN,"DARKNESS, LIGHTED ROAD",PARKED MOTOR VEHICLE,NOT DIVIDED,STRAIGHT AND LEVEL,WET,UNKNOWN,ON SCENE,NO INJURY / DRIVE AWAY,,,"OVER $1,500",07/11/2021 12:49:00 AM,UNABLE TO DETERMINE,UNABLE TO DETERMINE,1935,S,WABASH AVE,131,2,NO INDICATION OF INJURY,0,0,0,0,0,1,0,0,1,7,41.855630065,-87.625415361,POINT (-87.625415361031 41.855630065016)
30,TRAFFIC SIGNAL,FUNCTIONING PROPERLY,CLEAR,"DARKNESS, LIGHTED ROAD",REAR END,ONE-WAY,STRAIGHT AND LEVEL,DRY,NO DEFECTS,NOT ON SCENE (DESK REPORT),NO INJURY / DRIVE AWAY,,,$500 OR LESS,03/22/2021 10:20:00 PM,UNABLE TO DETERMINE,DRIVING SKILLS/KNOWLEDGE/EXPERIENCE,5500,S,WENTWORTH AVE,225,2,NO INDICATION OF INJURY,0,0,0,0,0,2,0,22,2,3,,,
15,NO CONTROLS,NO CONTROLS,CLEAR,DAYLIGHT,PARKED MOTOR VEHICLE,PARKING LOT,STRAIGHT AND LEVEL,ICE,NO DEFECTS,ON SCENE,NO INJURY / DRIVE AWAY,,,"$501 - $1,500",02/18/2022 10:00:00 AM,WEATHER,NOT APPLICABLE,1,W,PARKING LOT C ST,1654,2,NO INDICATION OF INJURY,0,0,0,0,0,1,0,9,6,2,,,
30,TRAFFIC SIGNAL,FUNCTIONING PROPERLY,CLEAR,"DARKNESS, LIGHTED ROAD",TURNING,NOT DIVIDED,STRAIGHT AND LEVEL,WET,NO DEFECTS,NOT ON SCENE (DESK REPORT),NO INJURY / DRIVE AWAY,Y,,"OVER $1,500",05/27/2017 12:20:00 AM,DISREGARDING STOP SIGN,UNABLE TO DETERMINE,4700,S,DR MARTIN LUTHER KING JR SD,224,2,NO INDICATION OF INJURY,0,0,0,0,0,2,0,22,6,5,,,
20,NO CONTROLS,NO CONTROLS,CLEAR,DAYLIGHT,SIDESWIPE SAME DIRECTION,ONE-WAY,STRAIGHT AND LEVEL,DRY,NO DEFECTS,ON SCENE,NO INJURY / DRIVE AWAY,,,"OVER $1,500",04/27/2022 02:15:00 PM,UNABLE TO DETERMINE,UNABLE TO DETERMINE,3,W,TERMINAL ST,1653,2,NO INDICATION OF INJURY,0,0,0,0,0,2,0,14,4,4,,,
30,NO CONTROLS,NO CONTROLS,CLEAR,DAYLIGHT,SIDESWIPE SAME DIRECTION,ONE-WAY,STRAIGHT AND LEVEL,DRY,NO DEFECTS,NOT ON SCENE (DESK REPORT),NO INJURY / DRIVE AWAY,,,"OVER $1,500",08/21/2018 03:20:00 PM,UNABLE TO DETERMINE,UNABLE TO DETERMINE,450,W,RANDOLPH ST,121,2,NO INDICATION OF INJURY,0,0,0,0,0,2,0,14,3,8,41.884552309,-87.63975418,POINT (-87.639754179988 41.884552309006)
30,TRAFFIC SIGNAL,NO CONTROLS,CLEAR,DAYLIGHT,TURNING,FOUR WAY,STRAIGHT AND LEVEL,DRY,NO DEFECTS,ON SCENE,INJURY AND / OR TOW DUE TO CRASH,Y,,"OVER $1,500",10/01/2021 09:00:00 AM,FAILING TO YIELD RIGHT-OF-WAY,DRIVING SKILLS/KNOWLEDGE/EXPERIENCE,1200,W,35TH ST,913,2,NO INDICATION OF INJURY,0,0,0,0,0,3,0,7,6,10,41.830728826,-87.655813252,POINT (-87.655813252029 41.830728825995)
30,NO CONTROLS,NO CONTROLS,CLEAR,DAYLIGHT,PARKED MOTOR VEHICLE,NOT DIVIDED,STRAIGHT AND LEVEL,DRY,UNKNOWN,NOT ON SCENE (DESK REPORT),NO INJURY / DRIVE AWAY,,,"OVER $1,500",12/31/2022 02:58:00 PM,IMPROPER TURNING/NO SIGNAL,NOT APPLICABLE,2224,W,DEVON AVE,2412,2,NO INDICATION OF INJURY,0,0,0,0,0,1,0,14,7,12,41.997907884,-87.686015487,POINT (-87.686015486967 41.997907883972)
30,TRAFFIC SIGNAL,FUNCTIONING PROPERLY,CLEAR,"DARKNESS, LIGHTED ROAD",REAR END,NOT DIVIDED,STRAIGHT AND LEVEL,DRY,NO DEFECTS,ON SCENE,NO INJURY / DRIVE AWAY,Y,,$500 OR LESS,08/31/2018 11:32:00 PM,FAILING TO REDUCE SPEED TO AVOID CRASH,FOLLOWING TOO CLOSELY,6545,N,SHERIDAN RD,2432,2,NO INDICATION OF INJURY,0,0,0,0,0,3,0,22,6,8,42.001436563,-87.660595367,POINT (-87.660595366972 42.001436563032)
30,NO CONTROLS,NO CONTROLS,RAIN,DARKNESS,PARKED MOTOR VEHICLE,NOT DIVIDED,STRAIGHT AND LEVEL,WET,NO DEFECTS,ON SCENE,INJURY AND / OR TOW DUE TO CRASH,,,$500 OR LESS,07/15/2023 01:20:00 PM,UNABLE TO DETERMINE,UNABLE TO DETERMINE,1114,W,115TH ST,2234,2,NO INDICATION OF INJURY,0,0,0,0,0,1,0,2,7,7,41.685084923,-87.650147887,POINT (-87.650147887041 41.685084922987)
30,TRAFFIC SIGNAL,FUNCTIONING PROPERLY,RAIN,"DARKNESS, LIGHTED ROAD",ANGLE,ONE-WAY,STRAIGHT AND LEVEL,WET,NO DEFECTS,NOT ON SCENE (DESK REPORT),NO INJURY / DRIVE AWAY,Y,,"OVER $1,500",01/22/2018 07:55:00 PM,FAILING TO YIELD RIGHT-OF-WAY,UNABLE TO DETERMINE,5500,S,WENTWORTH AVE,225,2,NO INDICATION OF INJURY,0,0,0,0,0,2,0,19,2,1,,,
30,NO CONTROLS,NO CONTROLS,CLEAR,DAYLIGHT,REAR END,NOT DIVIDED,STRAIGHT AND LEVEL,DRY,UNKNOWN,ON SCENE,NO INJURY / DRIVE AWAY,,,"$501 - $1,500",03/10/2016 06:30:00 PM,FOLLOWING TOO CLOSELY,UNABLE TO DETERMINE,4700,W,59TH ST,813,2,NO INDICATION OF INJURY,0,0,0,0,0,2,0,9,5,3,41.784385694,-87.740065946,POINT (-87.740065945952 41.784385693962)
30,TRAFFIC SIGNAL,FUNCTIONING PROPERLY,RAIN,DUSK,TURNING,DIVIDED - W/MEDIAN (NOT RAISED),STRAIGHT AND LEVEL,WET,NO DEFECTS,ON SCENE,NO INJURY / DRIVE AWAY,Y,,"OVER $1,500",10/19/2020 04:30:00 PM,EQUIPMENT - VEHICLE CONDITION,NOT APPLICABLE,7198,W,ARCHER AVE,811,2,NO INDICATION OF INJURY,0,0,0,0,0,2,0,15,2,10,,,
30,TRAFFIC SIGNAL,FUNCTIONING PROPERLY,RAIN,DAYLIGHT,SIDESWIPE SAME DIRECTION,NOT DIVIDED,STRAIGHT AND LEVEL,DRY,UNKNOWN,NOT ON SCENE (DESK REPORT),NO INJURY / DRIVE AWAY,,Y,"OVER $1,500",09/29/2018 12:55:00 PM,IMPROPER OVERTAKING/PASSING,UNABLE TO DETERMINE,2598,N,WESTERN AVE,1431,2,NO INDICATION OF INJURY,0,0,0,0,0,2,0,17,6,9,41.928615792,-87.687920247,POINT (-87.687920247039 41.928615792006)
35,NO CONTROLS,NO CONTROLS,RAIN,DAYLIGHT,SIDESWIPE SAME DIRECTION,ONE-WAY,STRAIGHT AND LEVEL,WET,UNKNOWN,NOT ON SCENE (DESK REPORT),NO INJURY / DRIVE AWAY,,,"OVER $1,500",09/20/2022 06:35:00 PM,UNABLE TO DETERMINE,UNABLE TO DETERMINE,162,N,BESSIE COLEMAN DR,1654,2,NO INDICATION OF INJURY,0,0,0,0,0,2,0,18,3,9,,,
30,NO CONTROLS,NO CONTROLS,"BLOWING SAND, SOIL, DIRT",UNKNOWN,PARKED MOTOR VEHICLE,ONE-WAY,STRAIGHT AND LEVEL,UNKNOWN,NO DEFECTS,NOT ON SCENE (DESK REPORT),NO INJURY / DRIVE AWAY,,Y,"$501 - $1,500",07/31/2023 11:30:00 AM,UNABLE TO DETERMINE,NOT APPLICABLE,8747,S,DANTE AVE,412,2,NO INDICATION OF INJURY,0,0,0,0,0,1,0,22,4,7,41.735474595,-87.589169053,POINT (-87.589169052966 41.735474594975)
30,NO CONTROLS,NO CONTROLS,CLEAR,"DARKNESS, LIGHTED ROAD",SIDESWIPE OPPOSITE DIRECTION,NOT DIVIDED,STRAIGHT AND LEVEL,DRY,NO DEFECTS,ON SCENE,INJURY AND / OR TOW DUE TO CRASH,,,"OVER $1,500",03/19/2023 02:32:00 AM,UNABLE TO DETERMINE,NOT APPLICABLE,799,E,RAINEY DR,233,2,NONINCAPACITATING INJURY,1,0,0,1,0,4,0,2,1,3,,,
30,NO CONTROLS,UNKNOWN,CLEAR,DAYLIGHT,TURNING,CENTER TURN LANE,STRAIGHT AND LEVEL,DRY,NO DEFECTS,NOT ON SCENE (DESK REPORT),NO INJURY / DRIVE AWAY,,,"OVER $1,500",07/08/2016 12:40:00 PM,FAILING TO YIELD RIGHT-OF-WAY,UNABLE TO DETERMINE,4439,W,FULLERTON AVE,2522,3,NO INDICATION OF INJURY,0,0,0,0,0,2,0,12,6,7,41.924241066,-87.738157002,POINT (-87.738157001966 41.924241065955)
30,TRAFFIC SIGNAL,FUNCTIONING PROPERLY,CLEAR,DAYLIGHT,REAR END,DIVIDED - W/MEDIAN (NOT RAISED),STRAIGHT AND LEVEL,UNKNOWN,NO DEFECTS,NOT ON SCENE (DESK REPORT),NO INJURY / DRIVE AWAY,,,"OVER $1,500",04/08/2017 06:00:00 PM,FOLLOWING TOO CLOSELY,DRIVING SKILLS/KNOWLEDGE/EXPERIENCE,3638,W,IRVING PARK RD,1723,2,NO INDICATION OF INJURY,0,0,0,0,0,3,0,17,7,4,41.953844811,-87.719338407,POINT (-87.719338406985 41.953844810956)
30,TRAFFIC SIGNAL,UNKNOWN,CLEAR,"DARKNESS, LIGHTED ROAD",PEDESTRIAN,NOT DIVIDED,STRAIGHT AND LEVEL,DRY,UNKNOWN,NOT ON SCENE (DESK REPORT),INJURY AND / OR TOW DUE TO CRASH,Y,Y,"OVER $1,500",07/26/2021 09:50:00 PM,FAILING TO YIELD RIGHT-OF-WAY,UNABLE TO DETERMINE,4758,W,JACKSON BLVD,1113,2,NONINCAPACITATING INJURY,1,0,0,1,0,1,0,23,1,7,41.876926589,-87.745039137,POINT (-87.745039137038 41.876926588953)
30,NO CONTROLS,NO CONTROLS,CLEAR,DAYLIGHT,PEDESTRIAN,NOT DIVIDED,STRAIGHT AND LEVEL,DRY,UNKNOWN,NOT ON SCENE (DESK REPORT),NO INJURY / DRIVE AWAY,,,$500 OR LESS,08/28/2021 02:30:00 PM,UNABLE TO DETERMINE,NOT APPLICABLE,5500,S,WENTWORTH AVE,225,2,NO INDICATION OF INJURY,0,0,0,0,0,2,0,13,7,8,,,
30,NO CONTROLS,NO CONTROLS,CLEAR,DARKNESS,PARKED MOTOR VEHICLE,ONE-WAY,STRAIGHT AND LEVEL,DRY,NO DEFECTS,NOT ON SCENE (DESK REPORT),NO INJURY / DRIVE AWAY,,Y,"OVER $1,500",09/19/2020 09:45:00 AM,UNABLE TO DETERMINE,NOT APPLICABLE,211,N,KILBOURN AVE,1113,2,NO INDICATION OF INJURY,0,0,0,0,0,1,0,22,6,9,41.883633604,-87.73787932,POINT (-87.73787932003 41.883633604041)
20,NO CONTROLS,NO CONTROLS,CLEAR,DAYLIGHT,PEDALCYCLIST,DIVIDED - W/MEDIAN (NOT RAISED),STRAIGHT AND LEVEL,DRY,NO DEFECTS,,INJURY AND / OR TOW DUE TO CRASH,,Y,$500 OR LESS,06/29/2018 11:55:00 AM,FAILING TO YIELD RIGHT-OF-WAY,NOT APPLICABLE,800,W,GRAND AVE,1214,2,"REPORTED, NOT EVIDENT",1,0,0,0,1,1,0,18,5,6,41.891293713,-87.647680593,POINT (-87.647680593026 41.891293712961)
25,NO CONTROLS,NO CONTROLS,CLEAR,DAYLIGHT,REAR END,NOT DIVIDED,STRAIGHT AND LEVEL,DRY,UNKNOWN,ON SCENE,NO INJURY / DRIVE AWAY,,,"$501 - $1,500",03/11/2021 03:10:00 PM,UNABLE TO DETERMINE,UNABLE TO DETERMINE,891,W,OHARE ST,1654,2,NO INDICATION OF INJURY,0,0,0,0,0,2,0,15,5,3,,,
30,NO CONTROLS,NO CONTROLS,CLEAR,DAYLIGHT,SIDESWIPE SAME DIRECTION,DIVIDED - W/MEDIAN BARRIER,STRAIGHT AND LEVEL,DRY,WORN SURFACE,ON SCENE,NO INJURY / DRIVE AWAY,,,"OVER $1,500",10/31/2018 02:08:00 PM,FAILING TO YIELD RIGHT-OF-WAY,UNABLE TO DETERMINE,215,W,CERMAK RD,914,2,NO INDICATION OF INJURY,0,0,0,0,0,3,0,13,4,10,41.85273296,-87.632667026,POINT (-87.632667025989 41.852732959959)
30,NO CONTROLS,NO CONTROLS,CLEAR,DAYLIGHT,SIDESWIPE OPPOSITE DIRECTION,NOT DIVIDED,STRAIGHT AND LEVEL,DRY,NO DEFECTS,NOT ON SCENE (DESK REPORT),NO INJURY / DRIVE AWAY,,,"$501 - $1,500",11/18/2018 07:15:00 PM,IMPROPER BACKING,UNABLE TO DETERMINE,2103,N,SHEFFIELD AVE,1812,2,NO INDICATION OF INJURY,0,0,0,0,0,2,0,16,4,10,41.920073037,-87.653287055,POINT (-87.653287055017 41.920073036992)
30,NO CONTROLS,NO CONTROLS,RAIN,DAWN,REAR END,NOT DIVIDED,STRAIGHT AND LEVEL,WET,NO DEFECTS,NOT ON SCENE (DESK REPORT),NO INJURY / DRIVE AWAY,,,"OVER $1,500",03/19/2022 06:00:00 PM,"OPERATING VEHICLE IN ERRATIC, RECKLESS, CARELESS, NEGLIGENT OR AGGRESSIVE MANNER","OPERATING VEHICLE IN ERRATIC, RECKLESS, CARELESS, NEGLIGENT OR AGGRESSIVE MANNER",3404,N,CLARK ST,1924,2,NO INDICATION OF INJURY,0,0,0,0,0,2,0,1,7,3,41.943646149,-87.65382314,POINT (-87.653823139982 41.943646148999)
30,TRAFFIC SIGNAL,FUNCTIONING PROPERLY,CLEAR,DAYLIGHT,REAR END,NOT DIVIDED,STRAIGHT AND LEVEL,DRY,NO DEFECTS,NOT ON SCENE (DESK REPORT),NO INJURY / DRIVE AWAY,,,"OVER $1,500",07/15/2021 11:55:00 AM,FOLLOWING TOO CLOSELY,FOLLOWING TOO CLOSELY,5322,S,CENTRAL AVE,811,2,NO INDICATION OF INJURY,0,0,0,0,0,2,0,7,2,7,41.79573461,-87.762555326,POINT (-87.762555325992 41.795734610035)
35,TRAFFIC SIGNAL,UNKNOWN,CLOUDY/OVERCAST,DAYLIGHT,ANGLE,DIVIDED - W/MEDIAN BARRIER,STRAIGHT AND LEVEL,WET,UNKNOWN,NOT ON SCENE (DESK REPORT),INJURY AND / OR TOW DUE TO CRASH,Y,,"OVER $1,500",08/06/2023 04:00:00 PM,DISREGARDING TRAFFIC SIGNALS,NOT APPLICABLE,8300,S,STONY ISLAND AVE,412,2,"REPORTED, NOT EVIDENT",1,0,0,0,1,1,0,15,1,8,41.744151639,-87.585945067,POINT (-87.585945066953 41.744151639042)
15,NO CONTROLS,NO CONTROLS,CLEAR,DARKNESS,SIDESWIPE SAME DIRECTION,PARKING LOT,STRAIGHT AND LEVEL,DRY,NO DEFECTS,ON SCENE,NO INJURY / DRIVE AWAY,,,"$501 - $1,500",09/21/2020 06:05:00 AM,UNABLE TO DETERMINE,NOT APPLICABLE,12300,W,IRVING PARK RD,1654,2,NO INDICATION OF INJURY,0,0,0,0,0,2,0,6,2,9,41.958986951,-87.933993929,POINT (-87.933993928974 41.958986950953)
30,NO CONTROLS,NO CONTROLS,CLEAR,DAYLIGHT,SIDESWIPE SAME DIRECTION,RAMP,STRAIGHT AND LEVEL,DRY,NO DEFECTS,ON SCENE,NO INJURY / DRIVE AWAY,,,"$501 - $1,500",06/11/2022 04:23:00 PM,FAILING TO YIELD RIGHT-OF-WAY,NOT APPLICABLE,172,N,BESSIE COLEMAN DR,1654,2,NO INDICATION OF INJURY,0,0,0,0,0,2,0,16,7,6,,,
30,TRAFFIC SIGNAL,FUNCTIONING PROPERLY,CLEAR,DAYLIGHT,REAR END,DIVIDED - W/MEDIAN (NOT RAISED),STRAIGHT AND LEVEL,DRY,NO DEFECTS,,NO INJURY / DRIVE AWAY,,,"OVER $1,500",08/06/2017 03:00:00 PM,UNABLE TO DETERMINE,UNABLE TO DETERMINE,2600,W,IRVING PARK RD,1911,3,NO INDICATION OF INJURY,0,0,0,0,0,10,0,12,1,8,41.954105717,-87.693290369,POINT (-87.693290369008 41.954105716988)
45,NO CONTROLS,FUNCTIONING PROPERLY,CLEAR,"DARKNESS, LIGHTED ROAD",FIXED OBJECT,RAMP,STRAIGHT ON HILLCREST,DRY,NO DEFECTS,ON SCENE,INJURY AND / OR TOW DUE TO CRASH,,,"OVER $1,500",08/16/2020 02:16:00 AM,FAILING TO REDUCE SPEED TO AVOID CRASH,UNABLE TO DETERMINE,1230,W,CONGRESS PKWY,1231,1,NO INDICATION OF INJURY,0,0,0,0,0,2,0,2,1,8,41.875431892,-87.658143676,POINT (-87.658143676003 41.875431892003)
25,NO CONTROLS,NO CONTROLS,CLEAR,DAYLIGHT,FIXED OBJECT,NOT DIVIDED,STRAIGHT AND LEVEL,DRY,NO DEFECTS,ON SCENE,INJURY AND / OR TOW DUE TO CRASH,,,"OVER $1,500",09/23/2019 11:02:00 AM,IMPROPER TURNING/NO SIGNAL,NOT APPLICABLE,727,W,OHARE ST,1654,4,NO INDICATION OF INJURY,0,0,0,0,0,1,0,11,2,9,,,
15,UNKNOWN,UNKNOWN,CLEAR,UNKNOWN,PARKED MOTOR VEHICLE,UNKNOWN,STRAIGHT AND LEVEL,DRY,NO DEFECTS,NOT ON SCENE (DESK REPORT),NO INJURY / DRIVE AWAY,,,"$501 - $1,500",05/23/2017 06:00:00 AM,NOT APPLICABLE,NOT APPLICABLE,0,,UNKNOWN,1513,2,NO INDICATION OF INJURY,0,0,0,0,0,1,0,2,3,5,,,
30,TRAFFIC SIGNAL,UNKNOWN,CLEAR,DAYLIGHT,REAR END,FOUR WAY,STRAIGHT AND LEVEL,DRY,UNKNOWN,NOT ON SCENE (DESK REPORT),NO INJURY / DRIVE AWAY,Y,,"$501 - $1,500",07/29/2022 01:45:00 PM,FOLLOWING TOO CLOSELY,UNABLE TO DETERMINE,851,S,AUSTIN BLVD,1513,2,NO INDICATION OF INJURY,0,0,0,0,0,2,0,13,6,7,,,
30,STOP SIGN/FLASHER,FUNCTIONING PROPERLY,UNKNOWN,"DARKNESS, LIGHTED ROAD",TURNING,NOT DIVIDED,STRAIGHT AND LEVEL,UNKNOWN,UNKNOWN,NOT ON SCENE (DESK REPORT),NO INJURY / DRIVE AWAY,Y,,"OVER $1,500",04/17/2018 10:54:00 PM,IMPROPER TURNING/NO SIGNAL,NOT APPLICABLE,1837,W,43RD ST,924,2,NO INDICATION OF INJURY,0,0,0,0,0,2,0,22,3,4,41.815706199,-87.671459826,POINT (-87.671459825961 41.815706198985)
35,NO CONTROLS,NO CONTROLS,CLEAR,DAYLIGHT,FIXED OBJECT,DIVIDED - W/MEDIAN (NOT RAISED),STRAIGHT AND LEVEL,DRY,NO DEFECTS,ON SCENE,INJURY AND / OR TOW DUE TO CRASH,,,"OVER $1,500",05/09/2020 05:32:00 PM,UNABLE TO DETERMINE,PHYSICAL CONDITION OF DRIVER,1930,E,95TH ST,413,1,NONINCAPACITATING INJURY,1,0,0,1,0,0,0,17,7,5,41.722562545,-87.576634534,POINT (-87.576634533992 41.722562545023)
55,NO CONTROLS,NO CONTROLS,SNOW,"DARKNESS, LIGHTED ROAD",OTHER OBJECT,NOT DIVIDED,STRAIGHT AND LEVEL,SNOW OR SLUSH,NO DEFECTS,NOT ON SCENE (DESK REPORT),NO INJURY / DRIVE AWAY,,,"OVER $1,500",01/19/2020 02:30:00 PM,WEATHER,WEATHER,7300,S,CHICAGO SKYWAY OB,323,1,NO INDICATION OF INJURY,0,0,0,0,0,1,0,18,6,1,,,
30,NO CONTROLS,NO CONTROLS,CLEAR,"DARKNESS, LIGHTED ROAD",PARKED MOTOR VEHICLE,DIVIDED - W/MEDIAN (NOT RAISED),STRAIGHT AND LEVEL,DRY,NO DEFECTS,NOT ON SCENE (DESK REPORT),NO INJURY / DRIVE AWAY,,Y,"OVER $1,500",06/12/2017 09:55:00 AM,UNABLE TO DETERMINE,UNABLE TO DETERMINE,1632,W,FOSTER AVE,2012,2,NO INDICATION OF INJURY,0,0,0,0,0,1,0,1,2,6,41.976262299,-87.670961104,POINT (-87.670961103964 41.976262298994)