POSTED_SPEED_LIMIT,TRAFFIC_CONTROL_DEVICE,DEVICE_CONDITION,WEATHER_CONDITION,LIGHTING_CONDITION,FIRST_CRASH_TYPE,TRAFFICWAY_TYPE,ALIGNMENT,ROADWAY_SURFACE_COND,ROAD_DEFECT,REPORT_TYPE,CRASH_TYPE,INTERSECTION_RELATED_I,HIT_AND_RUN_I,DAMAGE,DATE_POLICE_NOTIFIED,PRIM_CONTRIBUTORY_CAUSE,SEC_CONTRIBUTORY_CAUSE,STREET_NO,STREET_DIRECTION,STREET_NAME,BEAT_OF_OCCURRENCE,NUM_UNITS,MOST_SEVERE_INJURY,INJURIES_TOTAL,INJURIES_FATAL,INJURIES_INCAPACITATING,INJURIES_NON_INCAPACITATING,INJURIES_REPORTED_NOT_EVIDENT,INJURIES_NO_INDICATION,INJURIES_UNKNOWN,CRASH_HOUR,CRASH_DAY_OF_WEEK,CRASH_MONTH,LATITUDE,LONGITUDE,LOCATION
25,NO CONTROLS,NO CONTROLS,RAIN,DAYLIGHT,PARKED MOTOR VEHICLE,OTHER,STRAIGHT AND LEVEL,WET,NO DEFECTS,ON SCENE,NO INJURY / DRIVE AWAY,,,"$501 - $1,500",04/29/2020 02:05:00 PM,IMPROPER BACKING,NOT APPLICABLE,517,W,OHARE ST,1654,2,NO INDICATION OF INJURY,0,0,0,0,0,1,0,13,4,4,,,
30,TRAFFIC SIGNAL,FUNCTIONING PROPERLY,CLEAR,DAYLIGHT,TURNING,ONE-WAY,STRAIGHT AND LEVEL,DRY,UNKNOWN,NOT ON SCENE (DESK REPORT),NO INJURY / DRIVE AWAY,,Y,"$501 - $1,500",03/19/2018 08:08:00 PM,FAILING TO YIELD RIGHT-OF-WAY,IMPROPER TURNING/NO SIGNAL,133,E,GRAND AVE,1834,2,NO INDICATION OF INJURY,0,0,0,0,0,7,0,15,2,3,41.891621161,-87.624253929,POINT (-87.624253929022 41.891621161011)
35,OTHER,FUNCTIONING PROPERLY,RAIN,DAYLIGHT,SIDESWIPE SAME DIRECTION,DIVIDED - W/MEDIAN BARRIER,STRAIGHT AND LEVEL,WET,NO DEFECTS,NOT ON SCENE (DESK REPORT),NO INJURY / DRIVE AWAY,,N,"OVER $1,500",02/23/2019 02:40:00 PM,UNABLE TO DETERMINE,UNABLE TO DETERMINE,8900,S,CHICAGO SKYWAY OB,423,2,NO INDICATION OF INJURY,0,0,0,0,0,2,0,14,7,2,,,
20,NO CONTROLS,NO CONTROLS,CLEAR,DAYLIGHT,ANGLE,PARKING LOT,STRAIGHT AND LEVEL,DRY,NO DEFECTS,NOT ON SCENE (DESK REPORT),NO INJURY / DRIVE AWAY,,,"$501 - $1,500",02/15/2017 05:50:00 PM,FAILING TO YIELD RIGHT-OF-WAY,UNABLE TO DETERMINE,6300,N,RIDGE AVE,2413,2,NO INDICATION OF INJURY,0,0,0,0,0,2,0,16,4,2,41.995579197,-87.675876884,POINT (-87.675876883986 41.995579196996)
30,TRAFFIC SIGNAL,FUNCTIONING PROPERLY,CLEAR,DAYLIGHT,FIXED OBJECT,DIVIDED - W/MEDIAN (NOT RAISED),STRAIGHT AND LEVEL,DRY,NO DEFECTS,ON SCENE,NO INJURY / DRIVE AWAY,Y,,"OVER $1,500",10/16/2017 10:30:00 AM,NOT APPLICABLE,NOT APPLICABLE,600,W,DIVISION ST,1822,1,NO INDICATION OF INJURY,0,0,0,0,0,1,0,10,2,10,41.903825234,-87.64328636,POINT (-87.643286359995 41.903825233976)
30,TRAFFIC SIGNAL,UNKNOWN,CLEAR,DAYLIGHT,SIDESWIPE SAME DIRECTION,NOT DIVIDED,STRAIGHT AND LEVEL,DRY,UNKNOWN,NOT ON SCENE (DESK REPORT),INJURY AND / OR TOW DUE TO CRASH,,Y,"OVER $1,500",03/05/2022 03:45:00 PM,UNABLE TO DETERMINE,NOT APPLICABLE,4200,W,16TH ST,1012,2,"REPORTED, NOT EVIDENT",2,0,0,0,2,1,0,15,7,3,41.858908833,-87.729904272,POINT (-87.729904271964 41.85890883299)
30,TRAFFIC SIGNAL,FUNCTIONING PROPERLY,CLEAR,DAYLIGHT,TURNING,RAMP,STRAIGHT AND LEVEL,DRY,NO DEFECTS,ON SCENE,NO INJURY / DRIVE AWAY,Y,,"OVER $1,500",07/01/2018 10:58:00 AM,UNABLE TO DETERMINE,UNABLE TO DETERMINE,500,S,SACRAMENTO BLVD,1134,2,NO INDICATION OF INJURY,0,0,0,0,0,2,0,10,1,7,,,
25,NO CONTROLS,NO CONTROLS,CLEAR,"DARKNESS, LIGHTED ROAD",SIDESWIPE SAME DIRECTION,ONE-WAY,STRAIGHT AND LEVEL,DRY,NO DEFECTS,ON SCENE,NO INJURY / DRIVE AWAY,,Y,"OVER $1,500",01/17/2023 06:45:00 PM,FAILING TO YIELD RIGHT-OF-WAY,NOT APPLICABLE,1,W,TERMINAL ST,1651,2,NO INDICATION OF INJURY,0,0,0,0,0,2,0,18,3,1,,,
20,NO CONTROLS,NO CONTROLS,CLEAR,"DARKNESS, LIGHTED ROAD",SIDESWIPE SAME DIRECTION,ONE-WAY,STRAIGHT AND LEVEL,DRY,NO DEFECTS,NOT ON SCENE (DESK REPORT),NO INJURY / DRIVE AWAY,,,"$501 - $1,500",11/25/2021 06:25:00 AM,FAILING TO YIELD RIGHT-OF-WAY,FAILING TO YIELD RIGHT-OF-WAY,1,W,TERMINAL ST,1651,2,NO INDICATION OF INJURY,0,0,0,0,0,2,0,6,5,11,,,
45,NO CONTROLS,NO CONTROLS,CLEAR,DAYLIGHT,SIDESWIPE SAME DIRECTION,DIVIDED - W/MEDIAN BARRIER,"CURVE, LEVEL",DRY,NO DEFECTS,ON SCENE,NO INJURY / DRIVE AWAY,,,"OVER $1,500",12/17/2021 03:04:00 PM,NOT APPLICABLE,NOT APPLICABLE,8716,S,CHICAGO SKYWAY OB,412,2,NO INDICATION OF INJURY,0,0,0,0,0,3,0,15,6,12,,,
30,NO CONTROLS,NO CONTROLS,CLEAR,DARKNESS,SIDESWIPE SAME DIRECTION,NOT DIVIDED,STRAIGHT AND LEVEL,DRY,NO DEFECTS,ON SCENE,NO INJURY / DRIVE AWAY,,,"$501 - $1,500",12/11/2022 05:58:00 PM,UNABLE TO DETERMINE,UNABLE TO DETERMINE,3100,N,HALSTED ST,1933,2,NO INDICATION OF INJURY,0,0,0,0,0,2,0,17,1,12,,,
35,NO CONTROLS,NO CONTROLS,CLEAR,DAYLIGHT,SIDESWIPE SAME DIRECTION,DIVIDED - W/MEDIAN BARRIER,STRAIGHT AND LEVEL,DRY,NO DEFECTS,ON SCENE,NO INJURY / DRIVE AWAY,,,"$501 - $1,500",11/06/2020 04:30:00 PM,IMPROPER LANE USAGE,FAILING TO YIELD RIGHT-OF-WAY,8800,S,CHICAGO SKYWAY OB,412,2,NO INDICATION OF INJURY,0,0,0,0,0,2,0,16,6,11,,,
30,NO CONTROLS,NO CONTROLS,CLEAR,DAYLIGHT,TURNING,ALLEY,STRAIGHT AND LEVEL,DRY,NO DEFECTS,ON SCENE,INJURY AND / OR TOW DUE TO CRASH,Y,,"OVER $1,500",01/06/2018 03:34:00 PM,FAILING TO YIELD RIGHT-OF-WAY,DRIVING SKILLS/KNOWLEDGE/EXPERIENCE,2420,W,COYLE AVE,2411,2,NO INDICATION OF INJURY,0,0,0,0,0,2,0,15,7,1,42.007840138,-87.691010903,POINT (-87.691010903011 42.007840138019)
20,TRAFFIC SIGNAL,NO CONTROLS,CLEAR,DAYLIGHT,SIDESWIPE SAME DIRECTION,RAMP,STRAIGHT AND LEVEL,DRY,NO DEFECTS,NOT ON SCENE (DESK REPORT),NO INJURY / DRIVE AWAY,,,"OVER $1,500",12/24/2020 02:40:00 PM,IMPROPER LANE USAGE,NOT APPLICABLE,5,W,TERMINAL ST,1655,2,NO INDICATION OF INJURY,0,0,0,0,0,2,0,14,5,12,,,
10,OTHER,FUNCTIONING PROPERLY,RAIN,"DARKNESS, LIGHTED ROAD",REAR END,OTHER,STRAIGHT AND LEVEL,WET,NO DEFECTS,ON SCENE,INJURY AND / OR TOW DUE TO CRASH,,,"OVER $1,500",02/09/2023 07:40:00 PM,FOLLOWING TOO CLOSELY,NOT APPLICABLE,8700,S,CHICAGO SKYWAY OB,412,2,INCAPACITATING INJURY,1,0,1,0,0,1,0,19,5,2,,,
30,NO CONTROLS,NO CONTROLS,CLEAR,"DARKNESS, LIGHTED ROAD",PEDESTRIAN,ONE-WAY,STRAIGHT AND LEVEL,WET,NO DEFECTS,ON SCENE,INJURY AND / OR TOW DUE TO CRASH,,Y,$500 OR LESS,06/30/2021 11:58:00 PM,UNABLE TO DETERMINE,NOT APPLICABLE,3429,W,DOUGLAS BLVD,1021,2,INCAPACITATING INJURY,1,0,1,0,0,1,0,22,4,6,41.862331035,-87.711586346,POINT (-87.711586346018 41.862331035045)
30,NO CONTROLS,FUNCTIONING PROPERLY,CLEAR,DAYLIGHT,REAR END,NOT DIVIDED,STRAIGHT AND LEVEL,DRY,UNKNOWN,NOT ON SCENE (DESK REPORT),INJURY AND / OR TOW DUE TO CRASH,,,"$501 - $1,500",01/21/2021 11:20:00 AM,UNABLE TO DETERMINE,NOT APPLICABLE,3350,W,COLUMBUS AVE,834,2,"REPORTED, NOT EVIDENT",1,0,0,0,1,1,0,10,5,1,41.747849381,-87.706191494,POINT (-87.706191494033 41.747849381039)
30,STOP SIGN/FLASHER,FUNCTIONING PROPERLY,CLEAR,"DARKNESS, LIGHTED ROAD",ANGLE,ONE-WAY,STRAIGHT AND LEVEL,DRY,NO DEFECTS,ON SCENE,NO INJURY / DRIVE AWAY,Y,Y,"OVER $1,500",05/07/2022 10:14:00 PM,DISREGARDING STOP SIGN,UNABLE TO DETERMINE,100,E,ERIE ST,1834,2,NO INDICATION OF INJURY,0,0,0,0,0,2,0,22,7,5,41.894228849,-87.625384759,POINT (-87.625384758996 41.894228848999)
30,NO CONTROLS,NO CONTROLS,CLEAR,DAYLIGHT,REAR END,NOT DIVIDED,STRAIGHT AND LEVEL,DRY,NO DEFECTS,ON SCENE,INJURY AND / OR TOW DUE TO CRASH,,,"OVER $1,500",02/19/2022 02:10:00 PM,DRIVING SKILLS/KNOWLEDGE/EXPERIENCE,DRIVING SKILLS/KNOWLEDGE/EXPERIENCE,2504,E,71ST ST,334,2,NO INDICATION OF INJURY,0,0,0,0,0,3,0,1,7,2,,,
30,TRAFFIC SIGNAL,FUNCTIONING PROPERLY,CLEAR,DAYLIGHT,REAR END,DIVIDED - W/MEDIAN (NOT RAISED),STRAIGHT AND LEVEL,DRY,NO DEFECTS,NOT ON SCENE (DESK REPORT),NO INJURY / DRIVE AWAY,,,"OVER $1,500",04/17/2018 05:03:00 PM,FAILING TO REDUCE SPEED TO AVOID CRASH,DRIVING SKILLS/KNOWLEDGE/EXPERIENCE,6700,W,ARCHER AVE,811,2,NO INDICATION OF INJURY,0,0,0,0,0,2,0,8,3,4,41.792311499,-87.789197189,POINT (-87.78919718901 41.792311498963)
0,NO CONTROLS,FUNCTIONING IMPROPERLY,CLEAR,DARKNESS,OTHER OBJECT,OTHER,STRAIGHT AND LEVEL,DRY,UNKNOWN,NOT ON SCENE (DESK REPORT),NO INJURY / DRIVE AWAY,,,"$501 - $1,500",05/08/2016 05:00:00 AM,"VISION OBSCURED (SIGNS, TREE LIMBS, BUILDINGS, ETC.)",UNABLE TO DETERMINE,3120,W,79TH ST,835,1,NO INDICATION OF INJURY,0,0,0,0,0,1,0,0,1,5,41.749959365,-87.700802911,POINT (-87.700802910953 41.749959364995)
30,TRAFFIC SIGNAL,FUNCTIONING PROPERLY,CLEAR,DAYLIGHT,FIXED OBJECT,DIVIDED - W/MEDIAN (NOT RAISED),STRAIGHT AND LEVEL,DRY,NO DEFECTS,ON SCENE,INJURY AND / OR TOW DUE TO CRASH,,N,"OVER $1,500",07/20/2021 12:00:00 PM,DISTRACTION - FROM OUTSIDE VEHICLE,DISTRACTION - FROM OUTSIDE VEHICLE,9150,S,MACKINAW AVE,424,1,"REPORTED, NOT EVIDENT",1,0,0,0,1,1,0,12,3,7,41.728825707,-87.543011107,POINT (-87.543011107042 41.728825706969)
20,NO CONTROLS,NO CONTROLS,CLEAR,DAYLIGHT,REAR END,ONE-WAY,STRAIGHT AND LEVEL,DRY,UNKNOWN,ON SCENE,NO INJURY / DRIVE AWAY,,Y,$500 OR LESS,10/15/2021 09:55:00 AM,IMPROPER BACKING,DRIVING SKILLS/KNOWLEDGE/EXPERIENCE,759,E,49TH ST,223,2,NO INDICATION OF INJURY,0,0,0,0,0,2,0,9,6,10,41.805782825,-87.606545328,POINT (-87.606545328006 41.805782825022)
30,TRAFFIC SIGNAL,FUNCTIONING PROPERLY,CLOUDY/OVERCAST,DUSK,TURNING,DIVIDED - W/MEDIAN BARRIER,STRAIGHT AND LEVEL,DRY,WORN SURFACE,NOT ON SCENE (DESK REPORT),NO INJURY / DRIVE AWAY,Y,,"OVER $1,500",11/22/2016 04:15:00 PM,UNABLE TO DETERMINE,UNABLE TO DETERMINE,115,W,CERMAK RD,131,2,NO INDICATION OF INJURY,0,0,0,0,0,2,0,16,3,11,41.85276755,-87.630024824,POINT (-87.630024824031 41.852767550035)
30,STOP SIGN/FLASHER,FUNCTIONING PROPERLY,CLEAR,"DARKNESS, LIGHTED ROAD",TURNING,OTHER,STRAIGHT AND LEVEL,DRY,NO DEFECTS,ON SCENE,NO INJURY / DRIVE AWAY,Y,,$500 OR LESS,07/08/2017 10:38:00 PM,FAILING TO YIELD RIGHT-OF-WAY,IMPROPER LANE USAGE,958,N,MAYFIELD AVE,1511,2,NO INDICATION OF INJURY,0,0,0,0,0,3,0,22,7,7,41.898344692,-87.772564974,POINT (-87.772564973995 41.898344691989)
30,NO CONTROLS,NO CONTROLS,SNOW,"DARKNESS, LIGHTED ROAD",TURNING,NOT DIVIDED,STRAIGHT AND LEVEL,WET,NO DEFECTS,NOT ON SCENE (DESK REPORT),NO INJURY / DRIVE AWAY,Y,,"OVER $1,500",01/11/2020 08:30:00 PM,FAILING TO YIELD RIGHT-OF-WAY,IMPROPER TURNING/NO SIGNAL,1740,W,ARMITAGE AVE,1432,2,NO INDICATION OF INJURY,0,0,0,0,0,2,0,19,7,1,41.917977302,-87.671867349,POINT (-87.671867349034 41.917977302034)
30,NO CONTROLS,NO CONTROLS,CLEAR,DUSK,SIDESWIPE SAME DIRECTION,NOT DIVIDED,STRAIGHT AND LEVEL,DRY,NO DEFECTS,NOT ON SCENE (DESK REPORT),NO INJURY / DRIVE AWAY,,,"OVER $1,500",09/29/2017 08:40:00 PM,IMPROPER OVERTAKING/PASSING,UNABLE TO DETERMINE,6632,W,DIVERSEY AVE,2511,2,NO INDICATION OF INJURY,0,0,0,0,0,2,0,19,6,9,41.931036923,-87.791942933,POINT (-87.791942932976 41.931036922967)
30,UNKNOWN,UNKNOWN,CLEAR,DAYLIGHT,REAR END,NOT DIVIDED,STRAIGHT AND LEVEL,DRY,NO DEFECTS,NOT ON SCENE (DESK REPORT),NO INJURY / DRIVE AWAY,,,"$501 - $1,500",09/09/2019 07:28:00 PM,FOLLOWING TOO CLOSELY,FOLLOWING TOO CLOSELY,8081,W,OHARE ST,1654,2,NO INDICATION OF INJURY,0,0,0,0,0,2,0,16,2,9,,,
15,NO CONTROLS,NO CONTROLS,CLEAR,"DARKNESS, LIGHTED ROAD",SIDESWIPE SAME DIRECTION,OTHER,STRAIGHT AND LEVEL,DRY,NO DEFECTS,ON SCENE,NO INJURY / DRIVE AWAY,,,"OVER $1,500",07/08/2022 08:47:00 PM,FAILING TO YIELD RIGHT-OF-WAY,NOT APPLICABLE,1,W,TERMINAL ST,1651,2,NO INDICATION OF INJURY,0,0,0,0,0,2,0,20,6,7,,,
30,STOP SIGN/FLASHER,FUNCTIONING PROPERLY,CLEAR,DAYLIGHT,ANGLE,FOUR WAY,STRAIGHT AND LEVEL,UNKNOWN,UNKNOWN,NOT ON SCENE (DESK REPORT),NO INJURY / DRIVE AWAY,Y,,"OVER $1,500",06/01/2023 11:00:00 AM,FAILING TO YIELD RIGHT-OF-WAY,UNABLE TO DETERMINE,2999,W,HENDERSON ST,1733,2,NO INDICATION OF INJURY,0,0,0,0,0,3,0,10,5,6,,,
30,NO CONTROLS,NO CONTROLS,CLEAR,"DARKNESS, LIGHTED ROAD",PARKED MOTOR VEHICLE,ONE-WAY,STRAIGHT AND LEVEL,DRY,NO DEFECTS,NOT ON SCENE (DESK REPORT),NO INJURY / DRIVE AWAY,,Y,"OVER $1,500",03/06/2016 08:20:00 AM,UNABLE TO DETERMINE,UNABLE TO DETERMINE,2953,W,WARREN BLVD,1222,2,NO INDICATION OF INJURY,0,0,0,0,0,1,0,22,7,3,41.88183668,-87.700810069,POINT (-87.700810069048 41.881836680024)
25,NO CONTROLS,NO CONTROLS,CLEAR,"DARKNESS, LIGHTED ROAD",PARKED MOTOR VEHICLE,ONE-WAY,STRAIGHT AND LEVEL,DRY,NO DEFECTS,ON SCENE,INJURY AND / OR TOW DUE TO CRASH,,Y,"OVER $1,500",10/08/2022 12:37:00 AM,UNABLE TO DETERMINE,NOT APPLICABLE,9424,S,WENTWORTH AVE,634,2,NO INDICATION OF INJURY,0,0,0,0,0,1,0,0,7,10,41.722730859,-87.628839051,POINT (-87.628839050952 41.722730859045)
30,STOP SIGN/FLASHER,OTHER,CLEAR,DAYLIGHT,PEDALCYCLIST,NOT DIVIDED,STRAIGHT ON GRADE,DRY,NO DEFECTS,ON SCENE,NO INJURY / DRIVE AWAY,N,,$500 OR LESS,08/02/2018 12:15:00 PM,UNABLE TO DETERMINE,UNABLE TO DETERMINE,499,E,69TH ST,322,2,NO INDICATION OF INJURY,0,0,0,0,0,2,0,12,5,8,41.769361738,-87.613549341,POINT (-87.613549340977 41.769361737994)
20,NO CONTROLS,NO CONTROLS,RAIN,DAYLIGHT,TURNING,NOT DIVIDED,STRAIGHT AND LEVEL,WET,NO DEFECTS,ON SCENE,INJURY AND / OR TOW DUE TO CRASH,,,"OVER $1,500",04/22/2022 12:53:00 PM,UNABLE TO DETERMINE,NOT APPLICABLE,630,W,OHARE ST,1654,2,"REPORTED, NOT EVIDENT",1,0,0,0,1,1,0,12,6,4,,,
30,TRAFFIC SIGNAL,FUNCTIONING PROPERLY,OTHER,"DARKNESS, LIGHTED ROAD",SIDESWIPE SAME DIRECTION,DIVIDED - W/MEDIAN BARRIER,STRAIGHT AND LEVEL,DRY,NO DEFECTS,ON SCENE,NO INJURY / DRIVE AWAY,Y,,"$501 - $1,500",01/14/2019 06:15:00 AM,DRIVING SKILLS/KNOWLEDGE/EXPERIENCE,NOT APPLICABLE,6299,S,LAKE SHORE DR,331,2,NO INDICATION OF INJURY,0,0,0,0,0,2,0,6,2,1,,,
30,NO CONTROLS,NO CONTROLS,SNOW,DAYLIGHT,PARKED MOTOR VEHICLE,NOT DIVIDED,STRAIGHT AND LEVEL,WET,NO DEFECTS,ON SCENE,INJURY AND / OR TOW DUE TO CRASH,,,"OVER $1,500",01/25/2020 08:00:00 AM,UNABLE TO DETERMINE,UNABLE TO DETERMINE,4442,W,AUGUSTA BLVD,1111,4,NO INDICATION OF INJURY,0,0,0,0,0,3,0,7,7,1,41.898941118,-87.737774099,POINT (-87.737774099034 41.898941117972)
25,NO CONTROLS,NO CONTROLS,CLEAR,DARKNESS,PARKED MOTOR VEHICLE,PARKING LOT,STRAIGHT AND LEVEL,DRY,NO DEFECTS,NOT ON SCENE (DESK REPORT),NO INJURY / DRIVE AWAY,,Y,"$501 - $1,500",10/12/2017 05:07:00 PM,NOT APPLICABLE,NOT APPLICABLE,3802,W,FLOURNOY ST,1133,2,NO INDICATION OF INJURY,0,0,0,0,0,1,0,12,5,10,41.872709334,-87.720542107,POINT (-87.720542106967 41.872709333976)
35,NO CONTROLS,NO CONTROLS,SNOW,"DARKNESS, LIGHTED ROAD",HEAD ON,ONE-WAY,STRAIGHT AND LEVEL,SNOW OR SLUSH,NO DEFECTS,ON SCENE,INJURY AND / OR TOW DUE TO CRASH,,,"OVER $1,500",12/22/2022 10:49:00 PM,DRIVING ON WRONG SIDE/WRONG WAY,UNABLE TO DETERMINE,173,N,BESSIE COLEMAN DR,1654,2,NO INDICATION OF INJURY,0,0,0,0,0,3,0,22,5,12,,,
30,TRAFFIC SIGNAL,FUNCTIONING PROPERLY,CLOUDY/OVERCAST,DAYLIGHT,REAR END,DIVIDED - W/MEDIAN (NOT RAISED),STRAIGHT AND LEVEL,DRY,NO DEFECTS,NOT ON SCENE (DESK REPORT),NO INJURY / DRIVE AWAY,Y,,"OVER $1,500",04/07/2018 02:40:00 PM,FOLLOWING TOO CLOSELY,NOT APPLICABLE,3351,N,WESTERN AVE,1921,2,NO INDICATION OF INJURY,0,0,0,0,0,2,0,7,7,4,41.942799653,-87.687941771,POINT (-87.687941770971 41.942799652999)
30,NO CONTROLS,NO CONTROLS,CLEAR,DAYLIGHT,SIDESWIPE SAME DIRECTION,DIVIDED - W/MEDIAN (NOT RAISED),STRAIGHT AND LEVEL,DRY,NO DEFECTS,NOT ON SCENE (DESK REPORT),NO INJURY / DRIVE AWAY,,,"OVER $1,500",08/15/2017 05:45:00 PM,FAILING TO YIELD RIGHT-OF-WAY,UNABLE TO DETERMINE,6300,N,RIDGE AVE,2413,2,NO INDICATION OF INJURY,0,0,0,0,0,2,0,7,3,8,41.995579197,-87.675876884,POINT (-87.675876883986 41.995579196996)
30,TRAFFIC SIGNAL,FUNCTIONING PROPERLY,CLEAR,DAYLIGHT,TURNING,NOT DIVIDED,STRAIGHT AND LEVEL,SNOW OR SLUSH,NO DEFECTS,,NO INJURY / DRIVE AWAY,Y,,"OVER $1,500",02/09/2021 11:10:00 AM,FOLLOWING TOO CLOSELY,IMPROPER OVERTAKING/PASSING,4802,W,GRAND AVE,2533,2,NO INDICATION OF INJURY,0,0,0,0,0,2,0,11,3,2,41.914087695,-87.746101702,POINT (-87.746101701967 41.914087695045)
35,NO CONTROLS,NO CONTROLS,CLEAR,DAYLIGHT,ANGLE,NOT DIVIDED,STRAIGHT AND LEVEL,DRY,NO DEFECTS,NOT ON SCENE (DESK REPORT),NO INJURY / DRIVE AWAY,,,"OVER $1,500",07/12/2021 03:25:00 PM,NOT APPLICABLE,NOT APPLICABLE,7100,S,MAPLEWOOD AVE,832,2,NO INDICATION OF INJURY,0,0,0,0,0,3,0,14,2,7,41.764544707,-87.68705707,POINT (-87.687057069958 41.764544707037)
25,UNKNOWN,UNKNOWN,UNKNOWN,UNKNOWN,SIDESWIPE SAME DIRECTION,UNKNOWN,STRAIGHT AND LEVEL,UNKNOWN,UNKNOWN,NOT ON SCENE (DESK REPORT),NO INJURY / DRIVE AWAY,,,$500 OR LESS,07/19/2017 03:30:00 PM,NOT APPLICABLE,NOT APPLICABLE,4032,W,IRVING PARK RD,1722,2,NO INDICATION OF INJURY,0,0,0,0,0,2,0,14,4,7,41.953750194,-87.728489892,POINT (-87.728489892005 41.953750193958)
30,NO CONTROLS,NO CONTROLS,RAIN,DAYLIGHT,REAR END,DIVIDED - W/MEDIAN (NOT RAISED),STRAIGHT AND LEVEL,WET,NO DEFECTS,NOT ON SCENE (DESK REPORT),NO INJURY / DRIVE AWAY,,,"$501 - $1,500",05/23/2017 03:24:00 PM,FOLLOWING TOO CLOSELY,EXCEEDING AUTHORIZED SPEED LIMIT,11010,S,KEDZIE AVE,2211,2,NO INDICATION OF INJURY,0,0,0,0,0,4,0,15,3,5,41.693015814,-87.701024776,POINT (-87.701024776006 41.693015814018)
35,NO CONTROLS,NO CONTROLS,RAIN,"DARKNESS, LIGHTED ROAD",PARKED MOTOR VEHICLE,DIVIDED - W/MEDIAN (NOT RAISED),STRAIGHT AND LEVEL,WET,UNKNOWN,ON SCENE,INJURY AND / OR TOW DUE TO CRASH,,,"OVER $1,500",01/01/2023 03:25:00 AM,WEATHER,WEATHER,3001,W,PETERSON AVE,2011,4,NO INDICATION OF INJURY,0,0,0,0,0,1,0,3,1,1,41.990304614,-87.704312836,POINT (-87.704312836005 41.990304613989)
30,NO CONTROLS,NO CONTROLS,CLEAR,"DARKNESS, LIGHTED ROAD",SIDESWIPE SAME DIRECTION,DIVIDED - W/MEDIAN BARRIER,STRAIGHT AND LEVEL,DRY,NO DEFECTS,NOT ON SCENE (DESK REPORT),NO INJURY / DRIVE AWAY,,,"OVER $1,500",02/01/2022 10:30:00 PM,IMPROPER LANE USAGE,NOT APPLICABLE,427,N,MICHIGAN AVE,1834,2,NO INDICATION OF INJURY,0,0,0,0,0,2,0,21,3,2,41.890188304,-87.623955698,POINT (-87.62395569798 41.890188304049)
15,NO CONTROLS,NO CONTROLS,UNKNOWN,UNKNOWN,PARKED MOTOR VEHICLE,PARKING LOT,STRAIGHT AND LEVEL,UNKNOWN,UNKNOWN,NOT ON SCENE (DESK REPORT),NO INJURY / DRIVE AWAY,,Y,"OVER $1,500",05/13/2017 02:10:00 PM,NOT APPLICABLE,NOT APPLICABLE,580,W,OHARE ST,1654,2,NO INDICATION OF INJURY,0,0,0,0,0,1,0,5,2,5,,,
30,NO CONTROLS,NO CONTROLS,CLEAR,DAYLIGHT,ANGLE,NOT DIVIDED,STRAIGHT AND LEVEL,DRY,NO DEFECTS,ON SCENE,NO INJURY / DRIVE AWAY,Y,,"OVER $1,500",02/16/2019 12:45:00 PM,FAILING TO YIELD RIGHT-OF-WAY,DRIVING SKILLS/KNOWLEDGE/EXPERIENCE,7601,S,SOUTH CHICAGO AVE,411,2,NO INDICATION OF INJURY,0,0,0,0,0,2,0,12,7,2,41.756894455,-87.59286789,POINT (-87.592867889958 41.756894454967)
30,NO CONTROLS,NO CONTROLS,CLEAR,DAYLIGHT,PARKED MOTOR VEHICLE,ONE-WAY,STRAIGHT AND LEVEL,DRY,NO DEFECTS,ON SCENE,NO INJURY / DRIVE AWAY,,,$500 OR LESS,08/21/2017 09:52:00 AM,EXCEEDING AUTHORIZED SPEED LIMIT,"OPERATING VEHICLE IN ERRATIC, RECKLESS, CARELESS, NEGLIGENT OR AGGRESSIVE MANNER",1516,E,74TH ST,324,2,NO INDICATION OF INJURY,0,0,0,0,0,1,0,9,2,8,41.760684974,-87.587752316,POINT (-87.587752315986 41.760684974023)
30,NO CONTROLS,NO CONTROLS,UNKNOWN,"DARKNESS, LIGHTED ROAD",PARKED MOTOR VEHICLE,ONE-WAY,STRAIGHT AND LEVEL,ICE,NO DEFECTS,ON SCENE,NO INJURY / DRIVE AWAY,,Y,"OVER $1,500",12/26/2017 05:15:00 AM,UNABLE TO DETERMINE,UNABLE TO DETERMINE,1623,S,KARLOV AVE,1012,2,NO INDICATION OF INJURY,0,0,0,0,0,1,0,0,3,12,41.858121301,-87.727229852,POINT (-87.727229851957 41.858121300996)
20,NO CONTROLS,NO CONTROLS,CLEAR,DAYLIGHT,PARKED MOTOR VEHICLE,PARKING LOT,STRAIGHT AND LEVEL,DRY,NO DEFECTS,ON SCENE,NO INJURY / DRIVE AWAY,,,"OVER $1,500",10/03/2022 04:00:00 PM,UNABLE TO DETERMINE,NOT APPLICABLE,515,W,OHARE ST,1654,2,NO INDICATION OF INJURY,0,0,0,0,0,1,0,14,2,10,,,