POSTED_SPEED_LIMIT,TRAFFIC_CONTROL_DEVICE,DEVICE_CONDITION,WEATHER_CONDITION,LIGHTING_CONDITION,FIRST_CRASH_TYPE,TRAFFICWAY_TYPE,ALIGNMENT,ROADWAY_SURFACE_COND,ROAD_DEFECT,REPORT_TYPE,CRASH_TYPE,INTERSECTION_RELATED_I,HIT_AND_RUN_I,DAMAGE,DATE_POLICE_NOTIFIED,PRIM_CONTRIBUTORY_CAUSE,SEC_CONTRIBUTORY_CAUSE,STREET_NO,STREET_DIRECTION,STREET_NAME,BEAT_OF_OCCURRENCE,NUM_UNITS,MOST_SEVERE_INJURY,INJURIES_TOTAL,INJURIES_FATAL,INJURIES_INCAPACITATING,INJURIES_NON_INCAPACITATING,INJURIES_REPORTED_NOT_EVIDENT,INJURIES_NO_INDICATION,INJURIES_UNKNOWN,CRASH_HOUR,CRASH_DAY_OF_WEEK,CRASH_MONTH,LATITUDE,LONGITUDE,LOCATION
25,STOP SIGN/FLASHER,FUNCTIONING PROPERLY,CLEAR,"DARKNESS, LIGHTED ROAD",REAR END,NOT DIVIDED,STRAIGHT AND LEVEL,DRY,NO DEFECTS,NOT ON SCENE (DESK REPORT),INJURY AND / OR TOW DUE TO CRASH,,,"OVER $1,500",05/15/2019 09:20:00 PM,FOLLOWING TOO CLOSELY,FOLLOWING TOO CLOSELY,3335,W,71ST ST,831,2,"REPORTED, NOT EVIDENT",2,0,0,0,2,1,0,21,4,5,41.764212616,-87.706622412,POINT (-87.706622412019 41.764212616001)
30,TRAFFIC SIGNAL,FUNCTIONING PROPERLY,SNOW,DAYLIGHT,REAR TO FRONT,ONE-WAY,STRAIGHT AND LEVEL,SNOW OR SLUSH,NO DEFECTS,NOT ON SCENE (DESK REPORT),NO INJURY / DRIVE AWAY,,,"OVER $1,500",02/04/2022 12:30:00 PM,IMPROPER BACKING,UNABLE TO DETERMINE,1753,S,CANALPORT AVE,1235,2,NO INDICATION OF INJURY,0,0,0,0,0,4,0,13,3,2,,,
30,NO CONTROLS,NOT FUNCTIONING,RAIN,DAYLIGHT,PARKED MOTOR VEHICLE,DIVIDED - W/MEDIAN (NOT RAISED),STRAIGHT AND LEVEL,WET,NO DEFECTS,ON SCENE,INJURY AND / OR TOW DUE TO CRASH,,,"OVER $1,500",04/15/2022 05:21:00 PM,IMPROPER LANE USAGE,UNABLE TO DETERMINE,9022,S,COLFAX AVE,423,4,NO INDICATION OF INJURY,0,0,0,0,0,1,0,15,6,4,41.730978723,-87.561123663,POINT (-87.561123663009 41.730978723007)
30,UNKNOWN,UNKNOWN,UNKNOWN,UNKNOWN,SIDESWIPE SAME DIRECTION,DIVIDED - W/MEDIAN (NOT RAISED),STRAIGHT AND LEVEL,UNKNOWN,UNKNOWN,NOT ON SCENE (DESK REPORT),NO INJURY / DRIVE AWAY,,,"OVER $1,500",03/30/2023 05:15:00 PM,UNABLE TO DETERMINE,NOT APPLICABLE,7152,W,NORTH AVE,2513,3,NO INDICATION OF INJURY,0,0,0,0,0,3,0,13,5,3,41.908996544,-87.804119441,POINT (-87.804119441014 41.908996543981)
30,OTHER,FUNCTIONING PROPERLY,CLEAR,DUSK,PARKED MOTOR VEHICLE,NOT DIVIDED,STRAIGHT AND LEVEL,UNKNOWN,NO DEFECTS,ON SCENE,NO INJURY / DRIVE AWAY,,,"OVER $1,500",10/12/2018 06:16:00 PM,UNABLE TO DETERMINE,EQUIPMENT - VEHICLE CONDITION,2139,S,CALIFORNIA AVE,1023,2,NO INDICATION OF INJURY,0,0,0,0,0,1,0,18,6,10,41.852580594,-87.695321828,POINT (-87.695321828025 41.852580594034)
15,NO CONTROLS,NO CONTROLS,UNKNOWN,DAYLIGHT,PARKED MOTOR VEHICLE,PARKING LOT,STRAIGHT AND LEVEL,UNKNOWN,UNKNOWN,NOT ON SCENE (DESK REPORT),NO INJURY / DRIVE AWAY,,,$500 OR LESS,10/25/2022 03:45:00 PM,UNABLE TO DETERMINE,UNABLE TO DETERMINE,2425,E,71ST ST,334,2,NO INDICATION OF INJURY,0,0,0,0,0,2,0,14,3,10,,,
15,NO CONTROLS,NO CONTROLS,CLEAR,DAYLIGHT,REAR TO SIDE,PARKING LOT,STRAIGHT AND LEVEL,DRY,NO DEFECTS,NOT ON SCENE (DESK REPORT),NO INJURY / DRIVE AWAY,,,"OVER $1,500",07/08/2019 05:20:00 PM,FAILING TO YIELD RIGHT-OF-WAY,DRIVING SKILLS/KNOWLEDGE/EXPERIENCE,6014,S,COTTAGE GROVE AVE,313,2,NO INDICATION OF INJURY,0,0,0,0,0,2,0,15,2,7,41.785387445,-87.606183761,POINT (-87.606183761008 41.785387444959)
30,STOP SIGN/FLASHER,FUNCTIONING PROPERLY,CLEAR,"DARKNESS, LIGHTED ROAD",TURNING,T-INTERSECTION,STRAIGHT AND LEVEL,WET,NO DEFECTS,ON SCENE,INJURY AND / OR TOW DUE TO CRASH,Y,,"OVER $1,500",11/20/2019 04:33:00 PM,FAILING TO YIELD RIGHT-OF-WAY,UNABLE TO DETERMINE,5161,W,LAWRENCE AVE,1623,2,NO INDICATION OF INJURY,0,0,0,0,0,2,0,16,4,11,41.967797374,-87.757318908,POINT (-87.757318908014 41.967797374042)
20,NO CONTROLS,NO CONTROLS,SNOW,DARKNESS,REAR END,OTHER,"CURVE, LEVEL",SNOW OR SLUSH,NO DEFECTS,ON SCENE,NO INJURY / DRIVE AWAY,,,"OVER $1,500",12/21/2018 06:17:00 AM,UNABLE TO DETERMINE,UNABLE TO DETERMINE,3,W,TERMINAL ST,1653,2,NO INDICATION OF INJURY,0,0,0,0,0,2,0,6,6,12,,,
30,TRAFFIC SIGNAL,FUNCTIONING PROPERLY,SNOW,"DARKNESS, LIGHTED ROAD",TURNING,NOT DIVIDED,STRAIGHT AND LEVEL,WET,NO DEFECTS,ON SCENE,INJURY AND / OR TOW DUE TO CRASH,Y,,"OVER $1,500",01/19/2019 02:31:00 AM,DISREGARDING TRAFFIC SIGNALS,EXCEEDING AUTHORIZED SPEED LIMIT,6000,W,GRAND AVE,2512,2,NO INDICATION OF INJURY,0,0,0,0,0,3,0,2,7,1,41.920676631,-87.775630269,POINT (-87.775630269041 41.920676630982)
55,NO CONTROLS,NO CONTROLS,CLEAR,DAYLIGHT,REAR END,OTHER,STRAIGHT AND LEVEL,DRY,NO DEFECTS,ON SCENE,NO INJURY / DRIVE AWAY,,Y,"OVER $1,500",01/22/2021 03:35:00 PM,UNABLE TO DETERMINE,UNABLE TO DETERMINE,5300,S,DAN RYAN LOCAL OB,935,2,NO INDICATION OF INJURY,0,0,0,0,0,7,0,15,6,1,,,
30,NO CONTROLS,NO CONTROLS,CLEAR,DAYLIGHT,SIDESWIPE SAME DIRECTION,NOT DIVIDED,STRAIGHT AND LEVEL,DRY,NO DEFECTS,ON SCENE,INJURY AND / OR TOW DUE TO CRASH,,Y,"$501 - $1,500",11/02/2018 12:25:00 PM,IMPROPER LANE USAGE,NOT APPLICABLE,11600,S,HALSTED ST,524,2,NO INDICATION OF INJURY,0,0,0,0,0,2,0,12,6,11,41.682973474,-87.642228468,POINT (-87.642228467961 41.682973473961)
30,NO CONTROLS,NO CONTROLS,SNOW,DAYLIGHT,PARKED MOTOR VEHICLE,NOT DIVIDED,STRAIGHT AND LEVEL,ICE,NO DEFECTS,ON SCENE,NO INJURY / DRIVE AWAY,,,"OVER $1,500",11/11/2019 09:45:00 AM,NOT APPLICABLE,NOT APPLICABLE,3216,N,LEAVITT ST,1921,2,NO INDICATION OF INJURY,0,0,0,0,0,1,0,9,2,11,41.940061597,-87.683361972,POINT (-87.683361972014 41.940061597003)
30,UNKNOWN,UNKNOWN,CLEAR,DAYLIGHT,SIDESWIPE SAME DIRECTION,NOT DIVIDED,STRAIGHT AND LEVEL,UNKNOWN,UNKNOWN,NOT ON SCENE (DESK REPORT),NO INJURY / DRIVE AWAY,,,"OVER $1,500",09/15/2022 11:10:00 AM,UNABLE TO DETERMINE,UNABLE TO DETERMINE,9418,S,VINCENNES AVE,2222,2,NO INDICATION OF INJURY,0,0,0,0,0,3,0,10,5,9,41.722644601,-87.65034388,POINT (-87.65034388002 41.72264460105)
30,TRAFFIC SIGNAL,FUNCTIONING PROPERLY,CLEAR,"DARKNESS, LIGHTED ROAD",REAR END,NOT DIVIDED,STRAIGHT AND LEVEL,DRY,NO DEFECTS,NOT ON SCENE (DESK REPORT),NO INJURY / DRIVE AWAY,,,"$501 - $1,500",09/14/2017 11:35:00 PM,DISTRACTION - FROM OUTSIDE VEHICLE,DISTRACTION - FROM OUTSIDE VEHICLE,4032,W,IRVING PARK RD,1722,2,NO INDICATION OF INJURY,0,0,0,0,0,5,0,23,5,9,41.953750194,-87.728489892,POINT (-87.728489892005 41.953750193958)
30,NO CONTROLS,NO CONTROLS,CLEAR,"DARKNESS, LIGHTED ROAD",REAR END,DIVIDED - W/MEDIAN (NOT RAISED),STRAIGHT AND LEVEL,DRY,NO DEFECTS,NOT ON SCENE (DESK REPORT),NO INJURY / DRIVE AWAY,,,"$501 - $1,500",10/31/2021 02:30:00 AM,FOLLOWING TOO CLOSELY,NOT APPLICABLE,19,S,AUSTIN BLVD,1513,2,NO INDICATION OF INJURY,0,0,0,0,0,2,0,2,1,10,41.879460095,-87.774488458,POINT (-87.774488457981 41.879460095023)
30,UNKNOWN,UNKNOWN,CLOUDY/OVERCAST,DAYLIGHT,FIXED OBJECT,ONE-WAY,STRAIGHT AND LEVEL,DRY,NO DEFECTS,ON SCENE,INJURY AND / OR TOW DUE TO CRASH,Y,,"OVER $1,500",09/09/2020 04:10:00 PM,UNABLE TO DETERMINE,NOT APPLICABLE,1823,W,51ST ST,932,1,NO INDICATION OF INJURY,0,0,0,0,0,3,0,16,4,9,41.801157435,-87.670706395,POINT (-87.670706394986 41.801157434957)
55,NO CONTROLS,NO CONTROLS,CLEAR,DAYLIGHT,SIDESWIPE SAME DIRECTION,DIVIDED - W/MEDIAN (NOT RAISED),STRAIGHT AND LEVEL,DRY,NO DEFECTS,ON SCENE,NO INJURY / DRIVE AWAY,,,"OVER $1,500",07/17/2019 03:57:00 PM,NOT APPLICABLE,NOT APPLICABLE,10500,S,CHICAGO SKYWAY OB,432,2,NO INDICATION OF INJURY,0,0,0,0,0,4,0,15,4,7,,,
35,TRAFFIC SIGNAL,FUNCTIONING PROPERLY,CLEAR,DAYLIGHT,SIDESWIPE SAME DIRECTION,DIVIDED - W/MEDIAN BARRIER,STRAIGHT AND LEVEL,DRY,NO DEFECTS,NOT ON SCENE (DESK REPORT),NO INJURY / DRIVE AWAY,,,"OVER $1,500",07/28/2021 04:30:00 PM,IMPROPER OVERTAKING/PASSING,NOT APPLICABLE,12600,W,IRVING PARK RD,1654,2,NO INDICATION OF INJURY,0,0,0,0,0,2,0,15,4,7,,,
35,TRAFFIC SIGNAL,FUNCTIONING PROPERLY,CLEAR,DAYLIGHT,PEDESTRIAN,NOT DIVIDED,STRAIGHT AND LEVEL,DRY,NO DEFECTS,ON SCENE,INJURY AND / OR TOW DUE TO CRASH,Y,,$500 OR LESS,10/26/2017 09:09:00 AM,FAILING TO REDUCE SPEED TO AVOID CRASH,NOT APPLICABLE,600,W,DIVISION ST,1822,2,NONINCAPACITATING INJURY,1,0,0,1,0,1,0,9,5,10,41.903825234,-87.64328636,POINT (-87.643286359995 41.903825233976)
15,OTHER,OTHER,CLEAR,"DARKNESS, LIGHTED ROAD",PARKED MOTOR VEHICLE,PARKING LOT,STRAIGHT AND LEVEL,DRY,NO DEFECTS,NOT ON SCENE (DESK REPORT),NO INJURY / DRIVE AWAY,,,"$501 - $1,500",08/01/2021 09:15:00 PM,UNABLE TO DETERMINE,NOT APPLICABLE,1,W,PARKING LOT D ST,1654,2,NO INDICATION OF INJURY,0,0,0,0,0,1,0,12,7,7,,,
30,NO CONTROLS,NO CONTROLS,SNOW,DARKNESS,PARKED MOTOR VEHICLE,DRIVEWAY,STRAIGHT AND LEVEL,DRY,NO DEFECTS,NOT ON SCENE (DESK REPORT),NO INJURY / DRIVE AWAY,,,"OVER $1,500",01/25/2023 03:18:00 PM,UNABLE TO DETERMINE,UNABLE TO DETERMINE,5801,S,ELLIS AVE,235,2,NO INDICATION OF INJURY,0,0,0,0,0,1,0,6,4,1,41.789542093,-87.601115068,POINT (-87.601115067998 41.78954209303)
30,UNKNOWN,UNKNOWN,CLOUDY/OVERCAST,UNKNOWN,REAR END,NOT DIVIDED,STRAIGHT AND LEVEL,DRY,UNKNOWN,NOT ON SCENE (DESK REPORT),NO INJURY / DRIVE AWAY,,N,"$501 - $1,500",03/23/2021 06:46:00 PM,UNABLE TO DETERMINE,UNABLE TO DETERMINE,11600,S,HALSTED ST,524,2,NO INDICATION OF INJURY,0,0,0,0,0,2,0,13,3,3,41.682973474,-87.642228468,POINT (-87.642228467961 41.682973473961)
30,TRAFFIC SIGNAL,FUNCTIONING PROPERLY,UNKNOWN,UNKNOWN,TURNING,UNKNOWN INTERSECTION TYPE,STRAIGHT ON GRADE,UNKNOWN,UNKNOWN,NOT ON SCENE (DESK REPORT),INJURY AND / OR TOW DUE TO CRASH,Y,,"OVER $1,500",04/21/2021 08:15:00 AM,UNABLE TO DETERMINE,NOT APPLICABLE,8300,S,STONY ISLAND AVE,412,3,NONINCAPACITATING INJURY,1,0,0,1,0,3,0,14,3,4,41.744151639,-87.585945067,POINT (-87.585945066953 41.744151639042)
25,NO CONTROLS,NO CONTROLS,CLEAR,DAYLIGHT,ANGLE,ALLEY,STRAIGHT AND LEVEL,DRY,NO DEFECTS,ON SCENE,NO INJURY / DRIVE AWAY,,,"OVER $1,500",08/06/2020 09:23:00 AM,FAILING TO YIELD RIGHT-OF-WAY,FOLLOWING TOO CLOSELY,7850,S,JEFFERY BLVD,414,2,NO INDICATION OF INJURY,0,0,0,0,0,2,0,9,5,8,41.751920405,-87.576136982,POINT (-87.576136982014 41.751920404952)
30,TRAFFIC SIGNAL,FUNCTIONING PROPERLY,CLOUDY/OVERCAST,DAYLIGHT,REAR END,DIVIDED - W/MEDIAN (NOT RAISED),STRAIGHT AND LEVEL,DRY,NO DEFECTS,NOT ON SCENE (DESK REPORT),NO INJURY / DRIVE AWAY,,,"$501 - $1,500",01/05/2020 09:05:00 AM,UNABLE TO DETERMINE,UNABLE TO DETERMINE,2427,W,IRVING PARK RD,1921,2,NO INDICATION OF INJURY,0,0,0,0,0,2,0,8,1,1,41.953886773,-87.689555386,POINT (-87.689555386039 41.953886773043)
30,STOP SIGN/FLASHER,NOT FUNCTIONING,CLEAR,DAYLIGHT,REAR END,ONE-WAY,STRAIGHT AND LEVEL,UNKNOWN,NO DEFECTS,NOT ON SCENE (DESK REPORT),NO INJURY / DRIVE AWAY,,,"$501 - $1,500",01/13/2016 07:20:00 AM,UNABLE TO DETERMINE,UNABLE TO DETERMINE,5700,S,WENTWORTH AVE,232,2,NO INDICATION OF INJURY,0,0,0,0,0,2,0,7,4,1,,,
30,NO CONTROLS,NO CONTROLS,CLEAR,DAYLIGHT,SIDESWIPE SAME DIRECTION,DIVIDED - W/MEDIAN (NOT RAISED),STRAIGHT AND LEVEL,DRY,NO DEFECTS,NOT ON SCENE (DESK REPORT),NO INJURY / DRIVE AWAY,,,"OVER $1,500",06/14/2018 03:30:00 PM,IMPROPER OVERTAKING/PASSING,FAILING TO REDUCE SPEED TO AVOID CRASH,6101,W,FOSTER AVE,1622,2,NO INDICATION OF INJURY,0,0,0,0,0,2,0,17,4,6,41.975553177,-87.780620676,POINT (-87.78062067605 41.975553176956)
30,NO CONTROLS,NO CONTROLS,CLEAR,DAYLIGHT,REAR END,NOT DIVIDED,STRAIGHT AND LEVEL,DRY,NO DEFECTS,NOT ON SCENE (DESK REPORT),NO INJURY / DRIVE AWAY,,,"OVER $1,500",11/02/2022 10:20:00 AM,UNABLE TO DETERMINE,NOT APPLICABLE,5305,W,GRAND AVE,2515,2,NO INDICATION OF INJURY,0,0,0,0,0,2,0,8,4,11,41.917366488,-87.758870292,POINT (-87.758870292026 41.917366487953)
20,NO CONTROLS,NO CONTROLS,RAIN,DAYLIGHT,SIDESWIPE SAME DIRECTION,ONE-WAY,STRAIGHT AND LEVEL,WET,NO DEFECTS,ON SCENE,NO INJURY / DRIVE AWAY,,,"OVER $1,500",04/25/2023 07:35:00 AM,DRIVING SKILLS/KNOWLEDGE/EXPERIENCE,UNABLE TO DETERMINE,1,W,TERMINAL ST,1651,2,NO INDICATION OF INJURY,0,0,0,0,0,3,0,7,3,4,,,
35,TRAFFIC SIGNAL,FUNCTIONING PROPERLY,CLEAR,"DARKNESS, LIGHTED ROAD",TURNING,NOT DIVIDED,STRAIGHT AND LEVEL,DRY,NO DEFECTS,NOT ON SCENE (DESK REPORT),NO INJURY / DRIVE AWAY,,,"$501 - $1,500",11/27/2016 10:10:00 PM,IMPROPER TURNING/NO SIGNAL,UNABLE TO DETERMINE,2001,W,IRVING PARK RD,1921,2,NO INDICATION OF INJURY,0,0,0,0,0,2,0,21,1,11,41.954046293,-87.678812012,POINT (-87.678812011999 41.954046293036)
30,TRAFFIC SIGNAL,FUNCTIONING PROPERLY,CLEAR,DUSK,TURNING,NOT DIVIDED,STRAIGHT AND LEVEL,DRY,NO DEFECTS,ON SCENE,INJURY AND / OR TOW DUE TO CRASH,Y,,"OVER $1,500",12/03/2020 06:11:00 PM,FAILING TO YIELD RIGHT-OF-WAY,NOT APPLICABLE,8301,S,CICERO AVE,834,2,NO INDICATION OF INJURY,0,0,0,0,0,2,0,18,5,12,41.741803599,-87.740953582,POINT (-87.740953581987 41.741803598989)
30,NO CONTROLS,NO CONTROLS,RAIN,UNKNOWN,PARKED MOTOR VEHICLE,NOT DIVIDED,STRAIGHT AND LEVEL,WET,NO DEFECTS,NOT ON SCENE (DESK REPORT),NO INJURY / DRIVE AWAY,,Y,"OVER $1,500",04/29/2019 10:00:00 AM,IMPROPER OVERTAKING/PASSING,UNABLE TO DETERMINE,1353,W,49TH ST,933,2,NO INDICATION OF INJURY,0,0,0,0,0,1,0,8,2,4,41.804923494,-87.659695789,POINT (-87.659695788966 41.804923494002)
25,NO CONTROLS,NO CONTROLS,CLEAR,DAYLIGHT,PARKED MOTOR VEHICLE,ONE-WAY,STRAIGHT AND LEVEL,DRY,NO DEFECTS,ON SCENE,INJURY AND / OR TOW DUE TO CRASH,,,"OVER $1,500",08/29/2021 12:00:00 PM,DRIVING ON WRONG SIDE/WRONG WAY,"OPERATING VEHICLE IN ERRATIC, RECKLESS, CARELESS, NEGLIGENT OR AGGRESSIVE MANNER",4804,W,POLK ST,1533,3,NO INDICATION OF INJURY,0,0,0,0,0,1,0,12,1,8,41.870373963,-87.74516,POINT (-87.745159999991 41.870373963023)
30,NO CONTROLS,NO CONTROLS,CLEAR,DAYLIGHT,SIDESWIPE SAME DIRECTION,ONE-WAY,STRAIGHT AND LEVEL,DRY,NO DEFECTS,NOT ON SCENE (DESK REPORT),NO INJURY / DRIVE AWAY,,Y,"OVER $1,500",10/04/2021 05:20:00 PM,UNABLE TO DETERMINE,UNABLE TO DETERMINE,3626,S,LAKE PARK AVE,212,2,NO INDICATION OF INJURY,0,0,0,0,0,2,0,17,1,10,41.829271823,-87.606969898,POINT (-87.60696989804 41.829271822982)
30,NO CONTROLS,NO CONTROLS,SNOW,"DARKNESS, LIGHTED ROAD",REAR END,ONE-WAY,STRAIGHT AND LEVEL,SNOW OR SLUSH,UNKNOWN,ON SCENE,NO INJURY / DRIVE AWAY,,,"$501 - $1,500",02/17/2022 05:15:00 PM,WEATHER,NOT APPLICABLE,176,N,BESSIE COLEMAN DR,1654,2,NO INDICATION OF INJURY,0,0,0,0,0,2,0,17,5,2,,,
35,TRAFFIC SIGNAL,FUNCTIONING PROPERLY,OTHER,DAYLIGHT,REAR END,NOT DIVIDED,STRAIGHT AND LEVEL,WET,NO DEFECTS,NOT ON SCENE (DESK REPORT),INJURY AND / OR TOW DUE TO CRASH,Y,Y,"OVER $1,500",03/11/2023 09:30:00 AM,FAILING TO REDUCE SPEED TO AVOID CRASH,FOLLOWING TOO CLOSELY,6427,N,HARLEM AVE,1611,2,"REPORTED, NOT EVIDENT",1,0,0,0,1,3,0,16,6,3,41.997730287,-87.806645117,POINT (-87.806645117018 41.997730287008)
30,NO CONTROLS,NO CONTROLS,CLEAR,DAYLIGHT,SIDESWIPE SAME DIRECTION,DIVIDED - W/MEDIAN (NOT RAISED),STRAIGHT AND LEVEL,DRY,UNKNOWN,ON SCENE,NO INJURY / DRIVE AWAY,,,"OVER $1,500",07/09/2020 02:51:00 PM,DRIVING SKILLS/KNOWLEDGE/EXPERIENCE,UNABLE TO DETERMINE,6805,N,SHERIDAN RD,2431,2,NO INDICATION OF INJURY,0,0,0,0,0,2,0,14,5,7,42.005748683,-87.660817462,POINT (-87.660817461963 42.005748682954)
30,TRAFFIC SIGNAL,FUNCTIONING PROPERLY,CLEAR,DAYLIGHT,REAR END,NOT DIVIDED,STRAIGHT AND LEVEL,DRY,UNKNOWN,NOT ON SCENE (DESK REPORT),NO INJURY / DRIVE AWAY,,,"$501 - $1,500",06/27/2018 07:55:00 AM,FAILING TO REDUCE SPEED TO AVOID CRASH,NOT APPLICABLE,13000,S,STONY ISLAND AVE,434,2,NO INDICATION OF INJURY,0,0,0,0,0,2,0,7,4,6,,,
30,NO CONTROLS,NO CONTROLS,UNKNOWN,"DARKNESS, LIGHTED ROAD",PARKED MOTOR VEHICLE,NOT DIVIDED,STRAIGHT AND LEVEL,UNKNOWN,UNKNOWN,NOT ON SCENE (DESK REPORT),NO INJURY / DRIVE AWAY,,,"$501 - $1,500",01/20/2022 09:30:00 PM,IMPROPER BACKING,NOT APPLICABLE,2657,W,DEVON AVE,2413,2,NO INDICATION OF INJURY,0,0,0,0,0,2,0,20,5,1,41.997495257,-87.697056084,POINT (-87.69705608405 41.997495257045)
30,NO CONTROLS,NO CONTROLS,CLEAR,DAYLIGHT,SIDESWIPE SAME DIRECTION,DIVIDED - W/MEDIAN (NOT RAISED),STRAIGHT AND LEVEL,DRY,NO DEFECTS,ON SCENE,NO INJURY / DRIVE AWAY,,,"OVER $1,500",08/14/2021 01:05:00 PM,UNABLE TO DETERMINE,UNABLE TO DETERMINE,1846,W,DIVISION ST,1424,4,NO INDICATION OF INJURY,0,0,0,0,0,4,0,13,7,8,41.903347722,-87.674274115,POINT (-87.674274115014 41.903347721967)
30,NO CONTROLS,NO CONTROLS,RAIN,DAYLIGHT,PARKED MOTOR VEHICLE,ONE-WAY,STRAIGHT AND LEVEL,WET,NO DEFECTS,NOT ON SCENE (DESK REPORT),NO INJURY / DRIVE AWAY,,,"OVER $1,500",07/28/2016 05:30:00 PM,UNABLE TO DETERMINE,UNABLE TO DETERMINE,451100,N,LA SALLE DR /ILLINOIS,1831,2,NO INDICATION OF INJURY,0,0,0,0,0,2,0,17,5,7,,,
15,NO CONTROLS,NO CONTROLS,CLEAR,DAYLIGHT,REAR TO REAR,PARKING LOT,STRAIGHT AND LEVEL,DRY,NO DEFECTS,NOT ON SCENE (DESK REPORT),NO INJURY / DRIVE AWAY,,,"OVER $1,500",05/25/2021 10:30:00 AM,UNABLE TO DETERMINE,UNABLE TO DETERMINE,6014,S,COTTAGE GROVE AVE,313,2,NO INDICATION OF INJURY,0,0,0,0,0,2,0,10,3,5,41.785387445,-87.606183761,POINT (-87.606183761008 41.785387444959)
30,OTHER,NO CONTROLS,CLEAR,DAYLIGHT,FIXED OBJECT,NOT DIVIDED,STRAIGHT AND LEVEL,DRY,NO DEFECTS,ON SCENE,INJURY AND / OR TOW DUE TO CRASH,,,"OVER $1,500",08/24/2020 05:43:00 PM,NOT APPLICABLE,NOT APPLICABLE,906,E,MARQUETTE RD,321,1,NO INDICATION OF INJURY,0,0,0,0,0,2,0,17,2,8,41.775099118,-87.60306284,POINT (-87.603062840034 41.775099117959)
30,NO CONTROLS,NO CONTROLS,SNOW,DAYLIGHT,ANGLE,NOT DIVIDED,STRAIGHT AND LEVEL,WET,NO DEFECTS,NOT ON SCENE (DESK REPORT),NO INJURY / DRIVE AWAY,,,"$501 - $1,500",02/26/2020 11:00:00 AM,FAILING TO YIELD RIGHT-OF-WAY,NOT APPLICABLE,2744,N,CALIFORNIA AVE,1411,2,NO INDICATION OF INJURY,0,0,0,0,0,2,0,7,4,2,41.931607951,-87.697755776,POINT (-87.697755776035 41.931607951049)
35,NO CONTROLS,NO CONTROLS,CLEAR,"DARKNESS, LIGHTED ROAD",PARKED MOTOR VEHICLE,ONE-WAY,STRAIGHT AND LEVEL,DRY,NO DEFECTS,ON SCENE,INJURY AND / OR TOW DUE TO CRASH,,Y,"$501 - $1,500",07/05/2020 12:40:00 AM,DRIVING ON WRONG SIDE/WRONG WAY,UNDER THE INFLUENCE OF ALCOHOL/DRUGS (USE WHEN ARREST IS EFFECTED),4700,S,FEDERAL ST,224,2,NONINCAPACITATING INJURY,1,0,0,1,0,1,0,0,1,7,41.809095486,-87.628723167,POINT (-87.628723167002 41.809095485967)
30,UNKNOWN,NO CONTROLS,RAIN,DAYLIGHT,SIDESWIPE SAME DIRECTION,NOT DIVIDED,STRAIGHT AND LEVEL,WET,UNKNOWN,NOT ON SCENE (DESK REPORT),NO INJURY / DRIVE AWAY,,Y,"$501 - $1,500",10/03/2019 02:40:00 PM,UNABLE TO DETERMINE,UNABLE TO DETERMINE,5133,W,IRVING PARK RD,1634,2,NO INDICATION OF INJURY,0,0,0,0,0,2,0,15,4,10,41.953203301,-87.756048735,POINT (-87.756048735038 41.953203300975)
30,NO CONTROLS,NO CONTROLS,CLEAR,DAYLIGHT,FIXED OBJECT,NOT DIVIDED,STRAIGHT AND LEVEL,DRY,NO DEFECTS,ON SCENE,INJURY AND / OR TOW DUE TO CRASH,,,"OVER $1,500",08/23/2020 02:00:00 PM,UNABLE TO DETERMINE,UNABLE TO DETERMINE,457,E,69TH ST,322,1,NO INDICATION OF INJURY,0,0,0,0,0,2,0,13,1,8,41.769361738,-87.613549341,POINT (-87.613549340977 41.769361737994)
30,NO CONTROLS,NO CONTROLS,CLEAR,DAYLIGHT,SIDESWIPE SAME DIRECTION,ONE-WAY,STRAIGHT AND LEVEL,DRY,NO DEFECTS,ON SCENE,NO INJURY / DRIVE AWAY,,,$500 OR LESS,05/01/2021 10:48:00 AM,IMPROPER LANE USAGE,NOT APPLICABLE,1,W,TERMINAL ST,1651,2,NO INDICATION OF INJURY,0,0,0,0,0,2,0,10,7,5,,,
20,NO CONTROLS,NO CONTROLS,CLEAR,DAYLIGHT,SIDESWIPE SAME DIRECTION,ONE-WAY,STRAIGHT AND LEVEL,DRY,NO DEFECTS,ON SCENE,NO INJURY / DRIVE AWAY,,,"OVER $1,500",05/29/2023 05:15:00 PM,NOT APPLICABLE,NOT APPLICABLE,1,W,TERMINAL ST,1651,2,NO INDICATION OF INJURY,0,0,0,0,0,2,0,17,2,5,,,