POSTED_SPEED_LIMIT,TRAFFIC_CONTROL_DEVICE,DEVICE_CONDITION,WEATHER_CONDITION,LIGHTING_CONDITION,FIRST_CRASH_TYPE,TRAFFICWAY_TYPE,ALIGNMENT,ROADWAY_SURFACE_COND,ROAD_DEFECT,REPORT_TYPE,CRASH_TYPE,INTERSECTION_RELATED_I,HIT_AND_RUN_I,DAMAGE,DATE_POLICE_NOTIFIED,PRIM_CONTRIBUTORY_CAUSE,SEC_CONTRIBUTORY_CAUSE,STREET_NO,STREET_DIRECTION,STREET_NAME,BEAT_OF_OCCURRENCE,NUM_UNITS,MOST_SEVERE_INJURY,INJURIES_TOTAL,INJURIES_FATAL,INJURIES_INCAPACITATING,INJURIES_NON_INCAPACITATING,INJURIES_REPORTED_NOT_EVIDENT,INJURIES_NO_INDICATION,INJURIES_UNKNOWN,CRASH_HOUR,CRASH_DAY_OF_WEEK,CRASH_MONTH,LATITUDE,LONGITUDE,LOCATION
10,NO CONTROLS,NO CONTROLS,CLOUDY/OVERCAST,DAYLIGHT,PARKED MOTOR VEHICLE,PARKING LOT,STRAIGHT AND LEVEL,DRY,NO DEFECTS,ON SCENE,NO INJURY / DRIVE AWAY,,,"$501 - $1,500",09/13/2019 04:40:00 PM,UNABLE TO DETERMINE,NOT APPLICABLE,517,W,OHARE ST,1654,2,NO INDICATION OF INJURY,0,0,0,0,0,1,0,16,6,9,,,
30,TRAFFIC SIGNAL,UNKNOWN,UNKNOWN,DAYLIGHT,SIDESWIPE SAME DIRECTION,NOT DIVIDED,STRAIGHT AND LEVEL,UNKNOWN,UNKNOWN,NOT ON SCENE (DESK REPORT),NO INJURY / DRIVE AWAY,N,,$500 OR LESS,04/07/2016 01:17:00 PM,IMPROPER OVERTAKING/PASSING,NOT APPLICABLE,4200,W,16TH ST,1012,2,NO INDICATION OF INJURY,0,0,0,0,0,2,0,7,5,4,41.858908833,-87.729904272,POINT (-87.729904271964 41.85890883299)
30,TRAFFIC SIGNAL,FUNCTIONING PROPERLY,CLEAR,DAYLIGHT,REAR END,DIVIDED - W/MEDIAN (NOT RAISED),STRAIGHT AND LEVEL,DRY,NO DEFECTS,NOT ON SCENE (DESK REPORT),NO INJURY / DRIVE AWAY,,,"$501 - $1,500",01/28/2016 01:50:00 PM,FOLLOWING TOO CLOSELY,UNABLE TO DETERMINE,2501,S,DR MARTIN LUTHER KING JR DR,133,2,NO INDICATION OF INJURY,0,0,0,0,0,2,0,13,5,1,41.847477765,-87.617218167,POINT (-87.617218166986 41.847477764972)
25,NO CONTROLS,NO CONTROLS,CLEAR,DAYLIGHT,PARKED MOTOR VEHICLE,ONE-WAY,STRAIGHT AND LEVEL,DRY,NO DEFECTS,ON SCENE,NO INJURY / DRIVE AWAY,,,"OVER $1,500",05/18/2023 08:35:00 AM,IMPROPER OVERTAKING/PASSING,FAILING TO YIELD RIGHT-OF-WAY,3,W,TERMINAL ST,1653,2,NO INDICATION OF INJURY,0,0,0,0,0,1,0,8,5,5,,,
30,NO CONTROLS,NO CONTROLS,CLEAR,"DARKNESS, LIGHTED ROAD",PARKED MOTOR VEHICLE,DIVIDED - W/MEDIAN (NOT RAISED),STRAIGHT AND LEVEL,DRY,UNKNOWN,ON SCENE,INJURY AND / OR TOW DUE TO CRASH,,Y,"OVER $1,500",10/09/2020 02:10:00 AM,UNABLE TO DETERMINE,UNABLE TO DETERMINE,2415,N,KIMBALL AVE,1413,4,NO INDICATION OF INJURY,0,0,0,0,0,1,0,2,6,10,41.925150202,-87.711971971,POINT (-87.711971970977 41.925150201976)
45,NO CONTROLS,NO CONTROLS,CLEAR,DAYLIGHT,SIDESWIPE SAME DIRECTION,DIVIDED - W/MEDIAN BARRIER,STRAIGHT AND LEVEL,DRY,UNKNOWN,NOT ON SCENE (DESK REPORT),NO INJURY / DRIVE AWAY,,Y,$500 OR LESS,06/14/2017 04:00:00 PM,IMPROPER LANE USAGE,UNABLE TO DETERMINE,1542,N,LAKE SHORE DR SB,1814,2,NO INDICATION OF INJURY,0,0,0,0,0,2,0,15,3,6,41.910899808,-87.626150711,POINT (-87.626150710962 41.910899808009)
0,NO CONTROLS,NO CONTROLS,CLEAR,"DARKNESS, LIGHTED ROAD",OTHER OBJECT,DIVIDED - W/MEDIAN BARRIER,STRAIGHT AND LEVEL,DRY,NO DEFECTS,NOT ON SCENE (DESK REPORT),NO INJURY / DRIVE AWAY,,,"$501 - $1,500",05/13/2016 12:08:00 PM,NOT APPLICABLE,NOT APPLICABLE,444,N,LOWER LAKE SHORE DR,1834,1,NO INDICATION OF INJURY,0,0,0,0,0,1,0,20,6,5,,,
30,NO CONTROLS,NO CONTROLS,CLEAR,UNKNOWN,PARKED MOTOR VEHICLE,ONE-WAY,STRAIGHT AND LEVEL,DRY,NO DEFECTS,ON SCENE,NO INJURY / DRIVE AWAY,,Y,"$501 - $1,500",08/22/2019 08:30:00 AM,NOT APPLICABLE,NOT APPLICABLE,6415,S,GREENWOOD AVE,314,2,NO INDICATION OF INJURY,0,0,0,0,0,1,0,8,5,8,41.778164824,-87.599040008,POINT (-87.59904000801 41.778164823989)
30,NO CONTROLS,NO CONTROLS,RAIN,DAYLIGHT,TURNING,NOT DIVIDED,STRAIGHT AND LEVEL,WET,NO DEFECTS,NOT ON SCENE (DESK REPORT),NO INJURY / DRIVE AWAY,Y,Y,"$501 - $1,500",05/03/2021 01:47:00 PM,FAILING TO YIELD RIGHT-OF-WAY,FAILING TO REDUCE SPEED TO AVOID CRASH,3607,W,FULLERTON AVE,2525,2,NO INDICATION OF INJURY,0,0,0,0,0,3,0,7,2,5,41.924490094,-87.717288131,POINT (-87.717288130979 41.924490093998)
30,TRAFFIC SIGNAL,UNKNOWN,UNKNOWN,UNKNOWN,REAR END,NOT DIVIDED,STRAIGHT AND LEVEL,UNKNOWN,UNKNOWN,NOT ON SCENE (DESK REPORT),NO INJURY / DRIVE AWAY,,,"$501 - $1,500",08/30/2022 05:15:00 PM,UNABLE TO DETERMINE,NOT APPLICABLE,10001,S,VINCENNES AVE,2232,2,NO INDICATION OF INJURY,0,0,0,0,0,2,0,7,3,8,,,
20,TRAFFIC SIGNAL,FUNCTIONING PROPERLY,CLEAR,DAYLIGHT,REAR END,NOT DIVIDED,STRAIGHT AND LEVEL,WET,NO DEFECTS,ON SCENE,NO INJURY / DRIVE AWAY,,,"$501 - $1,500",02/06/2019 11:50:00 AM,IMPROPER BACKING,UNABLE TO DETERMINE,850,W,OHARE ST,1654,2,NO INDICATION OF INJURY,0,0,0,0,0,2,0,11,4,2,,,
30,NO CONTROLS,NO CONTROLS,CLEAR,"DARKNESS, LIGHTED ROAD",PARKED MOTOR VEHICLE,ONE-WAY,STRAIGHT AND LEVEL,DRY,UNKNOWN,ON SCENE,INJURY AND / OR TOW DUE TO CRASH,,Y,"OVER $1,500",01/07/2023 08:33:00 PM,UNABLE TO DETERMINE,UNABLE TO DETERMINE,731,N,LOCKWOOD AVE,1524,3,NONINCAPACITATING INJURY,1,0,0,1,0,1,0,20,7,1,41.893921077,-87.757867954,POINT (-87.757867953974 41.893921076998)
55,OTHER,OTHER,CLEAR,DAYLIGHT,FIXED OBJECT,OTHER,STRAIGHT AND LEVEL,DRY,UNKNOWN,ON SCENE,NO INJURY / DRIVE AWAY,,,$500 OR LESS,08/23/2016 10:34:00 AM,UNABLE TO DETERMINE,UNABLE TO DETERMINE,8801,S,CHICAGO SKYWAY IB,423,1,NO INDICATION OF INJURY,0,0,0,0,0,1,0,6,2,8,,,
10,NO CONTROLS,NO CONTROLS,CLEAR,"DARKNESS, LIGHTED ROAD",SIDESWIPE SAME DIRECTION,PARKING LOT,STRAIGHT AND LEVEL,DRY,NO DEFECTS,ON SCENE,NO INJURY / DRIVE AWAY,,,"OVER $1,500",11/03/2022 06:24:00 PM,FAILING TO YIELD RIGHT-OF-WAY,NOT APPLICABLE,524,W,OHARE ST,1654,2,NO INDICATION OF INJURY,0,0,0,0,0,2,0,18,5,11,,,
30,TRAFFIC SIGNAL,FUNCTIONING PROPERLY,RAIN,DAYLIGHT,TURNING,NOT DIVIDED,STRAIGHT AND LEVEL,WET,NO DEFECTS,NOT ON SCENE (DESK REPORT),NO INJURY / DRIVE AWAY,Y,,"OVER $1,500",11/04/2018 12:30:00 PM,"VISION OBSCURED (SIGNS, TREE LIMBS, BUILDINGS, ETC.)",NOT APPLICABLE,6800,W,BELMONT AVE,1632,2,NO INDICATION OF INJURY,0,0,0,0,0,2,0,11,1,11,41.938266954,-87.795761499,POINT (-87.795761499004 41.938266954026)
30,NO CONTROLS,NO CONTROLS,CLEAR,DAYLIGHT,FIXED OBJECT,PARKING LOT,STRAIGHT AND LEVEL,DRY,NO DEFECTS,ON SCENE,NO INJURY / DRIVE AWAY,,,"$501 - $1,500",07/16/2019 07:50:00 PM,UNABLE TO DETERMINE,UNABLE TO DETERMINE,7575,N,ROGERS AVE,2422,1,NO INDICATION OF INJURY,0,0,0,0,0,1,0,19,3,7,42.019164625,-87.668397288,POINT (-87.668397288001 42.01916462497)
30,NO CONTROLS,NO CONTROLS,CLEAR,DAYLIGHT,ANGLE,DIVIDED - W/MEDIAN (NOT RAISED),STRAIGHT AND LEVEL,DRY,UNKNOWN,NOT ON SCENE (DESK REPORT),NO INJURY / DRIVE AWAY,,,"OVER $1,500",05/17/2018 07:05:00 PM,FAILING TO YIELD RIGHT-OF-WAY,FAILING TO YIELD RIGHT-OF-WAY,98,N,HOMAN BLVD,1123,2,NO INDICATION OF INJURY,0,0,0,0,0,2,0,19,5,5,41.882694003,-87.711206455,POINT (-87.711206454997 41.882694003031)
30,NO CONTROLS,NO CONTROLS,CLEAR,DAYLIGHT,PARKED MOTOR VEHICLE,NOT DIVIDED,STRAIGHT AND LEVEL,DRY,NO DEFECTS,NOT ON SCENE (DESK REPORT),NO INJURY / DRIVE AWAY,,,"$501 - $1,500",05/26/2021 05:38:00 PM,IMPROPER OVERTAKING/PASSING,IMPROPER LANE USAGE,1501,W,WAVELAND AVE,1922,2,NO INDICATION OF INJURY,0,0,0,0,0,1,0,17,4,5,41.948741257,-87.666542214,POINT (-87.666542214045 41.948741257021)
30,STOP SIGN/FLASHER,FUNCTIONING PROPERLY,SNOW,DAYLIGHT,REAR END,FOUR WAY,STRAIGHT AND LEVEL,SNOW OR SLUSH,NO DEFECTS,NOT ON SCENE (DESK REPORT),NO INJURY / DRIVE AWAY,Y,Y,"$501 - $1,500",11/11/2019 09:00:00 AM,WEATHER,NOT APPLICABLE,471,W,31ST ST,915,2,NO INDICATION OF INJURY,0,0,0,0,0,2,0,8,2,11,41.838030559,-87.638910707,POINT (-87.638910706999 41.838030558995)
30,NO CONTROLS,NO CONTROLS,CLEAR,DAYLIGHT,REAR END,NOT DIVIDED,STRAIGHT AND LEVEL,DRY,NO DEFECTS,ON SCENE,NO INJURY / DRIVE AWAY,,,$500 OR LESS,05/21/2021 02:54:00 PM,FOLLOWING TOO CLOSELY,NOT APPLICABLE,2200,W,ADDISON ST,1921,2,NO INDICATION OF INJURY,0,0,0,0,0,3,0,14,6,5,41.946909114,-87.683469891,POINT (-87.683469891004 41.946909113959)
30,NO CONTROLS,NO CONTROLS,RAIN,DAYLIGHT,PEDALCYCLIST,NOT DIVIDED,STRAIGHT AND LEVEL,DRY,NO DEFECTS,NOT ON SCENE (DESK REPORT),INJURY AND / OR TOW DUE TO CRASH,,,"OVER $1,500",07/13/2020 06:35:00 PM,UNABLE TO DETERMINE,NOT APPLICABLE,1450,N,LARRABEE ST,1822,2,NONINCAPACITATING INJURY,1,0,0,1,0,0,0,8,4,7,41.908009406,-87.643491086,POINT (-87.64349108603 41.908009405972)
30,NO CONTROLS,NO CONTROLS,CLEAR,DARKNESS,PARKED MOTOR VEHICLE,ALLEY,STRAIGHT AND LEVEL,DRY,NO DEFECTS,NOT ON SCENE (DESK REPORT),NO INJURY / DRIVE AWAY,,,"OVER $1,500",08/28/2015 08:35:00 AM,DISTRACTION - FROM OUTSIDE VEHICLE,UNABLE TO DETERMINE,1106,W,110TH ST,2234,2,NO INDICATION OF INJURY,0,0,0,0,0,1,0,21,5,8,41.694193016,-87.650461486,POINT (-87.650461486029 41.694193016046)
30,NO CONTROLS,NO CONTROLS,CLEAR,"DARKNESS, LIGHTED ROAD",SIDESWIPE SAME DIRECTION,NOT DIVIDED,STRAIGHT AND LEVEL,DRY,NO DEFECTS,ON SCENE,INJURY AND / OR TOW DUE TO CRASH,,Y,"OVER $1,500",05/01/2018 09:30:00 PM,EXCEEDING AUTHORIZED SPEED LIMIT,FAILING TO REDUCE SPEED TO AVOID CRASH,1251,E,83RD ST,412,2,NONINCAPACITATING INJURY,1,0,0,1,0,4,0,21,3,5,41.744000873,-87.593276245,POINT (-87.593276245041 41.74400087304)
20,NO CONTROLS,NO CONTROLS,CLEAR,DAYLIGHT,SIDESWIPE SAME DIRECTION,OTHER,STRAIGHT AND LEVEL,DRY,NO DEFECTS,ON SCENE,NO INJURY / DRIVE AWAY,,,"$501 - $1,500",04/29/2023 03:01:00 PM,FAILING TO YIELD RIGHT-OF-WAY,NOT APPLICABLE,3,W,TERMINAL ST,1653,2,NO INDICATION OF INJURY,0,0,0,0,0,3,0,14,6,4,,,
30,TRAFFIC SIGNAL,FUNCTIONING PROPERLY,CLEAR,DAYLIGHT,SIDESWIPE SAME DIRECTION,DIVIDED - W/MEDIAN BARRIER,STRAIGHT AND LEVEL,DRY,NO DEFECTS,ON SCENE,INJURY AND / OR TOW DUE TO CRASH,,,"OVER $1,500",07/01/2019 11:31:00 AM,IMPROPER LANE USAGE,DRIVING SKILLS/KNOWLEDGE/EXPERIENCE,5400,S,WENTWORTH AVE,225,2,NO INDICATION OF INJURY,0,0,0,0,0,2,0,11,2,7,,,
10,NO CONTROLS,NO CONTROLS,CLEAR,DAYLIGHT,PARKED MOTOR VEHICLE,NOT DIVIDED,STRAIGHT AND LEVEL,DRY,NO DEFECTS,ON SCENE,NO INJURY / DRIVE AWAY,,,"OVER $1,500",07/01/2021 07:40:00 AM,"VISION OBSCURED (SIGNS, TREE LIMBS, BUILDINGS, ETC.)",UNABLE TO DETERMINE,517,W,OHARE ST,1654,2,NO INDICATION OF INJURY,0,0,0,0,0,1,0,7,5,7,,,
25,STOP SIGN/FLASHER,FUNCTIONING PROPERLY,CLEAR,DAYLIGHT,ANGLE,FOUR WAY,STRAIGHT AND LEVEL,DRY,NO DEFECTS,ON SCENE,NO INJURY / DRIVE AWAY,Y,Y,"OVER $1,500",07/16/2023 12:15:00 PM,FAILING TO YIELD RIGHT-OF-WAY,NOT APPLICABLE,2,E,101ST ST,511,2,NO INDICATION OF INJURY,0,0,0,0,0,2,0,12,1,7,41.710917799,-87.623412093,POINT (-87.623412092973 41.71091779897)
30,TRAFFIC SIGNAL,UNKNOWN,CLEAR,DUSK,REAR END,ONE-WAY,STRAIGHT AND LEVEL,DRY,NO DEFECTS,NOT ON SCENE (DESK REPORT),NO INJURY / DRIVE AWAY,,,"OVER $1,500",05/15/2023 10:16:00 PM,FOLLOWING TOO CLOSELY,NOT APPLICABLE,1320,E,47TH ST,222,2,NO INDICATION OF INJURY,0,0,0,0,0,2,0,16,2,5,41.809781151,-87.594212812,POINT (-87.594212812011 41.809781151018)
30,TRAFFIC SIGNAL,NO CONTROLS,CLEAR,DAYLIGHT,TURNING,NOT DIVIDED,STRAIGHT AND LEVEL,DRY,NO DEFECTS,NOT ON SCENE (DESK REPORT),NO INJURY / DRIVE AWAY,,,"OVER $1,500",08/18/2020 10:48:00 AM,FOLLOWING TOO CLOSELY,NOT APPLICABLE,812,N,LARRABEE ST,1822,2,NO INDICATION OF INJURY,0,0,0,0,0,2,0,10,3,8,41.896919697,-87.643086473,POINT (-87.643086473044 41.896919696954)
25,NO CONTROLS,NO CONTROLS,CLEAR,DUSK,FIXED OBJECT,NOT DIVIDED,STRAIGHT AND LEVEL,DRY,NO DEFECTS,NOT ON SCENE (DESK REPORT),INJURY AND / OR TOW DUE TO CRASH,,,"OVER $1,500",12/28/2020 02:20:00 PM,UNABLE TO DETERMINE,UNABLE TO DETERMINE,3959,W,JAMES J OCONNOR RD,1031,1,NO INDICATION OF INJURY,0,0,0,0,0,1,0,17,6,12,,,
30,NO CONTROLS,NO CONTROLS,CLEAR,DAYLIGHT,PARKED MOTOR VEHICLE,ONE-WAY,STRAIGHT AND LEVEL,DRY,NO DEFECTS,NOT ON SCENE (DESK REPORT),NO INJURY / DRIVE AWAY,,,"OVER $1,500",04/24/2020 06:30:00 PM,UNABLE TO DETERMINE,NOT APPLICABLE,4604,W,ADAMS ST,1113,2,NO INDICATION OF INJURY,0,0,0,0,0,1,0,18,6,4,41.878205089,-87.740780714,POINT (-87.740780714023 41.87820508902)
10,NO CONTROLS,NO CONTROLS,CLEAR,DAYLIGHT,SIDESWIPE OPPOSITE DIRECTION,PARKING LOT,STRAIGHT AND LEVEL,DRY,NO DEFECTS,ON SCENE,NO INJURY / DRIVE AWAY,,,"$501 - $1,500",09/21/2021 03:45:00 PM,UNABLE TO DETERMINE,UNABLE TO DETERMINE,1,W,PARKING LOT G ST,1654,2,NO INDICATION OF INJURY,0,0,0,0,0,4,0,15,3,9,,,
15,NO CONTROLS,NO CONTROLS,CLEAR,"DARKNESS, LIGHTED ROAD",REAR TO FRONT,PARKING LOT,STRAIGHT AND LEVEL,DRY,NO DEFECTS,ON SCENE,NO INJURY / DRIVE AWAY,,,$500 OR LESS,12/01/2020 06:18:00 PM,UNABLE TO DETERMINE,NOT APPLICABLE,630,W,OHARE ST,1654,2,NO INDICATION OF INJURY,0,0,0,0,0,2,0,18,3,12,,,
30,TRAFFIC SIGNAL,FUNCTIONING PROPERLY,CLEAR,DARKNESS,FIXED OBJECT,NOT DIVIDED,STRAIGHT AND LEVEL,WET,NO DEFECTS,,NO INJURY / DRIVE AWAY,Y,,"$501 - $1,500",12/06/2020 06:35:00 PM,UNABLE TO DETERMINE,UNABLE TO DETERMINE,12658,S,STATE ST,523,1,NO INDICATION OF INJURY,0,0,0,0,0,4,0,18,1,12,,,
30,TRAFFIC SIGNAL,FUNCTIONING PROPERLY,CLEAR,DAYLIGHT,REAR END,DIVIDED - W/MEDIAN (NOT RAISED),STRAIGHT AND LEVEL,ICE,NO DEFECTS,NOT ON SCENE (DESK REPORT),INJURY AND / OR TOW DUE TO CRASH,,,"OVER $1,500",02/05/2021 04:25:00 PM,FOLLOWING TOO CLOSELY,WEATHER,5510,W,ROOSEVELT RD,1522,2,"REPORTED, NOT EVIDENT",1,0,0,0,1,1,0,16,6,2,41.865746166,-87.762204325,POINT (-87.762204325047 41.865746166035)
30,NO CONTROLS,FUNCTIONING PROPERLY,CLEAR,DAWN,OTHER OBJECT,DIVIDED - W/MEDIAN (NOT RAISED),STRAIGHT AND LEVEL,DRY,NO DEFECTS,ON SCENE,INJURY AND / OR TOW DUE TO CRASH,,,"OVER $1,500",06/25/2022 06:45:00 AM,PHYSICAL CONDITION OF DRIVER,PHYSICAL CONDITION OF DRIVER,817,W,VERMONT ST,523,1,NONINCAPACITATING INJURY,1,0,0,1,0,0,0,5,7,6,41.661731079,-87.642123354,POINT (-87.642123354024 41.661731078957)
30,STOP SIGN/FLASHER,FUNCTIONING PROPERLY,CLEAR,DAYLIGHT,PEDESTRIAN,FOUR WAY,STRAIGHT AND LEVEL,DRY,NO DEFECTS,ON SCENE,INJURY AND / OR TOW DUE TO CRASH,Y,,"$501 - $1,500",10/26/2022 11:33:00 AM,FAILING TO YIELD RIGHT-OF-WAY,"VISION OBSCURED (SIGNS, TREE LIMBS, BUILDINGS, ETC.)",1161,W,GRAND AVE,1214,2,INCAPACITATING INJURY,1,0,1,0,0,1,0,11,4,10,41.890973971,-87.657051124,POINT (-87.657051124003 41.890973970975)
30,TRAFFIC SIGNAL,FUNCTIONING PROPERLY,CLEAR,"DARKNESS, LIGHTED ROAD",ANGLE,DIVIDED - W/MEDIAN BARRIER,STRAIGHT AND LEVEL,DRY,NO DEFECTS,ON SCENE,INJURY AND / OR TOW DUE TO CRASH,Y,,"OVER $1,500",05/25/2018 12:32:00 AM,UNABLE TO DETERMINE,NOT APPLICABLE,5500,S,WENTWORTH AVE,225,2,NONINCAPACITATING INJURY,1,0,0,1,0,3,0,0,6,5,,,
30,NO CONTROLS,NO CONTROLS,SNOW,DUSK,PARKED MOTOR VEHICLE,DIVIDED - W/MEDIAN (NOT RAISED),STRAIGHT AND LEVEL,SNOW OR SLUSH,NO DEFECTS,NOT ON SCENE (DESK REPORT),NO INJURY / DRIVE AWAY,,Y,"$501 - $1,500",01/13/2019 08:50:00 AM,UNABLE TO DETERMINE,UNABLE TO DETERMINE,648,W,16TH ST,1232,2,NO INDICATION OF INJURY,0,0,0,0,0,1,0,17,7,1,41.860067546,-87.643870884,POINT (-87.643870883981 41.86006754597)
30,STOP SIGN/FLASHER,NO CONTROLS,CLEAR,"DARKNESS, LIGHTED ROAD",REAR END,NOT DIVIDED,STRAIGHT AND LEVEL,DRY,NO DEFECTS,NOT ON SCENE (DESK REPORT),NO INJURY / DRIVE AWAY,,N,"OVER $1,500",03/03/2022 11:10:00 AM,FOLLOWING TOO CLOSELY,UNABLE TO DETERMINE,4700,W,59TH ST,813,2,NO INDICATION OF INJURY,0,0,0,0,0,2,0,19,5,2,41.784385694,-87.740065946,POINT (-87.740065945952 41.784385693962)
30,TRAFFIC SIGNAL,FUNCTIONING PROPERLY,CLEAR,DAYLIGHT,REAR END,NOT DIVIDED,STRAIGHT AND LEVEL,DRY,NO DEFECTS,NOT ON SCENE (DESK REPORT),NO INJURY / DRIVE AWAY,,,"OVER $1,500",05/23/2016 09:46:00 AM,IMPROPER LANE USAGE,IMPROPER TURNING/NO SIGNAL,1220,S,WABASH AVE,131,2,NO INDICATION OF INJURY,0,0,0,0,0,2,0,9,2,5,41.86682801,-87.625963269,POINT (-87.62596326902 41.866828010004)
30,NO CONTROLS,NO CONTROLS,CLEAR,DAYLIGHT,PARKED MOTOR VEHICLE,ONE-WAY,STRAIGHT AND LEVEL,DRY,NO DEFECTS,NOT ON SCENE (DESK REPORT),INJURY AND / OR TOW DUE TO CRASH,,Y,"OVER $1,500",07/04/2018 01:20:00 PM,UNABLE TO DETERMINE,UNABLE TO DETERMINE,1652,N,KILDARE AVE,2534,2,NO INDICATION OF INJURY,0,0,0,0,0,1,0,18,2,7,41.911346824,-87.733847951,POINT (-87.733847951032 41.911346824028)
10,NO CONTROLS,NO CONTROLS,CLEAR,DUSK,REAR END,RAMP,STRAIGHT AND LEVEL,DRY,NO DEFECTS,ON SCENE,NO INJURY / DRIVE AWAY,,,$500 OR LESS,04/06/2023 07:30:00 PM,UNABLE TO DETERMINE,UNABLE TO DETERMINE,1,W,TERMINAL ST,1651,2,NO INDICATION OF INJURY,0,0,0,0,0,2,0,19,5,4,,,
30,STOP SIGN/FLASHER,FUNCTIONING PROPERLY,CLEAR,DAYLIGHT,REAR END,ONE-WAY,STRAIGHT AND LEVEL,DRY,NO DEFECTS,ON SCENE,NO INJURY / DRIVE AWAY,,Y,"$501 - $1,500",12/17/2018 01:12:00 PM,UNABLE TO DETERMINE,UNABLE TO DETERMINE,7599,S,INDIANA AVE,623,3,NO INDICATION OF INJURY,0,0,0,0,0,3,0,13,2,12,41.756591728,-87.619744678,POINT (-87.619744678021 41.756591727959)
30,NO CONTROLS,NO CONTROLS,CLEAR,DARKNESS,REAR END,NOT DIVIDED,STRAIGHT AND LEVEL,DRY,NO DEFECTS,NOT ON SCENE (DESK REPORT),NO INJURY / DRIVE AWAY,,,"$501 - $1,500",05/21/2018 12:13:00 AM,FAILING TO REDUCE SPEED TO AVOID CRASH,FAILING TO REDUCE SPEED TO AVOID CRASH,4600,W,26TH ST,1013,2,NO INDICATION OF INJURY,0,0,0,0,0,2,0,0,2,5,,,
30,NO CONTROLS,NO CONTROLS,RAIN,"DARKNESS, LIGHTED ROAD",HEAD ON,DIVIDED - W/MEDIAN (NOT RAISED),STRAIGHT AND LEVEL,WET,UNKNOWN,ON SCENE,INJURY AND / OR TOW DUE TO CRASH,,,"OVER $1,500",01/25/2023 07:37:00 PM,UNABLE TO DETERMINE,WEATHER,3058,W,LOGAN BLVD,1411,2,NO INDICATION OF INJURY,0,0,0,0,0,3,0,19,4,1,41.928513159,-87.704814777,POINT (-87.704814777027 41.928513159047)
30,STOP SIGN/FLASHER,FUNCTIONING PROPERLY,CLEAR,DAYLIGHT,ANGLE,T-INTERSECTION,STRAIGHT ON GRADE,DRY,UNKNOWN,ON SCENE,INJURY AND / OR TOW DUE TO CRASH,Y,,"OVER $1,500",09/04/2019 08:17:00 AM,FAILING TO YIELD RIGHT-OF-WAY,FAILING TO YIELD RIGHT-OF-WAY,1879,W,OGDEN AVE,1231,2,NONINCAPACITATING INJURY,1,0,0,1,0,1,0,8,4,9,41.875008491,-87.673536864,POINT (-87.673536864033 41.875008491025)
30,NO CONTROLS,NO CONTROLS,CLEAR,DAYLIGHT,TURNING,OTHER,STRAIGHT AND LEVEL,DRY,NO DEFECTS,NOT ON SCENE (DESK REPORT),NO INJURY / DRIVE AWAY,Y,,"OVER $1,500",04/26/2019 05:20:00 PM,FAILING TO YIELD RIGHT-OF-WAY,DRIVING SKILLS/KNOWLEDGE/EXPERIENCE,4546,S,ARCHER AVE,821,2,NO INDICATION OF INJURY,0,0,0,0,0,2,0,16,6,4,41.810440446,-87.710418852,POINT (-87.710418851956 41.810440445956)
20,NO CONTROLS,NO CONTROLS,CLEAR,DAYLIGHT,SIDESWIPE SAME DIRECTION,ONE-WAY,STRAIGHT AND LEVEL,DRY,NO DEFECTS,ON SCENE,NO INJURY / DRIVE AWAY,,,"OVER $1,500",12/23/2021 03:19:00 PM,DRIVING SKILLS/KNOWLEDGE/EXPERIENCE,UNABLE TO DETERMINE,1,W,TERMINAL ST,1651,2,NO INDICATION OF INJURY,0,0,0,0,0,3,0,15,5,12,,,
45,TRAFFIC SIGNAL,FUNCTIONING PROPERLY,RAIN,DAYLIGHT,REAR END,DIVIDED - W/MEDIAN BARRIER,STRAIGHT AND LEVEL,WET,NO DEFECTS,NOT ON SCENE (DESK REPORT),NO INJURY / DRIVE AWAY,,Y,"OVER $1,500",06/11/2018 12:30:00 PM,WEATHER,FOLLOWING TOO CLOSELY,6299,S,LAKE SHORE DR,331,3,NO INDICATION OF INJURY,0,0,0,0,0,2,0,10,2,6,,,
55,NO CONTROLS,NO CONTROLS,CLEAR,"DARKNESS, LIGHTED ROAD",FIXED OBJECT,RAMP,CURVE ON GRADE,WET,NO DEFECTS,ON SCENE,INJURY AND / OR TOW DUE TO CRASH,,,"OVER $1,500",04/01/2021 04:56:00 AM,WEATHER,NOT APPLICABLE,6544,S,DAN RYAN XPRS OB,722,2,NO INDICATION OF INJURY,0,0,0,0,0,1,0,4,5,4,,,
30,TRAFFIC SIGNAL,FUNCTIONING PROPERLY,CLEAR,"DARKNESS, LIGHTED ROAD",REAR END,DIVIDED - W/MEDIAN (NOT RAISED),STRAIGHT AND LEVEL,DRY,NO DEFECTS,NOT ON SCENE (DESK REPORT),NO INJURY / DRIVE AWAY,Y,,$500 OR LESS,06/27/2017 11:00:00 PM,DISTRACTION - FROM INSIDE VEHICLE,FOLLOWING TOO CLOSELY,3221,N,ASHLAND AVE,1922,2,NO INDICATION OF INJURY,0,0,0,0,0,3,0,22,3,6,41.940374261,-87.668530477,POINT (-87.66853047699 41.940374260988)