POSTED_SPEED_LIMIT,TRAFFIC_CONTROL_DEVICE,DEVICE_CONDITION,WEATHER_CONDITION,LIGHTING_CONDITION,FIRST_CRASH_TYPE,TRAFFICWAY_TYPE,ALIGNMENT,ROADWAY_SURFACE_COND,ROAD_DEFECT,REPORT_TYPE,CRASH_TYPE,INTERSECTION_RELATED_I,HIT_AND_RUN_I,DAMAGE,DATE_POLICE_NOTIFIED,PRIM_CONTRIBUTORY_CAUSE,SEC_CONTRIBUTORY_CAUSE,STREET_NO,STREET_DIRECTION,STREET_NAME,BEAT_OF_OCCURRENCE,NUM_UNITS,MOST_SEVERE_INJURY,INJURIES_TOTAL,INJURIES_FATAL,INJURIES_INCAPACITATING,INJURIES_NON_INCAPACITATING,INJURIES_REPORTED_NOT_EVIDENT,INJURIES_NO_INDICATION,INJURIES_UNKNOWN,CRASH_HOUR,CRASH_DAY_OF_WEEK,CRASH_MONTH,LATITUDE,LONGITUDE,LOCATION
30,TRAFFIC SIGNAL,FUNCTIONING PROPERLY,CLEAR,"DARKNESS, LIGHTED ROAD",REAR END,NOT DIVIDED,STRAIGHT AND LEVEL,DRY,NO DEFECTS,NOT ON SCENE (DESK REPORT),NO INJURY / DRIVE AWAY,,,"$501 - $1,500",09/03/2018 12:35:00 AM,NOT APPLICABLE,NOT APPLICABLE,9501,S,BEVERLY AVE,2213,2,NO INDICATION OF INJURY,0,0,0,0,0,2,0,0,2,9,,,
30,TRAFFIC SIGNAL,FUNCTIONING PROPERLY,CLEAR,DAYLIGHT,TURNING,FOUR WAY,STRAIGHT AND LEVEL,DRY,UNKNOWN,ON SCENE,INJURY AND / OR TOW DUE TO CRASH,Y,,"OVER $1,500",06/29/2022 07:53:00 AM,UNABLE TO DETERMINE,UNABLE TO DETERMINE,3628,W,GRAND AVE,2535,2,NONINCAPACITATING INJURY,1,0,0,1,0,1,0,7,4,6,41.902815701,-87.717648644,POINT (-87.717648643968 41.902815700998)
30,STOP SIGN/FLASHER,FUNCTIONING PROPERLY,CLEAR,DAYLIGHT,REAR END,NOT DIVIDED,STRAIGHT AND LEVEL,DRY,NO DEFECTS,NOT ON SCENE (DESK REPORT),NO INJURY / DRIVE AWAY,,,"$501 - $1,500",12/22/2017 05:01:00 PM,UNABLE TO DETERMINE,UNABLE TO DETERMINE,910,W,ROOSEVELT RD,1232,2,NO INDICATION OF INJURY,0,0,0,0,0,2,0,16,6,12,41.867220725,-87.649535412,POINT (-87.649535412034 41.867220724967)
30,NO CONTROLS,NO CONTROLS,CLEAR,DAYLIGHT,PARKED MOTOR VEHICLE,PARKING LOT,STRAIGHT AND LEVEL,DRY,NO DEFECTS,NOT ON SCENE (DESK REPORT),NO INJURY / DRIVE AWAY,,,"OVER $1,500",03/15/2022 09:10:00 AM,UNABLE TO DETERMINE,UNABLE TO DETERMINE,1011,W,LAWRENCE AVE,1914,2,NO INDICATION OF INJURY,0,0,0,0,0,1,0,8,3,3,41.968973728,-87.655308652,POINT (-87.655308652011 41.968973727981)
30,NO CONTROLS,NO CONTROLS,CLEAR,DAYLIGHT,REAR TO FRONT,NOT DIVIDED,STRAIGHT AND LEVEL,DRY,NO DEFECTS,ON SCENE,NO INJURY / DRIVE AWAY,,,"OVER $1,500",12/29/2020 01:30:00 PM,IMPROPER BACKING,NOT APPLICABLE,4909,W,DIVISION ST,1531,2,NO INDICATION OF INJURY,0,0,0,0,0,2,0,13,3,12,41.902212301,-87.74884541,POINT (-87.748845410034 41.90221230099)
30,OTHER,OTHER,CLEAR,DAYLIGHT,PEDALCYCLIST,NOT DIVIDED,STRAIGHT AND LEVEL,UNKNOWN,UNKNOWN,NOT ON SCENE (DESK REPORT),NO INJURY / DRIVE AWAY,,,$500 OR LESS,08/25/2016 05:10:00 PM,UNABLE TO DETERMINE,UNABLE TO DETERMINE,2358,W,FOSTER AVE,2012,2,NO INDICATION OF INJURY,0,0,0,0,0,2,0,16,5,8,41.97600184,-87.689092635,POINT (-87.689092634969 41.97600183997)
30,TRAFFIC SIGNAL,FUNCTIONING PROPERLY,CLEAR,DAYLIGHT,TURNING,FOUR WAY,STRAIGHT AND LEVEL,DRY,NO DEFECTS,ON SCENE,NO INJURY / DRIVE AWAY,,,"OVER $1,500",10/31/2020 03:00:00 PM,IMPROPER TURNING/NO SIGNAL,NOT APPLICABLE,3812,S,WESTERN AVE,911,2,NO INDICATION OF INJURY,0,0,0,0,0,2,0,14,7,10,41.824381252,-87.685003697,POINT (-87.685003697043 41.824381251993)
30,TRAFFIC SIGNAL,FUNCTIONING PROPERLY,RAIN,DAYLIGHT,REAR END,DIVIDED - W/MEDIAN BARRIER,STRAIGHT AND LEVEL,WET,NO DEFECTS,NOT ON SCENE (DESK REPORT),NO INJURY / DRIVE AWAY,,,"$501 - $1,500",08/15/2016 08:10:00 PM,UNABLE TO DETERMINE,UNABLE TO DETERMINE,8300,S,STONY ISLAND AVE,412,2,NO INDICATION OF INJURY,0,0,0,0,0,2,0,17,2,8,41.744151639,-87.585945067,POINT (-87.585945066953 41.744151639042)
30,NO CONTROLS,NO CONTROLS,CLEAR,DAYLIGHT,FIXED OBJECT,ONE-WAY,STRAIGHT AND LEVEL,DRY,NO DEFECTS,ON SCENE,INJURY AND / OR TOW DUE TO CRASH,,N,"OVER $1,500",05/02/2021 04:54:00 PM,FOLLOWING TOO CLOSELY,NOT APPLICABLE,5300,S,WENTWORTH AVE,225,1,NONINCAPACITATING INJURY,1,0,0,1,0,0,0,16,1,5,,,
30,NO CONTROLS,NO CONTROLS,CLEAR,"DARKNESS, LIGHTED ROAD",ANGLE,DRIVEWAY,STRAIGHT AND LEVEL,DRY,NO DEFECTS,ON SCENE,INJURY AND / OR TOW DUE TO CRASH,,,"OVER $1,500",09/04/2016 08:20:00 PM,FAILING TO YIELD RIGHT-OF-WAY,NOT APPLICABLE,530,N,PESHTIGO CT,1834,2,NO INDICATION OF INJURY,0,0,0,0,0,3,0,20,1,9,,,
30,NO CONTROLS,NO CONTROLS,CLEAR,DAYLIGHT,REAR END,DIVIDED - W/MEDIAN (NOT RAISED),STRAIGHT AND LEVEL,DRY,NO DEFECTS,NOT ON SCENE (DESK REPORT),NO INJURY / DRIVE AWAY,,,"OVER $1,500",12/15/2019 01:01:00 PM,FOLLOWING TOO CLOSELY,UNABLE TO DETERMINE,291,N,LOWER COLUMBUS DR,114,3,NO INDICATION OF INJURY,0,0,0,0,0,3,0,13,1,12,,,
30,NO CONTROLS,NO CONTROLS,CLEAR,DAYLIGHT,TURNING,NOT DIVIDED,STRAIGHT AND LEVEL,DRY,NO DEFECTS,ON SCENE,NO INJURY / DRIVE AWAY,,,"OVER $1,500",11/23/2022 12:17:00 PM,NOT APPLICABLE,NOT APPLICABLE,3418,N,HARLEM AVE,1631,2,NO INDICATION OF INJURY,0,0,0,0,0,2,0,12,4,11,41.942206868,-87.807044663,POINT (-87.807044662987 41.942206867982)
20,NO CONTROLS,NO CONTROLS,CLEAR,DAYLIGHT,SIDESWIPE SAME DIRECTION,ONE-WAY,STRAIGHT AND LEVEL,DRY,NO DEFECTS,NOT ON SCENE (DESK REPORT),NO INJURY / DRIVE AWAY,,,"OVER $1,500",07/28/2022 03:55:00 PM,UNABLE TO DETERMINE,NOT APPLICABLE,1,W,TERMINAL ST,1651,2,NO INDICATION OF INJURY,0,0,0,0,0,2,0,15,5,7,,,
30,NO CONTROLS,NO CONTROLS,RAIN,DAYLIGHT,FIXED OBJECT,ONE-WAY,STRAIGHT AND LEVEL,UNKNOWN,NO DEFECTS,ON SCENE,NO INJURY / DRIVE AWAY,,,"OVER $1,500",07/18/2019 07:40:00 AM,UNABLE TO DETERMINE,UNABLE TO DETERMINE,3,W,TERMINAL ST,1653,1,NO INDICATION OF INJURY,0,0,0,0,0,1,0,7,5,7,,,
15,NO CONTROLS,NO CONTROLS,CLEAR,DAYLIGHT,PARKED MOTOR VEHICLE,PARKING LOT,STRAIGHT ON GRADE,DRY,NO DEFECTS,ON SCENE,NO INJURY / DRIVE AWAY,,Y,"OVER $1,500",09/27/2021 05:23:00 PM,IMPROPER TURNING/NO SIGNAL,UNABLE TO DETERMINE,681,N,CLARK ST,1832,2,NO INDICATION OF INJURY,0,0,0,0,0,1,0,15,2,9,41.894794622,-87.631055164,POINT (-87.631055164034 41.894794621997)
20,NO CONTROLS,NO CONTROLS,CLEAR,DAYLIGHT,SIDESWIPE SAME DIRECTION,ONE-WAY,STRAIGHT AND LEVEL,DRY,NO DEFECTS,ON SCENE,NO INJURY / DRIVE AWAY,,,"OVER $1,500",05/31/2023 06:25:00 AM,DRIVING SKILLS/KNOWLEDGE/EXPERIENCE,IMPROPER LANE USAGE,1,W,TERMINAL ST,1651,2,NO INDICATION OF INJURY,0,0,0,0,0,2,0,6,4,5,,,
25,NO CONTROLS,NO CONTROLS,CLEAR,DAYLIGHT,PARKED MOTOR VEHICLE,NOT DIVIDED,STRAIGHT AND LEVEL,DRY,NO DEFECTS,NOT ON SCENE (DESK REPORT),NO INJURY / DRIVE AWAY,,,"$501 - $1,500",03/16/2022 02:03:00 PM,UNABLE TO DETERMINE,NOT APPLICABLE,917,S,LOOMIS ST,1231,2,NO INDICATION OF INJURY,0,0,0,0,0,1,0,12,4,3,41.869754629,-87.661506633,POINT (-87.66150663295 41.869754629012)
20,NO CONTROLS,NO CONTROLS,CLEAR,DAYLIGHT,PARKED MOTOR VEHICLE,PARKING LOT,STRAIGHT AND LEVEL,DRY,NO DEFECTS,ON SCENE,NO INJURY / DRIVE AWAY,,,"OVER $1,500",03/20/2023 06:25:00 AM,IMPROPER BACKING,DRIVING SKILLS/KNOWLEDGE/EXPERIENCE,190,W,OHARE ST,1652,2,NO INDICATION OF INJURY,0,0,0,0,0,1,0,6,2,3,,,
30,UNKNOWN,UNKNOWN,CLEAR,DAYLIGHT,SIDESWIPE SAME DIRECTION,DIVIDED - W/MEDIAN (NOT RAISED),STRAIGHT AND LEVEL,DRY,NO DEFECTS,NOT ON SCENE (DESK REPORT),NO INJURY / DRIVE AWAY,,,"$501 - $1,500",10/04/2022 05:00:00 PM,IMPROPER TURNING/NO SIGNAL,NOT APPLICABLE,845,S,AUSTIN BLVD,1513,2,NO INDICATION OF INJURY,0,0,0,0,0,2,0,16,3,10,,,
30,NO CONTROLS,NO CONTROLS,SNOW,DAYLIGHT,TURNING,DIVIDED - W/MEDIAN (NOT RAISED),STRAIGHT AND LEVEL,SNOW OR SLUSH,NO DEFECTS,ON SCENE,NO INJURY / DRIVE AWAY,,Y,"OVER $1,500",02/17/2022 04:00:00 PM,IMPROPER TURNING/NO SIGNAL,NOT APPLICABLE,6831,S,JEFFERY BLVD,331,2,NO INDICATION OF INJURY,0,0,0,0,0,2,0,15,5,2,41.770688752,-87.576276333,POINT (-87.576276333027 41.77068875201)
30,NO CONTROLS,NO CONTROLS,RAIN,DAYLIGHT,ANGLE,NOT DIVIDED,STRAIGHT AND LEVEL,WET,UNKNOWN,NOT ON SCENE (DESK REPORT),NO INJURY / DRIVE AWAY,,,"OVER $1,500",04/10/2021 05:05:00 PM,UNABLE TO DETERMINE,UNABLE TO DETERMINE,515,S,SACRAMENTO BLVD,1135,2,NO INDICATION OF INJURY,0,0,0,0,0,4,0,14,7,4,,,
30,STOP SIGN/FLASHER,FUNCTIONING PROPERLY,CLEAR,DAYLIGHT,ANGLE,DIVIDED - W/MEDIAN BARRIER,STRAIGHT AND LEVEL,DRY,NO DEFECTS,ON SCENE,INJURY AND / OR TOW DUE TO CRASH,,,"OVER $1,500",06/23/2021 04:20:00 PM,OBSTRUCTED CROSSWALKS,NOT APPLICABLE,8001,S,WENTWORTH AVE,623,2,NO INDICATION OF INJURY,0,0,0,0,0,3,0,16,4,6,41.748957001,-87.629110981,POINT (-87.629110981001 41.748957000989)
20,NO CONTROLS,NO CONTROLS,CLOUDY/OVERCAST,DUSK,PARKED MOTOR VEHICLE,ONE-WAY,STRAIGHT AND LEVEL,DRY,NO DEFECTS,ON SCENE,NO INJURY / DRIVE AWAY,,,"$501 - $1,500",06/16/2019 08:00:00 PM,DRIVING SKILLS/KNOWLEDGE/EXPERIENCE,NOT APPLICABLE,5,W,TERMINAL ST,1655,2,NO INDICATION OF INJURY,0,0,0,0,0,1,0,19,1,6,,,
30,NO CONTROLS,NO CONTROLS,CLEAR,DAYLIGHT,SIDESWIPE SAME DIRECTION,NOT DIVIDED,"CURVE, LEVEL",DRY,UNKNOWN,NOT ON SCENE (DESK REPORT),NO INJURY / DRIVE AWAY,,,"$501 - $1,500",10/25/2020 04:30:00 PM,IMPROPER LANE USAGE,UNABLE TO DETERMINE,6299,S,LAKE SHORE DR,331,2,NO INDICATION OF INJURY,0,0,0,0,0,2,0,11,1,10,,,
25,NO CONTROLS,NO CONTROLS,UNKNOWN,UNKNOWN,PARKED MOTOR VEHICLE,ONE-WAY,STRAIGHT AND LEVEL,UNKNOWN,NO DEFECTS,NOT ON SCENE (DESK REPORT),NO INJURY / DRIVE AWAY,,Y,"OVER $1,500",04/12/2021 05:20:00 PM,UNABLE TO DETERMINE,NOT APPLICABLE,4604,W,ADAMS ST,1113,2,NO INDICATION OF INJURY,0,0,0,0,0,1,0,7,2,4,41.878205089,-87.740780714,POINT (-87.740780714023 41.87820508902)
30,NO CONTROLS,NO CONTROLS,CLEAR,"DARKNESS, LIGHTED ROAD",TURNING,OTHER,STRAIGHT AND LEVEL,DRY,NO DEFECTS,ON SCENE,NO INJURY / DRIVE AWAY,,,$500 OR LESS,11/22/2019 05:26:00 PM,IMPROPER TURNING/NO SIGNAL,NOT APPLICABLE,4201,S,ASHLAND AVE,924,2,NO INDICATION OF INJURY,0,0,0,0,0,2,0,17,6,11,41.817683733,-87.6650402,POINT (-87.665040200043 41.817683733038)
30,NO CONTROLS,NO CONTROLS,CLEAR,DAYLIGHT,PARKED MOTOR VEHICLE,NOT DIVIDED,STRAIGHT AND LEVEL,DRY,NO DEFECTS,ON SCENE,NO INJURY / DRIVE AWAY,,,"OVER $1,500",02/23/2020 03:33:00 PM,DRIVING SKILLS/KNOWLEDGE/EXPERIENCE,UNABLE TO DETERMINE,3418,N,HARLEM AVE,1631,3,NO INDICATION OF INJURY,0,0,0,0,0,1,0,15,1,2,41.942206868,-87.807044663,POINT (-87.807044662987 41.942206867982)
35,TRAFFIC SIGNAL,FUNCTIONING PROPERLY,CLEAR,"DARKNESS, LIGHTED ROAD",FIXED OBJECT,FOUR WAY,STRAIGHT AND LEVEL,DRY,NO DEFECTS,ON SCENE,INJURY AND / OR TOW DUE TO CRASH,Y,Y,"OVER $1,500",03/27/2022 04:39:00 AM,UNABLE TO DETERMINE,NOT APPLICABLE,6661,S,CORNELL DR,331,1,NO INDICATION OF INJURY,0,0,0,0,0,1,0,3,1,3,,,
20,NO CONTROLS,NO CONTROLS,CLEAR,"DARKNESS, LIGHTED ROAD",REAR END,ONE-WAY,"CURVE, LEVEL",DRY,NO DEFECTS,ON SCENE,NO INJURY / DRIVE AWAY,,Y,"OVER $1,500",12/25/2022 12:08:00 AM,UNABLE TO DETERMINE,UNABLE TO DETERMINE,2,W,TERMINAL ST,1652,2,NO INDICATION OF INJURY,0,0,0,0,0,2,0,0,1,12,,,
25,NO CONTROLS,NO CONTROLS,CLEAR,DAYLIGHT,REAR END,NOT DIVIDED,STRAIGHT AND LEVEL,DRY,NO DEFECTS,NOT ON SCENE (DESK REPORT),NO INJURY / DRIVE AWAY,,Y,"OVER $1,500",10/03/2019 07:30:00 AM,UNABLE TO DETERMINE,UNABLE TO DETERMINE,600,W,DIVISION ST,1822,2,NO INDICATION OF INJURY,0,0,0,0,0,2,0,7,3,10,41.903825234,-87.64328636,POINT (-87.643286359995 41.903825233976)
30,NO CONTROLS,NO CONTROLS,CLEAR,UNKNOWN,PARKED MOTOR VEHICLE,NOT DIVIDED,STRAIGHT AND LEVEL,DRY,UNKNOWN,NOT ON SCENE (DESK REPORT),NO INJURY / DRIVE AWAY,,Y,"OVER $1,500",12/23/2021 09:40:00 AM,UNABLE TO DETERMINE,UNABLE TO DETERMINE,1134,N,LAVERGNE AVE,1531,2,NO INDICATION OF INJURY,0,0,0,0,0,1,0,6,5,12,41.901524746,-87.751001472,POINT (-87.751001472036 41.901524746031)
35,NO CONTROLS,NO CONTROLS,CLEAR,DAYLIGHT,TURNING,DIVIDED - W/MEDIAN (NOT RAISED),STRAIGHT AND LEVEL,DRY,UNKNOWN,ON SCENE,NO INJURY / DRIVE AWAY,,,"OVER $1,500",03/16/2021 11:35:00 AM,IMPROPER TURNING/NO SIGNAL,UNABLE TO DETERMINE,1699,E,MIDWAY PLAISANCE,331,2,NO INDICATION OF INJURY,0,0,0,0,0,3,0,11,3,3,,,
30,NO CONTROLS,NO CONTROLS,CLEAR,DAYLIGHT,HEAD ON,DIVIDED - W/MEDIAN (NOT RAISED),STRAIGHT AND LEVEL,WET,NO DEFECTS,ON SCENE,NO INJURY / DRIVE AWAY,,,"$501 - $1,500",01/30/2023 11:39:00 AM,DISTRACTION - FROM INSIDE VEHICLE,UNABLE TO DETERMINE,2311,S,MARSHALL BLVD,1033,2,NO INDICATION OF INJURY,0,0,0,0,0,2,0,11,2,1,41.849670647,-87.69888064,POINT (-87.698880639999 41.849670647043)
30,TRAFFIC SIGNAL,FUNCTIONING PROPERLY,CLOUDY/OVERCAST,DAYLIGHT,REAR END,DIVIDED - W/MEDIAN BARRIER,STRAIGHT AND LEVEL,DRY,NO DEFECTS,ON SCENE,NO INJURY / DRIVE AWAY,,,"OVER $1,500",06/19/2019 12:35:00 PM,UNABLE TO DETERMINE,UNABLE TO DETERMINE,12700,W,IRVING PARK RD,1654,2,NO INDICATION OF INJURY,0,0,0,0,0,2,0,12,4,6,,,
30,NO CONTROLS,NO CONTROLS,CLEAR,"DARKNESS, LIGHTED ROAD",ANGLE,PARKING LOT,STRAIGHT AND LEVEL,DRY,NO DEFECTS,NOT ON SCENE (DESK REPORT),NO INJURY / DRIVE AWAY,,,"OVER $1,500",01/01/2023 07:00:00 PM,IMPROPER OVERTAKING/PASSING,NOT APPLICABLE,6014,S,COTTAGE GROVE AVE,313,2,NO INDICATION OF INJURY,0,0,0,0,0,2,0,18,1,1,41.785387445,-87.606183761,POINT (-87.606183761008 41.785387444959)
25,STOP SIGN/FLASHER,UNKNOWN,SNOW,DAYLIGHT,REAR END,UNKNOWN,STRAIGHT AND LEVEL,SNOW OR SLUSH,UNKNOWN,NOT ON SCENE (DESK REPORT),NO INJURY / DRIVE AWAY,,Y,$500 OR LESS,02/26/2020 08:38:00 AM,WEATHER,FOLLOWING TOO CLOSELY,5228,W,BERWYN AVE,1623,2,NO INDICATION OF INJURY,0,0,0,0,0,2,0,7,4,2,,,
45,NO CONTROLS,NO CONTROLS,CLEAR,DAWN,SIDESWIPE SAME DIRECTION,NOT DIVIDED,STRAIGHT AND LEVEL,DRY,NO DEFECTS,ON SCENE,NO INJURY / DRIVE AWAY,,,"OVER $1,500",12/17/2018 06:21:00 AM,UNABLE TO DETERMINE,UNABLE TO DETERMINE,12809,W,IRVING PARK RD,1654,2,NO INDICATION OF INJURY,0,0,0,0,0,2,0,6,2,12,,,
30,NO CONTROLS,NO CONTROLS,UNKNOWN,UNKNOWN,OTHER NONCOLLISION,T-INTERSECTION,STRAIGHT AND LEVEL,UNKNOWN,UNKNOWN,NOT ON SCENE (DESK REPORT),NO INJURY / DRIVE AWAY,Y,,"$501 - $1,500",08/17/2022 05:05:00 PM,UNABLE TO DETERMINE,UNABLE TO DETERMINE,8300,S,STONY ISLAND AVE,412,1,NO INDICATION OF INJURY,0,0,0,0,0,1,0,10,2,8,41.744151639,-87.585945067,POINT (-87.585945066953 41.744151639042)
30,NO CONTROLS,FUNCTIONING PROPERLY,CLEAR,DAYLIGHT,PARKED MOTOR VEHICLE,NOT DIVIDED,STRAIGHT AND LEVEL,DRY,NO DEFECTS,ON SCENE,INJURY AND / OR TOW DUE TO CRASH,,Y,"OVER $1,500",03/21/2022 04:27:00 PM,DRIVING SKILLS/KNOWLEDGE/EXPERIENCE,UNABLE TO DETERMINE,3100,E,83RD ST,424,2,NO INDICATION OF INJURY,0,0,0,0,0,1,0,15,2,3,41.744801389,-87.549062081,POINT (-87.549062080977 41.744801389001)
30,TRAFFIC SIGNAL,FUNCTIONING PROPERLY,CLEAR,"DARKNESS, LIGHTED ROAD",TURNING,NOT DIVIDED,STRAIGHT AND LEVEL,DRY,NO DEFECTS,ON SCENE,INJURY AND / OR TOW DUE TO CRASH,Y,,"OVER $1,500",11/07/2017 08:45:00 PM,IMPROPER TURNING/NO SIGNAL,FAILING TO REDUCE SPEED TO AVOID CRASH,3100,W,31ST ST,1033,2,NO INDICATION OF INJURY,0,0,0,0,0,4,0,19,3,11,41.837385459,-87.702442532,POINT (-87.702442531983 41.83738545903)
30,STOP SIGN/FLASHER,NO CONTROLS,CLEAR,DAYLIGHT,REAR END,DIVIDED - W/MEDIAN (NOT RAISED),STRAIGHT AND LEVEL,DRY,NO DEFECTS,NOT ON SCENE (DESK REPORT),NO INJURY / DRIVE AWAY,Y,,"$501 - $1,500",04/27/2021 05:50:00 PM,UNABLE TO DETERMINE,NOT APPLICABLE,5600,S,HYDE PARK DR,331,2,NO INDICATION OF INJURY,0,0,0,0,0,3,0,16,3,4,41.793378954,-87.584053824,POINT (-87.584053824031 41.793378954013)
10,NO CONTROLS,NO CONTROLS,CLEAR,DAYLIGHT,PARKED MOTOR VEHICLE,PARKING LOT,STRAIGHT AND LEVEL,DRY,NO DEFECTS,NOT ON SCENE (DESK REPORT),NO INJURY / DRIVE AWAY,,,"OVER $1,500",05/24/2019 06:00:00 PM,UNABLE TO DETERMINE,NOT APPLICABLE,1431,W,95TH ST,2213,2,NO INDICATION OF INJURY,0,0,0,0,0,3,0,8,6,5,41.721150404,-87.658966651,POINT (-87.658966651043 41.721150403976)
30,TRAFFIC SIGNAL,FUNCTIONING PROPERLY,UNKNOWN,"DARKNESS, LIGHTED ROAD",REAR END,NOT DIVIDED,STRAIGHT AND LEVEL,UNKNOWN,NO DEFECTS,NOT ON SCENE (DESK REPORT),NO INJURY / DRIVE AWAY,Y,,"OVER $1,500",09/06/2017 01:00:00 PM,FOLLOWING TOO CLOSELY,UNABLE TO DETERMINE,1204,N,CLARK ST,1821,2,NO INDICATION OF INJURY,0,0,0,0,0,2,0,21,6,7,41.904101491,-87.631598255,POINT (-87.63159825499 41.904101490958)
30,TRAFFIC SIGNAL,FUNCTIONING PROPERLY,CLEAR,DAYLIGHT,TURNING,DIVIDED - W/MEDIAN (NOT RAISED),STRAIGHT AND LEVEL,DRY,NO DEFECTS,ON SCENE,NO INJURY / DRIVE AWAY,,,"OVER $1,500",04/15/2016 11:31:00 AM,FAILING TO YIELD RIGHT-OF-WAY,UNABLE TO DETERMINE,758,W,127TH ST,523,2,NO INDICATION OF INJURY,0,0,0,0,0,3,0,10,6,4,41.663355654,-87.641363438,POINT (-87.641363438039 41.663355654041)
30,NO CONTROLS,NO CONTROLS,CLEAR,DAYLIGHT,ANGLE,ONE-WAY,STRAIGHT AND LEVEL,DRY,NO DEFECTS,NOT ON SCENE (DESK REPORT),NO INJURY / DRIVE AWAY,,Y,"$501 - $1,500",06/19/2018 07:03:00 PM,UNABLE TO DETERMINE,NOT APPLICABLE,4755,S,WOODLAWN AVE,222,2,NO INDICATION OF INJURY,0,0,0,0,0,2,0,14,3,6,41.807999566,-87.596656162,POINT (-87.596656162019 41.807999565956)
35,TRAFFIC SIGNAL,OTHER,CLEAR,DAWN,REAR END,T-INTERSECTION,STRAIGHT AND LEVEL,DRY,NO DEFECTS,ON SCENE,NO INJURY / DRIVE AWAY,Y,,"$501 - $1,500",02/20/2020 04:51:00 PM,NOT APPLICABLE,NOT APPLICABLE,12300,W,IRVING PARK RD,1654,2,NO INDICATION OF INJURY,0,0,0,0,0,2,0,16,5,2,41.958986951,-87.933993929,POINT (-87.933993928974 41.958986950953)
30,TRAFFIC SIGNAL,FUNCTIONING PROPERLY,CLEAR,DAYLIGHT,TURNING,NOT DIVIDED,STRAIGHT AND LEVEL,DRY,NO DEFECTS,NOT ON SCENE (DESK REPORT),NO INJURY / DRIVE AWAY,,N,"OVER $1,500",08/23/2021 02:30:00 PM,DISREGARDING TRAFFIC SIGNALS,"OPERATING VEHICLE IN ERRATIC, RECKLESS, CARELESS, NEGLIGENT OR AGGRESSIVE MANNER",8300,S,STONY ISLAND AVE,412,2,NO INDICATION OF INJURY,0,0,0,0,0,2,0,13,2,8,41.744151639,-87.585945067,POINT (-87.585945066953 41.744151639042)
35,NO CONTROLS,NO CONTROLS,RAIN,DARKNESS,FIXED OBJECT,ONE-WAY,STRAIGHT AND LEVEL,WET,NO DEFECTS,ON SCENE,INJURY AND / OR TOW DUE TO CRASH,,Y,"OVER $1,500",08/20/2018 09:54:00 PM,NOT APPLICABLE,NOT APPLICABLE,10140,S,HALSTED ST,2232,1,NO INDICATION OF INJURY,0,0,0,0,0,1,0,21,2,8,41.709334666,-87.643042361,POINT (-87.643042360966 41.709334666032)
20,NO CONTROLS,NO CONTROLS,CLEAR,DAYLIGHT,SIDESWIPE OPPOSITE DIRECTION,PARKING LOT,STRAIGHT AND LEVEL,DRY,NO DEFECTS,ON SCENE,NO INJURY / DRIVE AWAY,,N,"OVER $1,500",12/10/2019 11:03:00 AM,UNABLE TO DETERMINE,IMPROPER TURNING/NO SIGNAL,1320,E,47TH ST,222,2,NO INDICATION OF INJURY,0,0,0,0,0,3,0,11,3,12,41.809781151,-87.594212812,POINT (-87.594212812011 41.809781151018)
30,NO CONTROLS,NO CONTROLS,UNKNOWN,DARKNESS,PARKED MOTOR VEHICLE,ONE-WAY,STRAIGHT AND LEVEL,UNKNOWN,UNKNOWN,NOT ON SCENE (DESK REPORT),NO INJURY / DRIVE AWAY,,Y,"OVER $1,500",01/01/2021 12:25:00 PM,UNABLE TO DETERMINE,NOT APPLICABLE,1629,N,LOTUS AVE,2532,2,NO INDICATION OF INJURY,0,0,0,0,0,1,0,3,6,1,41.910312541,-87.761657315,POINT (-87.761657315004 41.910312540987)
30,NO CONTROLS,NO CONTROLS,CLEAR,DAYLIGHT,HEAD ON,NOT DIVIDED,STRAIGHT AND LEVEL,DRY,NO DEFECTS,NOT ON SCENE (DESK REPORT),INJURY AND / OR TOW DUE TO CRASH,N,Y,"OVER $1,500",05/27/2021 02:00:00 PM,UNABLE TO DETERMINE,UNABLE TO DETERMINE,4241,W,ROOSEVELT RD,1011,2,NONINCAPACITATING INJURY,1,0,0,1,0,1,0,18,3,5,41.865969606,-87.731617114,POINT (-87.731617113958 41.865969606043)
30,NO CONTROLS,NO CONTROLS,CLEAR,DAYLIGHT,ANGLE,PARKING LOT,STRAIGHT AND LEVEL,DRY,NO DEFECTS,ON SCENE,NO INJURY / DRIVE AWAY,,,"$501 - $1,500",07/26/2018 03:10:00 PM,FAILING TO YIELD RIGHT-OF-WAY,"VISION OBSCURED (SIGNS, TREE LIMBS, BUILDINGS, ETC.)",2516,S,MOE DR,132,2,NO INDICATION OF INJURY,0,0,0,0,0,2,0,15,5,7,41.847436953,-87.612947338,POINT (-87.612947337961 41.847436952952)
15,NO CONTROLS,NO CONTROLS,CLEAR,DAYLIGHT,PARKED MOTOR VEHICLE,PARKING LOT,STRAIGHT AND LEVEL,DRY,NO DEFECTS,ON SCENE,NO INJURY / DRIVE AWAY,,,$500 OR LESS,07/27/2022 08:10:00 AM,IMPROPER BACKING,NOT APPLICABLE,524,W,OHARE ST,1654,2,NO INDICATION OF INJURY,0,0,0,0,0,1,0,8,4,7,,,